,Open,High,Low,Close,Volume
2015-11-27 16:00:00-05:00,25.0,25.07,24.9,24.9,23316
2015-11-30 16:00:00-05:00,24.89,25.0,24.89,24.93,254811
2015-12-01 16:00:00-05:00,24.98,25.05,24.95,25.0,239669
2015-12-02 16:00:00-05:00,25.01,25.02,24.98,25.0,167969
2015-12-03 16:00:00-05:00,24.99,24.99,24.87,24.8701,146972
2015-12-04 16:00:00-05:00,24.88,24.9723,24.79,24.88,63703
2015-12-07 16:00:00-05:00,24.8,24.92,24.79,24.9,49699
2015-12-08 16:00:00-05:00,24.7,24.85,24.7,24.796,24508
2015-12-09 16:00:00-05:00,24.82,24.9451,24.77,24.9099,52998
2015-12-10 16:00:00-05:00,24.94,24.949,24.82,24.83,43293
2015-12-11 16:00:00-05:00,24.8,24.88,24.78,24.78,33334
2015-12-14 16:00:00-05:00,24.42,24.7194,24.12,24.14,93196
2015-12-15 16:00:00-05:00,24.61,24.61,23.84,23.9899,58009
2015-12-16 16:00:00-05:00,23.81,24.14,23.81,24.14,58102
2015-12-17 16:00:00-05:00,24.2,24.44,24.2,24.3664,33461
2015-12-18 16:00:00-05:00,24.35,24.35,24.04,24.2667,56478
2015-12-21 16:00:00-05:00,24.286,24.66,24.286,24.6499,27534
2015-12-22 16:00:00-05:00,24.64,24.75,24.5601,24.75,46433
2015-12-23 16:00:00-05:00,24.75,24.8599,24.6401,24.8,38958
2015-12-24 16:00:00-05:00,24.8,24.84,24.7701,24.8,38134
2015-12-28 16:00:00-05:00,24.82,25.07,24.82,25.07,79970
2015-12-29 16:00:00-05:00,25.07,25.18,25.02,25.07,67096
2015-12-30 16:00:00-05:00,25.11,25.3,25.11,25.3,67422
2015-12-31 16:00:00-05:00,25.35,25.35,25.01,25.17,55092
2016-01-04 16:00:00-05:00,25.0,25.24,24.75,25.23,135498
2016-01-05 16:00:00-05:00,25.24,25.4,25.21,25.27,116891
2016-01-06 16:00:00-05:00,25.18,25.22,25.0,25.16,107883
2016-01-07 16:00:00-05:00,25.0,25.1,24.97,25.02,80334
2016-01-08 16:00:00-05:00,25.08,25.16,24.88,24.94,99779
2016-01-11 16:00:00-05:00,24.97,24.98,24.85,24.94,39774
2016-01-12 16:00:00-05:00,25.0,25.07,24.57,24.7,111304
2016-01-13 16:00:00-05:00,24.75,24.82,24.14,24.35,67827
2016-01-14 16:00:00-05:00,24.35,24.67,24.23,24.67,106164
2016-01-15 16:00:00-05:00,24.4,24.94,24.31,24.94,787456
2016-01-19 16:00:00-05:00,24.95,25.14,24.87,25.0,88083
2016-01-20 16:00:00-05:00,24.9,24.95,24.73,24.89,58313
2016-01-21 16:00:00-05:00,24.95,24.96,24.37,24.58,80963
2016-01-22 16:00:00-05:00,24.69,25.1,24.6671,25.0,76753
2016-01-25 16:00:00-05:00,25.04,25.04,24.26,24.31,86785
2016-01-26 16:00:00-05:00,24.41,24.54,23.95,24.05,99236
2016-01-27 16:00:00-05:00,23.54,24.1899,23.51,24.13,55434
2016-01-28 16:00:00-05:00,24.15,24.36,24.1,24.33,50488
2016-01-29 16:00:00-05:00,24.38,24.58,24.38,24.46,19327
2016-02-01 16:00:00-05:00,24.4,24.75,24.4,24.69,28723
2016-02-02 16:00:00-05:00,24.66,24.75,24.6,24.75,27369
2016-02-03 16:00:00-05:00,24.7708,24.86,24.685,24.7138,7947
2016-02-04 16:00:00-05:00,24.82,24.9,24.73,24.75,22892
2016-02-05 16:00:00-05:00,24.8799,24.8799,24.65,24.7,20806
2016-02-08 16:00:00-05:00,24.8499,24.8499,23.8001,24.2,25808
2016-02-09 16:00:00-05:00,23.8015,23.8015,23.36,23.89,18761
2016-02-10 16:00:00-05:00,23.71,24.19,23.71,23.95,20021
2016-02-11 16:00:00-05:00,23.8,23.8,22.4501,22.5,32172
2016-02-12 16:00:00-05:00,22.98,22.98,22.4,22.42,25194
2016-02-16 16:00:00-05:00,22.74,23.73,22.73,23.58,33433
2016-02-17 16:00:00-05:00,23.99,24.589,23.91,24.29,28243
2016-02-18 16:00:00-05:00,24.1847,24.286,24.0414,24.1499,29715
2016-02-19 16:00:00-05:00,24.22,24.71,24.15,24.51,9397
2016-02-22 16:00:00-05:00,24.87,24.89,24.49,24.5804,16914
2016-02-23 16:00:00-05:00,24.49,24.6266,23.83,24.25,37261
2016-02-24 16:00:00-05:00,24.25,24.3,23.97,23.98,43129
2016-02-25 16:00:00-05:00,24.12,24.49,24.0,24.49,24579
2016-02-26 16:00:00-05:00,23.97,24.3,23.97,24.3,19487
2016-02-29 16:00:00-05:00,24.07,24.48,23.85,24.0,39779
2016-03-01 16:00:00-05:00,24.15,24.39,24.12,24.1601,26874
2016-03-02 16:00:00-05:00,24.1865,24.2625,24.1,24.1,19679
2016-03-03 16:00:00-05:00,24.23,24.38,24.14,24.23,26279
2016-03-04 16:00:00-05:00,24.35,24.35,24.0,24.11,28358
2016-03-07 16:00:00-05:00,24.21,24.21,23.65,23.65,54445
2016-03-08 16:00:00-05:00,23.35,23.7228,23.35,23.6638,17751
2016-03-09 16:00:00-05:00,23.585,23.83,23.54,23.8,32206
2016-03-10 16:00:00-05:00,23.83,23.9504,23.76,23.857,15994
2016-03-11 16:00:00-05:00,23.99,24.06,23.9143,24.06,14750
2016-03-14 16:00:00-04:00,24.09,24.1399,23.85,24.06,25508
2016-03-15 16:00:00-04:00,24.07,24.07,23.657,23.8,12562
2016-03-16 16:00:00-04:00,23.7101,24.06,23.7101,24.06,15613
2016-03-17 16:00:00-04:00,23.908,24.39,23.83,24.36,18633
2016-03-18 16:00:00-04:00,24.1,24.34,24.07,24.34,30193
2016-03-21 16:00:00-04:00,24.34,24.5,24.11,24.22,29895
2016-03-22 16:00:00-04:00,24.43,24.46,24.25,24.3409,14502
2016-03-23 16:00:00-04:00,24.48,24.5,24.34,24.4,18639
2016-03-24 16:00:00-04:00,24.4767,24.68,24.4,24.54,28500
2016-03-28 16:00:00-04:00,24.49,24.625,24.33,24.4299,15867
2016-03-29 16:00:00-04:00,24.46,24.46,24.0,24.15,37476
2016-03-30 16:00:00-04:00,24.25,24.33,24.08,24.17,43864
2016-03-31 16:00:00-04:00,24.2799,24.2799,24.12,24.16,41031
2016-04-01 16:00:00-04:00,24.11,24.24,23.76,23.92,30734
2016-04-04 16:00:00-04:00,23.98,24.14,23.78,23.93,27435
2016-04-05 16:00:00-04:00,24.09,24.2,24.0,24.19,12932
2016-04-06 16:00:00-04:00,24.19,24.3,24.11,24.21,44274
2016-04-07 16:00:00-04:00,24.21,24.47,24.0501,24.0501,23962
2016-04-08 16:00:00-04:00,24.128,24.13,24.0,24.0,13091
2016-04-11 16:00:00-04:00,24.17,24.455,24.0535,24.25,10051
2016-04-12 16:00:00-04:00,24.26,24.26,24.1301,24.173,19068
2016-04-13 16:00:00-04:00,24.2,24.615,24.1999,24.45,43596
2016-04-14 16:00:00-04:00,24.65,24.7,24.36,24.44,79431
2016-04-15 16:00:00-04:00,24.5,24.74,24.28,24.54,50530
2016-04-18 16:00:00-04:00,24.5,24.703,24.35,24.4,57159
2016-04-19 16:00:00-04:00,24.44,24.7099,24.44,24.65,21145
2016-04-20 16:00:00-04:00,24.7199,24.7499,24.65,24.7499,32458
2016-04-21 16:00:00-04:00,24.75,24.79,24.5301,24.69,30160
2016-04-22 16:00:00-04:00,24.67,24.8299,24.66,24.8299,35598
2016-04-25 16:00:00-04:00,24.85,24.8578,24.4,24.666,26886
2016-04-26 16:00:00-04:00,24.72,24.85,24.61,24.7,42129
2016-04-27 16:00:00-04:00,24.6301,24.7799,24.578,24.72,45090
2016-04-28 16:00:00-04:00,24.64,24.7,24.5,24.5946,40706
2016-04-29 16:00:00-04:00,24.5995,24.6768,24.55,24.6,56875
2016-05-02 16:00:00-04:00,24.67,24.79,24.66,24.75,22927
2016-05-03 16:00:00-04:00,24.66,24.7689,24.64,24.65,93123
2016-05-04 16:00:00-04:00,24.65,24.75,24.61,24.68,37103
2016-05-05 16:00:00-04:00,24.7,24.73,24.6,24.62,85898
2016-05-06 16:00:00-04:00,24.66,24.81,24.62,24.67,32658
2016-05-09 16:00:00-04:00,24.79,24.85,24.71,24.75,42823
2016-05-10 16:00:00-04:00,24.75,24.9,24.75,24.84,66579
2016-05-11 16:00:00-04:00,24.88,24.9898,24.85,24.94,38485
2016-05-12 16:00:00-04:00,24.95,24.95,24.9,24.9499,40798
2016-05-13 16:00:00-04:00,24.95,24.95,24.8101,24.89,54735
2016-05-16 16:00:00-04:00,24.92,24.95,24.8901,24.905,62635
2016-05-17 16:00:00-04:00,24.93,24.95,24.81,24.9,95891
2016-05-18 16:00:00-04:00,24.95,24.99,24.77,24.88,62043
2016-05-19 16:00:00-04:00,24.85,24.88,24.73,24.81,59098
2016-05-20 16:00:00-04:00,24.85,24.94,24.83,24.88,80168
2016-05-23 16:00:00-04:00,24.9,24.99,24.86,24.95,109632
2016-05-24 16:00:00-04:00,24.9,25.0,24.86,24.93,60286
2016-05-25 16:00:00-04:00,24.93,24.98,24.91,24.94,53805
2016-05-26 16:00:00-04:00,25.0,25.0,24.95,24.9699,65977
2016-05-27 16:00:00-04:00,24.59,24.87,24.59,24.87,93595
2016-05-31 16:00:00-04:00,24.95,24.96,24.89,24.93,43559
2016-06-01 16:00:00-04:00,24.96,24.99,24.9,24.94,75214
2016-06-02 16:00:00-04:00,24.98,25.0,24.91,24.98,43696
2016-06-03 16:00:00-04:00,25.01,25.11,25.0,25.11,97815
2016-06-06 16:00:00-04:00,25.16,25.2,25.1,25.1337,47318
2016-06-07 16:00:00-04:00,25.17,25.25,25.08,25.18,90866
2016-06-08 16:00:00-04:00,25.18,25.3,25.18,25.21,43727
2016-06-09 16:00:00-04:00,25.27,25.36,25.21,25.31,29418
2016-06-10 16:00:00-04:00,25.27,25.33,25.25,25.25,21243
2016-06-13 16:00:00-04:00,25.26,25.44,25.21,25.3,72870
2016-06-14 16:00:00-04:00,25.25,25.4,25.25,25.26,23423
2016-06-15 16:00:00-04:00,25.28,25.39,25.27,25.35,18233
2016-06-16 16:00:00-04:00,25.38,25.5,25.14,25.24,65773
2016-06-17 16:00:00-04:00,25.24,25.25,25.2,25.25,64763
2016-06-20 16:00:00-04:00,25.25,25.5,25.2,25.43,79527
2016-06-21 16:00:00-04:00,25.39,25.41,25.31,25.35,58519
2016-06-22 16:00:00-04:00,25.37,25.47,25.37,25.45,12850
2016-06-23 16:00:00-04:00,25.5,25.55,25.45,25.4716,27714
2016-06-24 16:00:00-04:00,25.24,25.3,25.1101,25.25,64743
2016-06-27 16:00:00-04:00,25.22,25.25,25.15,25.19,39471
2016-06-28 16:00:00-04:00,25.2,25.41,25.2,25.3,43166
2016-06-29 16:00:00-04:00,25.3796,25.5515,25.35,25.47,19177
2016-06-30 16:00:00-04:00,25.57,25.9,25.51,25.58,47135
2016-07-01 16:00:00-04:00,25.66,25.76,25.6,25.68,11858
2016-07-05 16:00:00-04:00,26.24,26.24,25.48,25.57,40323
2016-07-06 16:00:00-04:00,25.65,25.7411,25.37,25.51,38003
2016-07-07 16:00:00-04:00,25.57,25.67,25.495,25.52,15258
2016-07-08 16:00:00-04:00,25.54,25.9647,25.54,25.68,13215
2016-07-11 16:00:00-04:00,25.66,25.7946,25.62,25.7946,19587
2016-07-12 16:00:00-04:00,25.87,26.0,25.84,25.93,34599
2016-07-13 16:00:00-04:00,26.0,26.0,25.85,25.92,39223
2016-07-14 16:00:00-04:00,25.99,26.0,25.9,25.96,37256
2016-07-15 16:00:00-04:00,25.98,26.26,25.86,25.89,51053
2016-07-18 16:00:00-04:00,25.86,26.1,25.6,25.66,35642
2016-07-19 16:00:00-04:00,25.69,25.79,25.68,25.69,15607
2016-07-20 16:00:00-04:00,25.79,25.79,25.615,25.6258,25241
2016-07-21 16:00:00-04:00,25.75,25.75,25.62,25.62,39291
2016-07-22 16:00:00-04:00,25.65,25.8,25.65,25.73,19689
2016-07-25 16:00:00-04:00,25.8,25.8,25.7401,25.77,40451
2016-07-26 16:00:00-04:00,25.8,25.8,25.74,25.74,43938
2016-07-27 16:00:00-04:00,25.8,25.939,25.79,25.82,68534
2016-07-28 16:00:00-04:00,25.88,26.1,25.872,26.09,41388
2016-07-29 16:00:00-04:00,26.1,26.18,26.07,26.18,31293
2016-08-01 16:00:00-04:00,26.15,26.2,26.0706,26.18,17856
2016-08-02 16:00:00-04:00,26.22,26.25,25.95,26.04,37184
2016-08-03 16:00:00-04:00,26.06,26.2,26.06,26.2,24379
2016-08-04 16:00:00-04:00,26.25,26.25,26.2,26.25,10783
2016-08-05 16:00:00-04:00,26.27,26.3,26.06,26.2,50670
2016-08-08 16:00:00-04:00,26.22,26.3,26.2,26.28,20695
2016-08-09 16:00:00-04:00,26.29,26.46,26.28,26.39,20223
2016-08-10 16:00:00-04:00,26.42,26.43,26.08,26.25,40111
2016-08-11 16:00:00-04:00,26.25,26.3,26.15,26.17,20215
2016-08-12 16:00:00-04:00,26.2799,26.29,26.0991,26.2,15933
2016-08-15 16:00:00-04:00,26.27,26.43,26.1401,26.19,24081
2016-08-16 16:00:00-04:00,26.19,26.35,26.152,26.3,31554
2016-08-17 16:00:00-04:00,26.29,26.3,26.2,26.28,26177
2016-08-18 16:00:00-04:00,26.28,26.3,26.24,26.24,21564
2016-08-19 16:00:00-04:00,26.25,26.25,26.24,26.2499,22903
2016-08-22 16:00:00-04:00,26.25,26.55,26.22,26.48,74568
2016-08-23 16:00:00-04:00,26.47,26.8726,26.34,26.37,41388
2016-08-24 16:00:00-04:00,26.37,26.68,26.37,26.58,40765
2016-08-25 16:00:00-04:00,26.46,26.7,26.46,26.7,28435
2016-08-26 16:00:00-04:00,26.82,26.82,26.64,26.8,17494
2016-08-29 16:00:00-04:00,26.81,27.08,26.8,26.9,32737
2016-08-30 16:00:00-04:00,26.62,26.62,26.33,26.43,42836
2016-08-31 16:00:00-04:00,26.4,26.4,25.93,26.16,61175
2016-09-01 16:00:00-04:00,26.16,26.26,26.13,26.16,48712
2016-09-02 16:00:00-04:00,26.2,26.2899,26.1701,26.2,19631
2016-09-06 16:00:00-04:00,26.2,26.44,26.2,26.29,27803
2016-09-07 16:00:00-04:00,26.3969,26.42,26.29,26.29,17809
2016-09-08 16:00:00-04:00,26.34,26.58,26.34,26.45,35623
2016-09-09 16:00:00-04:00,26.46,26.499,26.18,26.18,22798
2016-09-12 16:00:00-04:00,26.18,26.6,26.18,26.46,26708
2016-09-13 16:00:00-04:00,26.48,26.48,25.51,25.58,45050
2016-09-14 16:00:00-04:00,25.86,26.04,25.71,25.81,30979
2016-09-15 16:00:00-04:00,25.89,26.39,25.7556,26.01,33951
2016-09-16 16:00:00-04:00,26.2,26.2,25.92,26.0,11357
2016-09-19 16:00:00-04:00,26.17,26.3,26.09,26.3,11899
2016-09-20 16:00:00-04:00,26.3,26.39,26.1,26.39,21318
2016-09-21 16:00:00-04:00,26.37,26.37,26.16,26.23,9421
2016-09-22 16:00:00-04:00,26.37,26.53,26.27,26.365,6098
2016-09-23 16:00:00-04:00,26.35,26.42,26.1,26.24,12018
2016-09-26 16:00:00-04:00,26.22,26.22,26.01,26.07,38642
2016-09-27 16:00:00-04:00,26.01,26.4455,26.01,26.37,18144
2016-09-28 16:00:00-04:00,26.49,26.49,26.18,26.25,14603
2016-09-29 16:00:00-04:00,26.25,26.3,26.21,26.21,3112
2016-09-30 16:00:00-04:00,26.2023,26.2023,26.1,26.1,8007
2016-10-03 16:00:00-04:00,26.1,26.4959,26.1,26.34,10137
2016-10-04 16:00:00-04:00,26.35,26.44,26.19,26.2101,8183
2016-10-05 16:00:00-04:00,26.18,26.3244,26.12,26.1473,11269
2016-10-06 16:00:00-04:00,26.18,26.2299,26.11,26.1267,12174
2016-10-07 16:00:00-04:00,26.13,26.23,26.13,26.23,17670
2016-10-10 16:00:00-04:00,26.23,26.305,26.14,26.15,12368
2016-10-11 16:00:00-04:00,26.13,26.2,26.04,26.09,22395
2016-10-12 16:00:00-04:00,26.09,26.09,26.01,26.08,7010
2016-10-13 16:00:00-04:00,26.02,26.14,25.94,25.95,15878
2016-10-14 16:00:00-04:00,25.96,25.99,25.8644,25.89,21855
2016-10-17 16:00:00-04:00,25.96,26.0,25.94,25.99,9371
2016-10-18 16:00:00-04:00,26.0,26.14,25.97,26.14,13967
2016-10-19 16:00:00-04:00,26.12,26.16,26.03,26.07,9997
2016-10-20 16:00:00-04:00,26.06,26.06,25.97,26.04,21754
2016-10-21 16:00:00-04:00,26.04,26.21,26.0,26.19,19826
2016-10-24 16:00:00-04:00,26.19,26.19,26.09,26.18,9498
2016-10-25 16:00:00-04:00,26.16,26.34,26.06,26.34,19358
2016-10-26 16:00:00-04:00,26.28,26.28,26.04,26.1868,10647
2016-10-27 16:00:00-04:00,26.2,26.2,25.86,25.95,21635
2016-10-28 16:00:00-04:00,26.03,26.07,25.95,26.07,10244
2016-10-31 16:00:00-04:00,26.0543,26.076,25.95,26.03,6192
2016-11-01 16:00:00-04:00,25.97,26.06,25.87,26.0,14988
2016-11-02 16:00:00-04:00,25.96,26.0281,25.81,25.9027,14562
2016-11-03 16:00:00-04:00,25.9,25.99,25.77,25.92,10448
2016-11-04 16:00:00-04:00,25.9301,26.01,25.88,25.92,15583
2016-11-07 16:00:00-05:00,26.04,26.05,25.92,25.92,9163
2016-11-08 16:00:00-05:00,26.03,26.03,25.92,25.92,7138
2016-11-09 16:00:00-05:00,25.8,25.9,25.7,25.77,14022
2016-11-10 16:00:00-05:00,25.81,25.81,25.2,25.27,49966
2016-11-11 16:00:00-05:00,25.31,25.57,25.3,25.3682,35069
2016-11-14 16:00:00-05:00,25.37,25.38,25.0,25.13,49598
2016-11-15 16:00:00-05:00,25.16,25.4456,25.16,25.31,38747
2016-11-16 16:00:00-05:00,25.38,25.68,25.361,25.51,19682
2016-11-17 16:00:00-05:00,25.52,25.64,24.672,24.85,80573
2016-11-18 16:00:00-05:00,25.03,25.2002,24.95,25.02,31065
2016-11-21 16:00:00-05:00,25.09,25.26,24.78,24.849,97252
2016-11-22 16:00:00-05:00,25.01,25.43,24.95,25.23,35312
2016-11-23 16:00:00-05:00,25.2,25.4226,25.17,25.309,20889
2016-11-25 13:00:00-05:00,25.41,25.43,25.35,25.3759,9199
2016-11-28 16:00:00-05:00,25.49,25.49,25.39,25.44,15780
2016-11-29 16:00:00-05:00,25.07,25.07,24.9,24.97,25424
2016-11-30 16:00:00-05:00,24.97,25.07,24.8,24.9929,47225
2016-12-01 16:00:00-05:00,24.98,25.0308,24.78,25.02,22100
2016-12-02 16:00:00-05:00,25.04,25.165,25.0,25.06,21503
2016-12-05 16:00:00-05:00,25.13,25.18,24.88,25.0,25225
2016-12-06 16:00:00-05:00,25.09,25.09,25.0,25.0,18465
2016-12-07 16:00:00-05:00,25.07,25.1006,25.05,25.06,15594
2016-12-08 16:00:00-05:00,25.19,25.19,25.03,25.06,31463
2016-12-09 16:00:00-05:00,25.15,25.1699,25.09,25.09,25132
2016-12-12 16:00:00-05:00,25.1,25.15,24.936,25.08,51476
2016-12-13 16:00:00-05:00,25.12,25.1701,25.08,25.16,22124
2016-12-14 16:00:00-05:00,25.18,25.18,25.06,25.11,17507
2016-12-15 16:00:00-05:00,25.09,25.15,25.02,25.1,28587
2016-12-16 16:00:00-05:00,25.13,25.7,25.13,25.2201,17684
2016-12-19 16:00:00-05:00,25.28,25.28,25.12,25.12,16751
2016-12-20 16:00:00-05:00,25.21,25.22,25.1,25.14,22320
2016-12-21 16:00:00-05:00,25.2,25.2353,25.1449,25.1553,2697
2016-12-22 16:00:00-05:00,25.23,25.23,25.16,25.17,4135
2016-12-23 16:00:00-05:00,25.17,25.24,25.17,25.23,10821
2016-12-27 16:00:00-05:00,25.25,25.59,25.19,25.56,33498
2016-12-28 16:00:00-05:00,25.49,25.78,25.4,25.78,14162
2016-12-29 16:00:00-05:00,25.76,25.88,25.69,25.86,12714
2016-12-30 16:00:00-05:00,25.77,25.82,25.7209,25.82,8098
2017-01-03 16:00:00-05:00,25.77,25.78,25.7,25.78,7904
2017-01-04 16:00:00-05:00,25.78,25.79,25.62,25.72,9800
2017-01-05 16:00:00-05:00,25.7,25.7,25.62,25.7,10945
2017-01-06 16:00:00-05:00,25.64,25.78,25.5205,25.57,4386
2017-01-09 16:00:00-05:00,25.66,25.66,25.51,25.51,3690
2017-01-10 16:00:00-05:00,25.53,25.65,25.5,25.57,12781
2017-01-11 16:00:00-05:00,25.64,25.64,25.5487,25.6,12262
2017-01-12 16:00:00-05:00,25.6,25.65,25.5,25.54,14998
2017-01-13 16:00:00-05:00,25.57,25.5807,25.52,25.52,6564
2017-01-17 16:00:00-05:00,25.62,25.62,25.52,25.54,7911
2017-01-18 16:00:00-05:00,25.57,25.63,25.468,25.63,12115
2017-01-19 16:00:00-05:00,25.59,25.6,25.3,25.6,25198
2017-01-20 16:00:00-05:00,25.62,25.62,25.464,25.6,7528
2017-01-23 16:00:00-05:00,25.6,25.75,25.555,25.7,8309
2017-01-24 16:00:00-05:00,25.74,25.74,25.53,25.53,20491
2017-01-25 16:00:00-05:00,25.56,25.6431,25.55,25.63,10395
2017-01-26 16:00:00-05:00,25.67,25.67,25.53,25.65,1840
2017-01-27 16:00:00-05:00,25.75,25.75,25.55,25.55,8231
2017-01-30 16:00:00-05:00,25.6,25.6363,25.57,25.58,16592
2017-01-31 16:00:00-05:00,25.64,25.64,25.58,25.5818,4903
2017-02-01 16:00:00-05:00,25.62,25.65,25.57,25.64,10736
2017-02-02 16:00:00-05:00,25.7,25.78,25.7,25.78,16132
2017-02-03 16:00:00-05:00,25.78,25.8499,25.75,25.84,16265
2017-02-06 16:00:00-05:00,25.85,25.95,25.84,25.88,14370
2017-02-07 16:00:00-05:00,25.89,25.92,25.88,25.92,11058
2017-02-08 16:00:00-05:00,25.9,26.39,25.9,26.2101,13350
2017-02-09 16:00:00-05:00,26.17,26.22,26.11,26.21,13866
2017-02-10 16:00:00-05:00,26.17,26.3,26.111,26.2999,14634
2017-02-13 16:00:00-05:00,26.3,26.651,26.3,26.4975,48882
2017-02-14 16:00:00-05:00,26.42,26.5,26.4,26.4,30794
2017-02-15 16:00:00-05:00,26.37,26.5,26.01,26.05,19034
2017-02-16 16:00:00-05:00,26.06,26.2102,26.01,26.06,3862
2017-02-17 16:00:00-05:00,26.02,26.09,25.7998,25.83,8719
2017-02-21 16:00:00-05:00,25.91,26.25,25.87,26.25,10251
2017-02-22 16:00:00-05:00,26.25,26.25,26.0,26.23,9126
2017-02-23 16:00:00-05:00,26.25,26.3,26.1,26.3,11809
2017-02-24 16:00:00-05:00,26.3,26.48,26.3,26.42,14876
2017-02-27 16:00:00-05:00,26.07,26.08,25.77,25.9,2087
2017-02-28 16:00:00-05:00,25.8,25.8387,25.55,25.59,24047
2017-03-01 16:00:00-05:00,25.65,25.77,25.65,25.65,31203
2017-03-02 16:00:00-05:00,25.77,25.77,25.7,25.73,7892
2017-03-03 16:00:00-05:00,25.75,25.8799,25.75,25.8799,9628
2017-03-06 16:00:00-05:00,25.93,25.93,25.81,25.89,12486
2017-03-07 16:00:00-05:00,25.9,25.9,25.8,25.82,28954
2017-03-08 16:00:00-05:00,25.81,25.8107,25.55,25.59,37404
2017-03-09 16:00:00-05:00,25.64,25.65,25.3,25.65,41966
2017-03-10 16:00:00-05:00,25.69,25.69,25.4,25.48,26754
2017-03-13 16:00:00-04:00,25.5,25.541,25.4,25.4,14467
2017-03-14 16:00:00-04:00,25.46,25.589,25.4,25.404,15321
2017-03-15 16:00:00-04:00,25.5,25.63,25.41,25.57,20149
2017-03-16 16:00:00-04:00,25.65,25.74,25.611,25.69,16880
2017-03-17 16:00:00-04:00,25.7,25.9285,25.69,25.69,16312
2017-03-20 16:00:00-04:00,25.73,25.85,25.72,25.76,17255
2017-03-21 16:00:00-04:00,25.82,25.82,25.78,25.79,14217
2017-03-22 16:00:00-04:00,25.8,25.8525,25.8,25.8199,12074
2017-03-23 16:00:00-04:00,25.88,25.89,25.7666,25.7666,16540
2017-03-24 16:00:00-04:00,25.8,25.83,25.7184,25.72,22545
2017-03-27 16:00:00-04:00,25.8,25.83,25.8,25.82,11272
2017-03-28 16:00:00-04:00,25.94,25.94,25.73,25.73,19089
2017-03-29 16:00:00-04:00,25.9,25.9,25.76,25.86,15515
2017-03-30 16:00:00-04:00,25.89,26.0,25.77,25.8261,14687
2017-03-31 16:00:00-04:00,25.82,26.0,25.8,25.94,35723
2017-04-03 16:00:00-04:00,25.9363,26.06,25.9363,26.02,11958
2017-04-04 16:00:00-04:00,25.98,26.0,25.81,26.0,13953
2017-04-05 16:00:00-04:00,26.1,26.15,26.021,26.14,33102
2017-04-06 16:00:00-04:00,26.12,26.25,26.12,26.25,10314
2017-04-07 16:00:00-04:00,26.1,26.18,26.0601,26.0926,7236
2017-04-10 16:00:00-04:00,26.11,26.14,26.1,26.13,13369
2017-04-11 16:00:00-04:00,26.15,26.19,25.4,25.43,140165
2017-04-12 16:00:00-04:00,25.43,25.43,24.85,25.39,110393
2017-04-13 16:00:00-04:00,25.25,25.31,25.0,25.31,73497
2017-04-17 16:00:00-04:00,25.31,25.49,25.31,25.48,30075
2017-04-18 16:00:00-04:00,25.45,25.5229,25.21,25.27,79396
2017-04-19 16:00:00-04:00,25.4,25.44,25.27,25.31,21865
2017-04-20 16:00:00-04:00,25.41,25.48,25.35,25.48,20279
2017-04-21 16:00:00-04:00,25.5,25.54,25.49,25.5,20437
2017-04-24 16:00:00-04:00,25.58,25.6,25.52,25.56,15051
2017-04-25 16:00:00-04:00,25.55,25.6,25.5,25.58,16007
2017-04-26 16:00:00-04:00,25.54,25.69,25.52,25.69,20242
2017-04-27 16:00:00-04:00,25.64,25.7,25.62,25.686,12933
2017-04-28 16:00:00-04:00,25.7,25.85,25.64,25.7667,21563
2017-05-01 16:00:00-04:00,25.9,25.9,25.78,25.8,15307
2017-05-02 16:00:00-04:00,25.8,26.05,25.7,26.02,36249
2017-05-03 16:00:00-04:00,25.99,25.99,25.85,25.9,20540
2017-05-04 16:00:00-04:00,25.82,25.8685,25.81,25.81,12508
2017-05-05 16:00:00-04:00,25.9,25.9,25.82,25.845,10178
2017-05-08 16:00:00-04:00,25.9,25.9,25.8,25.8499,16080
2017-05-09 16:00:00-04:00,25.8,25.8,25.59,25.64,27158
2017-05-10 16:00:00-04:00,25.6,25.6795,25.6,25.655,29986
2017-05-11 16:00:00-04:00,25.62,25.7,25.62,25.67,10811
2017-05-12 16:00:00-04:00,25.67,25.89,25.6642,25.8752,18258
2017-05-15 16:00:00-04:00,25.9,25.9,25.84,25.85,11447
2017-05-16 16:00:00-04:00,25.9,25.9,25.85,25.85,11285
2017-05-17 16:00:00-04:00,25.85,25.89,25.69,25.84,16639
2017-05-18 16:00:00-04:00,25.76,25.95,25.71,25.87,16105
2017-05-19 16:00:00-04:00,25.98,25.98,25.88,25.95,5908
2017-05-22 16:00:00-04:00,25.98,25.98,25.8785,25.896,18007
2017-05-23 16:00:00-04:00,25.94,25.95,25.88,25.9,14481
2017-05-24 16:00:00-04:00,25.95,25.95,25.5699,25.9199,26944
2017-05-25 16:00:00-04:00,25.92,25.98,25.7737,25.9799,15859
2017-05-26 16:00:00-04:00,25.98,25.98,25.8,25.87,19058
2017-05-30 16:00:00-04:00,25.55,25.55,25.42,25.45,32592
2017-05-31 16:00:00-04:00,25.55,25.83,25.48,25.76,27925
2017-06-01 16:00:00-04:00,25.75,25.75,25.55,25.63,12837
2017-06-02 16:00:00-04:00,25.7,26.01,25.64,26.0,31353
2017-06-05 16:00:00-04:00,25.98,25.98,25.7201,25.77,5656
2017-06-06 16:00:00-04:00,25.8,25.8276,25.75,25.75,10526
2017-06-07 16:00:00-04:00,25.87,25.9,25.8002,25.83,12039
2017-06-08 16:00:00-04:00,25.83,25.9,25.71,25.8433,15252
2017-06-09 16:00:00-04:00,25.85,25.9099,25.7749,25.85,12495
2017-06-12 16:00:00-04:00,25.81,25.887,25.75,25.86,14798
2017-06-13 16:00:00-04:00,25.86,25.92,25.86,25.9045,11842
2017-06-14 16:00:00-04:00,25.79,25.92,25.79,25.91,9525
2017-06-15 16:00:00-04:00,25.91,25.92,25.91,25.91,12280
2017-06-16 16:00:00-04:00,25.92,25.92,25.75,25.875,9409
2017-06-19 16:00:00-04:00,25.87,25.9,25.87,25.9,5511
2017-06-20 16:00:00-04:00,25.92,25.92,25.9,25.9,16759
2017-06-21 16:00:00-04:00,25.86,25.9,25.86,25.9,2251
2017-06-22 16:00:00-04:00,25.87,25.95,25.86,25.86,23215
2017-06-23 16:00:00-04:00,25.9,26.0,25.9,25.9098,7836
2017-06-26 16:00:00-04:00,25.9,26.03,25.9,25.92,4811
2017-06-27 16:00:00-04:00,25.96,26.4,25.9,26.3608,48192
2017-06-28 16:00:00-04:00,26.35,26.49,26.246,26.46,67703
2017-06-29 16:00:00-04:00,26.39,26.39,26.23,26.35,18311
2017-06-30 16:00:00-04:00,26.3,26.48,26.2,26.48,26457
2017-07-03 13:00:00-04:00,26.45,26.48,26.3101,26.48,13563
2017-07-05 16:00:00-04:00,26.45,26.48,26.32,26.32,16314
2017-07-06 16:00:00-04:00,26.29,26.36,26.1,26.35,13306
2017-07-07 16:00:00-04:00,26.2,26.3,26.08,26.18,7509
2017-07-10 16:00:00-04:00,26.2,26.3,26.08,26.2401,6667
2017-07-11 16:00:00-04:00,26.25,26.3,26.0,26.19,18344
2017-07-12 16:00:00-04:00,26.21,26.3,26.21,26.29,12312
2017-07-13 16:00:00-04:00,26.29,26.3,26.29,26.29,9335
2017-07-14 16:00:00-04:00,26.19,26.28,26.04,26.2,6841
2017-07-17 16:00:00-04:00,26.16,26.25,26.0519,26.25,4024
2017-07-18 16:00:00-04:00,26.26,26.3,26.25,26.3,10210
2017-07-19 16:00:00-04:00,26.3,26.4,26.11,26.3229,9881
2017-07-20 16:00:00-04:00,26.33,26.457,26.31,26.31,8876
2017-07-21 16:00:00-04:00,26.3,26.55,26.2,26.55,19856
2017-07-24 16:00:00-04:00,26.33,26.39,26.23,26.39,8905
2017-07-25 16:00:00-04:00,26.37,26.37,26.2695,26.29,19410
2017-07-26 16:00:00-04:00,26.31,26.42,26.31,26.4,9305
2017-07-27 16:00:00-04:00,26.4,26.4679,26.391,26.4244,4076
2017-07-28 16:00:00-04:00,26.38,26.47,26.3,26.41,13266
2017-07-31 16:00:00-04:00,0.0,26.5999,0.0,26.5604,31614
2017-08-01 16:00:00-04:00,26.51,26.56,26.3,26.56,9004
2017-08-02 16:00:00-04:00,26.5,26.56,26.4299,26.4299,6510
2017-08-03 16:00:00-04:00,26.4,26.47,26.3319,26.355,10227
2017-08-04 16:00:00-04:00,26.32,26.43,26.32,26.4189,11040
2017-08-07 16:00:00-04:00,26.37,26.6675,26.32,26.65,9028
2017-08-08 16:00:00-04:00,26.61,26.61,26.33,26.33,4891
2017-08-09 16:00:00-04:00,26.33,26.33,25.7,25.73,77992
2017-08-10 16:00:00-04:00,25.73,25.73,25.5,25.61,41908
2017-08-11 16:00:00-04:00,25.62,26.07,25.62,25.83,25466
2017-08-14 16:00:00-04:00,25.83,25.92,25.83,25.89,25549
2017-08-15 16:00:00-04:00,25.9,26.0048,25.83,25.83,24927
2017-08-16 16:00:00-04:00,26.08,26.475,26.07,26.08,8900
2017-08-17 16:00:00-04:00,26.24,26.3,26.1208,26.19,19070
2017-08-18 16:00:00-04:00,26.4,26.4,26.22,26.28,14530
2017-08-21 16:00:00-04:00,26.3,26.33,26.01,26.01,8439
2017-08-22 16:00:00-04:00,26.15,26.21,26.1,26.15,10288
2017-08-23 16:00:00-04:00,26.15,26.55,26.15,26.18,16941
2017-08-24 16:00:00-04:00,26.3,26.3,26.1,26.19,7660
2017-08-25 16:00:00-04:00,26.07,26.14,25.93,26.14,24004
2017-08-28 16:00:00-04:00,26.17,26.4299,26.02,26.15,20491
2017-08-29 16:00:00-04:00,26.12,26.12,25.83,25.95,7209
2017-08-30 16:00:00-04:00,25.83,25.97,25.75,25.97,43337
2017-08-31 16:00:00-04:00,26.05,26.15,25.8401,26.15,10602
2017-09-01 16:00:00-04:00,26.05,26.05,25.91,26.03,2030
2017-09-05 16:00:00-04:00,26.06,26.06,25.5101,25.62,13895
2017-09-06 16:00:00-04:00,25.83,26.04,25.7501,25.95,14763
2017-09-07 16:00:00-04:00,26.09,26.1,25.7,25.7,101635
2017-09-08 16:00:00-04:00,25.72,25.9789,25.2,25.3005,60667
2017-09-11 16:00:00-04:00,25.92,25.92,25.53,25.59,20821
2017-09-12 16:00:00-04:00,25.75,25.97,25.7238,25.94,29866
2017-09-13 16:00:00-04:00,25.91,26.0396,25.9,26.0396,4860
2017-09-14 16:00:00-04:00,26.04,26.04,25.7223,25.95,9712
2017-09-15 16:00:00-04:00,26.0,26.028,25.92,26.0,11454
2017-09-18 16:00:00-04:00,26.1,26.18,26.05,26.06,9619
2017-09-19 16:00:00-04:00,26.01,26.14,25.9,26.0,10301
2017-09-20 16:00:00-04:00,26.0,26.14,25.9444,26.01,11059
2017-09-21 16:00:00-04:00,26.05,26.17,26.03,26.04,5921
2017-09-22 16:00:00-04:00,26.04,26.09,26.03,26.08,11181
2017-09-25 16:00:00-04:00,26.1,26.13,25.97,25.97,20395
2017-09-26 16:00:00-04:00,25.9733,26.0,25.93,25.9701,6929
2017-09-27 16:00:00-04:00,26.0,26.0,25.8,25.8716,5323
2017-09-28 16:00:00-04:00,25.87,25.9019,25.78,25.9019,8233
2017-09-29 16:00:00-04:00,25.79,25.949,25.79,25.92,2975
2017-10-02 16:00:00-04:00,25.95,26.0879,25.95,26.0516,3817
2017-10-03 16:00:00-04:00,26.0,26.0,25.87,25.87,9172
2017-10-04 16:00:00-04:00,25.85,26.06,25.85,26.06,3566
2017-10-05 16:00:00-04:00,26.07,26.07,25.9099,25.98,5419
2017-10-06 16:00:00-04:00,25.98,26.0,25.72,25.98,5817
2017-10-09 16:00:00-04:00,25.95,25.98,25.9,25.92,3706
2017-10-10 16:00:00-04:00,25.88,25.9888,25.88,25.96,4124
2017-10-11 16:00:00-04:00,0.0,0.0,0.0,25.96,0
2017-10-12 16:00:00-04:00,25.9,25.91,25.8599,25.8804,7536
2017-10-13 16:00:00-04:00,25.93,25.93,25.85,25.86,14729
2017-10-16 16:00:00-04:00,25.93,25.9632,25.81,25.84,24917
2017-10-17 16:00:00-04:00,25.93,26.05,25.8335,26.05,14234
2017-10-18 16:00:00-04:00,25.99,25.99,25.87,25.88,14706
2017-10-19 16:00:00-04:00,25.96,26.25,25.96,26.17,15729
2017-10-20 16:00:00-04:00,26.14,26.14,25.91,26.13,13187
2017-10-23 16:00:00-04:00,26.1,26.26,25.98,26.26,6593
2017-10-24 16:00:00-04:00,26.24,26.24,26.24,26.24,297
2017-10-25 16:00:00-04:00,26.21,26.21,25.9829,26.2,5188
2017-10-26 16:00:00-04:00,26.1469,26.19,25.86,25.88,4854
2017-10-27 16:00:00-04:00,25.89,26.26,25.89,26.0,9725
2017-10-30 16:00:00-04:00,26.13,26.15,26.0227,26.09,2895
2017-10-31 16:00:00-04:00,26.05,26.05,25.954,25.954,3165
2017-11-01 16:00:00-04:00,25.96,26.0,25.6119,25.7,31552
2017-11-02 16:00:00-04:00,25.76,25.8489,25.75,25.8489,6156
2017-11-03 16:00:00-04:00,25.94,25.94,25.7996,25.88,6529
2017-11-06 16:00:00-05:00,25.86,26.022,25.7,25.73,10690
2017-11-07 16:00:00-05:00,25.7,25.75,25.47,25.49,14975
2017-11-08 16:00:00-05:00,25.5,25.67,25.45,25.61,47643
2017-11-09 16:00:00-05:00,25.34,25.8535,25.2,25.64,55776
2017-11-10 16:00:00-05:00,25.59,25.74,25.51,25.69,10802
2017-11-13 16:00:00-05:00,25.54,25.75,25.4603,25.5,9224
2017-11-14 16:00:00-05:00,25.75,25.79,25.55,25.76,21913
2017-11-15 16:00:00-05:00,25.6,25.65,25.45,25.65,10115
2017-11-16 16:00:00-05:00,25.62,25.63,25.4999,25.59,17480
2017-11-17 16:00:00-05:00,25.52,25.59,25.45,25.49,6522
2017-11-20 16:00:00-05:00,25.6,25.666,24.4584,24.47,88212
2017-11-21 16:00:00-05:00,24.6,24.91,24.31,24.5,128457
2017-11-22 16:00:00-05:00,24.68,24.7173,24.6,24.6842,22237
2017-11-24 13:00:00-05:00,24.9,24.9,24.7411,24.81,22901
2017-11-27 16:00:00-05:00,25.0,25.11,24.9,24.91,67256
2017-11-28 16:00:00-05:00,25.0,25.01,24.9,24.9539,34760
2017-11-29 16:00:00-05:00,25.0,25.23,24.91,25.23,22105
2017-11-30 16:00:00-05:00,24.93,24.94,24.15,24.15,27987
2017-12-01 16:00:00-05:00,24.37,24.85,24.37,24.85,10035
2017-12-04 16:00:00-05:00,24.92,24.92,24.49,24.7,44342
2017-12-05 16:00:00-05:00,24.79,24.79,24.55,24.65,35720
2017-12-06 16:00:00-05:00,24.8,24.8,24.5941,24.65,59319
2017-12-07 16:00:00-05:00,24.7,24.75,24.37,24.37,29469
2017-12-08 16:00:00-05:00,24.6,24.6,24.41,24.41,11609
