,Open,High,Low,Close,Volume
1987-12-11 16:00:00-05:00,0.0,8.5,8.25,8.375,97900
1987-12-14 16:00:00-05:00,0.0,8.5,8.25,8.375,64400
1987-12-15 16:00:00-05:00,0.0,8.75,8.5,8.75,70800
1987-12-16 16:00:00-05:00,0.0,8.625,8.375,8.625,89500
1987-12-17 16:00:00-05:00,0.0,8.625,8.375,8.5,80300
1987-12-18 16:00:00-05:00,0.0,8.625,8.375,8.5,78800
1987-12-21 16:00:00-05:00,0.0,8.75,8.5,8.625,75600
1987-12-22 16:00:00-05:00,0.0,8.625,8.375,8.625,99500
1987-12-23 16:00:00-05:00,0.0,8.75,8.375,8.625,123500
1987-12-24 16:00:00-05:00,0.0,8.625,8.375,8.5,60300
1987-12-28 16:00:00-05:00,0.0,8.625,8.375,8.375,81800
1987-12-29 16:00:00-05:00,0.0,8.625,8.375,8.5,89600
1987-12-30 16:00:00-05:00,0.0,8.625,8.25,8.5,126000
1987-12-31 16:00:00-05:00,0.0,8.5,8.25,8.375,173300
1988-01-04 16:00:00-05:00,0.0,8.625,8.375,8.5,21600
1988-01-05 16:00:00-05:00,0.0,9.0,8.625,9.0,67200
1988-01-06 16:00:00-05:00,0.0,9.0,8.875,9.0,33500
1988-01-07 16:00:00-05:00,0.0,9.25,8.875,9.25,44700
1988-01-08 16:00:00-05:00,0.0,9.125,9.0,9.0,18500
1988-01-11 16:00:00-05:00,0.0,9.125,8.875,9.125,26700
1988-01-12 16:00:00-05:00,0.0,9.125,8.875,9.0,17200
1988-01-13 16:00:00-05:00,0.0,9.125,8.875,8.875,22400
1988-01-14 16:00:00-05:00,0.0,9.25,9.0,9.0,23100
1988-01-15 16:00:00-05:00,0.0,9.25,9.0,9.125,18500
1988-01-18 16:00:00-05:00,0.0,9.25,9.125,9.25,11200
1988-01-19 16:00:00-05:00,0.0,9.375,9.125,9.375,64800
1988-01-20 16:00:00-05:00,0.0,9.375,9.125,9.25,34600
1988-01-21 16:00:00-05:00,0.0,9.375,9.125,9.25,37800
1988-01-22 16:00:00-05:00,0.0,9.5,9.25,9.5,70200
1988-01-25 16:00:00-05:00,0.0,9.5,9.375,9.5,30300
1988-01-26 16:00:00-05:00,0.0,9.5,9.375,9.5,29100
1988-01-27 16:00:00-05:00,0.0,9.625,9.375,9.5,39400
1988-01-28 16:00:00-05:00,0.0,9.625,9.5,9.625,42500
1988-01-29 16:00:00-05:00,0.0,9.625,9.5,9.5,15100
1988-02-01 16:00:00-05:00,0.0,9.625,9.5,9.5,19600
1988-02-02 16:00:00-05:00,0.0,9.5,9.375,9.5,36700
1988-02-03 16:00:00-05:00,0.0,9.625,9.375,9.5,35600
1988-02-04 16:00:00-05:00,0.0,9.625,9.375,9.5,30700
1988-02-05 16:00:00-05:00,0.0,9.625,9.5,9.5,28200
1988-02-08 16:00:00-05:00,0.0,9.5,9.375,9.375,28700
1988-02-09 16:00:00-05:00,0.0,9.5,9.25,9.5,26700
1988-02-10 16:00:00-05:00,0.0,9.5,9.25,9.25,30700
1988-02-11 16:00:00-05:00,0.0,9.5,9.25,9.25,33000
1988-02-12 16:00:00-05:00,0.0,9.375,9.25,9.375,19500
1988-02-16 16:00:00-05:00,0.0,9.375,9.25,9.375,18500
1988-02-17 16:00:00-05:00,0.0,9.375,9.25,9.25,21100
1988-02-18 16:00:00-05:00,0.0,9.375,9.25,9.25,27000
1988-02-19 16:00:00-05:00,0.0,9.5,9.25,9.25,67100
1988-02-22 16:00:00-05:00,0.0,9.375,9.25,9.375,24500
1988-02-23 16:00:00-05:00,0.0,9.5,9.25,9.5,25900
1988-02-24 16:00:00-05:00,0.0,9.5,9.375,9.375,17900
1988-02-25 16:00:00-05:00,0.0,9.5,9.375,9.375,27200
1988-02-26 16:00:00-05:00,0.0,9.5,9.375,9.5,34500
1988-02-29 16:00:00-05:00,0.0,9.5,9.375,9.5,19800
1988-03-01 16:00:00-05:00,0.0,9.5,9.375,9.5,38400
1988-03-02 16:00:00-05:00,0.0,9.5,9.375,9.5,41500
1988-03-03 16:00:00-05:00,0.0,9.5,9.375,9.375,20200
1988-03-04 16:00:00-05:00,0.0,9.5,9.375,9.375,29300
1988-03-07 16:00:00-05:00,0.0,9.625,9.375,9.5,24200
1988-03-08 16:00:00-05:00,0.0,9.5,9.25,9.375,56700
1988-03-09 16:00:00-05:00,0.0,9.5,9.25,9.25,20000
1988-03-10 16:00:00-05:00,0.0,9.375,9.25,9.375,27800
1988-03-11 16:00:00-05:00,0.0,9.375,9.25,9.375,32100
1988-03-14 16:00:00-05:00,0.0,9.5,9.25,9.5,31200
1988-03-15 16:00:00-05:00,0.0,9.5,9.25,9.375,34800
1988-03-16 16:00:00-05:00,0.0,9.375,9.25,9.25,38300
1988-03-17 16:00:00-05:00,0.0,9.375,9.25,9.25,35900
1988-03-18 16:00:00-05:00,0.0,9.375,9.25,9.25,22300
1988-03-21 16:00:00-05:00,0.0,9.375,9.25,9.25,20200
1988-03-22 16:00:00-05:00,0.0,9.375,9.125,9.25,22100
1988-03-23 16:00:00-05:00,0.0,9.375,9.25,9.375,18600
1988-03-24 16:00:00-05:00,0.0,9.375,9.25,9.25,36700
1988-03-25 16:00:00-05:00,0.0,9.375,9.25,9.25,20000
1988-03-28 16:00:00-05:00,0.0,9.375,9.25,9.25,30500
1988-03-29 16:00:00-05:00,0.0,9.25,9.125,9.25,24300
1988-03-30 16:00:00-05:00,0.0,9.25,9.125,9.25,38700
1988-03-31 16:00:00-05:00,0.0,9.25,9.125,9.25,25600
1988-04-04 16:00:00-04:00,0.0,9.25,9.125,9.125,35900
1988-04-05 16:00:00-04:00,0.0,9.25,9.125,9.25,46900
1988-04-06 16:00:00-04:00,0.0,9.25,9.125,9.125,29600
1988-04-07 16:00:00-04:00,0.0,9.25,9.125,9.25,35600
1988-04-08 16:00:00-04:00,0.0,9.25,9.125,9.25,22500
1988-04-11 16:00:00-04:00,0.0,9.25,9.0,9.25,25300
1988-04-12 16:00:00-04:00,0.0,9.25,9.125,9.125,20100
1988-04-13 16:00:00-04:00,0.0,9.25,9.125,9.125,21500
1988-04-14 16:00:00-04:00,0.0,9.25,9.125,9.25,28700
1988-04-15 16:00:00-04:00,0.0,9.25,9.125,9.125,20900
1988-04-18 16:00:00-04:00,0.0,9.125,9.0,9.125,32500
1988-04-19 16:00:00-04:00,0.0,9.25,9.125,9.125,23200
1988-04-20 16:00:00-04:00,0.0,9.25,9.125,9.125,31000
1988-04-21 16:00:00-04:00,0.0,9.25,9.125,9.125,27000
1988-04-22 16:00:00-04:00,0.0,9.375,9.125,9.375,45200
1988-04-25 16:00:00-04:00,0.0,9.375,9.25,9.375,20700
1988-04-26 16:00:00-04:00,0.0,9.375,9.25,9.375,17100
1988-04-27 16:00:00-04:00,0.0,9.375,9.25,9.25,29900
1988-04-28 16:00:00-04:00,0.0,9.375,9.25,9.25,19100
1988-04-29 16:00:00-04:00,0.0,9.375,9.25,9.375,20400
1988-05-02 16:00:00-04:00,0.0,9.375,9.25,9.375,27200
1988-05-03 16:00:00-04:00,0.0,9.375,9.25,9.375,10500
1988-05-04 16:00:00-04:00,0.0,9.5,9.25,9.375,19900
1988-05-05 16:00:00-04:00,0.0,9.375,9.25,9.25,43600
1988-05-06 16:00:00-04:00,0.0,9.5,9.25,9.5,29500
1988-05-09 16:00:00-04:00,0.0,9.5,9.25,9.5,35600
1988-05-10 16:00:00-04:00,0.0,9.5,9.25,9.375,48300
1988-05-11 16:00:00-04:00,0.0,9.375,9.25,9.25,30500
1988-05-12 16:00:00-04:00,0.0,9.375,9.25,9.375,26700
1988-05-13 16:00:00-04:00,0.0,9.375,9.25,9.375,26400
1988-05-16 16:00:00-04:00,0.0,9.375,9.25,9.375,28900
1988-05-17 16:00:00-04:00,0.0,9.375,9.25,9.25,32800
1988-05-18 16:00:00-04:00,0.0,9.375,9.25,9.25,20500
1988-05-19 16:00:00-04:00,0.0,9.375,9.125,9.125,28600
1988-05-20 16:00:00-04:00,0.0,9.375,9.125,9.25,28700
1988-05-23 16:00:00-04:00,0.0,9.25,9.125,9.25,21700
1988-05-24 16:00:00-04:00,0.0,9.375,9.25,9.25,20300
1988-05-25 16:00:00-04:00,0.0,9.375,9.25,9.25,35500
1988-05-26 16:00:00-04:00,0.0,9.375,9.25,9.375,15900
1988-05-27 16:00:00-04:00,0.0,9.375,9.25,9.375,15600
1988-05-31 16:00:00-04:00,0.0,9.375,9.25,9.375,25400
1988-06-01 16:00:00-04:00,0.0,9.375,9.25,9.375,18900
1988-06-02 16:00:00-04:00,0.0,9.375,9.25,9.375,17300
1988-06-03 16:00:00-04:00,0.0,9.375,9.25,9.375,13800
1988-06-06 16:00:00-04:00,0.0,9.375,9.25,9.375,28100
1988-06-07 16:00:00-04:00,0.0,9.5,9.375,9.375,16300
1988-06-08 16:00:00-04:00,0.0,9.375,9.25,9.25,29300
1988-06-09 16:00:00-04:00,0.0,9.375,9.25,9.25,12200
1988-06-10 16:00:00-04:00,0.0,9.5,9.375,9.5,18900
1988-06-13 16:00:00-04:00,0.0,9.5,9.25,9.5,41700
1988-06-14 16:00:00-04:00,0.0,9.625,9.375,9.375,52600
1988-06-15 16:00:00-04:00,0.0,9.5,9.375,9.375,29900
1988-06-16 16:00:00-04:00,0.0,9.5,9.25,9.375,34000
1988-06-17 16:00:00-04:00,0.0,9.375,9.25,9.375,24200
1988-06-20 16:00:00-04:00,0.0,9.375,9.25,9.25,31600
1988-06-21 16:00:00-04:00,0.0,9.375,9.25,9.25,27300
1988-06-22 16:00:00-04:00,0.0,9.375,9.25,9.25,23700
1988-06-23 16:00:00-04:00,0.0,9.375,9.25,9.25,41800
1988-06-24 16:00:00-04:00,0.0,9.375,9.25,9.375,38500
1988-06-27 16:00:00-04:00,0.0,9.375,9.125,9.25,29900
1988-06-28 16:00:00-04:00,0.0,9.375,9.125,9.125,28400
1988-06-29 16:00:00-04:00,0.0,9.375,9.125,9.25,9000
1988-06-30 16:00:00-04:00,0.0,9.375,9.25,9.375,19100
1988-07-01 16:00:00-04:00,0.0,9.5,9.375,9.375,24200
1988-07-05 16:00:00-04:00,0.0,9.5,9.375,9.375,17000
1988-07-06 16:00:00-04:00,0.0,9.5,9.375,9.5,20000
1988-07-07 16:00:00-04:00,0.0,9.5,9.375,9.375,41100
1988-07-08 16:00:00-04:00,0.0,9.5,9.375,9.375,28700
1988-07-11 16:00:00-04:00,0.0,9.375,9.25,9.25,11400
1988-07-12 16:00:00-04:00,0.0,9.5,9.25,9.375,26000
1988-07-13 16:00:00-04:00,0.0,9.375,9.25,9.375,25800
1988-07-14 16:00:00-04:00,0.0,9.375,9.25,9.375,18400
1988-07-15 16:00:00-04:00,0.0,9.375,9.25,9.375,32200
1988-07-18 16:00:00-04:00,0.0,9.375,9.25,9.375,33700
1988-07-19 16:00:00-04:00,0.0,9.375,9.25,9.375,28700
1988-07-20 16:00:00-04:00,0.0,9.375,9.25,9.25,34900
1988-07-21 16:00:00-04:00,0.0,9.375,9.125,9.125,41000
1988-07-22 16:00:00-04:00,0.0,9.25,9.125,9.125,20800
1988-07-25 16:00:00-04:00,0.0,9.375,9.125,9.375,16600
1988-07-26 16:00:00-04:00,0.0,9.375,9.25,9.25,40200
1988-07-27 16:00:00-04:00,0.0,9.375,9.25,9.375,14300
1988-07-28 16:00:00-04:00,0.0,9.375,9.25,9.375,22000
1988-07-29 16:00:00-04:00,0.0,9.375,9.25,9.375,38400
1988-08-01 16:00:00-04:00,0.0,9.375,9.25,9.25,16600
1988-08-02 16:00:00-04:00,0.0,9.375,9.25,9.25,28900
1988-08-03 16:00:00-04:00,0.0,9.5,9.25,9.375,24100
1988-08-04 16:00:00-04:00,0.0,9.5,9.375,9.5,30200
1988-08-05 16:00:00-04:00,0.0,9.5,9.375,9.375,32100
1988-08-08 16:00:00-04:00,0.0,9.375,9.25,9.25,28400
1988-08-09 16:00:00-04:00,0.0,9.375,9.25,9.375,19600
1988-08-10 16:00:00-04:00,0.0,9.375,9.25,9.25,12500
1988-08-11 16:00:00-04:00,0.0,9.375,9.25,9.25,27800
1988-08-12 16:00:00-04:00,0.0,9.375,9.25,9.375,22200
1988-08-15 16:00:00-04:00,0.0,9.375,9.25,9.25,22200
1988-08-16 16:00:00-04:00,0.0,9.375,9.25,9.375,26900
1988-08-17 16:00:00-04:00,0.0,9.375,9.25,9.375,22800
1988-08-18 16:00:00-04:00,0.0,9.375,9.25,9.375,29100
1988-08-19 16:00:00-04:00,0.0,9.375,9.25,9.375,33800
1988-08-22 16:00:00-04:00,0.0,9.5,9.25,9.375,24400
1988-08-23 16:00:00-04:00,0.0,9.375,9.25,9.25,20500
1988-08-24 16:00:00-04:00,0.0,9.375,9.25,9.375,12800
1988-08-25 16:00:00-04:00,0.0,9.375,9.25,9.375,25100
1988-08-26 16:00:00-04:00,0.0,9.375,9.25,9.25,14900
1988-08-29 16:00:00-04:00,0.0,9.5,9.375,9.375,9600
1988-08-30 16:00:00-04:00,0.0,9.5,9.375,9.5,20700
1988-08-31 16:00:00-04:00,0.0,9.625,9.375,9.375,36600
1988-09-01 16:00:00-04:00,0.0,9.5,9.375,9.5,16200
1988-09-02 16:00:00-04:00,0.0,9.625,9.375,9.625,29300
1988-09-06 16:00:00-04:00,0.0,9.625,9.5,9.5,15400
1988-09-07 16:00:00-04:00,0.0,9.625,9.5,9.625,17200
1988-09-08 16:00:00-04:00,0.0,9.625,9.5,9.625,29700
1988-09-09 16:00:00-04:00,0.0,9.625,9.5,9.625,25900
1988-09-12 16:00:00-04:00,0.0,9.625,9.5,9.625,12000
1988-09-13 16:00:00-04:00,0.0,9.75,9.5,9.625,25800
1988-09-14 16:00:00-04:00,0.0,9.75,9.625,9.625,22300
1988-09-15 16:00:00-04:00,0.0,9.875,9.625,9.75,96300
1988-09-16 16:00:00-04:00,0.0,9.75,9.625,9.625,16600
1988-09-19 16:00:00-04:00,0.0,9.875,9.625,9.75,30300
1988-09-20 16:00:00-04:00,0.0,9.875,9.625,9.625,32800
1988-09-21 16:00:00-04:00,0.0,9.75,9.625,9.75,26600
1988-09-22 16:00:00-04:00,0.0,9.75,9.625,9.625,23500
1988-09-23 16:00:00-04:00,0.0,9.75,9.625,9.75,40600
1988-09-26 16:00:00-04:00,0.0,9.75,9.625,9.75,19000
1988-09-27 16:00:00-04:00,0.0,9.75,9.625,9.75,26600
1988-09-28 16:00:00-04:00,0.0,9.75,9.625,9.625,22300
1988-09-29 16:00:00-04:00,0.0,9.875,9.625,9.875,21100
1988-09-30 16:00:00-04:00,0.0,9.875,9.75,9.875,15300
1988-10-03 16:00:00-04:00,0.0,9.875,9.75,9.875,51100
1988-10-04 16:00:00-04:00,0.0,9.875,9.75,9.875,39000
1988-10-05 16:00:00-04:00,0.0,9.875,9.75,9.75,24500
1988-10-06 16:00:00-04:00,0.0,9.875,9.75,9.75,12900
1988-10-07 16:00:00-04:00,0.0,9.875,9.75,9.875,23200
1988-10-10 16:00:00-04:00,0.0,9.875,9.75,9.75,23100
1988-10-11 16:00:00-04:00,0.0,9.875,9.75,9.75,40200
1988-10-12 16:00:00-04:00,0.0,9.875,9.75,9.75,33600
1988-10-13 16:00:00-04:00,0.0,9.875,9.625,9.625,12500
1988-10-14 16:00:00-04:00,0.0,9.75,9.625,9.625,28200
1988-10-17 16:00:00-04:00,0.0,9.75,9.625,9.625,18400
1988-10-18 16:00:00-04:00,0.0,9.75,9.625,9.75,36800
1988-10-19 16:00:00-04:00,0.0,9.875,9.625,9.625,34700
1988-10-20 16:00:00-04:00,0.0,9.75,9.625,9.625,14900
1988-10-21 16:00:00-04:00,0.0,9.75,9.625,9.625,18100
1988-10-24 16:00:00-04:00,0.0,9.75,9.625,9.75,12300
1988-10-25 16:00:00-04:00,0.0,9.75,9.625,9.75,20400
1988-10-26 16:00:00-04:00,0.0,9.75,9.625,9.625,18700
1988-10-27 16:00:00-04:00,0.0,9.75,9.625,9.75,28600
1988-10-28 16:00:00-04:00,0.0,9.75,9.625,9.625,19700
1988-10-31 16:00:00-05:00,0.0,9.875,9.625,9.875,25000
1988-11-01 16:00:00-05:00,0.0,9.875,9.75,9.75,25000
1988-11-02 16:00:00-05:00,0.0,9.875,9.75,9.875,15800
1988-11-03 16:00:00-05:00,0.0,9.875,9.75,9.75,21600
1988-11-04 16:00:00-05:00,0.0,9.875,9.75,9.875,29800
1988-11-07 16:00:00-05:00,0.0,9.75,9.625,9.75,40700
1988-11-08 16:00:00-05:00,0.0,9.75,9.625,9.75,20900
1988-11-09 16:00:00-05:00,0.0,9.875,9.625,9.75,29400
1988-11-10 16:00:00-05:00,0.0,9.875,9.75,9.875,18400
1988-11-11 16:00:00-05:00,0.0,9.875,9.75,9.875,22800
1988-11-14 16:00:00-05:00,0.0,9.875,9.75,9.875,24900
1988-11-15 16:00:00-05:00,0.0,9.875,9.625,9.625,34800
1988-11-16 16:00:00-05:00,0.0,9.75,9.625,9.625,51300
1988-11-17 16:00:00-05:00,0.0,9.75,9.625,9.75,33900
1988-11-18 16:00:00-05:00,0.0,9.75,9.625,9.75,26700
1988-11-21 16:00:00-05:00,0.0,9.75,9.625,9.625,24200
1988-11-22 16:00:00-05:00,0.0,9.75,9.625,9.75,28400
1988-11-23 16:00:00-05:00,0.0,9.875,9.625,9.75,12100
1988-11-25 16:00:00-05:00,0.0,9.875,9.75,9.875,2700
1988-11-28 16:00:00-05:00,0.0,9.875,9.75,9.875,22200
1988-11-29 16:00:00-05:00,0.0,9.875,9.75,9.875,26500
1988-11-30 16:00:00-05:00,0.0,9.875,9.75,9.875,22600
1988-12-01 16:00:00-05:00,0.0,9.875,9.75,9.75,11200
1988-12-02 16:00:00-05:00,0.0,9.875,9.75,9.875,38500
1988-12-05 16:00:00-05:00,0.0,9.875,9.625,9.75,46400
1988-12-06 16:00:00-05:00,0.0,9.875,9.75,9.875,27400
1988-12-07 16:00:00-05:00,0.0,9.875,9.75,9.75,19500
1988-12-08 16:00:00-05:00,0.0,9.75,9.625,9.625,65100
1988-12-09 16:00:00-05:00,0.0,9.75,9.625,9.625,30900
1988-12-12 16:00:00-05:00,0.0,9.75,9.625,9.75,30600
1988-12-13 16:00:00-05:00,0.0,9.75,9.5,9.75,40300
1988-12-14 16:00:00-05:00,0.0,9.75,9.625,9.75,34500
1988-12-15 16:00:00-05:00,0.0,9.75,9.625,9.75,56900
1988-12-16 16:00:00-05:00,0.0,9.75,9.625,9.75,25500
1988-12-19 16:00:00-05:00,0.0,9.75,9.625,9.75,29600
1988-12-20 16:00:00-05:00,0.0,9.875,9.625,9.75,31800
1988-12-21 16:00:00-05:00,0.0,9.75,9.625,9.75,41200
1988-12-22 16:00:00-05:00,0.0,9.875,9.5,9.625,70600
1988-12-23 16:00:00-05:00,0.0,9.75,9.5,9.625,16800
1988-12-27 16:00:00-05:00,0.0,9.75,9.625,9.75,24600
1988-12-28 16:00:00-05:00,0.0,9.75,9.625,9.75,33100
1988-12-29 16:00:00-05:00,0.0,9.75,9.625,9.75,26300
1988-12-30 16:00:00-05:00,0.0,9.75,9.625,9.75,51200
1989-01-03 16:00:00-05:00,0.0,9.75,9.625,9.75,18500
1989-01-04 16:00:00-05:00,0.0,9.75,9.625,9.75,30500
1989-01-05 16:00:00-05:00,0.0,9.875,9.625,9.875,37500
1989-01-06 16:00:00-05:00,0.0,9.875,9.75,9.875,26100
1989-01-09 16:00:00-05:00,0.0,9.875,9.75,9.875,70300
1989-01-10 16:00:00-05:00,0.0,9.875,9.625,9.875,26400
1989-01-11 16:00:00-05:00,0.0,9.875,9.75,9.875,10800
1989-01-12 16:00:00-05:00,0.0,9.875,9.75,9.875,29300
1989-01-13 16:00:00-05:00,0.0,9.875,9.75,9.875,41000
1989-01-16 16:00:00-05:00,0.0,9.875,9.75,9.875,9700
1989-01-17 16:00:00-05:00,0.0,9.875,9.75,9.875,60300
1989-01-18 16:00:00-05:00,0.0,9.875,9.75,9.75,25100
1989-01-19 16:00:00-05:00,0.0,9.875,9.75,9.75,28300
1989-01-20 16:00:00-05:00,0.0,9.875,9.75,9.875,42400
1989-01-23 16:00:00-05:00,0.0,9.875,9.75,9.75,33100
1989-01-24 16:00:00-05:00,0.0,9.875,9.75,9.75,55000
1989-01-25 16:00:00-05:00,0.0,10.0,9.875,10.0,20900
1989-01-26 16:00:00-05:00,0.0,10.0,9.875,10.0,26600
1989-01-27 16:00:00-05:00,0.0,10.0,9.875,10.0,35500
1989-01-30 16:00:00-05:00,0.0,10.0,9.875,10.0,24400
1989-01-31 16:00:00-05:00,0.0,10.0,9.875,10.0,17800
1989-02-01 16:00:00-05:00,0.0,10.0,9.875,9.875,31200
1989-02-02 16:00:00-05:00,0.0,10.0,9.875,10.0,22200
1989-02-03 16:00:00-05:00,0.0,10.0,9.875,10.0,22200
1989-02-06 16:00:00-05:00,0.0,10.0,9.875,9.875,23200
1989-02-07 16:00:00-05:00,0.0,10.0,9.875,9.875,30400
1989-02-08 16:00:00-05:00,0.0,10.0,9.875,10.0,38600
1989-02-09 16:00:00-05:00,0.0,10.0,9.875,9.875,30300
1989-02-10 16:00:00-05:00,0.0,10.0,9.75,9.75,14600
1989-02-13 16:00:00-05:00,0.0,9.875,9.625,9.75,107600
1989-02-14 16:00:00-05:00,0.0,9.875,9.625,9.75,39200
1989-02-15 16:00:00-05:00,0.0,9.875,9.75,9.75,29100
1989-02-16 16:00:00-05:00,0.0,9.875,9.625,9.625,36900
1989-02-17 16:00:00-05:00,0.0,9.875,9.625,9.75,54300
1989-02-21 16:00:00-05:00,0.0,9.875,9.75,9.875,37600
1989-02-22 16:00:00-05:00,0.0,9.875,9.75,9.875,20600
1989-02-23 16:00:00-05:00,0.0,9.875,9.75,9.875,21200
1989-02-24 16:00:00-05:00,0.0,9.875,9.625,9.75,68000
1989-02-27 16:00:00-05:00,0.0,9.75,9.625,9.625,28400
1989-02-28 16:00:00-05:00,0.0,9.875,9.75,9.875,33600
1989-03-01 16:00:00-05:00,0.0,9.875,9.75,9.875,25500
1989-03-02 16:00:00-05:00,0.0,9.875,9.75,9.75,36600
1989-03-03 16:00:00-05:00,0.0,9.875,9.75,9.875,22400
1989-03-06 16:00:00-05:00,0.0,9.875,9.75,9.875,51200
1989-03-07 16:00:00-05:00,0.0,9.875,9.75,9.875,40100
1989-03-08 16:00:00-05:00,0.0,9.875,9.75,9.875,32900
1989-03-09 16:00:00-05:00,0.0,9.875,9.75,9.75,19400
1989-03-10 16:00:00-05:00,0.0,9.875,9.75,9.75,23900
1989-03-13 16:00:00-05:00,0.0,9.875,9.75,9.875,31000
1989-03-14 16:00:00-05:00,0.0,9.875,9.75,9.875,12400
1989-03-15 16:00:00-05:00,0.0,9.875,9.75,9.75,37800
1989-03-16 16:00:00-05:00,0.0,9.875,9.75,9.875,28300
1989-03-17 16:00:00-05:00,0.0,9.875,9.75,9.875,23200
1989-03-20 16:00:00-05:00,0.0,9.875,9.75,9.75,32900
1989-03-21 16:00:00-05:00,0.0,9.875,9.75,9.875,30000
1989-03-22 16:00:00-05:00,0.0,9.875,9.75,9.75,45400
1989-03-23 16:00:00-05:00,0.0,9.875,9.75,9.875,28700
1989-03-27 16:00:00-05:00,0.0,9.875,9.75,9.875,20900
1989-03-28 16:00:00-05:00,0.0,9.75,9.625,9.625,80000
1989-03-29 16:00:00-05:00,0.0,9.75,9.5,9.5,20500
1989-03-30 16:00:00-05:00,0.0,9.625,9.5,9.5,19500
1989-03-31 16:00:00-05:00,0.0,9.625,9.5,9.5,53800
1989-04-03 16:00:00-04:00,0.0,9.75,9.5,9.625,9200
1989-04-04 16:00:00-04:00,0.0,9.75,9.625,9.75,20200
1989-04-05 16:00:00-04:00,0.0,9.75,9.625,9.75,39000
1989-04-06 16:00:00-04:00,0.0,9.75,9.625,9.625,22800
1989-04-07 16:00:00-04:00,0.0,9.875,9.625,9.625,19900
1989-04-10 16:00:00-04:00,0.0,9.75,9.5,9.625,18300
1989-04-11 16:00:00-04:00,0.0,9.75,9.625,9.75,35700
1989-04-12 16:00:00-04:00,0.0,9.875,9.625,9.875,39900
1989-04-13 16:00:00-04:00,0.0,9.875,9.75,9.75,8600
1989-04-14 16:00:00-04:00,0.0,9.75,9.625,9.625,20700
1989-04-17 16:00:00-04:00,0.0,9.875,9.625,9.75,39100
1989-04-18 16:00:00-04:00,0.0,9.875,9.625,9.875,49400
1989-04-19 16:00:00-04:00,0.0,9.875,9.75,9.75,31600
1989-04-20 16:00:00-04:00,0.0,9.875,9.75,9.875,46500
1989-04-21 16:00:00-04:00,0.0,9.875,9.75,9.75,37000
1989-04-24 16:00:00-04:00,0.0,9.875,9.75,9.75,26100
1989-04-25 16:00:00-04:00,0.0,9.875,9.75,9.875,30900
1989-04-26 16:00:00-04:00,0.0,9.875,9.75,9.75,37800
1989-04-27 16:00:00-04:00,0.0,9.875,9.75,9.875,50700
1989-04-28 16:00:00-04:00,0.0,9.875,9.75,9.75,37600
1989-05-01 16:00:00-04:00,0.0,9.875,9.75,9.875,39200
1989-05-02 16:00:00-04:00,0.0,9.875,9.75,9.875,37500
1989-05-03 16:00:00-04:00,0.0,9.875,9.75,9.875,23600
1989-05-04 16:00:00-04:00,0.0,9.875,9.75,9.875,19200
1989-05-05 16:00:00-04:00,0.0,9.875,9.75,9.875,30700
1989-05-08 16:00:00-04:00,0.0,9.875,9.75,9.875,24600
1989-05-09 16:00:00-04:00,0.0,9.875,9.75,9.875,43200
1989-05-10 16:00:00-04:00,0.0,10.0,9.75,9.75,43600
1989-05-11 16:00:00-04:00,0.0,10.0,9.75,9.875,20600
1989-05-12 16:00:00-04:00,0.0,10.0,9.75,9.875,16800
1989-05-15 16:00:00-04:00,0.0,10.0,9.875,9.875,40900
1989-05-16 16:00:00-04:00,0.0,10.0,9.875,9.875,32100
1989-05-17 16:00:00-04:00,0.0,10.0,9.875,10.0,53200
1989-05-18 16:00:00-04:00,0.0,10.0,9.875,10.0,40400
1989-05-19 16:00:00-04:00,0.0,10.0,9.875,10.0,21700
1989-05-22 16:00:00-04:00,0.0,10.0,9.875,9.875,26600
1989-05-23 16:00:00-04:00,0.0,10.0,9.875,10.0,51300
1989-05-24 16:00:00-04:00,0.0,10.0,9.875,10.0,21100
1989-05-25 16:00:00-04:00,0.0,10.125,9.875,10.0,67200
1989-05-26 16:00:00-04:00,0.0,10.125,10.0,10.0,11700
1989-05-30 16:00:00-04:00,0.0,10.125,9.875,10.0,23300
1989-05-31 16:00:00-04:00,0.0,10.0,9.875,9.875,19500
1989-06-01 16:00:00-04:00,0.0,10.0,9.875,9.875,16200
1989-06-02 16:00:00-04:00,0.0,10.0,9.875,10.0,38000
1989-06-05 16:00:00-04:00,0.0,10.125,9.875,10.125,28900
1989-06-06 16:00:00-04:00,0.0,10.0,9.875,10.0,36800
1989-06-07 16:00:00-04:00,0.0,10.125,9.875,10.125,24400
1989-06-08 16:00:00-04:00,0.0,10.125,10.0,10.125,34200
1989-06-09 16:00:00-04:00,0.0,10.125,10.0,10.0,42700
1989-06-12 16:00:00-04:00,0.0,10.125,10.0,10.0,28500
1989-06-13 16:00:00-04:00,0.0,10.125,10.0,10.0,26400
1989-06-14 16:00:00-04:00,0.0,10.125,10.0,10.0,14400
1989-06-15 16:00:00-04:00,0.0,10.125,10.0,10.0,34400
1989-06-16 16:00:00-04:00,0.0,10.125,9.875,9.875,64800
1989-06-19 16:00:00-04:00,0.0,10.0,9.875,10.0,24300
1989-06-20 16:00:00-04:00,0.0,10.0,9.875,9.875,41900
1989-06-21 16:00:00-04:00,0.0,10.0,9.875,10.0,33300
1989-06-22 16:00:00-04:00,0.0,10.0,9.875,9.875,41800
1989-06-23 16:00:00-04:00,0.0,10.125,9.875,10.0,41800
1989-06-26 16:00:00-04:00,0.0,10.125,9.875,10.0,24000
1989-06-27 16:00:00-04:00,0.0,10.125,10.0,10.125,28000
1989-06-28 16:00:00-04:00,0.0,10.125,10.0,10.0,21300
1989-06-29 16:00:00-04:00,0.0,10.125,10.0,10.125,25700
1989-06-30 16:00:00-04:00,0.0,10.25,10.0,10.25,59900
1989-07-03 16:00:00-04:00,0.0,10.25,10.125,10.25,17500
1989-07-05 16:00:00-04:00,0.0,10.25,10.125,10.25,39900
1989-07-06 16:00:00-04:00,0.0,10.25,10.125,10.125,48000
1989-07-07 16:00:00-04:00,0.0,10.25,10.0,10.125,50000
1989-07-10 16:00:00-04:00,0.0,10.25,10.125,10.25,35800
1989-07-11 16:00:00-04:00,0.0,10.25,10.0,10.125,30600
1989-07-12 16:00:00-04:00,0.0,10.25,10.125,10.25,38000
1989-07-13 16:00:00-04:00,0.0,10.25,10.0,10.125,33000
1989-07-14 16:00:00-04:00,0.0,10.125,10.0,10.0,26600
1989-07-17 16:00:00-04:00,0.0,10.125,10.0,10.125,29800
1989-07-18 16:00:00-04:00,0.0,10.125,10.0,10.0,25800
1989-07-19 16:00:00-04:00,0.0,10.125,10.0,10.0,39000
1989-07-20 16:00:00-04:00,0.0,10.125,10.0,10.125,42000
1989-07-21 16:00:00-04:00,0.0,10.25,10.0,10.25,62200
1989-07-24 16:00:00-04:00,0.0,10.25,10.0,10.0,30800
1989-07-25 16:00:00-04:00,0.0,10.125,10.0,10.0,33700
1989-07-26 16:00:00-04:00,0.0,10.125,10.0,10.125,31000
1989-07-27 16:00:00-04:00,0.0,10.125,10.0,10.125,12100
1989-07-28 16:00:00-04:00,0.0,10.25,10.0,10.125,18400
1989-07-31 16:00:00-04:00,0.0,10.25,10.125,10.125,27600
1989-08-01 16:00:00-04:00,0.0,10.25,10.125,10.125,38200
1989-08-02 16:00:00-04:00,0.0,10.25,10.125,10.25,46600
1989-08-03 16:00:00-04:00,0.0,10.375,10.25,10.375,32400
1989-08-04 16:00:00-04:00,0.0,10.375,10.25,10.25,29600
1989-08-07 16:00:00-04:00,0.0,10.375,10.25,10.375,26300
1989-08-08 16:00:00-04:00,0.0,10.375,10.25,10.375,25700
1989-08-09 16:00:00-04:00,0.0,10.5,10.375,10.375,26500
1989-08-10 16:00:00-04:00,0.0,10.5,10.25,10.5,15600
1989-08-11 16:00:00-04:00,0.0,10.5,10.375,10.5,17600
1989-08-14 16:00:00-04:00,0.0,10.375,10.25,10.375,48800
1989-08-15 16:00:00-04:00,0.0,10.25,10.125,10.25,37400
1989-08-16 16:00:00-04:00,0.0,10.25,10.125,10.25,22400
1989-08-17 16:00:00-04:00,0.0,10.25,10.125,10.25,42500
1989-08-18 16:00:00-04:00,0.0,10.25,10.125,10.25,19800
1989-08-21 16:00:00-04:00,0.0,10.25,10.125,10.25,9600
1989-08-22 16:00:00-04:00,0.0,10.25,10.125,10.125,48100
1989-08-23 16:00:00-04:00,0.0,10.25,10.0,10.125,45700
1989-08-24 16:00:00-04:00,0.0,10.125,10.0,10.0,18200
1989-08-25 16:00:00-04:00,0.0,10.125,10.0,10.0,22400
1989-08-28 16:00:00-04:00,0.0,10.125,10.0,10.0,25600
1989-08-29 16:00:00-04:00,0.0,10.125,10.0,10.0,24700
1989-08-30 16:00:00-04:00,0.0,10.125,10.0,10.0,26900
1989-08-31 16:00:00-04:00,0.0,10.125,10.0,10.125,29900
1989-09-01 16:00:00-04:00,0.0,10.125,10.0,10.125,16900
1989-09-05 16:00:00-04:00,0.0,10.125,10.0,10.125,29600
1989-09-06 16:00:00-04:00,0.0,10.25,10.0,10.25,62500
1989-09-07 16:00:00-04:00,0.0,10.25,10.0,10.125,20300
1989-09-08 16:00:00-04:00,0.0,10.25,10.0,10.25,22800
1989-09-11 16:00:00-04:00,0.0,10.25,10.125,10.25,17500
1989-09-12 16:00:00-04:00,0.0,10.25,10.125,10.25,42300
1989-09-13 16:00:00-04:00,0.0,10.25,10.125,10.25,24600
1989-09-14 16:00:00-04:00,0.0,10.25,10.125,10.125,40800
1989-09-15 16:00:00-04:00,0.0,10.25,10.125,10.25,29300
1989-09-18 16:00:00-04:00,0.0,10.25,10.125,10.125,52000
1989-09-19 16:00:00-04:00,0.0,10.25,10.125,10.125,15400
1989-09-20 16:00:00-04:00,0.0,10.25,10.125,10.25,38600
1989-09-21 16:00:00-04:00,0.0,10.25,10.125,10.125,26400
1989-09-22 16:00:00-04:00,0.0,10.25,10.0,10.0,25500
1989-09-25 16:00:00-04:00,0.0,10.125,10.0,10.0,31700
1989-09-26 16:00:00-04:00,0.0,10.125,10.0,10.0,35700
1989-09-27 16:00:00-04:00,0.0,10.125,10.0,10.125,17800
1989-09-28 16:00:00-04:00,0.0,10.125,10.0,10.0,19800
1989-09-29 16:00:00-04:00,0.0,10.125,10.0,10.125,14000
1989-10-02 16:00:00-04:00,0.0,10.125,10.0,10.125,7000
1989-10-03 16:00:00-04:00,0.0,10.125,10.0,10.0,14200
1989-10-04 16:00:00-04:00,0.0,10.125,10.0,10.0,10500
1989-10-05 16:00:00-04:00,0.0,10.125,10.0,10.125,15800
1989-10-06 16:00:00-04:00,0.0,10.125,10.0,10.125,33700
1989-10-09 16:00:00-04:00,0.0,10.125,10.0,10.125,40300
1989-10-10 16:00:00-04:00,0.0,10.125,10.0,10.0,18700
1989-10-11 16:00:00-04:00,0.0,10.125,9.875,10.125,20600
1989-10-12 16:00:00-04:00,0.0,10.0,9.875,9.875,8400
1989-10-13 16:00:00-04:00,0.0,10.0,9.875,9.875,30700
1989-10-16 16:00:00-04:00,0.0,10.0,9.625,9.625,29000
1989-10-17 16:00:00-04:00,0.0,9.875,9.75,9.875,23400
1989-10-18 16:00:00-04:00,0.0,9.875,9.75,9.875,8000
1989-10-19 16:00:00-04:00,0.0,9.875,9.75,9.875,18200
1989-10-20 16:00:00-04:00,0.0,10.0,9.75,9.875,22200
1989-10-23 16:00:00-04:00,0.0,10.0,9.75,9.75,25200
1989-10-24 16:00:00-04:00,0.0,9.875,9.75,9.875,19000
1989-10-25 16:00:00-04:00,0.0,9.875,9.75,9.75,53500
1989-10-26 16:00:00-04:00,0.0,9.875,9.75,9.75,21300
1989-10-27 16:00:00-04:00,0.0,9.875,9.75,9.875,15900
1989-10-30 16:00:00-05:00,0.0,9.875,9.75,9.875,25600
1989-10-31 16:00:00-05:00,0.0,9.875,9.75,9.875,14400
1989-11-01 16:00:00-05:00,0.0,10.0,9.875,9.875,20800
1989-11-02 16:00:00-05:00,0.0,10.0,9.875,9.875,27900
1989-11-03 16:00:00-05:00,0.0,10.0,9.875,9.875,16500
1989-11-06 16:00:00-05:00,0.0,10.0,9.75,9.75,25200
1989-11-07 16:00:00-05:00,0.0,10.0,9.75,9.875,22300
1989-11-08 16:00:00-05:00,0.0,10.0,9.75,9.875,24600
1989-11-09 16:00:00-05:00,0.0,9.875,9.75,9.875,33700
1989-11-10 16:00:00-05:00,0.0,9.875,9.75,9.75,20700
1989-11-13 16:00:00-05:00,0.0,9.875,9.75,9.875,21100
1989-11-14 16:00:00-05:00,0.0,9.875,9.75,9.75,28400
1989-11-15 16:00:00-05:00,0.0,9.875,9.75,9.875,18300
1989-11-16 16:00:00-05:00,0.0,9.875,9.75,9.75,38200
1989-11-17 16:00:00-05:00,0.0,9.875,9.75,9.75,17900
1989-11-20 16:00:00-05:00,0.0,9.875,9.75,9.75,22500
1989-11-21 16:00:00-05:00,0.0,10.0,9.75,9.875,38600
1989-11-22 16:00:00-05:00,0.0,10.0,9.875,10.0,17600
1989-11-24 16:00:00-05:00,0.0,10.0,9.875,10.0,47200
1989-11-27 16:00:00-05:00,0.0,10.0,9.875,9.875,11100
1989-11-28 16:00:00-05:00,0.0,10.125,9.875,10.0,19600
1989-11-29 16:00:00-05:00,0.0,10.125,10.0,10.125,30100
1989-11-30 16:00:00-05:00,0.0,10.125,9.875,10.0,13500
1989-12-01 16:00:00-05:00,0.0,10.125,10.0,10.0,36100
1989-12-04 16:00:00-05:00,0.0,10.0,9.875,10.0,39400
1989-12-05 16:00:00-05:00,0.0,10.0,9.875,9.875,28400
1989-12-06 16:00:00-05:00,0.0,10.0,9.875,9.875,17200
1989-12-07 16:00:00-05:00,0.0,10.0,9.875,10.0,19100
1989-12-08 16:00:00-05:00,0.0,10.0,9.875,9.875,11500
1989-12-11 16:00:00-05:00,0.0,10.0,9.75,9.75,23000
1989-12-12 16:00:00-05:00,0.0,10.0,9.75,10.0,27900
1989-12-13 16:00:00-05:00,0.0,10.0,9.75,9.75,26600
1989-12-14 16:00:00-05:00,0.0,9.875,9.75,9.75,22800
1989-12-15 16:00:00-05:00,0.0,9.875,9.75,9.875,27300
1989-12-18 16:00:00-05:00,0.0,9.875,9.75,9.875,17800
1989-12-19 16:00:00-05:00,0.0,9.875,9.75,9.875,11900
1989-12-20 16:00:00-05:00,0.0,9.875,9.75,9.875,19700
1989-12-21 16:00:00-05:00,0.0,9.875,9.75,9.75,15600
1989-12-22 16:00:00-05:00,0.0,9.875,9.75,9.875,13900
1989-12-26 16:00:00-05:00,0.0,9.875,9.75,9.75,7400
1989-12-27 16:00:00-05:00,0.0,9.875,9.75,9.875,16600
1989-12-28 16:00:00-05:00,0.0,9.875,9.75,9.875,18000
1989-12-29 16:00:00-05:00,0.0,9.875,9.75,9.875,24600
1990-01-02 16:00:00-05:00,0.0,10.0,9.875,9.875,10000
1990-01-03 16:00:00-05:00,0.0,10.0,9.875,10.0,18400
1990-01-04 16:00:00-05:00,0.0,10.0,9.875,10.0,30800
1990-01-05 16:00:00-05:00,0.0,10.125,10.0,10.0,29100
1990-01-08 16:00:00-05:00,0.0,10.125,10.0,10.0,39300
1990-01-09 16:00:00-05:00,0.0,10.125,10.0,10.0,52100
1990-01-10 16:00:00-05:00,0.0,10.125,10.0,10.0,50100
1990-01-11 16:00:00-05:00,0.0,10.125,10.0,10.125,30600
1990-01-12 16:00:00-05:00,0.0,10.125,10.0,10.0,37900
1990-01-15 16:00:00-05:00,0.0,10.125,9.875,10.0,45900
1990-01-16 16:00:00-05:00,0.0,10.125,10.0,10.125,16600
1990-01-17 16:00:00-05:00,0.0,10.125,10.0,10.0,34800
1990-01-18 16:00:00-05:00,0.0,10.125,10.0,10.0,19900
1990-01-19 16:00:00-05:00,0.0,10.125,10.0,10.125,19800
1990-01-22 16:00:00-05:00,0.0,10.125,10.0,10.0,29800
1990-01-23 16:00:00-05:00,0.0,10.125,9.875,10.0,23600
1990-01-24 16:00:00-05:00,0.0,10.0,9.75,9.75,17400
1990-01-25 16:00:00-05:00,0.0,9.875,9.75,9.875,13300
1990-01-26 16:00:00-05:00,0.0,9.875,9.75,9.875,23400
1990-01-29 16:00:00-05:00,0.0,9.875,9.75,9.75,17800
1990-01-30 16:00:00-05:00,0.0,9.875,9.625,9.625,40500
1990-01-31 16:00:00-05:00,0.0,9.75,9.625,9.75,5900
1990-02-01 16:00:00-05:00,0.0,9.75,9.625,9.75,32000
1990-02-02 16:00:00-05:00,0.0,9.875,9.625,9.875,17800
1990-02-05 16:00:00-05:00,0.0,9.875,9.75,9.875,21500
1990-02-06 16:00:00-05:00,0.0,9.875,9.75,9.75,33500
1990-02-07 16:00:00-05:00,0.0,9.875,9.75,9.75,16700
1990-02-08 16:00:00-05:00,0.0,9.875,9.75,9.875,27500
1990-02-09 16:00:00-05:00,0.0,9.75,9.625,9.75,15800
1990-02-12 16:00:00-05:00,0.0,9.75,9.625,9.625,21500
1990-02-13 16:00:00-05:00,0.0,9.75,9.625,9.75,21700
1990-02-14 16:00:00-05:00,0.0,9.75,9.625,9.75,42400
1990-02-15 16:00:00-05:00,0.0,9.875,9.625,9.75,25700
1990-02-16 16:00:00-05:00,0.0,9.875,9.75,9.875,12800
1990-02-20 16:00:00-05:00,0.0,9.875,9.625,9.75,36000
1990-02-21 16:00:00-05:00,0.0,9.75,9.625,9.75,29600
1990-02-22 16:00:00-05:00,0.0,9.75,9.625,9.75,21600
1990-02-23 16:00:00-05:00,0.0,9.75,9.5,9.625,15200
1990-02-26 16:00:00-05:00,0.0,9.75,9.625,9.625,29700
1990-02-27 16:00:00-05:00,0.0,9.75,9.625,9.625,16200
1990-02-28 16:00:00-05:00,0.0,9.75,9.625,9.625,19500
1990-03-01 16:00:00-05:00,0.0,9.75,9.625,9.625,22000
1990-03-02 16:00:00-05:00,0.0,9.75,9.625,9.75,12900
1990-03-05 16:00:00-05:00,0.0,9.75,9.625,9.625,19200
1990-03-06 16:00:00-05:00,0.0,9.75,9.625,9.75,19700
1990-03-07 16:00:00-05:00,0.0,9.875,9.625,9.75,23600
1990-03-08 16:00:00-05:00,0.0,9.75,9.5,9.5,18800
1990-03-09 16:00:00-05:00,0.0,9.75,9.5,9.75,11400
1990-03-12 16:00:00-05:00,0.0,9.75,9.625,9.625,23300
1990-03-13 16:00:00-05:00,0.0,9.75,9.625,9.75,16700
1990-03-14 16:00:00-05:00,0.0,9.75,9.625,9.75,38500
1990-03-15 16:00:00-05:00,0.0,9.75,9.625,9.75,16500
1990-03-16 16:00:00-05:00,0.0,9.75,9.625,9.625,22100
1990-03-19 16:00:00-05:00,0.0,9.75,9.625,9.625,23600
1990-03-20 16:00:00-05:00,0.0,9.75,9.625,9.625,23300
1990-03-21 16:00:00-05:00,0.0,9.75,9.625,9.625,46500
1990-03-22 16:00:00-05:00,0.0,9.75,9.5,9.625,26100
1990-03-23 16:00:00-05:00,0.0,9.75,9.5,9.5,23200
1990-03-26 16:00:00-05:00,0.0,9.625,9.5,9.5,17100
1990-03-27 16:00:00-05:00,0.0,9.75,9.5,9.75,17000
1990-03-28 16:00:00-05:00,0.0,9.75,9.625,9.625,33200
1990-03-29 16:00:00-05:00,0.0,9.75,9.5,9.5,45600
1990-03-30 16:00:00-05:00,0.0,9.625,9.5,9.625,20200
1990-04-02 16:00:00-04:00,0.0,9.625,9.5,9.5,26300
1990-04-03 16:00:00-04:00,0.0,9.625,9.5,9.625,19500
1990-04-04 16:00:00-04:00,0.0,9.75,9.625,9.625,8100
1990-04-05 16:00:00-04:00,0.0,9.75,9.5,9.625,13900
1990-04-06 16:00:00-04:00,0.0,9.75,9.5,9.625,21500
1990-04-09 16:00:00-04:00,0.0,9.75,9.5,9.625,32000
1990-04-10 16:00:00-04:00,0.0,9.625,9.5,9.5,40800
1990-04-11 16:00:00-04:00,0.0,9.625,9.5,9.5,13100
1990-04-12 16:00:00-04:00,0.0,9.625,9.5,9.5,19700
1990-04-16 16:00:00-04:00,0.0,9.625,9.5,9.625,26000
1990-04-17 16:00:00-04:00,0.0,9.625,9.5,9.5,26100
1990-04-18 16:00:00-04:00,0.0,9.625,9.5,9.625,30400
1990-04-19 16:00:00-04:00,0.0,9.625,9.5,9.625,35800
1990-04-20 16:00:00-04:00,0.0,9.625,9.5,9.625,29900
1990-04-23 16:00:00-04:00,0.0,9.75,9.5,9.5,34300
1990-04-24 16:00:00-04:00,0.0,9.625,9.5,9.5,70400
1990-04-25 16:00:00-04:00,0.0,9.625,9.5,9.625,48300
1990-04-26 16:00:00-04:00,0.0,9.625,9.5,9.625,32900
1990-04-27 16:00:00-04:00,0.0,9.625,9.5,9.5,37000
1990-04-30 16:00:00-04:00,0.0,9.625,9.5,9.5,10900
1990-05-01 16:00:00-04:00,0.0,9.625,9.5,9.5,23800
1990-05-02 16:00:00-04:00,0.0,9.625,9.5,9.625,16400
1990-05-03 16:00:00-04:00,0.0,9.625,9.5,9.5,8400
1990-05-04 16:00:00-04:00,0.0,9.625,9.5,9.625,42000
1990-05-07 16:00:00-04:00,0.0,9.625,9.5,9.625,48900
1990-05-08 16:00:00-04:00,0.0,9.5,9.375,9.375,10600
1990-05-09 16:00:00-04:00,0.0,9.625,9.375,9.625,34000
1990-05-10 16:00:00-04:00,0.0,9.625,9.5,9.5,13200
1990-05-11 16:00:00-04:00,0.0,9.625,9.5,9.5,10000
1990-05-14 16:00:00-04:00,0.0,9.625,9.5,9.5,46300
1990-05-15 16:00:00-04:00,0.0,9.625,9.5,9.5,43900
1990-05-16 16:00:00-04:00,0.0,9.5,9.375,9.5,74100
1990-05-17 16:00:00-04:00,0.0,9.5,9.375,9.375,50200
1990-05-18 16:00:00-04:00,0.0,9.5,9.25,9.375,41800
1990-05-21 16:00:00-04:00,0.0,9.375,9.25,9.25,54500
1990-05-22 16:00:00-04:00,0.0,9.375,9.25,9.25,23400
1990-05-23 16:00:00-04:00,0.0,9.5,9.25,9.5,46000
1990-05-24 16:00:00-04:00,0.0,9.5,9.375,9.375,14800
1990-05-25 16:00:00-04:00,0.0,9.5,9.375,9.5,27000
1990-05-29 16:00:00-04:00,0.0,9.625,9.375,9.5,34900
1990-05-30 16:00:00-04:00,0.0,9.625,9.5,9.5,27300
1990-05-31 16:00:00-04:00,0.0,9.625,9.5,9.5,21700
1990-06-01 16:00:00-04:00,0.0,9.625,9.5,9.5,27700
1990-06-04 16:00:00-04:00,0.0,9.625,9.5,9.5,35100
1990-06-05 16:00:00-04:00,0.0,9.625,9.5,9.5,22700
1990-06-06 16:00:00-04:00,0.0,9.625,9.5,9.625,25000
1990-06-07 16:00:00-04:00,0.0,9.625,9.5,9.5,24100
1990-06-08 16:00:00-04:00,0.0,9.5,9.375,9.375,44900
1990-06-11 16:00:00-04:00,0.0,9.625,9.375,9.5,22900
1990-06-12 16:00:00-04:00,0.0,9.5,9.375,9.5,23100
1990-06-13 16:00:00-04:00,0.0,9.5,9.375,9.5,19700
1990-06-14 16:00:00-04:00,0.0,9.5,9.375,9.375,29100
1990-06-15 16:00:00-04:00,0.0,9.5,9.375,9.375,23700
1990-06-18 16:00:00-04:00,0.0,9.5,9.375,9.375,22700
1990-06-19 16:00:00-04:00,0.0,9.5,9.375,9.375,51700
1990-06-20 16:00:00-04:00,0.0,9.5,9.375,9.5,27200
1990-06-21 16:00:00-04:00,0.0,9.5,9.375,9.5,40200
1990-06-22 16:00:00-04:00,0.0,9.5,9.375,9.5,21500
1990-06-25 16:00:00-04:00,0.0,9.375,9.25,9.375,30300
1990-06-26 16:00:00-04:00,0.0,9.375,9.25,9.375,23000
1990-06-27 16:00:00-04:00,0.0,9.375,9.25,9.25,5200
1990-06-28 16:00:00-04:00,0.0,9.375,9.25,9.25,14700
1990-06-29 16:00:00-04:00,0.0,9.5,9.25,9.5,36900
1990-07-02 16:00:00-04:00,0.0,9.5,9.375,9.375,12600
1990-07-03 16:00:00-04:00,0.0,9.5,9.375,9.5,46000
1990-07-05 16:00:00-04:00,0.0,9.5,9.375,9.5,9400
1990-07-06 16:00:00-04:00,0.0,9.625,9.375,9.625,28300
1990-07-09 16:00:00-04:00,0.0,9.625,9.5,9.5,13500
1990-07-10 16:00:00-04:00,0.0,9.5,9.375,9.375,16700
1990-07-11 16:00:00-04:00,0.0,9.5,9.375,9.375,41700
1990-07-12 16:00:00-04:00,0.0,9.5,9.375,9.375,29700
1990-07-13 16:00:00-04:00,0.0,9.5,9.375,9.375,20700
1990-07-16 16:00:00-04:00,0.0,9.5,9.375,9.375,27600
1990-07-17 16:00:00-04:00,0.0,9.625,9.375,9.5,32300
1990-07-18 16:00:00-04:00,0.0,9.625,9.375,9.375,22000
1990-07-19 16:00:00-04:00,0.0,9.625,9.375,9.5,39600
1990-07-20 16:00:00-04:00,0.0,9.5,9.375,9.375,40000
1990-07-23 16:00:00-04:00,0.0,9.5,9.375,9.375,18600
1990-07-24 16:00:00-04:00,0.0,9.5,9.375,9.5,49000
1990-07-25 16:00:00-04:00,0.0,9.5,9.375,9.375,31900
1990-07-26 16:00:00-04:00,0.0,9.5,9.375,9.5,23200
1990-07-27 16:00:00-04:00,0.0,9.5,9.375,9.375,14300
1990-07-30 16:00:00-04:00,0.0,9.625,9.375,9.625,38800
1990-07-31 16:00:00-04:00,0.0,9.625,9.5,9.625,36400
1990-08-01 16:00:00-04:00,0.0,9.625,9.5,9.5,15700
1990-08-02 16:00:00-04:00,0.0,9.625,9.5,9.625,35700
1990-08-03 16:00:00-04:00,0.0,9.625,9.5,9.5,14100
1990-08-06 16:00:00-04:00,0.0,9.625,9.5,9.625,6100
1990-08-07 16:00:00-04:00,0.0,9.625,9.5,9.5,31100
1990-08-08 16:00:00-04:00,0.0,9.5,9.375,9.375,10800
1990-08-09 16:00:00-04:00,0.0,9.5,9.375,9.5,19200
1990-08-10 16:00:00-04:00,0.0,9.5,9.375,9.5,39900
1990-08-13 16:00:00-04:00,0.0,9.5,9.375,9.375,20600
1990-08-14 16:00:00-04:00,0.0,9.375,9.25,9.25,9600
1990-08-15 16:00:00-04:00,0.0,9.375,9.25,9.25,41100
1990-08-16 16:00:00-04:00,0.0,9.375,9.25,9.375,22800
1990-08-17 16:00:00-04:00,0.0,9.375,9.25,9.375,26500
1990-08-20 16:00:00-04:00,0.0,9.375,9.25,9.25,25800
1990-08-21 16:00:00-04:00,0.0,9.375,9.25,9.375,30200
1990-08-22 16:00:00-04:00,0.0,9.375,9.25,9.25,19200
1990-08-23 16:00:00-04:00,0.0,9.375,9.25,9.375,34300
1990-08-24 16:00:00-04:00,0.0,9.25,9.125,9.25,19700
1990-08-27 16:00:00-04:00,0.0,9.25,9.0,9.25,22700
1990-08-28 16:00:00-04:00,0.0,9.25,9.0,9.125,18400
1990-08-29 16:00:00-04:00,0.0,9.125,9.0,9.125,18800
1990-08-30 16:00:00-04:00,0.0,9.125,9.0,9.0,32100
1990-08-31 16:00:00-04:00,0.0,9.25,9.125,9.25,22300
1990-09-04 16:00:00-04:00,0.0,9.25,9.125,9.25,15000
1990-09-05 16:00:00-04:00,0.0,9.25,9.125,9.25,18100
1990-09-06 16:00:00-04:00,0.0,9.25,9.125,9.125,24400
1990-09-07 16:00:00-04:00,0.0,9.25,9.125,9.125,20500
1990-09-10 16:00:00-04:00,0.0,9.25,9.125,9.125,22600
1990-09-11 16:00:00-04:00,0.0,9.125,9.0,9.0,44200
1990-09-12 16:00:00-04:00,0.0,9.25,9.125,9.25,13100
1990-09-13 16:00:00-04:00,0.0,9.25,9.125,9.25,34100
1990-09-14 16:00:00-04:00,0.0,9.125,9.0,9.125,18900
1990-09-17 16:00:00-04:00,0.0,9.125,8.75,8.875,128300
1990-09-18 16:00:00-04:00,0.0,9.0,8.75,8.875,51900
1990-09-19 16:00:00-04:00,0.0,8.875,8.625,8.75,44300
1990-09-20 16:00:00-04:00,0.0,8.625,8.375,8.375,85500
1990-09-21 16:00:00-04:00,0.0,8.375,8.0,8.25,94700
1990-09-24 16:00:00-04:00,0.0,8.25,8.0,8.125,70100
1990-09-25 16:00:00-04:00,0.0,8.25,8.0,8.25,96100
1990-09-26 16:00:00-04:00,0.0,8.5,8.25,8.375,56400
1990-09-27 16:00:00-04:00,0.0,8.5,8.375,8.375,43600
1990-09-28 16:00:00-04:00,0.0,8.625,8.375,8.625,47000
1990-10-01 16:00:00-04:00,0.0,8.75,8.5,8.75,35900
1990-10-02 16:00:00-04:00,0.0,8.75,8.625,8.75,17800
1990-10-03 16:00:00-04:00,0.0,8.75,8.625,8.75,28300
1990-10-04 16:00:00-04:00,0.0,8.75,8.625,8.75,28900
1990-10-05 16:00:00-04:00,0.0,8.75,8.625,8.625,20600
1990-10-08 16:00:00-04:00,0.0,8.875,8.625,8.75,39800
1990-10-09 16:00:00-04:00,0.0,8.75,8.625,8.625,16300
1990-10-10 16:00:00-04:00,0.0,8.625,8.5,8.5,43000
1990-10-11 16:00:00-04:00,0.0,8.625,8.5,8.5,12800
1990-10-12 16:00:00-04:00,0.0,8.625,8.5,8.625,13400
1990-10-15 16:00:00-04:00,0.0,8.75,8.5,8.75,47200
1990-10-16 16:00:00-04:00,0.0,8.75,8.625,8.625,16100
1990-10-17 16:00:00-04:00,0.0,8.75,8.625,8.75,10200
1990-10-18 16:00:00-04:00,0.0,8.75,8.625,8.625,40100
1990-10-19 16:00:00-04:00,0.0,8.75,8.625,8.75,34300
1990-10-22 16:00:00-04:00,0.0,8.75,8.625,8.75,21400
1990-10-23 16:00:00-04:00,0.0,8.75,8.5,8.75,33900
1990-10-24 16:00:00-04:00,0.0,8.625,8.375,8.5,50100
1990-10-25 16:00:00-04:00,0.0,8.625,8.5,8.625,19300
1990-10-26 16:00:00-04:00,0.0,8.625,8.5,8.5,28800
1990-10-29 16:00:00-05:00,0.0,8.625,8.375,8.5,13000
1990-10-30 16:00:00-05:00,0.0,8.5,8.375,8.375,20500
1990-10-31 16:00:00-05:00,0.0,8.5,8.375,8.375,30900
1990-11-01 16:00:00-05:00,0.0,8.5,8.375,8.375,18300
1990-11-02 16:00:00-05:00,0.0,8.375,8.25,8.375,66400
1990-11-05 16:00:00-05:00,0.0,8.375,8.25,8.375,40400
1990-11-06 16:00:00-05:00,0.0,8.375,8.25,8.25,47900
1990-11-07 16:00:00-05:00,0.0,8.375,8.25,8.25,48700
1990-11-08 16:00:00-05:00,0.0,8.375,8.25,8.25,50500
1990-11-09 16:00:00-05:00,0.0,8.375,8.25,8.25,32900
1990-11-12 16:00:00-05:00,0.0,8.5,8.25,8.375,73800
1990-11-13 16:00:00-05:00,0.0,8.5,8.375,8.375,50700
1990-11-14 16:00:00-05:00,0.0,8.5,8.375,8.375,53200
1990-11-15 16:00:00-05:00,0.0,8.5,8.375,8.375,58700
1990-11-16 16:00:00-05:00,0.0,8.625,8.375,8.625,38000
1990-11-19 16:00:00-05:00,0.0,8.625,8.5,8.625,68000
1990-11-20 16:00:00-05:00,0.0,8.75,8.625,8.625,46500
1990-11-21 16:00:00-05:00,0.0,8.625,8.5,8.625,32300
1990-11-23 16:00:00-05:00,0.0,8.75,8.625,8.75,10300
1990-11-26 16:00:00-05:00,0.0,8.75,8.625,8.75,48700
1990-11-27 16:00:00-05:00,0.0,8.75,8.625,8.75,12900
1990-11-28 16:00:00-05:00,0.0,8.875,8.625,8.875,82300
1990-11-29 16:00:00-05:00,0.0,8.75,8.625,8.75,14100
1990-11-30 16:00:00-05:00,0.0,8.75,8.625,8.75,26500
1990-12-03 16:00:00-05:00,0.0,8.875,8.75,8.875,44900
1990-12-04 16:00:00-05:00,0.0,8.875,8.75,8.875,41000
1990-12-05 16:00:00-05:00,0.0,8.875,8.75,8.875,15300
1990-12-06 16:00:00-05:00,0.0,9.0,8.75,8.875,49700
1990-12-07 16:00:00-05:00,0.0,8.875,8.75,8.875,38700
1990-12-10 16:00:00-05:00,0.0,8.875,8.625,8.75,67100
1990-12-11 16:00:00-05:00,0.0,8.75,8.5,8.625,57200
1990-12-12 16:00:00-05:00,0.0,8.75,8.5,8.625,85100
1990-12-13 16:00:00-05:00,0.0,8.625,8.5,8.625,47300
1990-12-14 16:00:00-05:00,0.0,8.625,8.5,8.625,34300
1990-12-17 16:00:00-05:00,0.0,8.625,8.5,8.625,44900
1990-12-18 16:00:00-05:00,0.0,8.625,8.375,8.5,47700
1990-12-19 16:00:00-05:00,0.0,8.5,8.375,8.5,27000
1990-12-20 16:00:00-05:00,0.0,8.5,8.375,8.5,39100
1990-12-21 16:00:00-05:00,0.0,8.5,8.375,8.5,59300
1990-12-24 16:00:00-05:00,0.0,8.5,8.375,8.375,8900
1990-12-26 16:00:00-05:00,0.0,8.5,8.375,8.5,14400
1990-12-27 16:00:00-05:00,0.0,8.5,8.375,8.5,45700
1990-12-28 16:00:00-05:00,0.0,8.5,8.25,8.375,85000
1990-12-31 16:00:00-05:00,0.0,8.375,8.0,8.25,87900
1991-01-02 16:00:00-05:00,0.0,8.5,8.25,8.375,23900
1991-01-03 16:00:00-05:00,0.0,8.5,8.375,8.375,15400
1991-01-04 16:00:00-05:00,0.0,8.5,8.375,8.5,28200
1991-01-07 16:00:00-05:00,0.0,8.5,8.375,8.5,37000
1991-01-08 16:00:00-05:00,0.0,8.5,8.375,8.5,39500
1991-01-09 16:00:00-05:00,0.0,8.5,8.375,8.5,33300
1991-01-10 16:00:00-05:00,0.0,8.5,8.25,8.375,37800
1991-01-11 16:00:00-05:00,0.0,8.5,8.25,8.25,20600
1991-01-14 16:00:00-05:00,0.0,8.375,8.25,8.375,48400
1991-01-15 16:00:00-05:00,0.0,8.375,8.25,8.375,29500
1991-01-16 16:00:00-05:00,0.0,8.375,8.25,8.375,36200
1991-01-17 16:00:00-05:00,0.0,8.5,8.25,8.375,33000
1991-01-18 16:00:00-05:00,0.0,8.5,8.375,8.375,23900
1991-01-21 16:00:00-05:00,0.0,8.5,8.375,8.5,26500
1991-01-22 16:00:00-05:00,0.0,8.5,8.375,8.5,16500
1991-01-23 16:00:00-05:00,0.0,8.5,8.375,8.5,32500
1991-01-24 16:00:00-05:00,0.0,8.625,8.5,8.625,30500
1991-01-25 16:00:00-05:00,0.0,8.625,8.5,8.5,20700
1991-01-28 16:00:00-05:00,0.0,8.75,8.5,8.625,28400
1991-01-29 16:00:00-05:00,0.0,8.625,8.5,8.5,21700
1991-01-30 16:00:00-05:00,0.0,8.75,8.5,8.625,37600
1991-01-31 16:00:00-05:00,0.0,8.875,8.625,8.875,50800
1991-02-01 16:00:00-05:00,0.0,8.875,8.75,8.75,29800
1991-02-04 16:00:00-05:00,0.0,8.875,8.75,8.75,16200
1991-02-05 16:00:00-05:00,0.0,9.0,8.75,9.0,34100
1991-02-06 16:00:00-05:00,0.0,9.125,8.875,9.0,44000
1991-02-07 16:00:00-05:00,0.0,9.125,8.875,9.125,25900
1991-02-08 16:00:00-05:00,0.0,9.25,9.0,9.125,45600
1991-02-11 16:00:00-05:00,0.0,9.25,9.0,9.0,44500
1991-02-12 16:00:00-05:00,0.0,9.125,9.0,9.125,39700
1991-02-13 16:00:00-05:00,0.0,9.25,9.125,9.25,25000
1991-02-14 16:00:00-05:00,0.0,9.25,9.125,9.125,14900
1991-02-15 16:00:00-05:00,0.0,9.25,9.125,9.25,31700
1991-02-19 16:00:00-05:00,0.0,9.375,9.125,9.375,47000
1991-02-20 16:00:00-05:00,0.0,9.375,9.125,9.25,41300
1991-02-21 16:00:00-05:00,0.0,9.375,9.25,9.375,24100
1991-02-22 16:00:00-05:00,0.0,9.375,9.25,9.25,17500
1991-02-25 16:00:00-05:00,0.0,9.375,9.25,9.25,34300
1991-02-26 16:00:00-05:00,0.0,9.375,9.125,9.25,48300
1991-02-27 16:00:00-05:00,0.0,9.25,9.125,9.25,23600
1991-02-28 16:00:00-05:00,0.0,9.25,9.125,9.25,19700
1991-03-01 16:00:00-05:00,0.0,9.25,9.125,9.125,15500
1991-03-04 16:00:00-05:00,0.0,9.25,8.875,9.0,79000
1991-03-05 16:00:00-05:00,0.0,9.0,8.875,8.875,57400
1991-03-06 16:00:00-05:00,0.0,9.0,8.875,8.875,16900
1991-03-07 16:00:00-05:00,0.0,9.0,8.875,9.0,12700
1991-03-08 16:00:00-05:00,0.0,9.125,9.0,9.125,29100
1991-03-11 16:00:00-05:00,0.0,9.375,9.0,9.125,32500
1991-03-12 16:00:00-05:00,0.0,9.125,9.0,9.0,27000
1991-03-13 16:00:00-05:00,0.0,9.125,9.0,9.125,44900
1991-03-14 16:00:00-05:00,0.0,9.125,9.0,9.0,21400
1991-03-15 16:00:00-05:00,0.0,9.0,9.0,9.0,51400
1991-03-18 16:00:00-05:00,0.0,9.125,8.875,9.125,33300
1991-03-19 16:00:00-05:00,0.0,9.125,9.0,9.0,27400
1991-03-20 16:00:00-05:00,0.0,9.125,9.0,9.125,22300
1991-03-21 16:00:00-05:00,0.0,9.125,8.875,8.875,40700
1991-03-22 16:00:00-05:00,0.0,9.0,8.875,8.875,18900
1991-03-25 16:00:00-05:00,0.0,9.0,8.875,9.0,19600
1991-03-26 16:00:00-05:00,0.0,9.0,8.875,9.0,35600
1991-03-27 16:00:00-05:00,0.0,9.0,8.875,9.0,15300
1991-03-28 16:00:00-05:00,0.0,9.0,8.875,9.0,11600
1991-04-01 16:00:00-05:00,0.0,9.0,8.875,9.0,26700
1991-04-02 16:00:00-05:00,0.0,9.125,8.875,9.125,31500
1991-04-03 16:00:00-05:00,0.0,9.125,9.0,9.125,50300
1991-04-04 16:00:00-05:00,0.0,9.125,9.0,9.125,7100
1991-04-05 16:00:00-05:00,0.0,9.125,9.0,9.125,36100
1991-04-08 16:00:00-04:00,0.0,9.25,9.0,9.0,51900
1991-04-09 16:00:00-04:00,0.0,9.125,9.0,9.0,24600
1991-04-10 16:00:00-04:00,0.0,9.125,9.0,9.125,27200
1991-04-11 16:00:00-04:00,0.0,9.125,9.0,9.125,22600
1991-04-12 16:00:00-04:00,0.0,9.125,9.0,9.0,54500
1991-04-15 16:00:00-04:00,0.0,9.125,9.0,9.125,26000
1991-04-16 16:00:00-04:00,0.0,9.25,9.0,9.125,17600
1991-04-17 16:00:00-04:00,0.0,9.25,9.125,9.25,39900
1991-04-18 16:00:00-04:00,0.0,9.25,9.125,9.25,30400
1991-04-19 16:00:00-04:00,0.0,9.25,9.125,9.125,24000
1991-04-22 16:00:00-04:00,0.0,9.25,9.125,9.25,19800
1991-04-23 16:00:00-04:00,0.0,9.25,9.125,9.25,44800
1991-04-24 16:00:00-04:00,0.0,9.25,9.125,9.125,16000
1991-04-25 16:00:00-04:00,0.0,9.25,9.125,9.25,19400
1991-04-26 16:00:00-04:00,0.0,9.25,9.125,9.25,8500
1991-04-29 16:00:00-04:00,0.0,9.375,9.25,9.25,25300
1991-04-30 16:00:00-04:00,0.0,9.375,9.125,9.25,38600
1991-05-01 16:00:00-04:00,0.0,9.375,9.125,9.125,39600
1991-05-02 16:00:00-04:00,0.0,9.25,9.125,9.25,18700
1991-05-03 16:00:00-04:00,0.0,9.375,9.125,9.375,27100
1991-05-06 16:00:00-04:00,0.0,9.375,9.25,9.25,34400
1991-05-07 16:00:00-04:00,0.0,9.375,9.25,9.375,33300
1991-05-08 16:00:00-04:00,0.0,9.375,9.125,9.25,24200
1991-05-09 16:00:00-04:00,0.0,9.25,9.125,9.125,28700
1991-05-10 16:00:00-04:00,0.0,9.25,9.125,9.125,23400
1991-05-13 16:00:00-04:00,0.0,9.375,9.125,9.375,17800
1991-05-14 16:00:00-04:00,0.0,9.375,9.25,9.375,10400
1991-05-15 16:00:00-04:00,0.0,9.375,8.25,9.125,41200
1991-05-16 16:00:00-04:00,0.0,9.25,9.125,9.125,38700
1991-05-17 16:00:00-04:00,0.0,9.25,9.125,9.25,33500
1991-05-20 16:00:00-04:00,0.0,9.25,9.125,9.125,41700
1991-05-21 16:00:00-04:00,0.0,9.25,9.125,9.125,28800
1991-05-22 16:00:00-04:00,0.0,9.25,9.125,9.125,33500
1991-05-23 16:00:00-04:00,0.0,9.25,9.125,9.125,27100
1991-05-24 16:00:00-04:00,0.0,9.375,9.125,9.375,33600
1991-05-28 16:00:00-04:00,0.0,9.375,9.25,9.25,25900
1991-05-29 16:00:00-04:00,0.0,9.375,9.25,9.25,44600
1991-05-30 16:00:00-04:00,0.0,9.375,9.25,9.375,18100
1991-05-31 16:00:00-04:00,0.0,9.375,9.25,9.375,32300
1991-06-03 16:00:00-04:00,0.0,9.375,9.25,9.25,15400
1991-06-04 16:00:00-04:00,0.0,9.375,9.25,9.375,24600
1991-06-05 16:00:00-04:00,0.0,9.375,9.25,9.375,62300
1991-06-06 16:00:00-04:00,0.0,9.5,9.375,9.5,25100
1991-06-07 16:00:00-04:00,0.0,9.5,9.375,9.375,15900
1991-06-10 16:00:00-04:00,0.0,9.5,9.25,9.5,24100
1991-06-11 16:00:00-04:00,0.0,9.5,9.25,9.375,64000
1991-06-12 16:00:00-04:00,0.0,9.375,9.25,9.25,44500
1991-06-13 16:00:00-04:00,0.0,9.375,9.125,9.25,17400
1991-06-14 16:00:00-04:00,0.0,9.25,9.125,9.25,5200
1991-06-17 16:00:00-04:00,0.0,9.25,9.125,9.125,50400
1991-06-18 16:00:00-04:00,0.0,9.125,9.0,9.0,37500
1991-06-19 16:00:00-04:00,0.0,9.125,9.0,9.0,38600
1991-06-20 16:00:00-04:00,0.0,9.125,9.0,9.0,13600
1991-06-21 16:00:00-04:00,0.0,9.125,9.0,9.125,12000
1991-06-24 16:00:00-04:00,0.0,9.125,9.0,9.125,19100
1991-06-25 16:00:00-04:00,0.0,9.125,9.0,9.0,28800
1991-06-26 16:00:00-04:00,0.0,9.125,9.0,9.125,22800
1991-06-27 16:00:00-04:00,0.0,9.125,9.0,9.0,20400
1991-06-28 16:00:00-04:00,0.0,9.125,9.0,9.0,23900
1991-07-01 16:00:00-04:00,0.0,9.125,9.0,9.0,19400
1991-07-02 16:00:00-04:00,0.0,9.25,9.0,9.0,28700
1991-07-03 16:00:00-04:00,0.0,9.125,9.0,9.0,18000
1991-07-05 16:00:00-04:00,0.0,9.125,9.0,9.0,21900
1991-07-08 16:00:00-04:00,0.0,9.25,9.0,9.25,36400
1991-07-09 16:00:00-04:00,0.0,9.125,9.0,9.0,31500
1991-07-10 16:00:00-04:00,0.0,9.125,9.0,9.0,38800
1991-07-11 16:00:00-04:00,0.0,9.25,9.0,9.0,13300
1991-07-12 16:00:00-04:00,0.0,9.25,9.0,9.125,21600
1991-07-15 16:00:00-04:00,0.0,9.25,9.0,9.25,31400
1991-07-16 16:00:00-04:00,0.0,9.25,9.125,9.25,35900
1991-07-17 16:00:00-04:00,0.0,9.25,9.0,9.25,67100
1991-07-18 16:00:00-04:00,0.0,9.25,9.0,9.125,38700
1991-07-19 16:00:00-04:00,0.0,9.25,9.0,9.25,19000
1991-07-22 16:00:00-04:00,0.0,9.125,9.0,9.0,46300
1991-07-23 16:00:00-04:00,0.0,9.125,9.0,9.0,50500
1991-07-24 16:00:00-04:00,0.0,9.25,9.0,9.125,40800
1991-07-25 16:00:00-04:00,0.0,9.25,9.0,9.25,69200
1991-07-26 16:00:00-04:00,0.0,9.25,9.125,9.25,54200
1991-07-29 16:00:00-04:00,0.0,9.25,9.125,9.125,27400
1991-07-30 16:00:00-04:00,0.0,9.25,9.125,9.25,8900
1991-07-31 16:00:00-04:00,0.0,9.25,9.125,9.125,15800
1991-08-01 16:00:00-04:00,0.0,9.25,9.125,9.125,7000
1991-08-02 16:00:00-04:00,0.0,9.25,9.125,9.25,20100
1991-08-05 16:00:00-04:00,0.0,9.25,9.125,9.125,11300
1991-08-06 16:00:00-04:00,0.0,9.25,9.125,9.25,13500
1991-08-07 16:00:00-04:00,0.0,9.375,9.125,9.375,38300
1991-08-08 16:00:00-04:00,0.0,9.375,9.125,9.125,47800
1991-08-09 16:00:00-04:00,0.0,9.25,9.125,9.125,17300
1991-08-12 16:00:00-04:00,0.0,9.25,9.0,9.25,30600
1991-08-13 16:00:00-04:00,0.0,9.375,9.125,9.375,33600
1991-08-14 16:00:00-04:00,0.0,9.375,9.125,9.125,34600
1991-08-15 16:00:00-04:00,0.0,9.375,9.125,9.125,38700
1991-08-16 16:00:00-04:00,0.0,9.25,9.125,9.125,38600
1991-08-19 16:00:00-04:00,0.0,9.25,9.125,9.25,15000
1991-08-20 16:00:00-04:00,0.0,9.25,9.125,9.25,27600
1991-08-21 16:00:00-04:00,0.0,9.25,9.125,9.125,21600
1991-08-22 16:00:00-04:00,0.0,9.25,9.125,9.125,19000
1991-08-23 16:00:00-04:00,0.0,9.25,9.125,9.125,18300
1991-08-26 16:00:00-04:00,0.0,9.375,9.125,9.375,28800
1991-08-27 16:00:00-04:00,0.0,9.375,9.25,9.25,7300
1991-08-28 16:00:00-04:00,0.0,9.375,9.25,9.25,20100
1991-08-29 16:00:00-04:00,0.0,9.375,9.25,9.25,14400
1991-08-30 16:00:00-04:00,0.0,9.375,9.125,9.25,20000
1991-09-03 16:00:00-04:00,0.0,9.25,9.125,9.25,4600
1991-09-04 16:00:00-04:00,0.0,9.25,9.125,9.125,29200
1991-09-05 16:00:00-04:00,0.0,9.25,9.125,9.25,43300
1991-09-06 16:00:00-04:00,0.0,9.375,9.25,9.375,40900
1991-09-09 16:00:00-04:00,0.0,9.375,9.25,9.25,16900
1991-09-10 16:00:00-04:00,0.0,9.375,9.125,9.125,50800
1991-09-11 16:00:00-04:00,0.0,9.25,9.125,9.125,17600
1991-09-12 16:00:00-04:00,0.0,9.25,9.125,9.125,43400
1991-09-13 16:00:00-04:00,0.0,9.25,9.125,9.125,20300
1991-09-16 16:00:00-04:00,0.0,9.25,9.0,9.125,20800
1991-09-17 16:00:00-04:00,0.0,9.25,9.125,9.25,14600
1991-09-18 16:00:00-04:00,0.0,9.25,9.125,9.125,23500
1991-09-19 16:00:00-04:00,0.0,9.125,9.0,9.125,29900
1991-09-20 16:00:00-04:00,0.0,9.125,9.0,9.0,48600
1991-09-23 16:00:00-04:00,0.0,9.125,9.0,9.125,31800
1991-09-24 16:00:00-04:00,0.0,9.25,9.0,9.0,17100
1991-09-25 16:00:00-04:00,0.0,9.125,9.0,9.125,15700
1991-09-26 16:00:00-04:00,0.0,9.125,9.0,9.0,18500
1991-09-27 16:00:00-04:00,0.0,9.25,9.125,9.125,13900
1991-09-30 16:00:00-04:00,0.0,9.25,9.0,9.125,27400
1991-10-01 16:00:00-04:00,0.0,9.125,9.0,9.0,29800
1991-10-02 16:00:00-04:00,0.0,9.25,9.0,9.125,26700
1991-10-03 16:00:00-04:00,0.0,9.25,9.0,9.125,39600
1991-10-04 16:00:00-04:00,0.0,9.25,9.125,9.25,17000
1991-10-07 16:00:00-04:00,0.0,9.25,9.0,9.25,51700
1991-10-08 16:00:00-04:00,0.0,9.125,9.0,9.125,45400
1991-10-09 16:00:00-04:00,0.0,9.125,9.0,9.0,50600
1991-10-10 16:00:00-04:00,0.0,9.125,9.0,9.0,29500
1991-10-11 16:00:00-04:00,0.0,9.125,9.0,9.0,64400
1991-10-14 16:00:00-04:00,0.0,9.125,9.0,9.125,33200
1991-10-15 16:00:00-04:00,0.0,9.25,9.0,9.125,10400
1991-10-16 16:00:00-04:00,0.0,9.25,9.125,9.125,16000
1991-10-17 16:00:00-04:00,0.0,9.25,9.125,9.25,13900
1991-10-18 16:00:00-04:00,0.0,9.25,9.125,9.25,13900
1991-10-21 16:00:00-04:00,0.0,9.25,9.125,9.125,18700
1991-10-22 16:00:00-04:00,0.0,9.25,9.125,9.125,22500
1991-10-23 16:00:00-04:00,0.0,9.25,9.125,9.125,44100
1991-10-24 16:00:00-04:00,0.0,9.25,9.125,9.25,19900
1991-10-25 16:00:00-04:00,0.0,9.25,9.125,9.125,13200
1991-10-28 16:00:00-05:00,0.0,9.25,9.125,9.25,17600
1991-10-29 16:00:00-05:00,0.0,9.25,9.125,9.25,27800
1991-10-30 16:00:00-05:00,0.0,9.25,9.125,9.125,23800
1991-10-31 16:00:00-05:00,0.0,9.25,9.125,9.25,14200
1991-11-01 16:00:00-05:00,0.0,9.25,9.125,9.125,16100
1991-11-04 16:00:00-05:00,0.0,9.25,9.0,9.0,31800
1991-11-05 16:00:00-05:00,0.0,9.25,9.0,9.125,22000
1991-11-06 16:00:00-05:00,0.0,9.25,9.0,9.125,49600
1991-11-07 16:00:00-05:00,0.0,9.25,9.0,9.25,37100
1991-11-08 16:00:00-05:00,0.0,9.25,9.0,9.25,10900
1991-11-11 16:00:00-05:00,0.0,9.25,9.0,9.0,39900
1991-11-12 16:00:00-05:00,0.0,9.125,9.0,9.0,21600
1991-11-13 16:00:00-05:00,0.0,9.125,9.0,9.125,49200
1991-11-14 16:00:00-05:00,0.0,9.125,9.0,9.0,39100
1991-11-15 16:00:00-05:00,0.0,9.125,9.0,9.125,47800
1991-11-18 16:00:00-05:00,0.0,9.125,9.0,9.125,13600
1991-11-19 16:00:00-05:00,0.0,9.125,9.0,9.125,14600
1991-11-20 16:00:00-05:00,0.0,9.125,9.0,9.125,23700
1991-11-21 16:00:00-05:00,0.0,9.125,9.0,9.0,26800
1991-11-22 16:00:00-05:00,0.0,9.125,9.0,9.125,40900
1991-11-25 16:00:00-05:00,0.0,9.125,9.0,9.125,27700
1991-11-26 16:00:00-05:00,0.0,9.125,9.0,9.0,54300
1991-11-27 16:00:00-05:00,0.0,9.125,8.875,9.0,47000
1991-11-29 16:00:00-05:00,0.0,9.0,8.875,8.875,20200
1991-12-02 16:00:00-05:00,0.0,9.0,8.875,9.0,22000
1991-12-03 16:00:00-05:00,0.0,9.0,8.875,8.875,41400
1991-12-04 16:00:00-05:00,0.0,9.0,8.875,9.0,48500
1991-12-05 16:00:00-05:00,0.0,9.0,8.875,9.0,24800
1991-12-06 16:00:00-05:00,0.0,9.125,8.875,9.0,33600
1991-12-09 16:00:00-05:00,0.0,9.0,8.875,8.875,54900
1991-12-10 16:00:00-05:00,0.0,9.0,8.875,9.0,20200
1991-12-11 16:00:00-05:00,0.0,9.0,7.875,8.875,50600
1991-12-12 16:00:00-05:00,0.0,9.0,8.875,9.0,52500
1991-12-13 16:00:00-05:00,0.0,9.0,8.875,8.875,46100
1991-12-16 16:00:00-05:00,0.0,9.0,8.875,9.0,44700
1991-12-17 16:00:00-05:00,0.0,9.0,8.75,8.75,60600
1991-12-18 16:00:00-05:00,0.0,9.0,8.75,8.875,63300
1991-12-19 16:00:00-05:00,0.0,8.875,8.75,8.875,94600
1991-12-20 16:00:00-05:00,0.0,8.875,8.75,8.875,42600
1991-12-23 16:00:00-05:00,0.0,8.875,8.25,8.875,39100
1991-12-24 16:00:00-05:00,0.0,9.0,8.875,8.875,17400
1991-12-26 16:00:00-05:00,0.0,9.0,8.875,8.875,15800
1991-12-27 16:00:00-05:00,0.0,9.0,8.875,8.875,21600
1991-12-30 16:00:00-05:00,0.0,9.0,8.75,8.875,46800
1991-12-31 16:00:00-05:00,0.0,9.0,8.875,8.875,54300
1992-01-02 16:00:00-05:00,0.0,9.0,8.875,9.0,24000
1992-01-03 16:00:00-05:00,0.0,9.0,8.875,8.875,52100
1992-01-06 16:00:00-05:00,0.0,9.0,8.875,9.0,24500
1992-01-07 16:00:00-05:00,0.0,9.0,8.875,9.0,28600
1992-01-08 16:00:00-05:00,0.0,9.125,8.875,9.0,82800
1992-01-09 16:00:00-05:00,0.0,9.125,9.0,9.125,46700
1992-01-10 16:00:00-05:00,0.0,9.125,9.0,9.125,30400
1992-01-13 16:00:00-05:00,0.0,9.125,9.0,9.125,20200
1992-01-14 16:00:00-05:00,0.0,9.125,9.0,9.125,37600
1992-01-15 16:00:00-05:00,0.0,9.125,9.0,9.125,69400
1992-01-16 16:00:00-05:00,0.0,9.125,9.0,9.125,22200
1992-01-17 16:00:00-05:00,0.0,9.125,9.0,9.0,18600
1992-01-20 16:00:00-05:00,0.0,9.25,9.0,9.25,51700
1992-01-21 16:00:00-05:00,0.0,9.25,9.125,9.25,40000
1992-01-22 16:00:00-05:00,0.0,9.25,9.125,9.125,32600
1992-01-23 16:00:00-05:00,0.0,9.25,9.125,9.125,37100
1992-01-24 16:00:00-05:00,0.0,9.375,9.125,9.25,50500
1992-01-27 16:00:00-05:00,0.0,9.25,9.125,9.25,21400
1992-01-28 16:00:00-05:00,0.0,9.375,9.125,9.25,26300
1992-01-29 16:00:00-05:00,0.0,9.375,9.0,9.125,21100
1992-01-30 16:00:00-05:00,0.0,9.25,9.125,9.125,64300
1992-01-31 16:00:00-05:00,0.0,9.125,9.0,9.0,63500
1992-02-03 16:00:00-05:00,0.0,9.125,9.0,9.125,23200
1992-02-04 16:00:00-05:00,0.0,9.125,9.0,9.0,88100
1992-02-05 16:00:00-05:00,0.0,9.125,9.0,9.125,35700
1992-02-06 16:00:00-05:00,0.0,9.25,9.0,9.125,69300
1992-02-07 16:00:00-05:00,0.0,9.25,9.0,9.125,54700
1992-02-10 16:00:00-05:00,0.0,9.125,9.0,9.0,26800
1992-02-11 16:00:00-05:00,0.0,9.125,9.0,9.0,18600
1992-02-12 16:00:00-05:00,0.0,9.25,9.0,9.125,30600
1992-02-13 16:00:00-05:00,0.0,9.125,9.0,9.125,33300
1992-02-14 16:00:00-05:00,0.0,9.125,9.0,9.125,29800
1992-02-18 16:00:00-05:00,0.0,9.125,9.0,9.125,29300
1992-02-19 16:00:00-05:00,0.0,9.25,9.0,9.125,54600
1992-02-20 16:00:00-05:00,0.0,9.25,9.0,9.125,36500
1992-02-21 16:00:00-05:00,0.0,9.25,9.0,9.25,42200
1992-02-24 16:00:00-05:00,0.0,9.25,9.0,9.25,9400
1992-02-25 16:00:00-05:00,0.0,9.25,9.125,9.25,50500
1992-02-26 16:00:00-05:00,0.0,9.25,9.125,9.125,19700
1992-02-27 16:00:00-05:00,0.0,9.25,9.125,9.25,30400
1992-02-28 16:00:00-05:00,0.0,9.25,9.125,9.25,30000
1992-03-02 16:00:00-05:00,0.0,9.25,9.125,9.125,17600
1992-03-03 16:00:00-05:00,0.0,9.25,9.125,9.125,32900
1992-03-04 16:00:00-05:00,0.0,9.375,9.125,9.375,36100
1992-03-05 16:00:00-05:00,0.0,9.375,9.25,9.375,40700
1992-03-06 16:00:00-05:00,0.0,9.375,9.125,9.25,13700
1992-03-09 16:00:00-05:00,0.0,9.375,9.25,9.375,20500
1992-03-10 16:00:00-05:00,0.0,9.25,9.125,9.125,32300
1992-03-11 16:00:00-05:00,0.0,9.375,9.125,9.375,35900
1992-03-12 16:00:00-05:00,0.0,9.25,9.125,9.25,26400
1992-03-13 16:00:00-05:00,0.0,9.25,9.125,9.25,14300
1992-03-16 16:00:00-05:00,0.0,9.375,9.125,9.25,27600
1992-03-17 16:00:00-05:00,0.0,9.25,9.125,9.25,25700
1992-03-18 16:00:00-05:00,0.0,9.25,9.125,9.25,30200
1992-03-19 16:00:00-05:00,0.0,9.25,9.125,9.25,19800
1992-03-20 16:00:00-05:00,0.0,9.25,9.125,9.125,38000
1992-03-23 16:00:00-05:00,0.0,9.25,9.125,9.125,38300
1992-03-24 16:00:00-05:00,0.0,9.25,9.125,9.125,22500
1992-03-25 16:00:00-05:00,0.0,9.25,9.125,9.25,36200
1992-03-26 16:00:00-05:00,0.0,9.375,9.125,9.25,38000
1992-03-27 16:00:00-05:00,0.0,9.375,9.125,9.125,22600
1992-03-30 16:00:00-05:00,0.0,9.25,9.125,9.125,28100
1992-03-31 16:00:00-05:00,0.0,9.375,9.125,9.375,27700
1992-04-01 16:00:00-05:00,0.0,9.375,9.125,9.125,16300
1992-04-02 16:00:00-05:00,0.0,9.375,9.125,9.25,24600
1992-04-03 16:00:00-05:00,0.0,9.375,9.25,9.25,38400
1992-04-06 16:00:00-04:00,0.0,9.25,9.125,9.125,23900
1992-04-07 16:00:00-04:00,0.0,9.375,9.25,9.375,37200
1992-04-08 16:00:00-04:00,0.0,9.375,9.25,9.25,31000
1992-04-09 16:00:00-04:00,0.0,9.25,9.125,9.25,21500
1992-04-10 16:00:00-04:00,0.0,9.375,9.125,9.25,29900
1992-04-13 16:00:00-04:00,0.0,9.375,9.25,9.25,14900
1992-04-14 16:00:00-04:00,0.0,9.375,9.25,9.25,36200
1992-04-15 16:00:00-04:00,0.0,9.375,9.25,9.375,25900
1992-04-16 16:00:00-04:00,0.0,9.375,9.25,9.375,35100
1992-04-20 16:00:00-04:00,0.0,9.375,9.25,9.25,35100
1992-04-21 16:00:00-04:00,0.0,9.375,9.25,9.375,51000
1992-04-22 16:00:00-04:00,0.0,9.375,9.25,9.375,24300
1992-04-23 16:00:00-04:00,0.0,9.375,9.25,9.375,33200
1992-04-24 16:00:00-04:00,0.0,9.5,9.375,9.5,12200
1992-04-27 16:00:00-04:00,0.0,9.5,9.375,9.375,17200
1992-04-28 16:00:00-04:00,0.0,9.5,9.375,9.375,14400
1992-04-29 16:00:00-04:00,0.0,9.5,9.375,9.5,24600
1992-04-30 16:00:00-04:00,0.0,9.5,9.375,9.375,24300
1992-05-01 16:00:00-04:00,0.0,9.5,9.375,9.375,24300
1992-05-04 16:00:00-04:00,0.0,9.5,9.375,9.375,21800
1992-05-05 16:00:00-04:00,0.0,9.5,9.375,9.5,14300
1992-05-06 16:00:00-04:00,0.0,9.5,9.375,9.375,35400
1992-05-07 16:00:00-04:00,0.0,9.5,9.375,9.5,48300
1992-05-08 16:00:00-04:00,0.0,9.5,9.375,9.5,44100
1992-05-11 16:00:00-04:00,0.0,9.5,9.375,9.375,20100
1992-05-12 16:00:00-04:00,0.0,9.625,9.5,9.5,22800
1992-05-13 16:00:00-04:00,0.0,9.625,9.375,9.5,38900
1992-05-14 16:00:00-04:00,0.0,9.625,9.5,9.5,61000
1992-05-15 16:00:00-04:00,0.0,9.625,9.375,9.5,37700
1992-05-18 16:00:00-04:00,0.0,9.625,9.375,9.375,30000
1992-05-19 16:00:00-04:00,0.0,9.5,9.375,9.375,48100
1992-05-20 16:00:00-04:00,0.0,9.5,9.375,9.375,41500
1992-05-21 16:00:00-04:00,0.0,9.5,9.375,9.375,51600
1992-05-22 16:00:00-04:00,0.0,9.625,9.375,9.625,15100
1992-05-26 16:00:00-04:00,0.0,9.625,9.375,9.5,30800
1992-05-27 16:00:00-04:00,0.0,9.5,9.375,9.375,22700
1992-05-28 16:00:00-04:00,0.0,9.5,9.375,9.5,31400
1992-05-29 16:00:00-04:00,0.0,9.5,9.375,9.375,54100
1992-06-01 16:00:00-04:00,0.0,9.5,9.375,9.5,30200
1992-06-02 16:00:00-04:00,0.0,9.625,9.375,9.625,15400
1992-06-03 16:00:00-04:00,0.0,9.625,9.5,9.5,31200
1992-06-04 16:00:00-04:00,0.0,9.625,9.5,9.625,27100
1992-06-05 16:00:00-04:00,0.0,9.625,9.5,9.5,27900
1992-06-08 16:00:00-04:00,0.0,9.75,9.5,9.75,60500
1992-06-09 16:00:00-04:00,0.0,9.625,9.5,9.5,56800
1992-06-10 16:00:00-04:00,0.0,9.625,9.5,9.625,36300
1992-06-11 16:00:00-04:00,0.0,9.625,9.5,9.5,30100
1992-06-12 16:00:00-04:00,0.0,9.625,9.5,9.625,24200
1992-06-15 16:00:00-04:00,0.0,9.625,9.5,9.5,19000
1992-06-16 16:00:00-04:00,0.0,9.625,9.5,9.625,35400
1992-06-17 16:00:00-04:00,0.0,9.625,9.5,9.625,45100
1992-06-18 16:00:00-04:00,0.0,9.625,9.5,9.5,96300
1992-06-19 16:00:00-04:00,0.0,9.625,9.5,9.5,29800
1992-06-22 16:00:00-04:00,0.0,9.625,9.5,9.5,18300
1992-06-23 16:00:00-04:00,0.0,9.625,9.5,9.625,72800
1992-06-24 16:00:00-04:00,0.0,9.75,9.5,9.625,50400
1992-06-25 16:00:00-04:00,0.0,9.75,9.5,9.625,23700
1992-06-26 16:00:00-04:00,0.0,9.75,9.625,9.75,20500
1992-06-29 16:00:00-04:00,0.0,9.75,9.5,9.625,43100
1992-06-30 16:00:00-04:00,0.0,9.75,9.5,9.75,32400
1992-07-01 16:00:00-04:00,0.0,9.75,9.625,9.625,28600
1992-07-02 16:00:00-04:00,0.0,9.75,9.625,9.75,14500
1992-07-06 16:00:00-04:00,0.0,9.75,9.625,9.625,19100
1992-07-07 16:00:00-04:00,0.0,9.75,9.625,9.75,54600
1992-07-08 16:00:00-04:00,0.0,9.75,9.625,9.625,15800
1992-07-09 16:00:00-04:00,0.0,9.75,9.625,9.75,26600
1992-07-10 16:00:00-04:00,0.0,9.75,9.625,9.625,32300
1992-07-13 16:00:00-04:00,0.0,9.875,9.625,9.875,28100
1992-07-14 16:00:00-04:00,0.0,9.875,9.75,9.75,66000
1992-07-15 16:00:00-04:00,0.0,9.75,9.625,9.75,50400
1992-07-16 16:00:00-04:00,0.0,9.75,9.625,9.75,27600
1992-07-17 16:00:00-04:00,0.0,9.875,9.625,9.75,34400
1992-07-20 16:00:00-04:00,0.0,9.75,9.625,9.625,62000
1992-07-21 16:00:00-04:00,0.0,9.75,9.625,9.75,43700
1992-07-22 16:00:00-04:00,0.0,9.75,9.625,9.75,55300
1992-07-23 16:00:00-04:00,0.0,9.75,9.625,9.625,35800
1992-07-24 16:00:00-04:00,0.0,9.75,9.625,9.625,30700
1992-07-27 16:00:00-04:00,0.0,9.75,9.625,9.75,70100
1992-07-28 16:00:00-04:00,0.0,9.875,9.625,9.875,30800
1992-07-29 16:00:00-04:00,0.0,9.875,9.75,9.875,27100
1992-07-30 16:00:00-04:00,0.0,9.875,9.75,9.875,28600
1992-07-31 16:00:00-04:00,0.0,9.875,9.75,9.75,47300
1992-08-03 16:00:00-04:00,0.0,9.875,9.75,9.875,39400
1992-08-04 16:00:00-04:00,0.0,10.0,9.875,10.0,55900
1992-08-05 16:00:00-04:00,0.0,10.0,9.875,9.875,41800
1992-08-06 16:00:00-04:00,0.0,10.0,9.75,9.875,55600
1992-08-07 16:00:00-04:00,0.0,9.875,9.75,9.875,42500
1992-08-10 16:00:00-04:00,0.0,9.875,9.75,9.875,39200
1992-08-11 16:00:00-04:00,0.0,9.875,9.75,9.875,20100
1992-08-12 16:00:00-04:00,0.0,10.0,9.75,9.875,41000
1992-08-13 16:00:00-04:00,0.0,9.875,9.75,9.75,20100
1992-08-14 16:00:00-04:00,0.0,9.875,9.75,9.875,22600
1992-08-17 16:00:00-04:00,0.0,9.875,9.75,9.75,36600
1992-08-18 16:00:00-04:00,0.0,9.875,9.75,9.875,34400
1992-08-19 16:00:00-04:00,0.0,9.875,9.75,9.875,29400
1992-08-20 16:00:00-04:00,0.0,9.875,9.75,9.75,43300
1992-08-21 16:00:00-04:00,0.0,9.875,9.75,9.75,37700
1992-08-24 16:00:00-04:00,0.0,9.875,9.75,9.875,58400
1992-08-25 16:00:00-04:00,0.0,9.875,9.625,9.625,51100
1992-08-26 16:00:00-04:00,0.0,9.75,9.5,9.625,38900
1992-08-27 16:00:00-04:00,0.0,9.75,9.5,9.75,31900
1992-08-28 16:00:00-04:00,0.0,9.75,9.625,9.75,24300
1992-08-31 16:00:00-04:00,0.0,9.75,9.5,9.5,63800
1992-09-01 16:00:00-04:00,0.0,9.75,9.5,9.75,13700
1992-09-02 16:00:00-04:00,0.0,9.75,9.5,9.75,36400
1992-09-03 16:00:00-04:00,0.0,9.75,9.625,9.75,28800
1992-09-04 16:00:00-04:00,0.0,9.75,9.625,9.625,24700
1992-09-08 16:00:00-04:00,0.0,9.875,9.625,9.75,70300
1992-09-09 16:00:00-04:00,0.0,9.75,9.625,9.75,34400
1992-09-10 16:00:00-04:00,0.0,9.75,9.625,9.625,25400
1992-09-11 16:00:00-04:00,0.0,9.75,9.625,9.75,31800
1992-09-14 16:00:00-04:00,0.0,9.75,9.625,9.75,23500
1992-09-15 16:00:00-04:00,0.0,9.75,9.625,9.75,21500
1992-09-16 16:00:00-04:00,0.0,9.75,9.625,9.625,32900
1992-09-17 16:00:00-04:00,0.0,9.75,9.5,9.5,32000
1992-09-18 16:00:00-04:00,0.0,9.625,9.5,9.5,48100
1992-09-21 16:00:00-04:00,0.0,9.625,9.5,9.5,76300
1992-09-22 16:00:00-04:00,0.0,9.625,9.375,9.5,8100
1992-09-23 16:00:00-04:00,0.0,9.5,9.375,9.375,28500
1992-09-24 16:00:00-04:00,0.0,9.5,9.375,9.375,14400
1992-09-25 16:00:00-04:00,0.0,9.375,9.25,9.25,31100
1992-09-28 16:00:00-04:00,0.0,9.5,9.25,9.375,20400
1992-09-29 16:00:00-04:00,0.0,9.5,9.375,9.5,19000
1992-09-30 16:00:00-04:00,0.0,9.5,9.375,9.5,11100
1992-10-01 16:00:00-04:00,0.0,9.5,9.375,9.5,8200
1992-10-02 16:00:00-04:00,0.0,9.5,9.375,9.5,14700
1992-10-05 16:00:00-04:00,0.0,9.5,9.25,9.375,51100
1992-10-06 16:00:00-04:00,0.0,9.5,9.25,9.375,49600
1992-10-07 16:00:00-04:00,0.0,9.375,9.25,9.25,25100
1992-10-08 16:00:00-04:00,0.0,9.25,9.0,9.0,55800
1992-10-09 16:00:00-04:00,0.0,9.125,8.875,9.0,42000
1992-10-12 16:00:00-04:00,0.0,9.0,8.875,9.0,32900
1992-10-13 16:00:00-04:00,0.0,9.0,8.875,9.0,42400
1992-10-14 16:00:00-04:00,0.0,9.0,8.875,8.875,55900
1992-10-15 16:00:00-04:00,0.0,9.0,8.875,8.875,32600
1992-10-16 16:00:00-04:00,0.0,9.0,8.625,8.625,82000
1992-10-19 16:00:00-04:00,0.0,8.75,8.625,8.625,36800
1992-10-20 16:00:00-04:00,0.0,8.75,8.5,8.5,56400
1992-10-21 16:00:00-04:00,0.0,8.625,8.375,8.625,66100
1992-10-22 16:00:00-04:00,0.0,8.75,8.5,8.75,25800
1992-10-23 16:00:00-04:00,0.0,8.875,8.75,8.875,25900
1992-10-26 16:00:00-05:00,0.0,9.0,8.75,9.0,17500
1992-10-27 16:00:00-05:00,0.0,9.0,8.875,9.0,8900
1992-10-28 16:00:00-05:00,0.0,9.0,8.875,8.875,18900
1992-10-29 16:00:00-05:00,0.0,9.0,8.875,9.0,26700
1992-10-30 16:00:00-05:00,0.0,9.0,8.875,9.0,31500
1992-11-02 16:00:00-05:00,0.0,9.125,9.0,9.0,17300
1992-11-03 16:00:00-05:00,0.0,9.125,9.0,9.125,22300
1992-11-04 16:00:00-05:00,0.0,9.125,9.0,9.0,23900
1992-11-05 16:00:00-05:00,0.0,9.125,9.0,9.0,26500
1992-11-06 16:00:00-05:00,0.0,9.125,9.0,9.0,31600
1992-11-09 16:00:00-05:00,0.0,9.125,8.875,9.125,20200
1992-11-10 16:00:00-05:00,0.0,9.125,9.0,9.125,20600
1992-11-11 16:00:00-05:00,0.0,9.125,9.0,9.0,15700
1992-11-12 16:00:00-05:00,0.0,9.125,8.875,9.0,24300
1992-11-13 16:00:00-05:00,0.0,9.0,8.875,8.875,15800
1992-11-16 16:00:00-05:00,0.0,9.0,8.75,9.0,31300
1992-11-17 16:00:00-05:00,0.0,9.0,8.875,8.875,39500
1992-11-18 16:00:00-05:00,0.0,9.0,8.75,8.875,30800
1992-11-19 16:00:00-05:00,0.0,9.0,8.75,8.875,30000
1992-11-20 16:00:00-05:00,0.0,9.0,8.875,8.875,20000
1992-11-23 16:00:00-05:00,0.0,9.0,8.875,9.0,13800
1992-11-24 16:00:00-05:00,0.0,9.0,8.75,8.75,45700
1992-11-25 16:00:00-05:00,0.0,8.875,8.75,8.875,15400
1992-11-27 16:00:00-05:00,0.0,8.875,8.75,8.875,7100
1992-11-30 16:00:00-05:00,0.0,9.0,8.875,9.0,60900
1992-12-01 16:00:00-05:00,0.0,9.125,8.875,9.0,24900
1992-12-02 16:00:00-05:00,0.0,9.125,9.0,9.0,15400
1992-12-03 16:00:00-05:00,0.0,9.125,9.0,9.0,19900
1992-12-04 16:00:00-05:00,0.0,9.125,9.0,9.125,27100
1992-12-07 16:00:00-05:00,0.0,9.125,9.0,9.0,32200
1992-12-08 16:00:00-05:00,0.0,9.125,9.0,9.125,50200
1992-12-09 16:00:00-05:00,0.0,9.0,8.875,8.875,42200
1992-12-10 16:00:00-05:00,0.0,9.0,8.75,8.75,83400
1992-12-11 16:00:00-05:00,0.0,8.875,8.75,8.875,20100
1992-12-14 16:00:00-05:00,0.0,8.875,8.75,8.75,32100
1992-12-15 16:00:00-05:00,0.0,8.875,8.625,8.625,40500
1992-12-16 16:00:00-05:00,0.0,8.75,8.625,8.75,39200
1992-12-17 16:00:00-05:00,0.0,8.75,8.5,8.75,45100
1992-12-18 16:00:00-05:00,0.0,8.75,8.625,8.75,51800
1992-12-21 16:00:00-05:00,0.0,8.75,8.5,8.75,38800
1992-12-22 16:00:00-05:00,0.0,8.625,8.5,8.5,86000
1992-12-23 16:00:00-05:00,0.0,8.625,8.375,8.5,29600
1992-12-24 16:00:00-05:00,0.0,8.625,8.375,8.5,30900
1992-12-28 16:00:00-05:00,0.0,8.625,8.375,8.5,53600
1992-12-29 16:00:00-05:00,0.0,8.625,8.375,8.5,39000
1992-12-30 16:00:00-05:00,0.0,8.5,8.375,8.375,60500
1992-12-31 16:00:00-05:00,0.0,8.5,8.375,8.5,72300
1993-01-04 16:00:00-05:00,0.0,8.625,8.5,8.625,56000
1993-01-05 16:00:00-05:00,0.0,8.875,8.5,8.875,46800
1993-01-06 16:00:00-05:00,0.0,8.875,8.75,8.875,19800
1993-01-07 16:00:00-05:00,0.0,9.0,8.875,9.0,38600
1993-01-08 16:00:00-05:00,0.0,9.0,8.875,9.0,35500
1993-01-11 16:00:00-05:00,0.0,9.0,8.875,8.875,51400
1993-01-12 16:00:00-05:00,0.0,9.0,8.875,9.0,18700
1993-01-13 16:00:00-05:00,0.0,9.0,8.875,9.0,18700
1993-01-14 16:00:00-05:00,0.0,9.125,8.875,9.0,30000
1993-01-15 16:00:00-05:00,0.0,9.125,8.875,8.875,29600
1993-01-18 16:00:00-05:00,0.0,9.0,8.875,9.0,22200
1993-01-19 16:00:00-05:00,0.0,9.0,8.875,9.0,54600
1993-01-20 16:00:00-05:00,0.0,9.125,8.875,9.125,12700
1993-01-21 16:00:00-05:00,0.0,9.125,9.0,9.0,42200
1993-01-22 16:00:00-05:00,0.0,9.125,9.0,9.0,38500
1993-01-25 16:00:00-05:00,0.0,9.125,9.0,9.0,17400
1993-01-26 16:00:00-05:00,0.0,9.25,9.0,9.0,31100
1993-01-27 16:00:00-05:00,0.0,9.125,9.0,9.0,22300
1993-01-28 16:00:00-05:00,0.0,9.125,9.0,9.125,11500
1993-01-29 16:00:00-05:00,0.0,9.125,9.0,9.0,31500
1993-02-01 16:00:00-05:00,0.0,9.25,9.0,9.25,34500
1993-02-02 16:00:00-05:00,0.0,9.25,9.125,9.25,29800
1993-02-03 16:00:00-05:00,0.0,9.375,9.125,9.25,50900
1993-02-04 16:00:00-05:00,0.0,9.375,9.25,9.375,30900
1993-02-05 16:00:00-05:00,0.0,9.375,9.25,9.375,34700
1993-02-08 16:00:00-05:00,0.0,9.625,9.375,9.5,80900
1993-02-09 16:00:00-05:00,0.0,9.5,9.25,9.25,46000
1993-02-10 16:00:00-05:00,0.0,9.375,9.25,9.25,26100
1993-02-11 16:00:00-05:00,0.0,9.375,9.25,9.375,25500
1993-02-12 16:00:00-05:00,0.0,9.375,9.25,9.25,11400
1993-02-16 16:00:00-05:00,0.0,9.5,9.25,9.5,49300
1993-02-17 16:00:00-05:00,0.0,9.625,9.375,9.5,36400
1993-02-18 16:00:00-05:00,0.0,9.625,9.5,9.625,58000
1993-02-19 16:00:00-05:00,0.0,9.625,9.5,9.625,43300
1993-02-22 16:00:00-05:00,0.0,9.625,9.5,9.5,25900
1993-02-23 16:00:00-05:00,0.0,9.75,9.5,9.625,50200
1993-02-24 16:00:00-05:00,0.0,9.75,9.625,9.75,37200
1993-02-25 16:00:00-05:00,0.0,9.75,9.625,9.75,42200
1993-02-26 16:00:00-05:00,0.0,9.75,9.625,9.625,20700
1993-03-01 16:00:00-05:00,0.0,9.75,9.625,9.75,56700
1993-03-02 16:00:00-05:00,0.0,9.75,9.625,9.75,24800
1993-03-03 16:00:00-05:00,0.0,9.75,9.625,9.75,38200
1993-03-04 16:00:00-05:00,0.0,9.75,9.625,9.625,38100
1993-03-05 16:00:00-05:00,0.0,9.75,9.625,9.75,34900
1993-03-08 16:00:00-05:00,0.0,9.875,9.625,9.625,49200
1993-03-09 16:00:00-05:00,0.0,9.75,9.625,9.75,36600
1993-03-10 16:00:00-05:00,0.0,9.75,9.625,9.75,40300
1993-03-11 16:00:00-05:00,0.0,9.75,9.625,9.75,19700
1993-03-12 16:00:00-05:00,0.0,9.75,9.625,9.625,22700
1993-03-15 16:00:00-05:00,0.0,9.75,9.625,9.625,24100
1993-03-16 16:00:00-05:00,0.0,9.75,9.625,9.625,15400
1993-03-17 16:00:00-05:00,0.0,9.75,9.625,9.75,24900
1993-03-18 16:00:00-05:00,0.0,9.75,9.625,9.625,39100
1993-03-19 16:00:00-05:00,0.0,9.875,9.625,9.75,35800
1993-03-22 16:00:00-05:00,0.0,9.875,9.75,9.75,25500
1993-03-23 16:00:00-05:00,0.0,9.875,9.75,9.875,11800
1993-03-24 16:00:00-05:00,0.0,9.875,9.625,9.75,25600
1993-03-25 16:00:00-05:00,0.0,9.75,9.625,9.75,20900
1993-03-26 16:00:00-05:00,0.0,9.75,9.625,9.625,48600
1993-03-29 16:00:00-05:00,0.0,9.75,9.625,9.625,41500
1993-03-30 16:00:00-05:00,0.0,9.75,9.5,9.75,27200
1993-03-31 16:00:00-05:00,0.0,9.75,9.5,9.5,24700
1993-04-01 16:00:00-05:00,0.0,9.625,9.5,9.625,29200
1993-04-02 16:00:00-05:00,0.0,9.625,9.5,9.5,15900
1993-04-05 16:00:00-04:00,0.0,9.625,9.5,9.625,13500
1993-04-06 16:00:00-04:00,0.0,9.625,9.5,9.5,17600
1993-04-07 16:00:00-04:00,0.0,9.5,9.375,9.375,30600
1993-04-08 16:00:00-04:00,0.0,9.5,9.375,9.375,20400
1993-04-12 16:00:00-04:00,0.0,9.5,9.375,9.375,17900
1993-04-13 16:00:00-04:00,0.0,9.5,9.375,9.5,13900
1993-04-14 16:00:00-04:00,0.0,9.5,9.375,9.5,28300
1993-04-15 16:00:00-04:00,0.0,9.5,9.375,9.375,11000
1993-04-16 16:00:00-04:00,0.0,9.5,9.375,9.375,34800
1993-04-19 16:00:00-04:00,0.0,9.5,9.375,9.375,29000
1993-04-20 16:00:00-04:00,0.0,9.5,9.375,9.375,38000
1993-04-21 16:00:00-04:00,0.0,9.5,9.375,9.375,46700
1993-04-22 16:00:00-04:00,0.0,9.5,9.375,9.375,34100
1993-04-23 16:00:00-04:00,0.0,9.5,9.375,9.5,26700
1993-04-26 16:00:00-04:00,0.0,9.625,9.375,9.5,46800
1993-04-27 16:00:00-04:00,0.0,9.625,9.375,9.5,20100
1993-04-28 16:00:00-04:00,0.0,9.625,9.5,9.5,22200
1993-04-29 16:00:00-04:00,0.0,9.625,9.5,9.625,20400
1993-04-30 16:00:00-04:00,0.0,9.625,9.5,9.625,19700
1993-05-03 16:00:00-04:00,0.0,9.625,9.5,9.5,15900
1993-05-04 16:00:00-04:00,0.0,9.625,9.5,9.625,24300
1993-05-05 16:00:00-04:00,0.0,9.625,9.375,9.625,24200
1993-05-06 16:00:00-04:00,0.0,9.625,9.5,9.625,26900
1993-05-07 16:00:00-04:00,0.0,9.625,9.375,9.375,29100
1993-05-10 16:00:00-04:00,0.0,9.5,9.375,9.5,18900
1993-05-11 16:00:00-04:00,0.0,9.5,9.375,9.375,20700
1993-05-12 16:00:00-04:00,0.0,9.625,9.375,9.625,32000
1993-05-13 16:00:00-04:00,0.0,9.625,9.5,9.625,18200
1993-05-14 16:00:00-04:00,0.0,9.625,9.5,9.625,23400
1993-05-17 16:00:00-04:00,0.0,9.625,9.5,9.625,38700
1993-05-18 16:00:00-04:00,0.0,9.625,9.5,9.625,26500
1993-05-19 16:00:00-04:00,0.0,9.625,9.375,9.375,56500
1993-05-20 16:00:00-04:00,0.0,9.5,9.375,9.5,6300
1993-05-21 16:00:00-04:00,0.0,9.625,9.375,9.5,20000
1993-05-24 16:00:00-04:00,0.0,9.5,9.375,9.5,31400
1993-05-25 16:00:00-04:00,0.0,9.5,9.375,9.375,45800
1993-05-26 16:00:00-04:00,0.0,9.5,9.375,9.5,23200
1993-05-27 16:00:00-04:00,0.0,9.5,9.375,9.5,23100
1993-05-28 16:00:00-04:00,0.0,9.5,9.375,9.5,15800
1993-06-01 16:00:00-04:00,0.0,9.5,9.375,9.375,59900
1993-06-02 16:00:00-04:00,0.0,9.5,9.375,9.375,38000
1993-06-03 16:00:00-04:00,0.0,9.5,9.375,9.375,21200
1993-06-04 16:00:00-04:00,0.0,9.625,9.375,9.625,28300
1993-06-07 16:00:00-04:00,0.0,9.625,9.375,9.5,19600
1993-06-08 16:00:00-04:00,0.0,9.625,9.5,9.625,12800
1993-06-09 16:00:00-04:00,0.0,9.5,9.375,9.5,19000
1993-06-10 16:00:00-04:00,0.0,9.5,9.375,9.5,22600
1993-06-11 16:00:00-04:00,0.0,9.5,9.375,9.5,11700
1993-06-14 16:00:00-04:00,0.0,9.625,9.375,9.625,15200
1993-06-15 16:00:00-04:00,0.0,9.625,9.375,9.625,32700
1993-06-16 16:00:00-04:00,0.0,9.625,9.5,9.5,23900
1993-06-17 16:00:00-04:00,0.0,9.625,9.5,9.5,16500
1993-06-18 16:00:00-04:00,0.0,9.625,9.5,9.5,27700
1993-06-21 16:00:00-04:00,0.0,9.625,9.5,9.625,6000
1993-06-22 16:00:00-04:00,0.0,9.625,9.5,9.5,67300
1993-06-23 16:00:00-04:00,0.0,9.625,9.5,9.625,23500
1993-06-24 16:00:00-04:00,0.0,9.625,9.5,9.5,10500
1993-06-25 16:00:00-04:00,0.0,9.625,9.5,9.625,13300
1993-06-28 16:00:00-04:00,0.0,9.75,9.5,9.75,47400
1993-06-29 16:00:00-04:00,0.0,9.75,9.625,9.625,24900
1993-06-30 16:00:00-04:00,0.0,9.75,9.5,9.75,16600
1993-07-01 16:00:00-04:00,0.0,9.75,9.625,9.75,23700
1993-07-02 16:00:00-04:00,0.0,9.75,9.5,9.625,37900
1993-07-06 16:00:00-04:00,0.0,9.75,9.625,9.625,20800
1993-07-07 16:00:00-04:00,0.0,9.75,9.625,9.75,29900
1993-07-08 16:00:00-04:00,0.0,9.875,9.625,9.875,63600
1993-07-09 16:00:00-04:00,0.0,9.875,9.75,9.875,37800
1993-07-12 16:00:00-04:00,0.0,9.875,9.75,9.875,68100
1993-07-13 16:00:00-04:00,0.0,9.875,9.75,9.75,38500
1993-07-14 16:00:00-04:00,0.0,9.875,9.625,9.75,22200
1993-07-15 16:00:00-04:00,0.0,9.875,9.75,9.75,26300
1993-07-16 16:00:00-04:00,0.0,9.875,9.75,9.875,19000
1993-07-19 16:00:00-04:00,0.0,9.875,9.75,9.75,10900
1993-07-20 16:00:00-04:00,0.0,9.875,9.75,9.75,15800
1993-07-21 16:00:00-04:00,0.0,9.875,9.75,9.75,31500
1993-07-22 16:00:00-04:00,0.0,9.875,9.75,9.75,12200
1993-07-23 16:00:00-04:00,0.0,9.875,9.75,9.75,6800
1993-07-26 16:00:00-04:00,0.0,9.875,9.75,9.875,35200
1993-07-27 16:00:00-04:00,0.0,9.875,9.75,9.875,18900
1993-07-28 16:00:00-04:00,0.0,9.875,9.75,9.75,25500
1993-07-29 16:00:00-04:00,0.0,9.875,9.75,9.875,23800
1993-07-30 16:00:00-04:00,0.0,9.875,9.75,9.75,22900
1993-08-02 16:00:00-04:00,0.0,9.875,9.75,9.875,13200
1993-08-03 16:00:00-04:00,0.0,9.875,9.75,9.875,23000
1993-08-04 16:00:00-04:00,0.0,9.875,9.75,9.875,20900
1993-08-05 16:00:00-04:00,0.0,9.875,9.75,9.875,12600
1993-08-06 16:00:00-04:00,0.0,9.875,9.75,9.875,20200
1993-08-09 16:00:00-04:00,0.0,9.875,9.75,9.75,82200
1993-08-10 16:00:00-04:00,0.0,9.875,9.625,9.75,65100
1993-08-11 16:00:00-04:00,0.0,9.875,9.75,9.75,20700
1993-08-12 16:00:00-04:00,0.0,9.875,9.75,9.75,24400
1993-08-13 16:00:00-04:00,0.0,9.875,9.75,9.875,39200
1993-08-16 16:00:00-04:00,0.0,9.875,9.75,9.75,47500
1993-08-17 16:00:00-04:00,0.0,9.875,9.75,9.875,42500
1993-08-18 16:00:00-04:00,0.0,9.875,9.75,9.75,23000
1993-08-19 16:00:00-04:00,0.0,9.875,9.75,9.875,54600
1993-08-20 16:00:00-04:00,0.0,9.875,9.75,9.875,22600
1993-08-23 16:00:00-04:00,0.0,10.0,9.75,9.875,56200
1993-08-24 16:00:00-04:00,0.0,9.875,9.875,9.875,20500
1993-08-25 16:00:00-04:00,0.0,10.0,9.875,10.0,17700
1993-08-26 16:00:00-04:00,0.0,10.0,9.875,10.0,10600
1993-08-27 16:00:00-04:00,0.0,10.0,9.875,9.875,35000
1993-08-30 16:00:00-04:00,0.0,10.0,9.875,9.875,28700
1993-08-31 16:00:00-04:00,0.0,10.0,9.875,9.875,20600
1993-09-01 16:00:00-04:00,0.0,10.0,9.75,9.875,34300
1993-09-02 16:00:00-04:00,0.0,10.0,9.75,9.75,59800
1993-09-03 16:00:00-04:00,0.0,9.875,9.625,9.75,57900
1993-09-07 16:00:00-04:00,0.0,9.75,9.625,9.75,27100
1993-09-08 16:00:00-04:00,0.0,9.875,9.625,9.75,27700
1993-09-09 16:00:00-04:00,0.0,9.75,9.625,9.625,21300
1993-09-10 16:00:00-04:00,0.0,9.75,9.625,9.625,24000
1993-09-13 16:00:00-04:00,0.0,9.75,9.625,9.75,20500
1993-09-14 16:00:00-04:00,0.0,9.75,9.625,9.75,49500
1993-09-15 16:00:00-04:00,0.0,9.75,9.625,9.625,50000
1993-09-16 16:00:00-04:00,0.0,9.875,9.75,9.875,43600
1993-09-17 16:00:00-04:00,0.0,9.875,9.75,9.75,28700
1993-09-20 16:00:00-04:00,0.0,9.875,9.75,9.75,23000
1993-09-21 16:00:00-04:00,0.0,9.875,9.75,9.75,70900
1993-09-22 16:00:00-04:00,0.0,10.0,9.75,9.875,71300
1993-09-23 16:00:00-04:00,0.0,10.0,9.875,9.875,19400
1993-09-24 16:00:00-04:00,0.0,10.0,9.875,10.0,11800
1993-09-27 16:00:00-04:00,0.0,10.0,9.75,10.0,18600
1993-09-28 16:00:00-04:00,0.0,10.0,9.75,9.875,38500
1993-09-29 16:00:00-04:00,0.0,10.0,9.75,9.875,23100
1993-09-30 16:00:00-04:00,0.0,9.875,9.75,9.75,26100
1993-10-01 16:00:00-04:00,0.0,9.875,9.75,9.875,11100
1993-10-04 16:00:00-04:00,0.0,10.0,9.75,10.0,11000
1993-10-05 16:00:00-04:00,0.0,10.0,9.875,9.875,47900
1993-10-06 16:00:00-04:00,0.0,10.0,9.875,10.0,18400
1993-10-07 16:00:00-04:00,0.0,10.0,9.875,9.875,45000
1993-10-08 16:00:00-04:00,0.0,10.0,9.875,10.0,12600
1993-10-11 16:00:00-04:00,0.0,10.0,9.875,10.0,24300
1993-10-12 16:00:00-04:00,0.0,10.0,9.875,10.0,31300
1993-10-13 16:00:00-04:00,0.0,10.0,9.875,10.0,32500
1993-10-14 16:00:00-04:00,0.0,10.0,9.875,9.875,28900
1993-10-15 16:00:00-04:00,0.0,10.0,9.875,9.875,20500
1993-10-18 16:00:00-04:00,0.0,10.0,9.875,9.875,10300
1993-10-19 16:00:00-04:00,0.0,10.0,9.875,10.0,55400
1993-10-20 16:00:00-04:00,0.0,10.0,9.875,9.875,9400
1993-10-21 16:00:00-04:00,0.0,10.0,9.875,10.0,55600
1993-10-22 16:00:00-04:00,0.0,10.0,9.875,10.0,8600
1993-10-25 16:00:00-04:00,0.0,10.0,9.875,9.875,31100
1993-10-26 16:00:00-04:00,0.0,10.0,9.875,9.875,29900
1993-10-27 16:00:00-04:00,0.0,10.0,9.875,9.875,22200
1993-10-28 16:00:00-04:00,0.0,10.0,9.875,10.0,20800
1993-10-29 16:00:00-04:00,0.0,10.0,9.875,10.0,24800
1993-11-01 16:00:00-05:00,0.0,10.0,9.875,10.0,51900
1993-11-02 16:00:00-05:00,0.0,10.0,9.875,9.875,35800
1993-11-03 16:00:00-05:00,0.0,10.0,9.875,9.875,10400
1993-11-04 16:00:00-05:00,0.0,10.0,9.875,9.875,30300
1993-11-05 16:00:00-05:00,0.0,10.0,9.875,9.875,51700
1993-11-08 16:00:00-05:00,0.0,9.875,9.75,9.75,22900
1993-11-09 16:00:00-05:00,0.0,9.875,9.75,9.875,42400
1993-11-10 16:00:00-05:00,0.0,10.0,9.75,9.875,22400
1993-11-11 16:00:00-05:00,0.0,10.0,9.75,9.75,13300
1993-11-12 16:00:00-05:00,0.0,10.0,9.75,9.875,23000
1993-11-15 16:00:00-05:00,0.0,10.0,9.75,9.875,18300
1993-11-16 16:00:00-05:00,0.0,10.0,9.75,9.75,27800
1993-11-17 16:00:00-05:00,0.0,9.875,9.75,9.75,13700
1993-11-18 16:00:00-05:00,0.0,9.875,9.75,9.75,20500
1993-11-19 16:00:00-05:00,0.0,9.875,9.625,9.75,42100
1993-11-22 16:00:00-05:00,0.0,9.75,9.625,9.625,20500
1993-11-23 16:00:00-05:00,0.0,9.75,9.625,9.625,26300
1993-11-24 16:00:00-05:00,0.0,9.75,9.625,9.75,25800
1993-11-26 16:00:00-05:00,0.0,9.625,9.625,9.625,13700
1993-11-29 16:00:00-05:00,0.0,9.625,9.5,9.5,34600
1993-11-30 16:00:00-05:00,0.0,9.625,9.5,9.5,20700
1993-12-01 16:00:00-05:00,0.0,9.625,9.375,9.625,49100
1993-12-02 16:00:00-05:00,0.0,9.625,9.5,9.625,11000
1993-12-03 16:00:00-05:00,0.0,9.625,9.5,9.5,27200
1993-12-06 16:00:00-05:00,0.0,9.625,9.5,9.5,26600
1993-12-07 16:00:00-05:00,0.0,9.75,9.625,9.625,35200
1993-12-08 16:00:00-05:00,0.0,9.75,9.625,9.625,25000
1993-12-09 16:00:00-05:00,0.0,9.75,9.5,9.75,28400
1993-12-10 16:00:00-05:00,0.0,9.75,9.625,9.625,31600
1993-12-13 16:00:00-05:00,0.0,9.75,9.625,9.625,8000
1993-12-14 16:00:00-05:00,0.0,9.75,9.5,9.625,45100
1993-12-15 16:00:00-05:00,0.0,9.75,9.5,9.5,29500
1993-12-16 16:00:00-05:00,0.0,9.625,9.5,9.625,14000
1993-12-17 16:00:00-05:00,0.0,9.625,9.5,9.5,18300
1993-12-20 16:00:00-05:00,0.0,9.625,9.5,9.5,26800
1993-12-21 16:00:00-05:00,0.0,9.625,9.5,9.5,13900
1993-12-22 16:00:00-05:00,0.0,9.625,9.5,9.5,51400
1993-12-23 16:00:00-05:00,0.0,9.625,9.5,9.5,12700
1993-12-27 16:00:00-05:00,0.0,9.625,9.5,9.5,10000
1993-12-28 16:00:00-05:00,0.0,9.625,9.5,9.625,30500
1993-12-29 16:00:00-05:00,0.0,9.625,9.5,9.625,18600
1993-12-30 16:00:00-05:00,0.0,9.625,9.5,9.5,9200
1993-12-31 16:00:00-05:00,0.0,9.625,9.5,9.5,25000
1994-01-03 16:00:00-05:00,0.0,9.75,9.5,9.75,16700
1994-01-04 16:00:00-05:00,0.0,9.75,9.625,9.625,19300
1994-01-05 16:00:00-05:00,0.0,9.75,9.625,9.625,17200
1994-01-06 16:00:00-05:00,0.0,9.75,9.625,9.75,17500
1994-01-07 16:00:00-05:00,0.0,9.75,9.625,9.75,24000
1994-01-10 16:00:00-05:00,0.0,9.75,9.625,9.75,28600
1994-01-11 16:00:00-05:00,0.0,9.875,9.625,9.875,24600
1994-01-12 16:00:00-05:00,0.0,9.75,9.625,9.75,23300
1994-01-13 16:00:00-05:00,0.0,9.875,9.75,9.75,29300
1994-01-14 16:00:00-05:00,0.0,9.875,9.75,9.875,23400
1994-01-17 16:00:00-05:00,0.0,9.875,9.75,9.75,23400
1994-01-18 16:00:00-05:00,0.0,9.875,9.75,9.75,32300
1994-01-19 16:00:00-05:00,0.0,9.875,9.75,9.875,20500
1994-01-20 16:00:00-05:00,0.0,9.875,9.75,9.75,37000
1994-01-21 16:00:00-05:00,0.0,9.875,9.75,9.875,41100
1994-01-24 16:00:00-05:00,0.0,9.875,9.75,9.75,13300
1994-01-25 16:00:00-05:00,0.0,9.875,9.75,9.75,15700
1994-01-26 16:00:00-05:00,0.0,9.875,9.75,9.875,24400
1994-01-27 16:00:00-05:00,0.0,9.875,9.75,9.75,17500
1994-01-28 16:00:00-05:00,0.0,9.875,9.75,9.75,16300
1994-01-31 16:00:00-05:00,0.0,9.875,9.75,9.875,16400
1994-02-01 16:00:00-05:00,0.0,9.875,9.75,9.875,25200
1994-02-02 16:00:00-05:00,0.0,10.0,9.875,10.0,47200
1994-02-03 16:00:00-05:00,0.0,10.0,9.875,9.875,32900
1994-02-04 16:00:00-05:00,0.0,10.0,9.875,9.875,34600
1994-02-07 16:00:00-05:00,0.0,10.0,9.75,9.875,28000
1994-02-08 16:00:00-05:00,0.0,10.0,9.875,9.875,20000
1994-02-09 16:00:00-05:00,0.0,9.875,9.75,9.75,34300
1994-02-10 16:00:00-05:00,0.0,9.875,9.75,9.75,19300
1994-02-11 16:00:00-05:00,0.0,9.875,9.75,9.75,20100
1994-02-14 16:00:00-05:00,0.0,9.875,9.75,9.875,18000
1994-02-15 16:00:00-05:00,0.0,9.875,9.75,9.75,14600
1994-02-16 16:00:00-05:00,0.0,9.875,9.75,9.75,14000
1994-02-17 16:00:00-05:00,0.0,9.875,9.75,9.75,24100
1994-02-18 16:00:00-05:00,0.0,9.875,9.75,9.875,28700
1994-02-22 16:00:00-05:00,0.0,9.875,9.75,9.875,25500
1994-02-23 16:00:00-05:00,0.0,9.875,9.75,9.75,25000
1994-02-24 16:00:00-05:00,0.0,9.875,9.75,9.75,19500
1994-02-25 16:00:00-05:00,0.0,9.875,9.625,9.625,38000
1994-02-28 16:00:00-05:00,0.0,9.75,9.625,9.75,18500
1994-03-01 16:00:00-05:00,0.0,9.875,9.625,9.625,15900
1994-03-02 16:00:00-05:00,0.0,9.75,9.625,9.625,29500
1994-03-03 16:00:00-05:00,0.0,9.75,9.625,9.75,24500
1994-03-04 16:00:00-05:00,0.0,9.875,9.625,9.625,17900
1994-03-07 16:00:00-05:00,0.0,9.875,9.625,9.875,15200
1994-03-08 16:00:00-05:00,0.0,9.875,9.625,9.875,25900
1994-03-09 16:00:00-05:00,0.0,9.75,9.625,9.625,31900
1994-03-10 16:00:00-05:00,0.0,9.75,9.375,9.375,47500
1994-03-11 16:00:00-05:00,0.0,9.5,9.375,9.375,29000
1994-03-14 16:00:00-05:00,0.0,9.5,9.375,9.375,33600
1994-03-15 16:00:00-05:00,0.0,9.5,9.375,9.5,33800
1994-03-16 16:00:00-05:00,0.0,9.5,9.375,9.5,19100
1994-03-17 16:00:00-05:00,0.0,9.5,9.375,9.5,24800
1994-03-18 16:00:00-05:00,0.0,9.5,9.375,9.375,25100
1994-03-21 16:00:00-05:00,0.0,9.5,9.25,9.375,49500
1994-03-22 16:00:00-05:00,0.0,9.375,9.25,9.25,41100
1994-03-23 16:00:00-05:00,0.0,9.375,9.25,9.375,32900
1994-03-24 16:00:00-05:00,0.0,9.25,9.0,9.0,52000
1994-03-25 16:00:00-05:00,0.0,9.125,9.0,9.125,13900
1994-03-28 16:00:00-05:00,0.0,9.125,9.0,9.125,15900
1994-03-29 16:00:00-05:00,0.0,9.25,9.0,9.0,22000
1994-03-30 16:00:00-05:00,0.0,9.125,9.0,9.125,30900
1994-03-31 16:00:00-05:00,0.0,9.125,9.0,9.0,34500
1994-04-04 16:00:00-04:00,0.0,9.125,9.0,9.0,34600
1994-04-05 16:00:00-04:00,0.0,9.375,9.0,9.25,43700
1994-04-06 16:00:00-04:00,0.0,9.375,9.125,9.125,42700
1994-04-07 16:00:00-04:00,0.0,9.25,9.125,9.125,33400
1994-04-08 16:00:00-04:00,0.0,9.125,9.0,9.125,28600
1994-04-11 16:00:00-04:00,0.0,9.125,9.0,9.0,14400
1994-04-12 16:00:00-04:00,0.0,9.125,9.0,9.0,11600
1994-04-13 16:00:00-04:00,0.0,9.125,9.0,9.0,24600
1994-04-14 16:00:00-04:00,0.0,9.125,9.0,9.0,16600
1994-04-15 16:00:00-04:00,0.0,9.25,9.0,9.125,19600
1994-04-18 16:00:00-04:00,0.0,9.25,9.0,9.0,11000
1994-04-19 16:00:00-04:00,0.0,9.25,9.0,9.125,18000
1994-04-20 16:00:00-04:00,0.0,9.25,9.125,9.125,12000
1994-04-21 16:00:00-04:00,0.0,9.25,9.125,9.125,20500
1994-04-22 16:00:00-04:00,0.0,9.25,9.0,9.125,14900
1994-04-25 16:00:00-04:00,0.0,9.25,9.125,9.25,10500
1994-04-26 16:00:00-04:00,0.0,9.25,9.125,9.125,16300
1994-04-28 16:00:00-04:00,0.0,9.25,9.125,9.125,11800
1994-04-29 16:00:00-04:00,0.0,9.25,9.125,9.125,13300
1994-05-02 16:00:00-04:00,0.0,9.375,9.125,9.25,22500
1994-05-03 16:00:00-04:00,0.0,9.375,9.25,9.375,11700
1994-05-04 16:00:00-04:00,0.0,9.375,9.25,9.25,26900
1994-05-05 16:00:00-04:00,0.0,9.375,9.25,9.375,26500
1994-05-06 16:00:00-04:00,0.0,9.375,9.25,9.375,35500
1994-05-09 16:00:00-04:00,0.0,9.375,9.25,9.375,13900
1994-05-10 16:00:00-04:00,0.0,9.375,9.25,9.375,24600
1994-05-11 16:00:00-04:00,0.0,9.375,9.25,9.25,29400
1994-05-12 16:00:00-04:00,0.0,9.375,9.125,9.125,21500
1994-05-13 16:00:00-04:00,0.0,9.25,9.125,9.125,16100
1994-05-16 16:00:00-04:00,0.0,9.25,9.125,9.125,26200
1994-05-17 16:00:00-04:00,0.0,9.375,9.125,9.125,37300
1994-05-18 16:00:00-04:00,0.0,9.375,9.125,9.25,31300
1994-05-19 16:00:00-04:00,0.0,9.25,9.125,9.125,20900
1994-05-20 16:00:00-04:00,0.0,9.25,9.125,9.25,24200
1994-05-23 16:00:00-04:00,0.0,9.375,9.125,9.25,50300
1994-05-24 16:00:00-04:00,0.0,9.25,9.125,9.125,17800
1994-05-25 16:00:00-04:00,0.0,9.25,9.125,9.125,41800
1994-05-26 16:00:00-04:00,0.0,9.375,9.125,9.25,35400
1994-05-27 16:00:00-04:00,0.0,9.5,9.25,9.25,18200
1994-05-31 16:00:00-04:00,0.0,9.625,9.375,9.5,51500
1994-06-01 16:00:00-04:00,0.0,9.625,9.375,9.375,20200
1994-06-02 16:00:00-04:00,0.0,9.625,9.375,9.5,31700
1994-06-03 16:00:00-04:00,0.0,9.625,9.5,9.625,5600
1994-06-06 16:00:00-04:00,0.0,9.75,9.5,9.625,32700
1994-06-07 16:00:00-04:00,0.0,9.75,9.625,9.75,19800
1994-06-08 16:00:00-04:00,0.0,9.75,9.625,9.625,33900
1994-06-09 16:00:00-04:00,0.0,9.75,9.625,9.625,32500
1994-06-10 16:00:00-04:00,0.0,9.75,9.5,9.5,16900
1994-06-13 16:00:00-04:00,0.0,9.625,9.5,9.5,15100
1994-06-14 16:00:00-04:00,0.0,9.625,9.5,9.625,19200
1994-06-15 16:00:00-04:00,0.0,9.625,9.5,9.625,56600
1994-06-16 16:00:00-04:00,0.0,9.75,9.625,9.75,22100
1994-06-17 16:00:00-04:00,0.0,9.75,9.625,9.75,27300
1994-06-20 16:00:00-04:00,0.0,9.75,9.625,9.625,17800
1994-06-21 16:00:00-04:00,0.0,9.75,9.625,9.75,25100
1994-06-22 16:00:00-04:00,0.0,9.75,9.625,9.75,12500
1994-06-23 16:00:00-04:00,0.0,9.75,9.5,9.5,31900
1994-06-24 16:00:00-04:00,0.0,9.75,9.5,9.625,28700
1994-06-27 16:00:00-04:00,0.0,9.625,9.5,9.5,23900
1994-06-28 16:00:00-04:00,0.0,9.75,9.5,9.75,18900
1994-06-29 16:00:00-04:00,0.0,9.625,9.625,9.625,6900
1994-06-30 16:00:00-04:00,0.0,9.75,9.5,9.5,17500
1994-07-01 16:00:00-04:00,0.0,9.75,9.5,9.75,29500
1994-07-05 16:00:00-04:00,0.0,9.75,9.5,9.75,55100
1994-07-06 16:00:00-04:00,0.0,9.75,9.625,9.75,15000
1994-07-07 16:00:00-04:00,0.0,9.75,9.625,9.625,11700
1994-07-08 16:00:00-04:00,0.0,9.75,9.625,9.75,26800
1994-07-11 16:00:00-04:00,0.0,9.75,9.625,9.75,27500
1994-07-12 16:00:00-04:00,0.0,9.75,9.625,9.75,17700
1994-07-13 16:00:00-04:00,0.0,9.75,9.625,9.625,36100
1994-07-14 16:00:00-04:00,0.0,9.75,9.625,9.75,32800
1994-07-15 16:00:00-04:00,0.0,9.875,9.75,9.75,18800
1994-07-18 16:00:00-04:00,0.0,9.875,9.625,9.625,23900
1994-07-19 16:00:00-04:00,0.0,9.875,9.625,9.75,27500
1994-07-20 16:00:00-04:00,0.0,9.75,9.625,9.625,19700
1994-07-21 16:00:00-04:00,0.0,9.75,9.625,9.625,13200
1994-07-22 16:00:00-04:00,0.0,9.75,9.625,9.75,27600
1994-07-25 16:00:00-04:00,0.0,9.75,9.625,9.625,15700
1994-07-26 16:00:00-04:00,0.0,9.75,9.625,9.75,7600
1994-07-27 16:00:00-04:00,0.0,9.75,9.625,9.625,50600
1994-07-28 16:00:00-04:00,0.0,9.75,9.5,9.5,15100
1994-07-29 16:00:00-04:00,0.0,9.75,9.5,9.5,28900
1994-08-01 16:00:00-04:00,0.0,9.75,9.625,9.75,9700
1994-08-02 16:00:00-04:00,0.0,9.75,9.625,9.75,40500
1994-08-03 16:00:00-04:00,0.0,9.75,9.625,9.75,22900
1994-08-04 16:00:00-04:00,0.0,9.75,9.625,9.75,11600
1994-08-05 16:00:00-04:00,0.0,9.75,9.625,9.625,13700
1994-08-08 16:00:00-04:00,0.0,9.75,9.625,9.75,21900
1994-08-09 16:00:00-04:00,0.0,9.75,9.625,9.75,19800
1994-08-10 16:00:00-04:00,0.0,9.625,9.5,9.5,23200
1994-08-11 16:00:00-04:00,0.0,9.625,9.375,9.375,58200
1994-08-12 16:00:00-04:00,0.0,9.625,9.5,9.5,18900
1994-08-15 16:00:00-04:00,0.0,9.625,9.375,9.375,21600
1994-08-16 16:00:00-04:00,0.0,9.5,9.375,9.5,14500
1994-08-17 16:00:00-04:00,0.0,9.5,9.375,9.375,30900
1994-08-18 16:00:00-04:00,0.0,9.5,9.375,9.5,21500
1994-08-19 16:00:00-04:00,0.0,9.625,9.375,9.5,11100
1994-08-22 16:00:00-04:00,0.0,9.5,9.375,9.5,16700
1994-08-23 16:00:00-04:00,0.0,9.5,9.375,9.375,27700
1994-08-24 16:00:00-04:00,0.0,9.5,9.375,9.5,26600
1994-08-25 16:00:00-04:00,0.0,9.5,9.375,9.5,25300
1994-08-26 16:00:00-04:00,0.0,9.5,9.375,9.5,19600
1994-08-29 16:00:00-04:00,0.0,9.625,9.375,9.625,16200
1994-08-30 16:00:00-04:00,0.0,9.625,9.5,9.5,16500
1994-08-31 16:00:00-04:00,0.0,9.625,9.5,9.625,12000
1994-09-01 16:00:00-04:00,0.0,9.625,9.5,9.625,17100
1994-09-02 16:00:00-04:00,0.0,9.75,9.5,9.5,34800
1994-09-06 16:00:00-04:00,0.0,9.625,9.5,9.625,7600
1994-09-07 16:00:00-04:00,0.0,9.75,9.625,9.75,10200
1994-09-08 16:00:00-04:00,0.0,9.75,9.5,9.625,28200
1994-09-09 16:00:00-04:00,0.0,9.625,9.375,9.375,27500
1994-09-12 16:00:00-04:00,0.0,9.625,9.375,9.375,16700
1994-09-13 16:00:00-04:00,0.0,9.5,9.375,9.375,30700
1994-09-14 16:00:00-04:00,0.0,9.5,9.375,9.375,19200
1994-09-15 16:00:00-04:00,0.0,9.4375,9.375,9.375,11100
1994-09-16 16:00:00-04:00,0.0,9.5,9.375,9.5,19400
1994-09-19 16:00:00-04:00,0.0,9.5,9.375,9.5,47500
1994-09-20 16:00:00-04:00,0.0,9.5,9.375,9.375,25000
1994-09-21 16:00:00-04:00,0.0,9.5,9.25,9.25,10800
1994-09-22 16:00:00-04:00,0.0,9.375,9.25,9.375,20400
1994-09-23 16:00:00-04:00,0.0,9.375,9.25,9.375,20900
1994-09-26 16:00:00-04:00,0.0,9.375,9.25,9.25,11500
1994-09-27 16:00:00-04:00,0.0,9.375,9.25,9.25,29800
1994-09-28 16:00:00-04:00,0.0,9.375,9.25,9.25,27000
1994-09-29 16:00:00-04:00,0.0,9.375,9.25,9.25,17200
1994-09-30 16:00:00-04:00,0.0,9.25,9.125,9.125,17200
1994-10-03 16:00:00-04:00,0.0,9.25,9.125,9.25,18300
1994-10-04 16:00:00-04:00,0.0,9.25,9.125,9.125,19600
1994-10-05 16:00:00-04:00,0.0,9.125,9.0,9.125,73300
1994-10-06 16:00:00-04:00,0.0,9.125,9.0,9.0,23400
1994-10-07 16:00:00-04:00,0.0,9.125,9.0,9.125,6100
1994-10-10 16:00:00-04:00,0.0,9.25,9.0,9.125,26500
1994-10-11 16:00:00-04:00,0.0,9.25,9.0,9.125,23700
1994-10-12 16:00:00-04:00,0.0,9.25,9.125,9.25,8600
1994-10-13 16:00:00-04:00,0.0,9.25,9.125,9.125,29700
1994-10-14 16:00:00-04:00,0.0,9.25,9.125,9.125,33500
1994-10-17 16:00:00-04:00,0.0,9.25,9.125,9.125,13000
1994-10-18 16:00:00-04:00,0.0,9.25,9.0,9.0,43100
1994-10-19 16:00:00-04:00,0.0,9.25,9.0,9.125,18500
1994-10-20 16:00:00-04:00,0.0,9.25,9.0,9.0,36600
1994-10-21 16:00:00-04:00,0.0,9.125,9.0,9.0,13200
1994-10-24 16:00:00-04:00,0.0,9.125,9.0,9.125,45500
1994-10-25 16:00:00-04:00,0.0,9.25,9.125,9.25,13900
1994-10-26 16:00:00-04:00,0.0,9.25,9.125,9.25,11400
1994-10-27 16:00:00-04:00,0.0,9.25,9.125,9.125,25800
1994-10-28 16:00:00-04:00,0.0,9.25,9.125,9.125,25000
1994-10-31 16:00:00-05:00,0.0,9.25,9.125,9.125,21700
1994-11-01 16:00:00-05:00,0.0,9.25,9.125,9.125,39100
1994-11-02 16:00:00-05:00,0.0,9.25,9.0,9.125,19900
1994-11-03 16:00:00-05:00,0.0,9.125,9.0,9.125,29000
1994-11-04 16:00:00-05:00,0.0,9.125,9.0,9.0,21600
1994-11-07 16:00:00-05:00,0.0,9.125,8.875,8.875,83200
1994-11-08 16:00:00-05:00,0.0,8.875,8.625,8.75,31500
1994-11-09 16:00:00-05:00,0.0,8.875,8.75,8.875,51600
1994-11-10 16:00:00-05:00,0.0,8.875,8.625,8.625,69000
1994-11-11 16:00:00-05:00,0.0,8.875,8.5,8.625,36100
1994-11-14 16:00:00-05:00,0.0,8.75,8.625,8.75,28900
1994-11-15 16:00:00-05:00,0.0,9.0,8.75,9.0,72600
1994-11-16 16:00:00-05:00,0.0,9.0,8.75,8.75,47600
1994-11-17 16:00:00-05:00,0.0,8.875,8.75,8.875,72300
1994-11-18 16:00:00-05:00,0.0,8.875,8.75,8.875,31300
1994-11-21 16:00:00-05:00,0.0,8.75,8.5,8.5,87600
1994-11-22 16:00:00-05:00,0.0,8.625,8.375,8.375,119700
1994-11-23 16:00:00-05:00,0.0,8.75,8.5,8.75,68200
1994-11-25 16:00:00-05:00,0.0,8.75,8.625,8.75,22200
1994-11-28 16:00:00-05:00,0.0,9.0,8.8125,9.0,49300
1994-11-29 16:00:00-05:00,0.0,9.0,8.875,8.875,29300
1994-11-30 16:00:00-05:00,0.0,9.0,8.875,8.875,35200
1994-12-01 16:00:00-05:00,0.0,9.0,8.875,8.875,24700
1994-12-02 16:00:00-05:00,0.0,9.0,8.875,8.875,32600
1994-12-05 16:00:00-05:00,0.0,9.125,8.875,8.875,52800
1994-12-06 16:00:00-05:00,0.0,9.0,8.875,8.875,26800
1994-12-07 16:00:00-05:00,0.0,9.0,8.875,9.0,87700
1994-12-08 16:00:00-05:00,0.0,9.0,8.75,8.75,75900
1994-12-09 16:00:00-05:00,0.0,8.75,8.625,8.625,63900
1994-12-12 16:00:00-05:00,0.0,8.75,8.5,8.5,32700
1994-12-13 16:00:00-05:00,0.0,8.625,8.5,8.5,68700
1994-12-14 16:00:00-05:00,0.0,8.625,8.375,8.5,92300
1994-12-15 16:00:00-05:00,0.0,8.625,8.375,8.5,88000
1994-12-16 16:00:00-05:00,0.0,8.625,8.5,8.5,35700
1994-12-19 16:00:00-05:00,0.0,8.625,8.5,8.5,51500
1994-12-20 16:00:00-05:00,0.0,8.75,8.5,8.75,77500
1994-12-21 16:00:00-05:00,0.0,8.875,8.625,8.75,48700
1994-12-22 16:00:00-05:00,0.0,8.75,8.625,8.75,54300
1994-12-23 16:00:00-05:00,0.0,8.75,8.625,8.625,39800
1994-12-27 16:00:00-05:00,0.0,8.75,8.5,8.625,64900
1994-12-28 16:00:00-05:00,0.0,8.625,8.5,8.5,59600
1994-12-29 16:00:00-05:00,0.0,8.625,8.5,8.625,79700
1994-12-30 16:00:00-05:00,0.0,8.875,8.625,8.625,65800
1995-01-03 16:00:00-05:00,0.0,8.75,8.625,8.625,21700
1995-01-04 16:00:00-05:00,0.0,8.875,8.75,8.75,31900
1995-01-05 16:00:00-05:00,0.0,8.875,8.75,8.75,12700
1995-01-06 16:00:00-05:00,0.0,9.0,8.75,9.0,34000
1995-01-09 16:00:00-05:00,0.0,9.125,8.875,9.0,15700
1995-01-10 16:00:00-05:00,0.0,9.125,8.875,8.875,23100
1995-01-11 16:00:00-05:00,0.0,9.0,8.875,8.875,13500
1995-01-12 16:00:00-05:00,0.0,9.0,8.875,8.875,14700
1995-01-13 16:00:00-05:00,0.0,9.0,8.875,9.0,21400
1995-01-16 16:00:00-05:00,0.0,9.0,8.875,8.875,17000
1995-01-17 16:00:00-05:00,0.0,9.0,8.875,8.875,13500
1995-01-18 16:00:00-05:00,0.0,9.0,8.875,8.875,56300
1995-01-19 16:00:00-05:00,0.0,9.0,8.875,9.0,9000
1995-01-20 16:00:00-05:00,0.0,9.0,8.875,8.875,9800
1995-01-23 16:00:00-05:00,0.0,9.0,8.875,9.0,12600
1995-01-24 16:00:00-05:00,0.0,9.0,8.875,9.0,11900
1995-01-25 16:00:00-05:00,0.0,9.0,9.0,9.0,20400
1995-01-26 16:00:00-05:00,0.0,9.0,8.875,9.0,43400
1995-01-27 16:00:00-05:00,0.0,9.125,9.0,9.0,24500
1995-01-30 16:00:00-05:00,0.0,9.125,9.0,9.125,16500
1995-01-31 16:00:00-05:00,0.0,9.125,9.0,9.0,15800
1995-02-01 16:00:00-05:00,0.0,9.125,9.0,9.0,20400
1995-02-02 16:00:00-05:00,0.0,9.25,9.0,9.25,26900
1995-02-03 16:00:00-05:00,0.0,9.375,9.125,9.375,41500
1995-02-06 16:00:00-05:00,0.0,9.375,9.25,9.375,34600
1995-02-07 16:00:00-05:00,0.0,9.375,9.25,9.375,11900
1995-02-08 16:00:00-05:00,0.0,9.5,9.25,9.5,31200
1995-02-09 16:00:00-05:00,0.0,9.5,9.25,9.375,21700
1995-02-10 16:00:00-05:00,0.0,9.5,9.375,9.5,42800
1995-02-13 16:00:00-05:00,0.0,9.5,9.375,9.375,29100
1995-02-14 16:00:00-05:00,0.0,9.5,9.375,9.375,16700
1995-02-15 16:00:00-05:00,0.0,9.5,9.375,9.5,26900
1995-02-16 16:00:00-05:00,0.0,9.5,9.375,9.375,38900
1995-02-17 16:00:00-05:00,0.0,9.375,9.25,9.375,37400
1995-02-21 16:00:00-05:00,0.0,9.5,9.25,9.375,22700
1995-02-22 16:00:00-05:00,0.0,9.5,9.25,9.375,22700
1995-02-23 16:00:00-05:00,0.0,9.5,9.25,9.5,22600
1995-02-24 16:00:00-05:00,0.0,9.5,9.375,9.5,24800
1995-02-27 16:00:00-05:00,0.0,9.5,9.375,9.5,38300
1995-02-28 16:00:00-05:00,0.0,9.5,9.25,9.25,25400
1995-03-01 16:00:00-05:00,0.0,9.5,9.25,9.25,62500
1995-03-02 16:00:00-05:00,0.0,9.375,9.25,9.375,46000
1995-03-03 16:00:00-05:00,0.0,9.375,9.25,9.25,7800
1995-03-06 16:00:00-05:00,0.0,9.375,9.25,9.375,40700
1995-03-07 16:00:00-05:00,0.0,9.375,9.25,9.25,24900
1995-03-08 16:00:00-05:00,0.0,9.375,9.25,9.25,43700
1995-03-09 16:00:00-05:00,0.0,9.375,9.25,9.25,25600
1995-03-10 16:00:00-05:00,0.0,9.375,9.25,9.375,50800
1995-03-13 16:00:00-05:00,0.0,9.375,9.25,9.25,5800
1995-03-14 16:00:00-05:00,0.0,9.375,9.25,9.375,18200
1995-03-15 16:00:00-05:00,0.0,9.375,9.25,9.375,20100
1995-03-16 16:00:00-05:00,0.0,9.375,9.25,9.375,23000
1995-03-17 16:00:00-05:00,0.0,9.375,9.25,9.375,25700
1995-03-20 16:00:00-05:00,0.0,9.375,9.25,9.375,45000
1995-03-21 16:00:00-05:00,0.0,9.375,9.25,9.375,17600
1995-03-22 16:00:00-05:00,0.0,9.5,9.25,9.25,31000
1995-03-23 16:00:00-05:00,0.0,9.375,9.25,9.375,34200
1995-03-24 16:00:00-05:00,0.0,9.375,9.25,9.375,38400
1995-03-27 16:00:00-05:00,0.0,9.375,9.25,9.375,17000
1995-03-28 16:00:00-05:00,0.0,9.375,9.25,9.25,33300
1995-03-29 16:00:00-05:00,0.0,9.375,9.25,9.25,26100
1995-03-30 16:00:00-05:00,0.0,9.375,9.25,9.25,32600
1995-03-31 16:00:00-05:00,0.0,9.375,9.25,9.25,13700
1995-04-03 16:00:00-04:00,0.0,9.375,9.25,9.375,56000
1995-04-04 16:00:00-04:00,0.0,9.375,9.25,9.375,18900
1995-04-05 16:00:00-04:00,0.0,9.375,9.25,9.375,45500
1995-04-06 16:00:00-04:00,0.0,9.375,9.25,9.375,32000
1995-04-07 16:00:00-04:00,0.0,9.375,9.25,9.375,29800
1995-04-10 16:00:00-04:00,0.0,9.375,9.25,9.375,33100
1995-04-11 16:00:00-04:00,0.0,9.5,9.25,9.375,41100
1995-04-12 16:00:00-04:00,0.0,9.5,9.375,9.5,23000
1995-04-13 16:00:00-04:00,0.0,9.5,9.375,9.5,24200
1995-04-17 16:00:00-04:00,0.0,9.5,9.375,9.375,46000
1995-04-18 16:00:00-04:00,0.0,9.5,9.375,9.375,41300
1995-04-19 16:00:00-04:00,0.0,9.5,9.375,9.375,41900
1995-04-20 16:00:00-04:00,0.0,9.625,9.375,9.5,48400
1995-04-21 16:00:00-04:00,0.0,9.625,9.5,9.5,40100
1995-04-24 16:00:00-04:00,0.0,9.625,9.5,9.5,16500
1995-04-25 16:00:00-04:00,0.0,9.625,9.5,9.625,18700
1995-04-26 16:00:00-04:00,0.0,9.625,9.5,9.625,30500
1995-04-27 16:00:00-04:00,0.0,9.625,9.5,9.5,14000
1995-04-28 16:00:00-04:00,0.0,9.625,9.5,9.5,20600
1995-05-01 16:00:00-04:00,0.0,9.625,9.375,9.5,29900
1995-05-02 16:00:00-04:00,0.0,9.625,9.375,9.5,16500
1995-05-03 16:00:00-04:00,0.0,9.625,9.375,9.625,25500
1995-05-04 16:00:00-04:00,0.0,9.625,9.5,9.625,50700
1995-05-05 16:00:00-04:00,0.0,9.75,9.625,9.625,60200
1995-05-08 16:00:00-04:00,0.0,9.75,9.5,9.5,55000
1995-05-09 16:00:00-04:00,0.0,9.625,9.5,9.5,33200
1995-05-10 16:00:00-04:00,0.0,9.625,9.375,9.375,31500
1995-05-11 16:00:00-04:00,0.0,9.5,9.375,9.5,13600
1995-05-12 16:00:00-04:00,0.0,9.5,9.375,9.5,46800
1995-05-15 16:00:00-04:00,0.0,9.5,9.375,9.5,23200
1995-05-16 16:00:00-04:00,0.0,9.5,9.375,9.5,21900
1995-05-17 16:00:00-04:00,0.0,9.5,9.375,9.375,52000
1995-05-18 16:00:00-04:00,0.0,9.5,9.375,9.375,33900
1995-05-19 16:00:00-04:00,0.0,9.5,9.375,9.375,17700
1995-05-22 16:00:00-04:00,0.0,9.5,9.375,9.5,36500
1995-05-23 16:00:00-04:00,0.0,9.5,9.25,9.25,91900
1995-05-24 16:00:00-04:00,0.0,9.375,9.25,9.375,36700
1995-05-25 16:00:00-04:00,0.0,9.375,9.25,9.375,23300
1995-05-26 16:00:00-04:00,0.0,9.375,9.25,9.375,31500
1995-05-30 16:00:00-04:00,0.0,9.375,9.25,9.375,15000
1995-05-31 16:00:00-04:00,0.0,9.375,9.25,9.25,29200
1995-06-01 16:00:00-04:00,0.0,9.5,9.375,9.5,31600
1995-06-02 16:00:00-04:00,0.0,9.625,9.5,9.625,56600
1995-06-05 16:00:00-04:00,0.0,9.625,9.5,9.5,33800
1995-06-06 16:00:00-04:00,0.0,9.625,9.5,9.625,55100
1995-06-07 16:00:00-04:00,0.0,9.5,9.375,9.5,71900
1995-06-08 16:00:00-04:00,0.0,9.5,9.375,9.375,26900
1995-06-09 16:00:00-04:00,0.0,9.5,9.375,9.375,36700
1995-06-12 16:00:00-04:00,0.0,9.5,9.375,9.375,20900
1995-06-13 16:00:00-04:00,0.0,9.375,9.25,9.25,28900
1995-06-14 16:00:00-04:00,0.0,9.5,9.25,9.375,25300
1995-06-15 16:00:00-04:00,0.0,9.5,9.25,9.375,32100
1995-06-16 16:00:00-04:00,0.0,9.375,9.25,9.375,22300
1995-06-19 16:00:00-04:00,0.0,9.375,9.25,9.375,29000
1995-06-20 16:00:00-04:00,0.0,9.5,9.25,9.375,51000
1995-06-21 16:00:00-04:00,0.0,9.5,9.25,9.5,59500
1995-06-22 16:00:00-04:00,0.0,9.5,9.375,9.5,27900
1995-06-23 16:00:00-04:00,0.0,9.5,9.375,9.375,21600
1995-06-26 16:00:00-04:00,0.0,9.5,9.375,9.375,21800
1995-06-27 16:00:00-04:00,0.0,9.5,9.375,9.5,48800
1995-06-28 16:00:00-04:00,0.0,9.5,9.375,9.375,26800
1995-06-29 16:00:00-04:00,0.0,9.5,9.375,9.375,38100
1995-06-30 16:00:00-04:00,0.0,9.625,9.375,9.5,28200
1995-07-03 16:00:00-04:00,0.0,9.625,9.5,9.5,18600
1995-07-05 16:00:00-04:00,0.0,9.625,9.5,9.625,25900
1995-07-06 16:00:00-04:00,0.0,9.625,9.5,9.5,20400
1995-07-07 16:00:00-04:00,0.0,9.75,9.5,9.75,36800
1995-07-10 16:00:00-04:00,0.0,9.75,9.5,9.75,57000
1995-07-11 16:00:00-04:00,0.0,9.75,9.5,9.625,31100
1995-07-12 16:00:00-04:00,0.0,9.75,9.5,9.625,34100
1995-07-13 16:00:00-04:00,0.0,9.5,9.375,9.5,37400
1995-07-14 16:00:00-04:00,0.0,9.5,9.375,9.375,16500
1995-07-17 16:00:00-04:00,0.0,9.5,9.375,9.375,20900
1995-07-18 16:00:00-04:00,0.0,9.5,9.375,9.375,37500
1995-07-19 16:00:00-04:00,0.0,9.5,9.25,9.375,57200
1995-07-20 16:00:00-04:00,0.0,9.5,9.25,9.5,34900
1995-07-21 16:00:00-04:00,0.0,9.5,9.375,9.5,32800
1995-07-24 16:00:00-04:00,0.0,9.5,9.375,9.5,19500
1995-07-25 16:00:00-04:00,0.0,9.625,9.375,9.5,55600
1995-07-26 16:00:00-04:00,0.0,9.625,9.5,9.625,33600
1995-07-27 16:00:00-04:00,0.0,9.625,9.5,9.625,21000
1995-07-28 16:00:00-04:00,0.0,9.625,9.5,9.625,15300
1995-07-31 16:00:00-04:00,0.0,9.625,9.5,9.5,15200
1995-08-01 16:00:00-04:00,0.0,9.625,9.5,9.625,19400
1995-08-02 16:00:00-04:00,0.0,9.75,9.625,9.625,9200
1995-08-03 16:00:00-04:00,0.0,9.75,9.625,9.625,25600
1995-08-04 16:00:00-04:00,0.0,9.75,9.625,9.625,7900
1995-08-07 16:00:00-04:00,0.0,9.75,9.625,9.75,25700
1995-08-08 16:00:00-04:00,0.0,9.75,9.5,9.625,45800
1995-08-09 16:00:00-04:00,0.0,9.625,9.5,9.5,16000
1995-08-10 16:00:00-04:00,0.0,9.625,9.5,9.625,13900
1995-08-11 16:00:00-04:00,0.0,9.625,9.5,9.625,3800
1995-08-14 16:00:00-04:00,0.0,9.625,9.5,9.625,21900
1995-08-15 16:00:00-04:00,0.0,9.625,9.5,9.5625,37500
1995-08-16 16:00:00-04:00,0.0,9.625,9.5,9.5,19800
1995-08-17 16:00:00-04:00,0.0,9.625,9.375,9.375,25700
1995-08-18 16:00:00-04:00,0.0,9.5,9.375,9.5,25800
1995-08-21 16:00:00-04:00,0.0,9.5,9.375,9.375,34800
1995-08-22 16:00:00-04:00,0.0,9.5,9.25,9.375,47900
1995-08-23 16:00:00-04:00,0.0,9.5,9.25,9.375,43800
1995-08-24 16:00:00-04:00,0.0,9.5,9.25,9.375,37000
1995-08-25 16:00:00-04:00,0.0,9.375,9.25,9.25,20400
1995-08-28 16:00:00-04:00,0.0,9.375,9.25,9.375,18900
1995-08-29 16:00:00-04:00,0.0,9.375,9.25,9.375,20600
1995-08-30 16:00:00-04:00,0.0,9.375,9.25,9.375,22800
1995-08-31 16:00:00-04:00,0.0,9.375,9.25,9.25,42000
1995-09-01 16:00:00-04:00,0.0,9.375,9.25,9.375,39100
1995-09-05 16:00:00-04:00,0.0,9.375,9.25,9.375,13500
1995-09-06 16:00:00-04:00,0.0,9.375,9.125,9.25,51700
1995-09-07 16:00:00-04:00,0.0,9.25,9.125,9.125,30200
1995-09-08 16:00:00-04:00,0.0,9.375,9.125,9.25,37800
1995-09-11 16:00:00-04:00,0.0,9.375,9.25,9.25,27600
1995-09-12 16:00:00-04:00,0.0,9.375,9.25,9.375,21300
1995-09-13 16:00:00-04:00,0.0,9.375,9.25,9.25,18100
1995-09-14 16:00:00-04:00,0.0,9.375,9.25,9.375,13600
1995-09-15 16:00:00-04:00,0.0,9.375,9.25,9.375,28000
1995-09-18 16:00:00-04:00,0.0,9.375,9.25,9.25,21500
1995-09-19 16:00:00-04:00,0.0,9.375,9.25,9.375,33000
1995-09-20 16:00:00-04:00,0.0,9.375,9.25,9.375,30100
1995-09-21 16:00:00-04:00,0.0,9.375,9.125,9.375,61600
1995-09-22 16:00:00-04:00,0.0,9.375,9.125,9.25,23400
1995-09-25 16:00:00-04:00,0.0,9.375,9.25,9.375,23900
1995-09-26 16:00:00-04:00,0.0,9.375,9.25,9.25,41100
1995-09-27 16:00:00-04:00,0.0,9.375,9.125,9.25,27400
1995-09-28 16:00:00-04:00,0.0,9.375,9.25,9.25,35900
1995-09-29 16:00:00-04:00,0.0,9.5,9.25,9.5,34300
1995-10-02 16:00:00-04:00,0.0,9.5,9.375,9.375,17800
1995-10-03 16:00:00-04:00,0.0,9.5,9.375,9.375,19900
1995-10-04 16:00:00-04:00,0.0,9.5,9.375,9.375,25500
1995-10-05 16:00:00-04:00,0.0,9.5,9.375,9.375,17900
1995-10-06 16:00:00-04:00,0.0,9.5,9.375,9.375,18700
1995-10-09 16:00:00-04:00,0.0,9.5,9.375,9.5,18400
1995-10-10 16:00:00-04:00,0.0,9.5,9.375,9.5,12500
1995-10-11 16:00:00-04:00,0.0,9.5,9.25,9.5,74000
1995-10-12 16:00:00-04:00,0.0,9.5,9.25,9.5,17300
1995-10-13 16:00:00-04:00,0.0,9.5,9.375,9.5,13600
1995-10-16 16:00:00-04:00,0.0,9.5,9.375,9.375,21200
1995-10-17 16:00:00-04:00,0.0,9.5,9.375,9.375,33700
1995-10-18 16:00:00-04:00,0.0,9.5,9.375,9.375,27200
1995-10-19 16:00:00-04:00,0.0,9.5,9.375,9.5,43700
1995-10-20 16:00:00-04:00,0.0,9.5,9.375,9.375,23600
1995-10-23 16:00:00-04:00,0.0,9.5,9.375,9.375,34000
1995-10-24 16:00:00-04:00,0.0,9.5,9.375,9.5,39200
1995-10-25 16:00:00-04:00,0.0,9.5,9.375,9.5,9800
1995-10-26 16:00:00-04:00,0.0,9.5,9.375,9.5,53200
1995-10-27 16:00:00-04:00,0.0,9.5,9.375,9.5,27100
1995-10-30 16:00:00-05:00,0.0,9.5,9.375,9.5,27900
1995-10-31 16:00:00-05:00,0.0,9.5,9.375,9.5,21100
1995-11-01 16:00:00-05:00,0.0,9.5,9.375,9.5,22300
1995-11-02 16:00:00-05:00,0.0,9.5,9.375,9.5,42000
1995-11-03 16:00:00-05:00,0.0,9.625,9.375,9.5,21600
1995-11-06 16:00:00-05:00,0.0,9.625,9.375,9.5,7400
1995-11-07 16:00:00-05:00,0.0,9.5,9.375,9.5,24100
1995-11-08 16:00:00-05:00,0.0,9.5,9.375,9.375,42500
1995-11-09 16:00:00-05:00,0.0,9.5,9.375,9.5,55100
1995-11-10 16:00:00-05:00,0.0,9.5,9.375,9.375,32200
1995-11-13 16:00:00-05:00,0.0,9.375,9.25,9.25,40600
1995-11-14 16:00:00-05:00,0.0,9.375,9.25,9.375,37600
1995-11-15 16:00:00-05:00,0.0,9.375,9.25,9.25,18800
1995-11-16 16:00:00-05:00,0.0,9.5,9.25,9.5,80800
1995-11-17 16:00:00-05:00,0.0,9.5,9.375,9.5,26900
1995-11-20 16:00:00-05:00,0.0,9.5,9.375,9.5,53900
1995-11-21 16:00:00-05:00,0.0,9.5,9.25,9.25,43000
1995-11-22 16:00:00-05:00,0.0,9.5,9.25,9.375,31200
1995-11-24 16:00:00-05:00,0.0,9.375,9.375,9.375,14100
1995-11-27 16:00:00-05:00,0.0,9.5,9.375,9.5,26100
1995-11-28 16:00:00-05:00,0.0,9.5,9.25,9.5,43000
1995-11-29 16:00:00-05:00,0.0,9.5,9.375,9.375,32700
1995-11-30 16:00:00-05:00,0.0,9.625,9.375,9.625,55800
1995-12-01 16:00:00-05:00,0.0,9.625,9.5,9.625,41100
1995-12-04 16:00:00-05:00,0.0,9.75,9.5,9.75,99500
1995-12-05 16:00:00-05:00,0.0,9.75,9.5,9.625,41900
1995-12-06 16:00:00-05:00,0.0,9.625,9.5,9.625,26900
1995-12-07 16:00:00-05:00,0.0,9.625,9.5,9.5,37700
1995-12-08 16:00:00-05:00,0.0,9.625,9.5,9.5,39400
1995-12-11 16:00:00-05:00,0.0,9.625,9.5,9.625,46300
1995-12-12 16:00:00-05:00,0.0,9.625,9.5,9.5,39900
1995-12-13 16:00:00-05:00,0.0,9.625,9.375,9.375,68800
1995-12-14 16:00:00-05:00,0.0,9.5,9.375,9.375,29000
1995-12-15 16:00:00-05:00,0.0,9.5,9.375,9.5,32600
1995-12-18 16:00:00-05:00,0.0,9.5,9.375,9.5,30000
1995-12-19 16:00:00-05:00,0.0,9.625,9.375,9.625,47600
1995-12-20 16:00:00-05:00,0.0,9.625,9.5,9.625,29100
1995-12-21 16:00:00-05:00,0.0,9.625,9.5,9.625,25800
1995-12-22 16:00:00-05:00,0.0,9.625,9.5,9.5,25700
1995-12-26 16:00:00-05:00,0.0,9.625,9.5,9.625,59300
1995-12-27 16:00:00-05:00,0.0,9.75,9.5,9.75,44700
1995-12-28 16:00:00-05:00,0.0,9.75,9.5,9.625,34500
1995-12-29 16:00:00-05:00,0.0,9.625,9.5,9.625,17600
1996-01-02 16:00:00-05:00,0.0,9.75,9.625,9.625,23000
1996-01-03 16:00:00-05:00,0.0,9.75,9.625,9.75,32100
1996-01-04 16:00:00-05:00,0.0,9.75,9.625,9.625,36300
1996-01-05 16:00:00-05:00,0.0,9.75,9.625,9.75,34700
1996-01-08 16:00:00-05:00,0.0,9.75,9.625,9.625,12100
1996-01-09 16:00:00-05:00,0.0,9.75,9.625,9.625,17500
1996-01-10 16:00:00-05:00,0.0,9.75,9.625,9.75,45800
1996-01-11 16:00:00-05:00,0.0,9.75,9.5,9.75,17600
1996-01-12 16:00:00-05:00,0.0,9.75,9.625,9.75,20100
1996-01-15 16:00:00-05:00,0.0,9.75,9.625,9.75,13100
1996-01-16 16:00:00-05:00,0.0,9.75,9.625,9.75,34900
1996-01-17 16:00:00-05:00,0.0,9.75,9.625,9.75,24300
1996-01-18 16:00:00-05:00,0.0,9.75,9.625,9.75,15800
1996-01-19 16:00:00-05:00,0.0,9.875,9.625,9.75,130400
1996-01-22 16:00:00-05:00,0.0,9.875,9.625,9.75,28700
1996-01-23 16:00:00-05:00,0.0,9.875,9.625,9.75,51400
1996-01-24 16:00:00-05:00,0.0,9.875,9.625,9.875,64400
1996-01-25 16:00:00-05:00,0.0,9.875,9.75,9.75,49200
1996-01-26 16:00:00-05:00,0.0,9.875,9.75,9.875,60500
1996-01-29 16:00:00-05:00,0.0,10.0,9.875,9.875,66200
1996-01-30 16:00:00-05:00,0.0,10.0,9.875,10.0,18600
1996-01-31 16:00:00-05:00,0.0,10.0,9.875,10.0,37500
1996-02-01 16:00:00-05:00,0.0,10.0,9.875,9.875,80200
1996-02-02 16:00:00-05:00,0.0,10.0,9.875,9.875,32100
1996-02-05 16:00:00-05:00,0.0,10.0,9.875,9.875,42400
1996-02-06 16:00:00-05:00,0.0,10.0,9.875,10.0,36800
1996-02-07 16:00:00-05:00,0.0,10.0,9.875,9.875,35500
1996-02-08 16:00:00-05:00,0.0,10.0,9.875,9.875,39200
1996-02-09 16:00:00-05:00,0.0,10.0,9.75,9.875,74000
1996-02-12 16:00:00-05:00,0.0,10.0,9.875,9.875,21800
1996-02-13 16:00:00-05:00,0.0,10.0,9.75,9.75,47600
1996-02-14 16:00:00-05:00,0.0,9.875,9.75,9.875,51100
1996-02-15 16:00:00-05:00,0.0,9.875,9.75,9.75,42700
1996-02-16 16:00:00-05:00,0.0,9.875,9.75,9.875,36500
1996-02-20 16:00:00-05:00,0.0,9.75,9.625,9.75,27800
1996-02-21 16:00:00-05:00,0.0,9.75,9.625,9.625,34000
1996-02-22 16:00:00-05:00,0.0,9.75,9.625,9.75,33300
1996-02-23 16:00:00-05:00,0.0,9.75,9.625,9.625,19900
1996-02-26 16:00:00-05:00,0.0,9.75,9.625,9.625,64800
1996-02-27 16:00:00-05:00,0.0,9.75,9.625,9.6875,36100
1996-02-28 16:00:00-05:00,0.0,9.75,9.625,9.75,18100
1996-02-29 16:00:00-05:00,0.0,9.75,9.625,9.625,18500
1996-03-01 16:00:00-05:00,0.0,9.75,9.625,9.75,26700
1996-03-04 16:00:00-05:00,0.0,9.75,9.625,9.625,28000
1996-03-05 16:00:00-05:00,0.0,9.75,9.625,9.75,37500
1996-03-06 16:00:00-05:00,0.0,9.875,9.625,9.75,124600
1996-03-07 16:00:00-05:00,0.0,9.75,9.625,9.75,58100
1996-03-08 16:00:00-05:00,0.0,9.75,9.5,9.5,51000
1996-03-11 16:00:00-05:00,0.0,9.75,9.5,9.75,52200
1996-03-12 16:00:00-05:00,0.0,9.75,9.625,9.75,17500
1996-03-13 16:00:00-05:00,0.0,9.75,9.625,9.625,45300
1996-03-14 16:00:00-05:00,0.0,9.75,9.625,9.625,8700
1996-03-15 16:00:00-05:00,0.0,9.75,9.625,9.625,48900
1996-03-18 16:00:00-05:00,0.0,9.75,9.625,9.75,19100
1996-03-19 16:00:00-05:00,0.0,9.75,9.625,9.75,16700
1996-03-20 16:00:00-05:00,0.0,9.75,9.625,9.75,17400
1996-03-21 16:00:00-05:00,0.0,9.75,9.625,9.625,24600
1996-03-22 16:00:00-05:00,0.0,9.75,9.625,9.75,22200
1996-03-25 16:00:00-05:00,0.0,9.75,9.625,9.625,16800
1996-03-26 16:00:00-05:00,0.0,9.75,9.625,9.625,66600
1996-03-27 16:00:00-05:00,0.0,9.75,9.625,9.625,21200
1996-03-28 16:00:00-05:00,0.0,9.75,9.625,9.625,12200
1996-03-29 16:00:00-05:00,0.0,9.75,9.625,9.75,7800
1996-04-01 16:00:00-05:00,0.0,9.75,9.625,9.625,24500
1996-04-02 16:00:00-05:00,0.0,9.75,9.625,9.625,28900
1996-04-03 16:00:00-05:00,0.0,9.75,9.625,9.75,22200
1996-04-04 16:00:00-05:00,0.0,9.75,9.625,9.625,26500
1996-04-08 16:00:00-04:00,0.0,9.625,9.5,9.5,102900
1996-04-09 16:00:00-04:00,0.0,9.5,9.375,9.5,35400
1996-04-10 16:00:00-04:00,0.0,9.625,9.5,9.5,39000
1996-04-11 16:00:00-04:00,0.0,9.5,9.375,9.375,43900
1996-04-12 16:00:00-04:00,0.0,9.5,9.375,9.375,9700
1996-04-15 16:00:00-04:00,0.0,9.5,9.375,9.375,24500
1996-04-16 16:00:00-04:00,0.0,9.5,9.375,9.375,33400
1996-04-17 16:00:00-04:00,0.0,9.5,9.375,9.5,13300
1996-04-18 16:00:00-04:00,0.0,9.5,9.375,9.5,10600
1996-04-19 16:00:00-04:00,0.0,9.5,9.375,9.5,19300
1996-04-22 16:00:00-04:00,0.0,9.5,9.375,9.5,9800
1996-04-23 16:00:00-04:00,0.0,9.5,9.375,9.5,50800
1996-04-24 16:00:00-04:00,0.0,9.5,9.375,9.4375,33100
1996-04-25 16:00:00-04:00,0.0,9.5,9.375,9.5,13500
1996-04-26 16:00:00-04:00,0.0,9.5,9.375,9.4375,35600
1996-04-29 16:00:00-04:00,0.0,9.5,9.375,9.375,6700
1996-04-30 16:00:00-04:00,0.0,9.5,9.375,9.375,29000
1996-05-01 16:00:00-04:00,0.0,9.5,9.375,9.375,19800
1996-05-02 16:00:00-04:00,0.0,9.375,9.25,9.25,53900
1996-05-03 16:00:00-04:00,0.0,9.375,9.25,9.25,15600
1996-05-06 16:00:00-04:00,0.0,9.375,9.25,9.25,16200
1996-05-07 16:00:00-04:00,0.0,9.375,9.25,9.25,20800
1996-05-08 16:00:00-04:00,0.0,9.375,9.25,9.25,21900
1996-05-09 16:00:00-04:00,0.0,9.375,9.25,9.25,28700
1996-05-10 16:00:00-04:00,0.0,9.375,9.25,9.25,51100
1996-05-13 16:00:00-04:00,0.0,9.25,9.125,9.125,14900
1996-05-14 16:00:00-04:00,0.0,9.25,9.125,9.125,57200
1996-05-15 16:00:00-04:00,0.0,9.25,9.125,9.125,26100
1996-05-16 16:00:00-04:00,0.0,9.25,9.0,9.0,52400
1996-05-17 16:00:00-04:00,0.0,9.25,9.0,9.25,45000
1996-05-20 16:00:00-04:00,0.0,9.25,9.0,9.125,43300
1996-05-21 16:00:00-04:00,0.0,9.25,9.0,9.125,32100
1996-05-22 16:00:00-04:00,0.0,9.125,9.0,9.0,28800
1996-05-23 16:00:00-04:00,0.0,9.125,9.0,9.0,42500
1996-05-24 16:00:00-04:00,0.0,9.125,9.0,9.0,23700
1996-05-28 16:00:00-04:00,0.0,9.125,9.0,9.125,17600
1996-05-29 16:00:00-04:00,0.0,9.125,9.0,9.125,18200
1996-05-30 16:00:00-04:00,0.0,9.125,9.0,9.0,7000
1996-05-31 16:00:00-04:00,0.0,9.125,8.875,8.875,38100
1996-06-03 16:00:00-04:00,0.0,9.125,9.0,9.0,12500
1996-06-04 16:00:00-04:00,0.0,9.125,9.0,9.125,88100
1996-06-05 16:00:00-04:00,0.0,9.25,9.125,9.125,21900
1996-06-06 16:00:00-04:00,0.0,9.375,9.125,9.375,75900
1996-06-07 16:00:00-04:00,0.0,9.25,9.125,9.25,52200
1996-06-10 16:00:00-04:00,0.0,9.25,9.125,9.125,27700
1996-06-11 16:00:00-04:00,0.0,9.25,9.125,9.125,41400
1996-06-12 16:00:00-04:00,0.0,9.25,9.125,9.125,9900
1996-06-13 16:00:00-04:00,0.0,9.25,9.0,9.125,83200
1996-06-14 16:00:00-04:00,0.0,9.25,9.125,9.25,14100
1996-06-17 16:00:00-04:00,0.0,9.25,9.125,9.25,22700
1996-06-18 16:00:00-04:00,0.0,9.25,9.125,9.125,46700
1996-06-19 16:00:00-04:00,0.0,9.25,9.0,9.25,36700
1996-06-20 16:00:00-04:00,0.0,9.25,9.125,9.125,26000
1996-06-21 16:00:00-04:00,0.0,9.25,9.125,9.25,12900
1996-06-24 16:00:00-04:00,0.0,9.25,9.125,9.125,29100
1996-06-25 16:00:00-04:00,0.0,9.25,9.125,9.25,26100
1996-06-26 16:00:00-04:00,0.0,9.25,9.125,9.25,18200
1996-06-27 16:00:00-04:00,0.0,9.25,9.125,9.25,20600
1996-06-28 16:00:00-04:00,0.0,9.25,9.125,9.125,36900
1996-07-01 16:00:00-04:00,0.0,9.25,9.125,9.25,16200
1996-07-02 16:00:00-04:00,0.0,9.25,9.125,9.1875,15600
1996-07-03 16:00:00-04:00,0.0,9.25,9.125,9.125,35000
1996-07-05 16:00:00-04:00,0.0,9.25,9.125,9.25,83100
1996-07-08 16:00:00-04:00,0.0,9.25,9.125,9.25,42900
1996-07-09 16:00:00-04:00,0.0,9.25,9.125,9.125,16100
1996-07-10 16:00:00-04:00,0.0,9.25,9.125,9.25,28100
1996-07-11 16:00:00-04:00,0.0,9.25,9.125,9.25,32100
1996-07-12 16:00:00-04:00,0.0,9.375,9.25,9.375,27300
1996-07-15 16:00:00-04:00,0.0,9.375,9.25,9.375,20500
1996-07-16 16:00:00-04:00,0.0,9.375,9.25,9.25,31900
1996-07-17 16:00:00-04:00,0.0,9.375,9.25,9.3125,26000
1996-07-18 16:00:00-04:00,0.0,9.375,9.25,9.25,12500
1996-07-19 16:00:00-04:00,0.0,9.25,9.25,9.25,7100
1996-07-22 16:00:00-04:00,0.0,9.375,9.25,9.3125,41700
1996-07-23 16:00:00-04:00,0.0,9.375,9.25,9.25,42000
1996-07-24 16:00:00-04:00,0.0,9.375,9.25,9.375,22300
1996-07-25 16:00:00-04:00,0.0,9.5,9.375,9.375,86800
1996-07-26 16:00:00-04:00,0.0,9.5,9.25,9.25,102300
1996-07-29 16:00:00-04:00,0.0,9.375,9.25,9.25,31700
1996-07-30 16:00:00-04:00,0.0,9.375,9.25,9.25,22500
1996-07-31 16:00:00-04:00,0.0,9.25,9.125,9.25,5100
1996-08-01 16:00:00-04:00,0.0,9.25,9.125,9.25,11500
1996-08-02 16:00:00-04:00,0.0,9.375,9.25,9.25,23600
1996-08-05 16:00:00-04:00,0.0,9.375,9.25,9.375,29700
1996-08-06 16:00:00-04:00,0.0,9.375,9.25,9.375,14100
1996-08-07 16:00:00-04:00,0.0,9.375,9.25,9.25,17500
1996-08-08 16:00:00-04:00,0.0,9.375,9.25,9.25,11000
1996-08-09 16:00:00-04:00,0.0,9.375,9.25,9.25,28000
1996-08-12 16:00:00-04:00,0.0,9.375,9.25,9.25,15200
1996-08-13 16:00:00-04:00,0.0,9.25,9.125,9.25,20800
1996-08-14 16:00:00-04:00,0.0,9.25,9.125,9.25,28500
1996-08-15 16:00:00-04:00,0.0,9.25,9.125,9.25,15000
1996-08-16 16:00:00-04:00,0.0,9.25,9.125,9.125,10800
1996-08-19 16:00:00-04:00,0.0,9.25,9.125,9.125,20400
1996-08-20 16:00:00-04:00,0.0,9.25,9.125,9.125,20400
1996-08-21 16:00:00-04:00,0.0,9.25,9.125,9.25,37500
1996-08-22 16:00:00-04:00,0.0,9.25,9.125,9.25,12100
1996-08-23 16:00:00-04:00,0.0,9.25,9.125,9.125,13700
1996-08-26 16:00:00-04:00,0.0,9.25,9.125,9.125,28300
1996-08-27 16:00:00-04:00,0.0,9.25,9.125,9.25,61600
1996-08-28 16:00:00-04:00,0.0,9.25,9.125,9.125,38500
1996-08-29 16:00:00-04:00,0.0,9.25,9.125,9.125,32700
1996-08-30 16:00:00-04:00,0.0,9.25,9.125,9.125,8700
1996-09-03 16:00:00-04:00,0.0,9.25,9.125,9.125,61600
1996-09-04 16:00:00-04:00,0.0,9.25,9.125,9.125,34900
1996-09-05 16:00:00-04:00,0.0,9.25,9.125,9.125,20800
1996-09-06 16:00:00-04:00,0.0,9.25,9.125,9.125,9100
1996-09-09 16:00:00-04:00,0.0,9.25,9.125,9.25,28200
1996-09-10 16:00:00-04:00,0.0,9.25,9.125,9.1875,51700
1996-09-11 16:00:00-04:00,0.0,9.375,9.25,9.375,84400
1996-09-12 16:00:00-04:00,0.0,9.25,9.125,9.125,32200
1996-09-13 16:00:00-04:00,0.0,9.25,9.125,9.125,25600
1996-09-16 16:00:00-04:00,0.0,9.25,9.125,9.125,116100
1996-09-17 16:00:00-04:00,0.0,9.25,9.125,9.25,40700
1996-09-18 16:00:00-04:00,0.0,9.25,9.125,9.25,50900
1996-09-19 16:00:00-04:00,0.0,9.25,9.125,9.125,28300
1996-09-20 16:00:00-04:00,0.0,9.25,9.125,9.25,33500
1996-09-23 16:00:00-04:00,0.0,9.25,9.0,9.0,64300
1996-09-24 16:00:00-04:00,0.0,9.25,9.0,9.25,51200
1996-09-25 16:00:00-04:00,0.0,9.25,9.125,9.125,57200
1996-09-26 16:00:00-04:00,0.0,9.25,9.125,9.1875,37000
1996-09-27 16:00:00-04:00,0.0,9.25,9.125,9.125,39600
1996-09-30 16:00:00-04:00,0.0,9.25,9.125,9.125,29700
1996-10-01 16:00:00-04:00,0.0,9.25,9.125,9.1875,25700
1996-10-02 16:00:00-04:00,0.0,9.25,9.125,9.125,30300
1996-10-03 16:00:00-04:00,0.0,9.25,9.125,9.25,42000
1996-10-04 16:00:00-04:00,0.0,9.25,9.125,9.25,54800
1996-10-07 16:00:00-04:00,0.0,9.25,9.125,9.125,34000
1996-10-08 16:00:00-04:00,0.0,9.25,9.125,9.125,41800
1996-10-09 16:00:00-04:00,0.0,9.375,9.125,9.375,66600
1996-10-10 16:00:00-04:00,0.0,9.375,9.125,9.25,119800
1996-10-11 16:00:00-04:00,0.0,9.5,9.375,9.375,97600
1996-10-14 16:00:00-04:00,0.0,9.5,9.375,9.5,59800
1996-10-15 16:00:00-04:00,0.0,9.5,9.375,9.375,18100
1996-10-16 16:00:00-04:00,0.0,9.5,9.375,9.375,46900
1996-10-17 16:00:00-04:00,0.0,9.5,9.375,9.4375,25500
1996-10-18 16:00:00-04:00,0.0,9.5,9.375,9.4375,29600
1996-10-21 16:00:00-04:00,0.0,9.5,9.375,9.375,21300
1996-10-22 16:00:00-04:00,0.0,9.5,9.375,9.5,96000
1996-10-23 16:00:00-04:00,0.0,9.5,9.375,9.375,23300
1996-10-24 16:00:00-04:00,0.0,9.5,9.375,9.5,36400
1996-10-25 16:00:00-04:00,0.0,9.625,9.5,9.625,19400
1996-10-28 16:00:00-05:00,0.0,9.625,9.5,9.5,45000
1996-10-29 16:00:00-05:00,0.0,9.625,9.5,9.5,35200
1996-10-30 16:00:00-05:00,0.0,9.625,9.375,9.375,32200
1996-10-31 16:00:00-05:00,0.0,9.5,9.375,9.375,40900
1996-11-01 16:00:00-05:00,0.0,9.5,9.375,9.4375,31100
1996-11-04 16:00:00-05:00,0.0,9.5,9.375,9.5,16000
1996-11-05 16:00:00-05:00,0.0,9.5,9.375,9.375,17600
1996-11-06 16:00:00-05:00,0.0,9.5,9.375,9.5,46100
1996-11-07 16:00:00-05:00,0.0,9.5,9.375,9.5,15400
1996-11-08 16:00:00-05:00,0.0,9.5,9.375,9.5,34400
1996-11-11 16:00:00-05:00,0.0,9.5,9.375,9.5,22700
1996-11-12 16:00:00-05:00,0.0,9.5,9.375,9.375,18700
1996-11-13 16:00:00-05:00,0.0,9.5,9.375,9.4375,56700
1996-11-14 16:00:00-05:00,0.0,9.5,9.375,9.375,19900
1996-11-15 16:00:00-05:00,0.0,9.5,9.375,9.5,21100
1996-11-18 16:00:00-05:00,0.0,9.5,9.375,9.4375,66400
1996-11-19 16:00:00-05:00,0.0,9.5,9.375,9.375,32600
1996-11-20 16:00:00-05:00,0.0,9.5,9.375,9.5,27100
1996-11-21 16:00:00-05:00,0.0,9.5,9.375,9.5,34900
1996-11-22 16:00:00-05:00,0.0,9.5,9.375,9.375,42100
1996-11-25 16:00:00-05:00,0.0,9.5,9.375,9.375,50300
1996-11-26 16:00:00-05:00,0.0,9.5,9.375,9.375,18300
1996-11-27 16:00:00-05:00,0.0,9.5,9.375,9.5,38000
1996-11-29 16:00:00-05:00,0.0,9.5,9.375,9.5,13600
1996-12-02 16:00:00-05:00,0.0,9.5,9.375,9.5,49400
1996-12-03 16:00:00-05:00,0.0,9.5,9.375,9.5,37100
1996-12-04 16:00:00-05:00,0.0,9.5,9.375,9.5,18500
1996-12-05 16:00:00-05:00,0.0,9.5,9.375,9.375,22700
1996-12-06 16:00:00-05:00,0.0,9.5,9.375,9.375,32200
1996-12-09 16:00:00-05:00,0.0,9.5,9.375,9.5,18500
1996-12-10 16:00:00-05:00,0.0,9.5,9.375,9.5,16700
1996-12-11 16:00:00-05:00,0.0,9.5,9.375,9.5,61900
1996-12-12 16:00:00-05:00,0.0,9.5,9.375,9.375,23000
1996-12-13 16:00:00-05:00,0.0,9.5,9.375,9.375,26600
1996-12-16 16:00:00-05:00,0.0,9.5,9.375,9.375,34200
1996-12-17 16:00:00-05:00,0.0,9.5,9.375,9.375,67700
1996-12-18 16:00:00-05:00,0.0,9.5,9.375,9.375,31600
1996-12-19 16:00:00-05:00,0.0,9.5,9.375,9.375,34200
1996-12-20 16:00:00-05:00,0.0,9.5,9.375,9.375,31800
1996-12-23 16:00:00-05:00,0.0,9.5,9.25,9.3125,24000
1996-12-24 16:00:00-05:00,0.0,9.375,9.25,9.25,9300
1996-12-26 16:00:00-05:00,0.0,9.375,9.25,9.375,35200
1996-12-27 16:00:00-05:00,0.0,9.375,9.25,9.3125,33700
1996-12-30 16:00:00-05:00,0.0,9.375,9.25,9.375,52900
1996-12-31 16:00:00-05:00,0.0,9.375,9.25,9.25,23700
1997-01-02 16:00:00-05:00,0.0,9.375,9.25,9.25,50100
1997-01-03 16:00:00-05:00,0.0,9.375,9.25,9.25,64800
1997-01-06 16:00:00-05:00,0.0,9.5,9.25,9.5,39400
1997-01-07 16:00:00-05:00,0.0,9.5,9.375,9.375,20100
1997-01-08 16:00:00-05:00,0.0,9.5,9.375,9.4375,27800
1997-01-09 16:00:00-05:00,0.0,9.5,9.375,9.375,39800
1997-01-10 16:00:00-05:00,0.0,9.5,9.375,9.5,37000
1997-01-13 16:00:00-05:00,0.0,9.5,9.25,9.375,38400
1997-01-14 16:00:00-05:00,0.0,9.5,9.375,9.375,27900
1997-01-15 16:00:00-05:00,0.0,9.5,9.375,9.5,24900
1997-01-16 16:00:00-05:00,0.0,9.5,9.375,9.375,15800
1997-01-17 16:00:00-05:00,0.0,9.5,9.375,9.5,34100
1997-01-20 16:00:00-05:00,0.0,9.5,9.375,9.375,105700
1997-01-21 16:00:00-05:00,0.0,9.5,9.25,9.375,42700
1997-01-22 16:00:00-05:00,0.0,9.5,9.25,9.375,47700
1997-01-23 16:00:00-05:00,0.0,9.375,9.25,9.25,21700
1997-01-24 16:00:00-05:00,0.0,9.375,9.25,9.375,26500
1997-01-27 16:00:00-05:00,0.0,9.375,9.25,9.25,47800
1997-01-28 16:00:00-05:00,0.0,9.375,9.25,9.375,21600
1997-01-29 16:00:00-05:00,0.0,9.375,9.25,9.25,17800
1997-01-30 16:00:00-05:00,0.0,9.375,9.25,9.25,17600
1997-01-31 16:00:00-05:00,0.0,9.375,9.25,9.375,39300
1997-02-03 16:00:00-05:00,0.0,9.375,9.25,9.25,43100
1997-02-04 16:00:00-05:00,0.0,9.375,9.25,9.375,11600
1997-02-05 16:00:00-05:00,0.0,9.375,9.25,9.375,32400
1997-02-06 16:00:00-05:00,0.0,9.375,9.25,9.375,15900
1997-02-07 16:00:00-05:00,0.0,9.375,9.25,9.375,9200
1997-02-10 16:00:00-05:00,0.0,9.375,9.25,9.375,26400
1997-02-11 16:00:00-05:00,0.0,9.5,9.375,9.375,58700
1997-02-12 16:00:00-05:00,0.0,9.5,9.25,9.375,69900
1997-02-13 16:00:00-05:00,0.0,9.375,9.25,9.375,36600
1997-02-14 16:00:00-05:00,0.0,9.375,9.25,9.25,63700
1997-02-18 16:00:00-05:00,0.0,9.375,9.25,9.375,29300
1997-02-19 16:00:00-05:00,0.0,9.5,9.25,9.375,95700
1997-02-20 16:00:00-05:00,0.0,9.5,9.375,9.375,18800
1997-02-21 16:00:00-05:00,0.0,9.5,9.25,9.25,22600
1997-02-24 16:00:00-05:00,0.0,9.5,9.25,9.5,53300
1997-02-25 16:00:00-05:00,0.0,9.5,9.25,9.25,19900
1997-02-26 16:00:00-05:00,0.0,9.375,9.25,9.375,52700
1997-02-27 16:00:00-05:00,0.0,9.375,9.25,9.375,18000
1997-02-28 16:00:00-05:00,0.0,9.375,9.25,9.25,24100
1997-03-03 16:00:00-05:00,0.0,9.375,9.25,9.25,72500
1997-03-04 16:00:00-05:00,0.0,9.375,9.25,9.25,33500
1997-03-05 16:00:00-05:00,0.0,9.375,9.25,9.375,34000
1997-03-06 16:00:00-05:00,0.0,9.375,9.25,9.25,14300
1997-03-07 16:00:00-05:00,0.0,9.375,9.25,9.375,38000
1997-03-10 16:00:00-05:00,0.0,9.5,9.375,9.375,37400
1997-03-11 16:00:00-05:00,0.0,9.5,9.375,9.375,49200
1997-03-12 16:00:00-05:00,0.0,9.5,9.25,9.5,34400
1997-03-13 16:00:00-05:00,0.0,9.5,9.375,9.375,34300
1997-03-14 16:00:00-05:00,0.0,9.5,9.375,9.375,52200
1997-03-17 16:00:00-05:00,0.0,9.5,9.375,9.4375,32600
1997-03-18 16:00:00-05:00,0.0,9.5,9.375,9.375,31900
1997-03-19 16:00:00-05:00,0.0,9.5,9.375,9.5,73700
1997-03-20 16:00:00-05:00,0.0,9.5,9.375,9.375,42500
1997-03-21 16:00:00-05:00,0.0,9.5,9.375,9.375,44400
1997-03-24 16:00:00-05:00,0.0,9.5,9.375,9.375,47800
1997-03-25 16:00:00-05:00,0.0,9.5,9.375,9.375,30700
1997-03-26 16:00:00-05:00,0.0,9.5,9.375,9.5,44500
1997-03-27 16:00:00-05:00,0.0,9.5,9.375,9.375,34900
1997-03-31 16:00:00-05:00,0.0,9.375,9.25,9.25,20200
1997-04-01 16:00:00-05:00,0.0,9.375,9.25,9.375,40700
1997-04-02 16:00:00-05:00,0.0,9.5,9.25,9.375,21900
1997-04-03 16:00:00-05:00,0.0,9.375,9.25,9.25,27700
1997-04-04 16:00:00-05:00,0.0,9.375,9.25,9.25,16400
1997-04-07 16:00:00-04:00,0.0,9.5,9.25,9.5,40900
1997-04-08 16:00:00-04:00,0.0,9.5,9.375,9.375,22500
1997-04-09 16:00:00-04:00,0.0,9.5,9.375,9.375,20600
1997-04-10 16:00:00-04:00,0.0,9.5,9.375,9.375,30700
1997-04-11 16:00:00-04:00,0.0,9.375,9.25,9.25,30400
1997-04-14 16:00:00-04:00,0.0,9.375,9.25,9.25,41200
1997-04-15 16:00:00-04:00,0.0,9.375,9.25,9.25,59400
1997-04-16 16:00:00-04:00,0.0,9.375,9.25,9.375,30100
1997-04-17 16:00:00-04:00,0.0,9.375,9.25,9.25,33900
1997-04-18 16:00:00-04:00,0.0,9.5,9.25,9.25,32800
1997-04-21 16:00:00-04:00,0.0,9.5,9.25,9.375,14000
1997-04-22 16:00:00-04:00,0.0,9.5,9.25,9.375,18600
1997-04-23 16:00:00-04:00,0.0,9.5,9.375,9.375,81500
1997-04-24 16:00:00-04:00,0.0,9.5,9.375,9.5,20600
1997-04-25 16:00:00-04:00,0.0,9.5,9.375,9.375,25700
1997-04-28 16:00:00-04:00,0.0,9.5,9.375,9.5,19200
1997-04-29 16:00:00-04:00,0.0,9.5,9.375,9.5,45500
1997-04-30 16:00:00-04:00,0.0,9.5,9.375,9.375,36700
1997-05-01 16:00:00-04:00,0.0,9.5,9.375,9.5,24600
1997-05-02 16:00:00-04:00,0.0,9.5,9.375,9.5,20600
1997-05-05 16:00:00-04:00,0.0,9.5,9.375,9.375,65200
1997-05-06 16:00:00-04:00,0.0,9.5,9.375,9.4375,23600
1997-05-07 16:00:00-04:00,0.0,9.5,9.375,9.5,30200
1997-05-08 16:00:00-04:00,0.0,9.5,9.375,9.5,22600
1997-05-09 16:00:00-04:00,0.0,9.5,9.375,9.5,22000
1997-05-12 16:00:00-04:00,0.0,9.5,9.375,9.375,50000
1997-05-13 16:00:00-04:00,0.0,9.5,9.375,9.4375,32900
1997-05-14 16:00:00-04:00,0.0,9.5,9.375,9.375,55100
1997-05-15 16:00:00-04:00,0.0,9.5,9.375,9.375,52600
1997-05-16 16:00:00-04:00,0.0,9.5,9.25,9.25,94200
1997-05-19 16:00:00-04:00,0.0,9.375,9.25,9.3125,64000
1997-05-20 16:00:00-04:00,0.0,9.375,9.25,9.25,22200
1997-05-21 16:00:00-04:00,0.0,9.375,9.25,9.375,25900
1997-05-22 16:00:00-04:00,0.0,9.375,9.25,9.25,62400
1997-05-23 16:00:00-04:00,0.0,9.375,9.25,9.25,26800
1997-05-27 16:00:00-04:00,0.0,9.375,9.25,9.375,19500
1997-05-28 16:00:00-04:00,0.0,9.375,9.25,9.25,34800
1997-05-29 16:00:00-04:00,0.0,9.5,9.25,9.5,44800
1997-05-30 16:00:00-04:00,0.0,9.5,9.25,9.5,26100
1997-06-02 16:00:00-04:00,0.0,9.5,9.375,9.5,13600
1997-06-03 16:00:00-04:00,0.0,9.5,9.375,9.5,58900
1997-06-04 16:00:00-04:00,0.0,9.5,9.375,9.5,45300
1997-06-05 16:00:00-04:00,0.0,9.5,9.375,9.5,33000
1997-06-06 16:00:00-04:00,0.0,9.5,9.375,9.5,30700
1997-06-09 16:00:00-04:00,0.0,9.5,9.375,9.375,29000
1997-06-10 16:00:00-04:00,0.0,9.625,9.5,9.5625,136000
1997-06-11 16:00:00-04:00,0.0,9.625,9.5,9.5625,31200
1997-06-12 16:00:00-04:00,0.0,9.625,9.5,9.625,30400
1997-06-13 16:00:00-04:00,0.0,9.625,9.5,9.5,59500
1997-06-16 16:00:00-04:00,0.0,9.625,9.5,9.625,51200
1997-06-17 16:00:00-04:00,0.0,9.625,9.5,9.625,18100
1997-06-18 16:00:00-04:00,0.0,9.75,9.625,9.75,50000
1997-06-19 16:00:00-04:00,0.0,9.75,9.625,9.75,37800
1997-06-20 16:00:00-04:00,0.0,9.875,9.75,9.75,41100
1997-06-23 16:00:00-04:00,0.0,9.875,9.75,9.75,29900
1997-06-24 16:00:00-04:00,0.0,9.8125,9.75,9.8125,26100
1997-06-25 16:00:00-04:00,0.0,9.8125,9.6875,9.6875,33900
1997-06-26 16:00:00-04:00,0.0,9.75,9.625,9.625,22800
1997-06-27 16:00:00-04:00,0.0,9.75,9.6875,9.75,34000
1997-06-30 16:00:00-04:00,0.0,9.75,9.6875,9.6875,23300
1997-07-01 16:00:00-04:00,0.0,9.75,9.6875,9.6875,63500
1997-07-02 16:00:00-04:00,0.0,9.75,9.625,9.6875,22400
1997-07-03 16:00:00-04:00,0.0,9.8125,9.6875,9.8125,39500
1997-07-07 16:00:00-04:00,0.0,9.8125,9.75,9.8125,54000
1997-07-08 16:00:00-04:00,0.0,9.875,9.75,9.875,55100
1997-07-09 16:00:00-04:00,0.0,9.9375,9.8125,9.875,81800
1997-07-10 16:00:00-04:00,0.0,9.9375,9.875,9.9375,33800
1997-07-11 16:00:00-04:00,0.0,9.9375,9.875,9.875,27500
1997-07-14 16:00:00-04:00,0.0,9.9375,9.8125,9.875,39200
1997-07-15 16:00:00-04:00,0.0,9.875,9.8125,9.875,62100
1997-07-16 16:00:00-04:00,0.0,9.9375,9.8125,9.9375,33100
1997-07-17 16:00:00-04:00,0.0,9.9375,9.8125,9.875,136600
1997-07-18 16:00:00-04:00,0.0,9.8125,9.75,9.75,61700
1997-07-21 16:00:00-04:00,0.0,9.8125,9.6875,9.6875,43700
1997-07-22 16:00:00-04:00,0.0,9.75,9.625,9.6875,60500
1997-07-23 16:00:00-04:00,0.0,9.75,9.6875,9.6875,47300
1997-07-24 16:00:00-04:00,0.0,9.75,9.6875,9.75,55100
1997-07-25 16:00:00-04:00,0.0,9.8125,9.6875,9.8125,64600
1997-07-28 16:00:00-04:00,0.0,9.875,9.75,9.8125,52100
1997-07-29 16:00:00-04:00,0.0,9.875,9.75,9.8125,70800
1997-07-30 16:00:00-04:00,0.0,9.8125,9.75,9.8125,45500
1997-07-31 16:00:00-04:00,0.0,9.875,9.8125,9.8125,54200
1997-08-01 16:00:00-04:00,0.0,9.875,9.75,9.75,30500
1997-08-04 16:00:00-04:00,0.0,9.875,9.75,9.8125,16100
1997-08-05 16:00:00-04:00,0.0,9.9375,9.8125,9.8125,71500
1997-08-06 16:00:00-04:00,0.0,9.875,9.8125,9.8125,31000
1997-08-07 16:00:00-04:00,0.0,9.875,9.75,9.75,30500
1997-08-08 16:00:00-04:00,0.0,9.8125,9.6875,9.6875,80900
1997-08-11 16:00:00-04:00,0.0,9.75,9.625,9.75,25300
1997-08-12 16:00:00-04:00,0.0,9.875,9.6875,9.75,27400
1997-08-13 16:00:00-04:00,0.0,9.75,9.625,9.75,23300
1997-08-14 16:00:00-04:00,0.0,9.8125,9.625,9.75,17000
1997-08-15 16:00:00-04:00,0.0,9.75,9.625,9.75,36000
1997-08-18 16:00:00-04:00,0.0,9.8125,9.6875,9.6875,18700
1997-08-19 16:00:00-04:00,0.0,9.75,9.625,9.75,18100
1997-08-20 16:00:00-04:00,0.0,9.8125,9.625,9.7188,55300
1997-08-21 16:00:00-04:00,0.0,9.8125,9.6875,9.6875,22800
1997-08-22 16:00:00-04:00,0.0,9.75,9.625,9.6875,46800
1997-08-25 16:00:00-04:00,0.0,9.75,9.6875,9.6875,27400
1997-08-26 16:00:00-04:00,0.0,9.75,9.625,9.75,29600
1997-08-27 16:00:00-04:00,0.0,9.75,9.625,9.6875,45600
1997-08-28 16:00:00-04:00,0.0,9.75,9.625,9.625,53200
1997-08-29 16:00:00-04:00,0.0,9.75,9.625,9.625,27600
1997-09-02 16:00:00-04:00,0.0,9.6875,9.625,9.625,58700
1997-09-03 16:00:00-04:00,0.0,9.6875,9.5625,9.5625,56400
1997-09-04 16:00:00-04:00,0.0,9.625,9.5625,9.5625,30100
1997-09-05 16:00:00-04:00,0.0,9.625,9.5,9.5625,31300
1997-09-08 16:00:00-04:00,0.0,9.625,9.5625,9.5625,40600
1997-09-09 16:00:00-04:00,0.0,9.625,9.5625,9.5625,19300
1997-09-10 16:00:00-04:00,0.0,9.625,9.5,9.5625,44800
1997-09-11 16:00:00-04:00,0.0,9.5625,9.375,9.5,71100
1997-09-12 16:00:00-04:00,0.0,9.5,9.4375,9.4375,21000
1997-09-15 16:00:00-04:00,0.0,9.4375,9.375,9.4375,44700
1997-09-16 16:00:00-04:00,0.0,9.375,9.25,9.3125,97100
1997-09-17 16:00:00-04:00,0.0,9.3125,9.1875,9.1875,77900
1997-09-18 16:00:00-04:00,0.0,9.25,9.0,9.0,97000
1997-09-19 16:00:00-04:00,0.0,9.125,8.9375,9.0625,66000
1997-09-22 16:00:00-04:00,0.0,9.3125,9.0625,9.3125,134000
1997-09-23 16:00:00-04:00,0.0,9.375,9.125,9.1875,125000
1997-09-24 16:00:00-04:00,0.0,9.1875,9.0625,9.0625,85300
1997-09-25 16:00:00-04:00,0.0,9.1875,9.0625,9.1875,105400
1997-09-26 16:00:00-04:00,0.0,9.1875,9.0625,9.125,46100
1997-09-29 16:00:00-04:00,0.0,9.1875,9.0625,9.1875,26800
1997-09-30 16:00:00-04:00,0.0,9.1875,9.0625,9.0625,43400
1997-10-01 16:00:00-04:00,0.0,9.1875,9.0625,9.0625,92100
1997-10-02 16:00:00-04:00,0.0,9.125,9.0625,9.0625,34000
1997-10-03 16:00:00-04:00,0.0,9.1875,9.0625,9.0625,55300
1997-10-06 16:00:00-04:00,0.0,9.125,9.0625,9.125,21300
1997-10-07 16:00:00-04:00,0.0,9.1875,9.0625,9.0625,41100
1997-10-08 16:00:00-04:00,0.0,9.125,9.0625,9.125,52700
1997-10-09 16:00:00-04:00,0.0,9.1875,9.0625,9.125,43600
1997-10-10 16:00:00-04:00,0.0,9.125,9.0,9.125,84300
1997-10-13 16:00:00-04:00,0.0,9.1875,9.0625,9.1875,26300
1997-10-14 16:00:00-04:00,0.0,9.1875,9.0625,9.125,32300
1997-10-15 16:00:00-04:00,0.0,9.1875,9.0625,9.125,25000
1997-10-16 16:00:00-04:00,0.0,9.1875,9.0625,9.1875,31600
1997-10-17 16:00:00-04:00,0.0,9.1875,9.0625,9.0625,88100
1997-10-20 16:00:00-04:00,0.0,9.125,9.0625,9.125,103300
1997-10-21 16:00:00-04:00,0.0,9.1875,9.0625,9.1875,57700
1997-10-22 16:00:00-04:00,0.0,9.1875,9.0625,9.125,49600
1997-10-23 16:00:00-04:00,0.0,9.1875,9.125,9.125,24200
1997-10-24 16:00:00-04:00,0.0,9.1875,9.0625,9.125,45700
1997-10-27 16:00:00-05:00,0.0,9.125,9.0625,9.0625,48600
1997-10-28 16:00:00-05:00,0.0,9.125,9.0,9.0,23800
1997-10-29 16:00:00-05:00,0.0,9.0625,9.0,9.0625,47700
1997-10-30 16:00:00-05:00,0.0,9.125,9.0,9.125,58300
1997-10-31 16:00:00-05:00,0.0,9.125,9.0625,9.0625,32200
1997-11-03 16:00:00-05:00,0.0,9.1875,9.0,9.0625,62100
1997-11-04 16:00:00-05:00,0.0,9.125,9.0625,9.0625,16200
1997-11-05 16:00:00-05:00,0.0,9.125,9.0625,9.125,71600
1997-11-06 16:00:00-05:00,0.0,9.1875,9.0625,9.0625,31400
1997-11-07 16:00:00-05:00,0.0,9.125,9.0,9.0625,56300
1997-11-10 16:00:00-05:00,0.0,9.1875,9.0,9.1875,28000
1997-11-11 16:00:00-05:00,0.0,9.1875,9.0625,9.1875,84700
1997-11-12 16:00:00-05:00,0.0,9.1875,9.0625,9.125,19400
1997-11-13 16:00:00-05:00,0.0,9.1875,9.0625,9.125,38900
1997-11-14 16:00:00-05:00,0.0,9.25,9.125,9.25,41100
1997-11-17 16:00:00-05:00,0.0,9.3125,9.1875,9.25,78000
1997-11-18 16:00:00-05:00,0.0,9.3125,9.1875,9.25,41000
1997-11-19 16:00:00-05:00,0.0,9.3125,9.1875,9.1875,77500
1997-11-20 16:00:00-05:00,0.0,9.25,9.1875,9.25,41100
1997-11-21 16:00:00-05:00,0.0,9.3125,9.1875,9.1875,50800
1997-11-24 16:00:00-05:00,0.0,9.25,9.1875,9.1875,48900
1997-11-25 16:00:00-05:00,0.0,9.25,9.125,9.1875,47000
1997-11-26 16:00:00-05:00,0.0,9.1875,9.125,9.125,64100
1997-11-28 16:00:00-05:00,0.0,9.1875,9.125,9.1875,8200
1997-12-01 16:00:00-05:00,0.0,9.3125,9.1875,9.25,68000
1997-12-02 16:00:00-05:00,0.0,9.3125,9.1875,9.3125,46700
1997-12-03 16:00:00-05:00,0.0,9.375,9.25,9.3125,87400
1997-12-04 16:00:00-05:00,0.0,9.4375,9.3125,9.4375,51100
1997-12-05 16:00:00-05:00,0.0,9.5,9.3125,9.375,41400
1997-12-08 16:00:00-05:00,0.0,9.5,9.25,9.25,28100
1997-12-09 16:00:00-05:00,0.0,9.5,9.4375,9.4375,24000
1997-12-10 16:00:00-05:00,0.0,9.5625,9.4375,9.5,76100
1997-12-11 16:00:00-05:00,0.0,9.5,9.375,9.375,29400
1997-12-12 16:00:00-05:00,0.0,9.4375,9.3125,9.3125,31600
1997-12-15 16:00:00-05:00,0.0,9.4375,9.3125,9.3125,35700
1997-12-16 16:00:00-05:00,0.0,9.375,9.25,9.25,39200
1997-12-17 16:00:00-05:00,0.0,9.375,9.25,9.3125,41300
1997-12-18 16:00:00-05:00,0.0,9.3125,9.1875,9.1875,43000
1997-12-19 16:00:00-05:00,0.0,9.25,9.1875,9.1875,54600
1997-12-22 16:00:00-05:00,0.0,9.25,9.1875,9.25,56100
1997-12-23 16:00:00-05:00,0.0,9.3125,9.1875,9.1875,42800
1997-12-24 16:00:00-05:00,0.0,9.25,9.1875,9.1875,47100
1997-12-26 16:00:00-05:00,0.0,9.625,9.1875,9.375,66200
1997-12-29 16:00:00-05:00,0.0,9.375,9.125,9.1875,131100
1997-12-30 16:00:00-05:00,0.0,9.1875,9.125,9.125,36300
1997-12-31 16:00:00-05:00,0.0,9.1875,9.125,9.125,43900
1998-01-02 16:00:00-05:00,0.0,9.3125,9.125,9.3125,129700
1998-01-05 16:00:00-05:00,0.0,9.375,9.25,9.375,103700
1998-01-06 16:00:00-05:00,0.0,9.4375,9.25,9.375,33000
1998-01-07 16:00:00-05:00,0.0,9.4375,9.25,9.4375,89600
1998-01-08 16:00:00-05:00,0.0,9.5,9.375,9.4375,57000
1998-01-09 16:00:00-05:00,0.0,9.5,9.4375,9.5,24000
1998-01-12 16:00:00-05:00,0.0,9.5,9.375,9.5,30900
1998-01-13 16:00:00-05:00,0.0,9.5,9.3125,9.375,38500
1998-01-14 16:00:00-05:00,0.0,9.4375,9.3125,9.4375,53700
1998-01-15 16:00:00-05:00,0.0,9.5,9.375,9.4375,23200
1998-01-16 16:00:00-05:00,0.0,9.5,9.375,9.5,53100
1998-01-20 16:00:00-05:00,0.0,9.5625,9.4375,9.5,49100
1998-01-21 16:00:00-05:00,0.0,9.625,9.5,9.625,41400
1998-01-22 16:00:00-05:00,0.0,9.625,9.5625,9.5625,35200
1998-01-23 16:00:00-05:00,0.0,9.5625,9.4375,9.5625,57700
1998-01-26 16:00:00-05:00,0.0,9.5625,9.4375,9.5,21200
1998-01-27 16:00:00-05:00,0.0,9.5625,9.4375,9.5625,22200
1998-01-28 16:00:00-05:00,0.0,9.5625,9.4375,9.5625,13900
1998-01-29 16:00:00-05:00,0.0,9.5625,9.4375,9.5,21600
1998-01-30 16:00:00-05:00,0.0,9.5625,9.4375,9.5625,26000
1998-02-02 16:00:00-05:00,0.0,9.625,9.5,9.5625,52900
1998-02-03 16:00:00-05:00,0.0,9.5625,9.4375,9.5625,48200
1998-02-04 16:00:00-05:00,0.0,9.5625,9.4375,9.5625,17900
1998-02-05 16:00:00-05:00,0.0,9.5625,9.4375,9.4375,25300
1998-02-06 16:00:00-05:00,0.0,9.5625,9.4375,9.5625,34500
1998-02-09 16:00:00-05:00,0.0,9.625,9.4375,9.625,101900
1998-02-10 16:00:00-05:00,0.0,9.625,9.5625,9.5625,39000
1998-02-11 16:00:00-05:00,0.0,9.625,9.4375,9.4375,37800
1998-02-12 16:00:00-05:00,0.0,9.5,9.4375,9.5,29100
1998-02-13 16:00:00-05:00,0.0,9.5,9.375,9.375,30500
1998-02-17 16:00:00-05:00,0.0,9.4375,9.0625,9.0625,77300
1998-02-18 16:00:00-05:00,0.0,9.125,9.0,9.0625,54300
1998-02-19 16:00:00-05:00,0.0,9.1875,9.0625,9.125,33500
1998-02-20 16:00:00-05:00,0.0,9.25,9.125,9.1875,19000
1998-02-23 16:00:00-05:00,0.0,9.25,9.0625,9.125,63800
1998-02-24 16:00:00-05:00,0.0,9.1875,9.0,9.125,84600
1998-02-25 16:00:00-05:00,0.0,9.125,9.0625,9.0625,41500
1998-02-26 16:00:00-05:00,0.0,9.125,9.0625,9.125,22000
1998-02-27 16:00:00-05:00,0.0,9.125,9.0625,9.0625,35400
1998-03-02 16:00:00-05:00,0.0,9.125,9.0625,9.125,49300
1998-03-03 16:00:00-05:00,0.0,9.125,9.0,9.0625,49200
1998-03-04 16:00:00-05:00,0.0,9.125,9.0625,9.0625,23600
1998-03-05 16:00:00-05:00,0.0,9.125,9.0625,9.125,30500
1998-03-06 16:00:00-05:00,0.0,9.1875,9.0625,9.125,30600
1998-03-09 16:00:00-05:00,0.0,9.1875,9.125,9.1875,17900
1998-03-10 16:00:00-05:00,0.0,9.3125,9.125,9.1875,46600
1998-03-11 16:00:00-05:00,0.0,9.375,9.25,9.3125,29100
1998-03-12 16:00:00-05:00,0.0,9.375,9.1875,9.25,26300
1998-03-13 16:00:00-05:00,0.0,9.3125,9.1875,9.1875,26600
1998-03-16 16:00:00-05:00,0.0,9.25,9.1875,9.1875,26100
1998-03-17 16:00:00-05:00,0.0,9.25,9.1875,9.1875,38000
1998-03-18 16:00:00-05:00,0.0,9.25,9.1875,9.1875,9700
1998-03-19 16:00:00-05:00,0.0,9.3125,9.1875,9.25,32200
1998-03-20 16:00:00-05:00,0.0,9.3125,9.1875,9.25,20400
1998-03-23 16:00:00-05:00,0.0,9.25,9.1875,9.25,25900
1998-03-24 16:00:00-05:00,0.0,9.25,9.125,9.125,24600
1998-03-25 16:00:00-05:00,0.0,9.25,9.0625,9.125,59200
1998-03-26 16:00:00-05:00,0.0,9.25,9.125,9.125,33800
1998-03-27 16:00:00-05:00,0.0,9.25,9.125,9.125,20600
1998-03-30 16:00:00-05:00,0.0,9.25,9.0625,9.0625,85900
1998-03-31 16:00:00-05:00,0.0,9.125,9.0,9.0,25600
1998-04-01 16:00:00-05:00,0.0,9.1875,9.0625,9.125,43300
1998-04-02 16:00:00-05:00,0.0,9.1875,9.0625,9.125,30200
1998-04-03 16:00:00-05:00,0.0,9.1875,9.125,9.1875,19500
1998-04-06 16:00:00-04:00,0.0,9.1875,9.125,9.1875,36100
1998-04-07 16:00:00-04:00,0.0,9.25,9.125,9.25,18700
1998-04-08 16:00:00-04:00,0.0,9.3125,9.1875,9.1875,46400
1998-04-09 16:00:00-04:00,0.0,9.25,9.125,9.25,48000
1998-04-13 16:00:00-04:00,0.0,9.1875,9.0625,9.0625,31300
1998-04-14 16:00:00-04:00,0.0,9.0625,9.0,9.0625,30100
1998-04-15 16:00:00-04:00,0.0,9.0625,8.9375,8.9375,96400
1998-04-16 16:00:00-04:00,0.0,9.0,8.875,8.875,49100
1998-04-17 16:00:00-04:00,0.0,9.0,8.875,9.0,28300
1998-04-20 16:00:00-04:00,0.0,9.0,8.9375,8.9375,28200
1998-04-21 16:00:00-04:00,0.0,9.0,8.875,8.9375,44300
1998-04-22 16:00:00-04:00,0.0,8.875,8.75,8.75,75600
1998-04-23 16:00:00-04:00,0.0,8.875,8.75,8.8125,37100
1998-04-24 16:00:00-04:00,0.0,8.875,8.75,8.8125,20000
1998-04-27 16:00:00-04:00,0.0,8.875,8.6875,8.75,71200
1998-04-28 16:00:00-04:00,0.0,8.8125,8.625,8.625,41500
1998-04-29 16:00:00-04:00,0.0,8.625,8.5,8.625,52700
1998-04-30 16:00:00-04:00,0.0,8.6875,8.5625,8.625,43600
1998-05-01 16:00:00-04:00,0.0,8.75,8.625,8.6875,36300
1998-05-04 16:00:00-04:00,0.0,8.75,8.625,8.6875,26200
1998-05-05 16:00:00-04:00,0.0,8.75,8.625,8.75,64200
1998-05-06 16:00:00-04:00,0.0,8.8125,8.6875,8.6875,32300
1998-05-07 16:00:00-04:00,0.0,8.8125,8.6875,8.8125,72400
1998-05-08 16:00:00-04:00,0.0,8.875,8.75,8.8125,58900
1998-05-11 16:00:00-04:00,0.0,8.875,8.75,8.8125,68600
1998-05-12 16:00:00-04:00,0.0,8.75,8.6875,8.75,40200
1998-05-13 16:00:00-04:00,0.0,8.8125,8.625,8.6875,31100
1998-05-14 16:00:00-04:00,0.0,8.8125,8.6875,8.75,19300
1998-05-15 16:00:00-04:00,0.0,8.8125,8.6875,8.6875,20600
1998-05-18 16:00:00-04:00,0.0,8.75,8.6875,8.6875,25400
1998-05-19 16:00:00-04:00,0.0,8.75,8.6875,8.75,52700
1998-05-20 16:00:00-04:00,0.0,8.75,8.6875,8.75,21000
1998-05-21 16:00:00-04:00,0.0,8.75,8.6875,8.75,55400
1998-05-22 16:00:00-04:00,0.0,8.75,8.6875,8.75,27000
1998-05-26 16:00:00-04:00,0.0,8.75,8.625,8.625,25400
1998-05-27 16:00:00-04:00,0.0,8.6875,8.625,8.625,53700
1998-05-28 16:00:00-04:00,0.0,8.75,8.6875,8.6875,30000
1998-05-29 16:00:00-04:00,0.0,8.75,8.6875,8.75,24600
1998-06-01 16:00:00-04:00,0.0,8.8125,8.6875,8.75,40100
1998-06-02 16:00:00-04:00,0.0,8.875,8.75,8.8125,59500
1998-06-03 16:00:00-04:00,0.0,8.875,8.6875,8.75,53200
1998-06-04 16:00:00-04:00,0.0,8.8125,8.6875,8.75,16600
1998-06-05 16:00:00-04:00,0.0,8.8125,8.75,8.75,52500
1998-06-08 16:00:00-04:00,0.0,8.8125,8.75,8.75,76600
1998-06-09 16:00:00-04:00,0.0,8.9375,8.75,8.9375,63100
1998-06-10 16:00:00-04:00,0.0,9.0,8.875,9.0,65900
1998-06-11 16:00:00-04:00,0.0,9.0,8.875,9.0,59100
1998-06-12 16:00:00-04:00,0.0,9.0,8.875,8.875,55200
1998-06-15 16:00:00-04:00,0.0,9.0,8.8125,8.9375,36200
1998-06-16 16:00:00-04:00,0.0,9.0,8.9375,8.9375,23900
1998-06-17 16:00:00-04:00,0.0,9.0,8.875,8.875,45400
1998-06-18 16:00:00-04:00,0.0,8.9375,8.8125,8.8125,22200
1998-06-19 16:00:00-04:00,0.0,8.8438,8.75,8.8125,39200
1998-06-22 16:00:00-04:00,0.0,8.9375,8.75,8.8125,68900
1998-06-23 16:00:00-04:00,0.0,8.9375,8.75,8.875,56400
1998-06-24 16:00:00-04:00,0.0,8.875,8.75,8.75,42900
1998-06-25 16:00:00-04:00,0.0,8.875,8.75,8.875,25000
1998-06-26 16:00:00-04:00,0.0,8.875,8.75,8.8125,26000
1998-06-29 16:00:00-04:00,0.0,8.875,8.8125,8.875,11000
1998-06-30 16:00:00-04:00,0.0,8.875,8.8125,8.875,33000
1998-07-01 16:00:00-04:00,0.0,8.9375,8.8125,8.875,16800
1998-07-02 16:00:00-04:00,0.0,9.0,8.8125,9.0,41500
1998-07-06 16:00:00-04:00,0.0,9.0,8.875,9.0,23500
1998-07-07 16:00:00-04:00,0.0,9.0625,9.0,9.0,29100
1998-07-08 16:00:00-04:00,0.0,9.0625,9.0,9.0,16000
1998-07-09 16:00:00-04:00,0.0,9.125,9.0,9.125,22900
1998-07-10 16:00:00-04:00,0.0,9.125,9.0625,9.125,24600
1998-07-13 16:00:00-04:00,0.0,9.0625,9.0,9.0,15900
1998-07-14 16:00:00-04:00,0.0,9.0625,8.9375,9.0625,43700
1998-07-15 16:00:00-04:00,0.0,9.0625,8.9375,9.0,25200
1998-07-16 16:00:00-04:00,0.0,9.125,9.0,9.0,54000
1998-07-17 16:00:00-04:00,0.0,9.125,9.0,9.0,44500
1998-07-20 16:00:00-04:00,0.0,9.125,9.0,9.125,31800
1998-07-21 16:00:00-04:00,0.0,9.125,9.0,9.0625,46600
1998-07-22 16:00:00-04:00,0.0,9.0625,8.9375,8.9375,37600
1998-07-23 16:00:00-04:00,0.0,9.0,8.9375,8.9375,14200
1998-07-24 16:00:00-04:00,0.0,9.0625,8.9375,9.0625,38200
1998-07-27 16:00:00-04:00,0.0,9.0,8.9375,8.9375,40200
1998-07-28 16:00:00-04:00,0.0,9.0625,8.9375,9.0,30300
1998-07-29 16:00:00-04:00,0.0,9.0625,8.9375,8.9375,33100
1998-07-30 16:00:00-04:00,0.0,9.0625,8.9375,9.0,25000
1998-07-31 16:00:00-04:00,0.0,9.0625,8.9375,9.0,16300
1998-08-03 16:00:00-04:00,0.0,9.0625,8.9375,8.9375,17100
1998-08-04 16:00:00-04:00,0.0,8.9688,8.875,8.9375,35200
1998-08-05 16:00:00-04:00,0.0,9.0625,8.875,9.0,33700
1998-08-06 16:00:00-04:00,0.0,9.0625,8.875,8.9375,36500
1998-08-07 16:00:00-04:00,0.0,9.0625,8.9375,8.9375,27400
1998-08-10 16:00:00-04:00,0.0,9.0,8.875,8.9375,24100
1998-08-11 16:00:00-04:00,0.0,9.0,8.9375,9.0,27300
1998-08-12 16:00:00-04:00,0.0,8.9375,8.8125,8.8125,21300
1998-08-13 16:00:00-04:00,0.0,8.875,8.8125,8.8125,19100
1998-08-14 16:00:00-04:00,0.0,8.9375,8.8125,8.875,17600
1998-08-17 16:00:00-04:00,0.0,8.9375,8.875,8.875,20000
1998-08-18 16:00:00-04:00,0.0,9.0,8.875,8.875,20500
1998-08-19 16:00:00-04:00,0.0,9.0,8.875,8.9375,16900
1998-08-20 16:00:00-04:00,0.0,9.0,8.9375,8.9375,43200
1998-08-21 16:00:00-04:00,0.0,9.0,8.875,8.9375,31300
1998-08-24 16:00:00-04:00,0.0,8.9375,8.8125,8.875,35600
1998-08-25 16:00:00-04:00,0.0,8.9375,8.875,8.875,35500
1998-08-26 16:00:00-04:00,0.0,8.9375,8.75,8.8125,42300
1998-08-27 16:00:00-04:00,0.0,8.875,8.6875,8.75,81300
1998-08-28 16:00:00-04:00,0.0,8.875,8.75,8.8125,41500
1998-08-31 16:00:00-04:00,0.0,8.875,8.75,8.75,23600
1998-09-01 16:00:00-04:00,0.0,8.8125,8.5,8.75,55500
1998-09-02 16:00:00-04:00,0.0,8.8125,8.6875,8.8125,24700
1998-09-03 16:00:00-04:00,0.0,8.875,8.75,8.875,43100
1998-09-04 16:00:00-04:00,0.0,8.875,8.8125,8.875,22400
1998-09-08 16:00:00-04:00,0.0,8.9375,8.875,8.9375,11200
1998-09-09 16:00:00-04:00,0.0,8.9375,8.8125,8.875,35000
1998-09-10 16:00:00-04:00,0.0,8.9375,8.875,8.9375,22400
1998-09-11 16:00:00-04:00,0.0,8.875,8.75,8.8125,33600
1998-09-14 16:00:00-04:00,0.0,8.875,8.75,8.8125,30300
1998-09-15 16:00:00-04:00,0.0,8.9375,8.8125,8.875,18000
1998-09-16 16:00:00-04:00,0.0,8.9375,8.75,8.8125,52300
1998-09-17 16:00:00-04:00,0.0,8.875,8.8125,8.8125,18500
1998-09-18 16:00:00-04:00,0.0,8.875,8.8125,8.875,44300
1998-09-21 16:00:00-04:00,0.0,8.875,8.8125,8.875,43400
1998-09-22 16:00:00-04:00,0.0,8.875,8.8125,8.875,68200
1998-09-23 16:00:00-04:00,0.0,8.875,8.8125,8.8125,23000
1998-09-24 16:00:00-04:00,0.0,8.875,8.8125,8.875,42400
1998-09-25 16:00:00-04:00,0.0,8.9375,8.875,8.875,35300
1998-09-28 16:00:00-04:00,0.0,9.0,8.875,9.0,44400
1998-09-29 16:00:00-04:00,0.0,9.0,8.9375,9.0,46400
1998-09-30 16:00:00-04:00,0.0,9.125,9.0625,9.125,29400
1998-10-01 16:00:00-04:00,0.0,9.125,9.0625,9.125,30100
1998-10-02 16:00:00-04:00,0.0,9.25,9.0625,9.125,48200
1998-10-05 16:00:00-04:00,0.0,9.1875,9.0625,9.125,30200
1998-10-06 16:00:00-04:00,0.0,9.125,9.0625,9.0625,40300
1998-10-07 16:00:00-04:00,0.0,9.125,9.0,9.0625,54300
1998-10-08 16:00:00-04:00,0.0,9.0,8.875,9.0,39800
1998-10-09 16:00:00-04:00,0.0,9.0625,9.0,9.0,51000
1998-10-12 16:00:00-04:00,0.0,9.125,9.0,9.0625,25000
1998-10-13 16:00:00-04:00,0.0,9.0625,9.0,9.0625,12200
1998-10-14 16:00:00-04:00,0.0,9.0625,8.9375,9.0,37700
1998-10-15 16:00:00-04:00,0.0,9.0625,9.0,9.0625,11200
1998-10-16 16:00:00-04:00,0.0,9.125,8.9375,9.0,34000
1998-10-19 16:00:00-04:00,0.0,9.0,8.9375,8.9375,39100
1998-10-20 16:00:00-04:00,0.0,9.0,8.875,9.0,19600
1998-10-21 16:00:00-04:00,0.0,9.0,8.9375,8.9375,15700
1998-10-22 16:00:00-04:00,0.0,9.0,8.9375,8.9375,27400
1998-10-23 16:00:00-04:00,0.0,9.0,8.875,9.0,20600
1998-10-26 16:00:00-05:00,0.0,9.0625,9.0,9.0,11200
1998-10-27 16:00:00-05:00,0.0,9.0625,9.0,9.0625,31000
1998-10-28 16:00:00-05:00,0.0,9.125,9.0,9.0625,15600
1998-10-29 16:00:00-05:00,0.0,9.1875,9.0625,9.125,24900
1998-10-30 16:00:00-05:00,0.0,9.1875,9.0,9.1875,38600
1998-11-02 16:00:00-05:00,0.0,9.1875,9.0625,9.0625,18700
1998-11-03 16:00:00-05:00,0.0,9.1875,9.0,9.125,32500
1998-11-04 16:00:00-05:00,0.0,9.125,9.0625,9.0625,30400
1998-11-05 16:00:00-05:00,0.0,9.25,9.0625,9.1875,80200
1998-11-06 16:00:00-05:00,0.0,9.1875,9.0625,9.1875,29500
1998-11-09 16:00:00-05:00,0.0,9.1875,9.125,9.1875,6000
1998-11-10 16:00:00-05:00,0.0,9.25,9.125,9.25,19300
1998-11-11 16:00:00-05:00,0.0,9.25,9.1875,9.25,20900
1998-11-12 16:00:00-05:00,0.0,9.4375,9.1875,9.375,152300
1998-11-13 16:00:00-05:00,0.0,9.375,9.25,9.3125,84000
1998-11-16 16:00:00-05:00,0.0,9.4375,9.25,9.375,59700
1998-11-17 16:00:00-05:00,0.0,9.4375,9.3125,9.375,62500
1998-11-18 16:00:00-05:00,0.0,9.4375,9.3125,9.3125,49100
1998-11-19 16:00:00-05:00,0.0,9.375,9.0625,9.0625,159000
1998-11-20 16:00:00-05:00,0.0,9.0625,9.0,9.0625,66200
1998-11-23 16:00:00-05:00,0.0,9.0,8.8125,9.0,147400
1998-11-24 16:00:00-05:00,0.0,9.0625,8.9375,9.0625,58200
1998-11-25 16:00:00-05:00,0.0,9.0625,9.0,9.0625,63000
1998-11-27 16:00:00-05:00,0.0,9.125,9.0,9.0625,11800
1998-11-30 16:00:00-05:00,0.0,9.125,8.9375,8.9375,68400
1998-12-01 16:00:00-05:00,0.0,9.0625,8.9375,9.0625,54800
1998-12-02 16:00:00-05:00,0.0,9.0625,8.9375,9.0625,35600
1998-12-03 16:00:00-05:00,0.0,9.0625,9.0,9.0,83000
1998-12-04 16:00:00-05:00,0.0,9.0625,8.9375,9.0625,36200
1998-12-07 16:00:00-05:00,0.0,9.0625,8.875,8.9375,52300
1998-12-08 16:00:00-05:00,0.0,9.0,8.875,8.875,82300
1998-12-09 16:00:00-05:00,0.0,8.9375,8.875,8.9375,41300
1998-12-10 16:00:00-05:00,0.0,8.9375,8.875,8.9375,33000
1998-12-11 16:00:00-05:00,0.0,8.875,8.75,8.8125,40900
1998-12-14 16:00:00-05:00,0.0,8.9375,8.75,8.875,79900
1998-12-15 16:00:00-05:00,0.0,8.875,8.6875,8.75,112300
1998-12-16 16:00:00-05:00,0.0,8.8125,8.6875,8.75,63400
1998-12-17 16:00:00-05:00,0.0,8.8125,8.625,8.625,72700
1998-12-18 16:00:00-05:00,0.0,8.6875,8.625,8.6875,79000
1998-12-21 16:00:00-05:00,0.0,8.6875,8.625,8.625,46100
1998-12-22 16:00:00-05:00,0.0,8.625,8.5,8.5,63400
1998-12-23 16:00:00-05:00,0.0,8.75,8.5625,8.625,78100
1998-12-24 16:00:00-05:00,0.0,8.6875,8.625,8.625,10800
1998-12-28 16:00:00-05:00,0.0,8.625,8.5,8.5625,74200
1998-12-29 16:00:00-05:00,0.0,8.625,8.5,8.5,61500
1998-12-30 16:00:00-05:00,0.0,8.5,8.375,8.5,86500
1998-12-31 16:00:00-05:00,0.0,8.5,8.375,8.4375,98100
1999-01-04 16:00:00-05:00,0.0,8.5,8.4375,8.4375,48600
1999-01-05 16:00:00-05:00,0.0,8.625,8.4375,8.625,46400
1999-01-06 16:00:00-05:00,0.0,8.625,8.5,8.5,62600
1999-01-07 16:00:00-05:00,0.0,8.5625,8.4375,8.5625,53300
1999-01-08 16:00:00-05:00,0.0,8.5625,8.5,8.5625,31600
1999-01-11 16:00:00-05:00,0.0,8.5625,8.5,8.5625,60000
1999-01-12 16:00:00-05:00,0.0,8.5625,8.5,8.5625,49600
1999-01-13 16:00:00-05:00,0.0,8.5625,8.4375,8.5625,78100
1999-01-14 16:00:00-05:00,0.0,8.5625,8.5,8.5625,83800
1999-01-15 16:00:00-05:00,0.0,8.5625,8.5,8.5,41500
1999-01-19 16:00:00-05:00,0.0,8.5625,8.4375,8.4375,60200
1999-01-20 16:00:00-05:00,0.0,8.5625,8.4375,8.5,41300
1999-01-21 16:00:00-05:00,0.0,8.5,8.4375,8.5,47900
1999-01-22 16:00:00-05:00,0.0,8.5,8.4375,8.5,72900
1999-01-25 16:00:00-05:00,0.0,8.5625,8.4375,8.5625,75800
1999-01-26 16:00:00-05:00,0.0,8.625,8.5,8.5625,52400
1999-01-27 16:00:00-05:00,0.0,8.625,8.5,8.5625,19100
1999-01-28 16:00:00-05:00,0.0,8.625,8.5,8.5625,38600
1999-01-29 16:00:00-05:00,0.0,8.625,8.5,8.625,27500
1999-02-01 16:00:00-05:00,0.0,8.625,8.5,8.5625,29900
1999-02-02 16:00:00-05:00,0.0,8.625,8.5,8.5625,21400
1999-02-03 16:00:00-05:00,0.0,8.625,8.5,8.625,54100
1999-02-04 16:00:00-05:00,0.0,8.625,8.5625,8.625,27400
1999-02-05 16:00:00-05:00,0.0,8.6875,8.5625,8.5625,86400
1999-02-08 16:00:00-05:00,0.0,8.75,8.5625,8.625,51100
1999-02-09 16:00:00-05:00,0.0,8.75,8.5625,8.625,83000
1999-02-10 16:00:00-05:00,0.0,8.6875,8.5625,8.625,38900
1999-02-11 16:00:00-05:00,0.0,8.6875,8.5625,8.625,82400
1999-02-12 16:00:00-05:00,0.0,8.625,8.5,8.625,39500
1999-02-16 16:00:00-05:00,0.0,8.625,8.5,8.625,46400
1999-02-17 16:00:00-05:00,0.0,8.625,8.5,8.5625,40900
1999-02-18 16:00:00-05:00,0.0,8.625,8.5,8.5625,49400
1999-02-19 16:00:00-05:00,0.0,8.625,8.5,8.5625,60100
1999-02-22 16:00:00-05:00,0.0,8.625,8.5,8.625,37500
1999-02-23 16:00:00-05:00,0.0,8.625,8.4375,8.4375,193900
1999-02-24 16:00:00-05:00,0.0,8.5625,8.4375,8.5,62200
1999-02-25 16:00:00-05:00,0.0,8.5625,8.5,8.5,29900
1999-02-26 16:00:00-05:00,0.0,8.5625,8.4375,8.5625,23200
1999-03-01 16:00:00-05:00,0.0,8.5625,8.5,8.5625,38700
1999-03-02 16:00:00-05:00,0.0,8.5625,8.5,8.5,47900
1999-03-03 16:00:00-05:00,0.0,8.5625,8.5,8.5,46400
1999-03-04 16:00:00-05:00,0.0,8.5625,8.4375,8.5,53700
1999-03-05 16:00:00-05:00,0.0,8.5625,8.5,8.5625,48400
1999-03-08 16:00:00-05:00,0.0,8.5625,8.5,8.5,23700
1999-03-09 16:00:00-05:00,0.0,8.625,8.5,8.5625,61400
1999-03-10 16:00:00-05:00,0.0,8.625,8.5625,8.5625,38400
1999-03-11 16:00:00-05:00,0.0,8.625,8.5625,8.625,40500
1999-03-12 16:00:00-05:00,0.0,8.625,8.5,8.625,38700
1999-03-15 16:00:00-05:00,0.0,8.5625,8.5,8.5625,51000
1999-03-16 16:00:00-05:00,0.0,8.625,8.5,8.5625,37800
1999-03-17 16:00:00-05:00,0.0,8.625,8.5625,8.625,62100
1999-03-18 16:00:00-05:00,0.0,8.6875,8.625,8.6875,16900
1999-03-19 16:00:00-05:00,0.0,8.6875,8.625,8.6875,14200
1999-03-22 16:00:00-05:00,0.0,8.6875,8.5,8.5,90500
1999-03-23 16:00:00-05:00,0.0,8.5625,8.5,8.5,43500
1999-03-24 16:00:00-05:00,0.0,8.5625,8.4375,8.5625,20700
1999-03-25 16:00:00-05:00,0.0,8.5625,8.4375,8.5625,30200
1999-03-26 16:00:00-05:00,0.0,8.5625,8.5,8.5625,27100
1999-03-29 16:00:00-05:00,0.0,8.5625,8.5,8.5625,47000
1999-03-30 16:00:00-05:00,0.0,8.5625,8.5,8.5625,20200
1999-03-31 16:00:00-05:00,0.0,8.625,8.5,8.625,51500
1999-04-01 16:00:00-05:00,0.0,8.625,8.5,8.5625,17400
1999-04-05 16:00:00-04:00,0.0,8.625,8.5,8.5625,35000
1999-04-06 16:00:00-04:00,0.0,8.5625,8.4375,8.5625,45100
1999-04-07 16:00:00-04:00,0.0,8.5625,8.5,8.5625,49000
1999-04-08 16:00:00-04:00,0.0,8.625,8.4375,8.625,55300
1999-04-09 16:00:00-04:00,0.0,8.625,8.5,8.5625,76800
1999-04-12 16:00:00-04:00,0.0,8.5625,8.5,8.5625,51700
1999-04-13 16:00:00-04:00,0.0,8.5625,8.4375,8.5,69800
1999-04-14 16:00:00-04:00,0.0,8.5,8.4375,8.5,29600
1999-04-15 16:00:00-04:00,0.0,8.5625,8.4375,8.5625,42900
1999-04-16 16:00:00-04:00,0.0,8.5625,8.4375,8.5625,18000
1999-04-19 16:00:00-04:00,0.0,8.5625,8.5,8.5625,50700
1999-04-20 16:00:00-04:00,0.0,8.5,8.4375,8.5,10900
1999-04-21 16:00:00-04:00,0.0,8.5,8.375,8.4375,75500
1999-04-22 16:00:00-04:00,0.0,8.4375,8.375,8.4375,16900
1999-04-23 16:00:00-04:00,0.0,8.4375,8.375,8.4375,59400
1999-04-26 16:00:00-04:00,0.0,8.4375,8.375,8.4375,29800
1999-04-27 16:00:00-04:00,0.0,8.5,8.375,8.375,82600
1999-04-28 16:00:00-04:00,0.0,8.5,8.375,8.5,91800
1999-04-29 16:00:00-04:00,0.0,8.5,8.375,8.375,67500
1999-04-30 16:00:00-04:00,0.0,8.4375,8.3125,8.4375,51400
1999-05-03 16:00:00-04:00,0.0,8.4375,8.25,8.3125,52900
1999-05-04 16:00:00-04:00,0.0,8.375,8.25,8.375,76100
1999-05-05 16:00:00-04:00,0.0,8.4375,8.375,8.4375,31200
1999-05-06 16:00:00-04:00,0.0,8.4375,8.375,8.4375,15800
1999-05-07 16:00:00-04:00,0.0,8.5,8.375,8.4375,41700
1999-05-10 16:00:00-04:00,0.0,8.5,8.375,8.5,38300
1999-05-11 16:00:00-04:00,0.0,8.5,8.375,8.5,62900
1999-05-12 16:00:00-04:00,0.0,8.5,8.4375,8.5,22400
1999-05-13 16:00:00-04:00,0.0,8.5,8.375,8.4375,20000
1999-05-14 16:00:00-04:00,0.0,8.4375,8.3125,8.375,26900
1999-05-17 16:00:00-04:00,0.0,8.375,8.25,8.3125,50100
1999-05-18 16:00:00-04:00,0.0,8.3125,8.25,8.25,55700
1999-05-19 16:00:00-04:00,0.0,8.375,8.25,8.25,42400
1999-05-20 16:00:00-04:00,0.0,8.375,8.125,8.1875,71800
1999-05-21 16:00:00-04:00,0.0,8.3125,8.1875,8.3125,40200
1999-05-24 16:00:00-04:00,0.0,8.375,8.25,8.375,29200
1999-05-25 16:00:00-04:00,0.0,8.4375,8.3125,8.4375,94100
1999-05-26 16:00:00-04:00,0.0,8.4375,8.375,8.4375,42600
1999-05-27 16:00:00-04:00,0.0,8.4375,8.375,8.4375,16100
1999-05-28 16:00:00-04:00,0.0,8.4375,8.375,8.4375,26800
1999-06-01 16:00:00-04:00,0.0,8.5,8.4375,8.5,33300
1999-06-02 16:00:00-04:00,0.0,8.5,8.375,8.5,28600
1999-06-03 16:00:00-04:00,0.0,8.5,8.375,8.4375,30700
1999-06-04 16:00:00-04:00,0.0,8.4375,8.3125,8.375,59100
1999-06-07 16:00:00-04:00,0.0,8.375,8.3125,8.3125,28800
1999-06-08 16:00:00-04:00,0.0,8.4375,8.3125,8.375,58400
1999-06-09 16:00:00-04:00,0.0,8.4375,8.3125,8.4375,54800
1999-06-10 16:00:00-04:00,0.0,8.375,8.25,8.3125,45200
1999-06-11 16:00:00-04:00,0.0,8.3125,8.25,8.3125,20300
1999-06-14 16:00:00-04:00,0.0,8.3125,8.25,8.3125,13300
1999-06-15 16:00:00-04:00,0.0,8.375,8.25,8.375,29200
1999-06-16 16:00:00-04:00,0.0,8.375,8.25,8.3125,19200
1999-06-17 16:00:00-04:00,0.0,8.4375,8.3125,8.4375,84200
1999-06-18 16:00:00-04:00,0.0,8.5,8.375,8.4375,29100
1999-06-21 16:00:00-04:00,0.0,8.4375,8.25,8.25,27300
1999-06-22 16:00:00-04:00,0.0,8.375,8.25,8.375,30400
1999-06-23 16:00:00-04:00,0.0,8.375,8.125,8.1875,85800
1999-06-24 16:00:00-04:00,0.0,8.25,8.0625,8.125,71400
1999-06-25 16:00:00-04:00,0.0,8.1875,8.0625,8.0625,12200
1999-06-28 16:00:00-04:00,0.0,8.125,8.0625,8.125,40300
1999-06-29 16:00:00-04:00,0.0,8.125,8.0,8.0,57700
1999-06-30 16:00:00-04:00,0.0,8.25,8.0625,8.1875,70900
1999-07-01 16:00:00-04:00,0.0,8.25,8.125,8.125,42000
1999-07-02 16:00:00-04:00,0.0,8.25,8.125,8.1875,41100
1999-07-06 16:00:00-04:00,0.0,8.25,8.125,8.1875,38600
1999-07-07 16:00:00-04:00,0.0,8.1875,8.125,8.125,36000
1999-07-08 16:00:00-04:00,0.0,8.25,8.125,8.25,44400
1999-07-09 16:00:00-04:00,0.0,8.25,8.125,8.25,17400
1999-07-12 16:00:00-04:00,0.0,8.25,8.1875,8.1875,16700
1999-07-13 16:00:00-04:00,0.0,8.25,8.125,8.1875,61700
1999-07-14 16:00:00-04:00,0.0,8.1875,8.125,8.125,30500
1999-07-15 16:00:00-04:00,0.0,8.1875,8.125,8.1875,68800
1999-07-16 16:00:00-04:00,0.0,8.125,8.0625,8.0625,42600
1999-07-19 16:00:00-04:00,0.0,8.125,8.0625,8.0625,39200
1999-07-20 16:00:00-04:00,0.0,8.125,8.0625,8.0625,16400
1999-07-21 16:00:00-04:00,0.0,8.125,8.0,8.0625,72600
1999-07-22 16:00:00-04:00,0.0,8.0625,8.0,8.0,25400
1999-07-23 16:00:00-04:00,0.0,8.0625,8.0,8.0,45400
1999-07-26 16:00:00-04:00,0.0,8.0,7.875,7.875,75600
1999-07-27 16:00:00-04:00,0.0,8.0,7.875,7.875,48900
1999-07-28 16:00:00-04:00,0.0,8.0,7.875,8.0,43200
1999-07-29 16:00:00-04:00,0.0,7.9375,7.875,7.875,24000
1999-07-30 16:00:00-04:00,0.0,7.9375,7.875,7.875,53800
1999-08-02 16:00:00-04:00,0.0,7.9375,7.875,7.9375,50200
1999-08-03 16:00:00-04:00,0.0,8.0,7.875,8.0,55400
1999-08-04 16:00:00-04:00,0.0,8.0,7.875,7.9375,18700
1999-08-05 16:00:00-04:00,0.0,7.9375,7.875,7.875,33700
1999-08-06 16:00:00-04:00,0.0,7.875,7.75,7.75,28800
1999-08-09 16:00:00-04:00,0.0,7.75,7.5625,7.625,78600
1999-08-10 16:00:00-04:00,0.0,7.6875,7.5,7.625,56400
1999-08-11 16:00:00-04:00,0.0,7.625,7.5,7.5625,21500
1999-08-12 16:00:00-04:00,0.0,7.625,7.375,7.4375,32800
1999-08-13 16:00:00-04:00,0.0,7.5,7.4375,7.4375,60200
1999-08-16 16:00:00-04:00,0.0,7.5625,7.5,7.5625,37100
1999-08-17 16:00:00-04:00,0.0,7.625,7.5,7.625,69300
1999-08-18 16:00:00-04:00,0.0,7.5625,7.5,7.5,27300
1999-08-19 16:00:00-04:00,0.0,7.5625,7.5,7.5,36000
1999-08-20 16:00:00-04:00,0.0,7.625,7.5,7.625,19900
1999-08-23 16:00:00-04:00,0.0,7.625,7.4375,7.4375,78700
1999-08-24 16:00:00-04:00,0.0,7.5625,7.4375,7.5,61600
1999-08-25 16:00:00-04:00,0.0,7.625,7.4375,7.5625,85200
1999-08-26 16:00:00-04:00,0.0,7.875,7.5625,7.6875,46800
1999-08-27 16:00:00-04:00,0.0,7.6875,7.625,7.6875,40300
1999-08-30 16:00:00-04:00,0.0,7.75,7.625,7.6875,32300
1999-08-31 16:00:00-04:00,0.0,7.75,7.625,7.625,28300
1999-09-01 16:00:00-04:00,0.0,7.6875,7.625,7.625,37800
1999-09-02 16:00:00-04:00,0.0,7.75,7.625,7.625,33500
1999-09-03 16:00:00-04:00,0.0,7.6875,7.625,7.625,27200
1999-09-07 16:00:00-04:00,0.0,7.6875,7.625,7.625,79600
1999-09-08 16:00:00-04:00,0.0,7.6875,7.5625,7.625,41700
1999-09-09 16:00:00-04:00,0.0,7.6875,7.5625,7.5625,44200
1999-09-10 16:00:00-04:00,0.0,7.625,7.5625,7.625,40600
1999-09-13 16:00:00-04:00,0.0,7.625,7.5,7.625,40200
1999-09-14 16:00:00-04:00,0.0,7.5625,7.5,7.5,49500
1999-09-15 16:00:00-04:00,0.0,7.5625,7.375,7.375,76600
1999-09-16 16:00:00-04:00,0.0,7.5,7.375,7.4375,49300
1999-09-17 16:00:00-04:00,0.0,7.4375,7.3125,7.375,60800
1999-09-20 16:00:00-04:00,0.0,7.4375,7.25,7.25,71700
1999-09-21 16:00:00-04:00,0.0,7.25,7.125,7.1875,74600
1999-09-22 16:00:00-04:00,0.0,7.25,7.125,7.1875,49400
1999-09-23 16:00:00-04:00,0.0,7.25,7.125,7.25,87300
1999-09-24 16:00:00-04:00,0.0,7.25,7.125,7.25,27300
1999-09-27 16:00:00-04:00,0.0,7.25,7.1875,7.1875,39700
1999-09-28 16:00:00-04:00,0.0,7.25,7.125,7.25,44300
1999-09-29 16:00:00-04:00,0.0,7.25,7.125,7.125,37500
1999-09-30 16:00:00-04:00,0.0,7.25,7.0625,7.1875,80600
1999-10-01 16:00:00-04:00,0.0,7.25,7.125,7.1875,56300
1999-10-04 16:00:00-04:00,0.0,7.25,7.125,7.1875,73100
1999-10-05 16:00:00-04:00,0.0,7.25,7.125,7.125,52900
1999-10-06 16:00:00-04:00,0.0,7.1875,7.125,7.1875,113400
1999-10-07 16:00:00-04:00,0.0,7.25,7.125,7.1875,26600
1999-10-08 16:00:00-04:00,0.0,7.25,7.125,7.1875,38700
1999-10-11 16:00:00-04:00,0.0,7.25,7.125,7.125,54600
1999-10-12 16:00:00-04:00,0.0,7.125,7.0,7.0,63200
1999-10-13 16:00:00-04:00,0.0,7.0625,7.0,7.0625,82900
1999-10-14 16:00:00-04:00,0.0,7.0625,6.875,6.9375,84800
1999-10-15 16:00:00-04:00,0.0,6.9375,6.8125,6.8125,79400
1999-10-18 16:00:00-04:00,0.0,6.9375,6.8125,6.875,61200
1999-10-19 16:00:00-04:00,0.0,6.9375,6.875,6.875,35100
1999-10-20 16:00:00-04:00,0.0,7.875,6.875,6.9375,53400
1999-10-21 16:00:00-04:00,0.0,7.0,6.9375,6.9375,46400
1999-10-22 16:00:00-04:00,0.0,7.0,6.875,6.875,53400
1999-10-25 16:00:00-04:00,0.0,6.9375,6.8125,6.8125,45300
1999-10-26 16:00:00-04:00,0.0,6.9375,6.75,6.875,54700
1999-10-27 16:00:00-04:00,0.0,6.875,6.75,6.8125,28200
1999-10-28 16:00:00-04:00,0.0,6.875,6.8125,6.875,85800
1999-10-29 16:00:00-04:00,0.0,7.125,6.875,7.125,121900
1999-11-01 16:00:00-05:00,0.0,7.125,7.0,7.0625,97200
1999-11-02 16:00:00-05:00,0.0,7.3125,7.125,7.25,120500
1999-11-03 16:00:00-05:00,0.0,7.375,7.1875,7.3125,95300
1999-11-04 16:00:00-05:00,0.0,7.5,7.375,7.4375,104600
1999-11-05 16:00:00-05:00,0.0,7.5625,7.4375,7.4375,58900
1999-11-08 16:00:00-05:00,0.0,7.4375,7.3125,7.375,57500
1999-11-09 16:00:00-05:00,0.0,7.375,7.125,7.1875,65200
1999-11-10 16:00:00-05:00,0.0,7.25,7.0,7.0625,120200
1999-11-11 16:00:00-05:00,0.0,7.0,6.8125,6.875,93900
1999-11-12 16:00:00-05:00,0.0,7.25,6.875,7.1875,109500
1999-11-15 16:00:00-05:00,0.0,7.25,7.0625,7.125,48000
1999-11-16 16:00:00-05:00,0.0,7.4375,7.0625,7.375,129900
1999-11-17 16:00:00-05:00,0.0,7.3125,7.125,7.125,38700
1999-11-18 16:00:00-05:00,0.0,7.3125,7.125,7.25,104400
1999-11-19 16:00:00-05:00,0.0,7.1875,7.0,7.0625,86300
1999-11-22 16:00:00-05:00,0.0,7.1875,7.0,7.125,217600
1999-11-23 16:00:00-05:00,0.0,7.25,7.0,7.0625,158700
1999-11-24 16:00:00-05:00,0.0,7.125,7.0,7.0625,97000
1999-11-26 16:00:00-05:00,0.0,7.125,7.0,7.125,40000
1999-11-29 16:00:00-05:00,0.0,7.125,6.875,6.9375,149200
1999-11-30 16:00:00-05:00,0.0,7.125,6.9375,7.0625,102700
1999-12-01 16:00:00-05:00,0.0,7.25,7.0625,7.25,122800
1999-12-02 16:00:00-05:00,0.0,7.25,7.125,7.125,66500
1999-12-03 16:00:00-05:00,0.0,7.375,7.125,7.3125,88900
1999-12-06 16:00:00-05:00,0.0,7.375,7.125,7.1875,83200
1999-12-07 16:00:00-05:00,0.0,7.1875,6.875,6.9375,85000
1999-12-08 16:00:00-05:00,0.0,7.0,6.875,6.875,75600
1999-12-09 16:00:00-05:00,0.0,6.9375,6.75,6.75,76800
1999-12-10 16:00:00-05:00,0.0,7.0,6.8125,7.0,135600
1999-12-13 16:00:00-05:00,0.0,7.0,6.75,6.875,125800
1999-12-14 16:00:00-05:00,0.0,6.875,6.625,6.625,115900
1999-12-15 16:00:00-05:00,0.0,6.75,6.5,6.6875,160000
1999-12-16 16:00:00-05:00,0.0,6.625,6.4375,6.5,200400
1999-12-17 16:00:00-05:00,0.0,6.625,6.4375,6.4375,145700
1999-12-20 16:00:00-05:00,0.0,6.5625,6.375,6.4375,344000
1999-12-21 16:00:00-05:00,0.0,6.6875,6.4375,6.625,183000
1999-12-22 16:00:00-05:00,0.0,6.6875,6.5625,6.625,156700
1999-12-23 16:00:00-05:00,0.0,6.8125,6.6875,6.6875,159900
1999-12-27 16:00:00-05:00,0.0,6.75,6.625,6.6875,208800
1999-12-28 16:00:00-05:00,0.0,6.8125,6.625,6.6875,197000
1999-12-29 16:00:00-05:00,0.0,6.75,6.5,6.5,168300
1999-12-30 16:00:00-05:00,0.0,6.625,6.5,6.625,101000
1999-12-31 16:00:00-05:00,0.0,6.625,6.5,6.5,137500
2000-01-03 16:00:00-05:00,6.625,6.6875,6.5625,6.625,50700
2000-01-04 16:00:00-05:00,6.625,6.75,6.5625,6.75,112700
2000-01-05 16:00:00-05:00,6.8125,6.8125,6.75,6.75,77900
2000-01-06 16:00:00-05:00,6.8125,6.8125,6.6875,6.6875,64400
2000-01-07 16:00:00-05:00,6.6875,6.75,6.625,6.6875,44400
2000-01-10 16:00:00-05:00,6.75,6.75,6.625,6.6875,89800
2000-01-11 16:00:00-05:00,6.625,6.75,6.5625,6.625,85000
2000-01-12 16:00:00-05:00,6.5625,6.625,6.5,6.625,83900
2000-01-13 16:00:00-05:00,6.625,6.625,6.5,6.5625,50900
2000-01-14 16:00:00-05:00,6.5625,6.625,6.5,6.625,74000
2000-01-18 16:00:00-05:00,6.625,6.625,6.5,6.5,85600
2000-01-19 16:00:00-05:00,6.5625,6.625,6.5,6.625,98100
2000-01-20 16:00:00-05:00,6.5625,6.625,6.5,6.5,62800
2000-01-21 16:00:00-05:00,6.5625,6.625,6.5,6.5625,62100
2000-01-24 16:00:00-05:00,6.625,6.625,6.5,6.5,78800
2000-01-25 16:00:00-05:00,6.5625,6.625,6.5,6.625,54900
2000-01-26 16:00:00-05:00,6.625,6.75,6.625,6.75,67100
2000-01-27 16:00:00-05:00,6.75,6.9375,6.75,6.9375,48000
2000-01-28 16:00:00-05:00,6.875,7.0,6.8125,7.0,75200
2000-01-31 16:00:00-05:00,7.0,7.0,6.875,6.875,97400
2000-02-01 16:00:00-05:00,6.9375,6.9375,6.8125,6.875,45600
2000-02-02 16:00:00-05:00,6.9375,7.0,6.875,6.875,81900
2000-02-03 16:00:00-05:00,6.9375,7.0,6.875,7.0,47900
2000-02-04 16:00:00-05:00,7.0,7.0,6.875,6.9375,35700
2000-02-07 16:00:00-05:00,7.0,7.0625,6.9375,7.0,28300
2000-02-08 16:00:00-05:00,7.0625,7.125,7.0,7.125,60200
2000-02-09 16:00:00-05:00,7.1875,7.1875,7.0625,7.125,40400
2000-02-10 16:00:00-05:00,7.125,7.125,7.0625,7.0625,32000
2000-02-11 16:00:00-05:00,7.0625,7.0625,6.9375,7.0625,71200
2000-02-14 16:00:00-05:00,7.0625,7.0625,6.9375,7.0,74300
2000-02-15 16:00:00-05:00,7.0,7.0625,6.9375,7.0625,53700
2000-02-16 16:00:00-05:00,7.0625,7.125,7.0625,7.0625,63200
2000-02-17 16:00:00-05:00,7.125,7.125,7.0625,7.0625,9000
2000-02-18 16:00:00-05:00,7.0625,7.125,7.0625,7.125,42500
2000-02-22 16:00:00-05:00,7.125,7.125,7.0625,7.0625,44000
2000-02-23 16:00:00-05:00,7.125,7.125,7.0625,7.0625,81900
2000-02-24 16:00:00-05:00,7.125,7.125,6.9375,7.0,46500
2000-02-25 16:00:00-05:00,6.9375,7.0,6.9375,7.0,68000
2000-02-28 16:00:00-05:00,7.0,7.0,6.8125,6.9375,64900
2000-02-29 16:00:00-05:00,6.875,6.9375,6.8125,6.8125,70800
2000-03-01 16:00:00-05:00,0.0,6.875,6.75,6.875,48100
2000-03-02 16:00:00-05:00,0.0,6.875,6.8125,6.8125,52400
2000-03-03 16:00:00-05:00,0.0,6.875,6.8125,6.8125,35900
2000-03-06 16:00:00-05:00,0.0,6.8125,6.75,6.75,83700
2000-03-07 16:00:00-05:00,6.75,6.8125,6.6875,6.75,70500
2000-03-08 16:00:00-05:00,6.75,6.75,6.625,6.625,66800
2000-03-09 16:00:00-05:00,6.5625,6.75,6.5625,6.6875,58700
2000-03-10 16:00:00-05:00,6.625,6.75,6.625,6.75,92900
2000-03-13 16:00:00-05:00,6.75,6.75,6.625,6.625,44200
2000-03-14 16:00:00-05:00,6.6875,6.6875,6.5,6.5625,169800
2000-03-15 16:00:00-05:00,6.625,6.6875,6.5625,6.625,67200
2000-03-16 16:00:00-05:00,6.5625,6.5625,6.5,6.5625,53300
2000-03-17 16:00:00-05:00,6.5,6.625,6.5,6.5,74500
2000-03-20 16:00:00-05:00,6.5,6.625,6.5,6.5625,54800
2000-03-21 16:00:00-05:00,6.5625,6.625,6.5,6.5625,63900
2000-03-22 16:00:00-05:00,6.5625,6.625,6.5,6.5,103300
2000-03-23 16:00:00-05:00,6.5625,6.625,6.5,6.625,52300
2000-03-24 16:00:00-05:00,6.5,6.5625,6.4375,6.5,130700
2000-03-27 16:00:00-05:00,6.5625,6.5625,6.5,6.5625,66700
2000-03-28 16:00:00-05:00,6.625,6.75,6.625,6.6875,57000
2000-03-29 16:00:00-05:00,6.8125,6.8125,6.75,6.75,59000
2000-03-30 16:00:00-05:00,6.75,6.9375,6.75,6.9375,69300
2000-03-31 16:00:00-05:00,6.875,7.0,6.875,7.0,30200
2000-04-03 16:00:00-04:00,7.0,7.0,6.6875,6.8125,106700
2000-04-04 16:00:00-04:00,6.875,7.0,6.875,6.9375,89400
2000-04-05 16:00:00-04:00,6.9375,7.0,6.9375,7.0,43900
2000-04-06 16:00:00-04:00,7.0,7.0625,6.9375,6.9375,75400
2000-04-07 16:00:00-04:00,6.9375,7.0,6.875,6.9375,49800
2000-04-10 16:00:00-04:00,7.0,7.0,6.9375,7.0,38000
2000-04-11 16:00:00-04:00,7.0,7.0,6.9375,7.0,52400
2000-04-12 16:00:00-04:00,6.9375,7.0,6.9375,7.0,56400
2000-04-13 16:00:00-04:00,7.0,7.0625,6.9375,7.0625,167000
2000-04-14 16:00:00-04:00,6.9375,7.0,6.9375,6.9375,94500
2000-04-17 16:00:00-04:00,6.9375,7.0,6.875,6.875,74700
2000-04-18 16:00:00-04:00,6.9375,7.0,6.875,6.9375,52000
2000-04-19 16:00:00-04:00,6.875,7.0,6.875,6.9375,62500
2000-04-20 16:00:00-04:00,7.0,7.0,6.875,6.9375,92000
2000-04-24 16:00:00-04:00,6.9375,7.0,6.875,7.0,50300
2000-04-25 16:00:00-04:00,7.0,7.0,6.9375,6.9375,43600
2000-04-26 16:00:00-04:00,6.9375,7.0,6.9375,6.9375,71200
2000-04-27 16:00:00-04:00,7.0,7.0,6.9375,6.9375,81600
2000-04-28 16:00:00-04:00,7.0,7.0,6.9375,6.9375,66100
2000-05-01 16:00:00-04:00,6.9375,7.0,6.9375,7.0,68300
2000-05-02 16:00:00-04:00,7.0,7.0,6.9375,6.9375,66800
2000-05-03 16:00:00-04:00,6.9375,7.0,6.9375,7.0,48400
2000-05-04 16:00:00-04:00,7.0,7.0,6.9375,6.9375,78500
2000-05-05 16:00:00-04:00,6.875,7.0,6.875,6.9375,37800
2000-05-08 16:00:00-04:00,6.875,7.0,6.875,6.875,59200
2000-05-09 16:00:00-04:00,6.9375,6.9375,6.875,6.9375,37200
2000-05-10 16:00:00-04:00,6.9375,6.9375,6.875,6.9375,44700
2000-05-11 16:00:00-04:00,6.9375,6.9375,6.8125,6.8125,37900
2000-05-12 16:00:00-04:00,6.875,6.9375,6.8125,6.875,50400
2000-05-15 16:00:00-04:00,6.875,6.9375,6.875,6.875,40800
2000-05-16 16:00:00-04:00,6.9375,7.0,6.875,7.0,82700
2000-05-17 16:00:00-04:00,6.9375,7.0,6.875,7.0,75700
2000-05-18 16:00:00-04:00,7.0,7.0,6.875,6.9375,53500
2000-05-19 16:00:00-04:00,7.0,7.0625,6.9375,7.0,88900
2000-05-22 16:00:00-04:00,7.0625,7.0625,7.0,7.0,92400
2000-05-23 16:00:00-04:00,7.0625,7.0625,7.0,7.0625,36500
2000-05-24 16:00:00-04:00,7.0,7.0625,6.9375,7.0625,42000
2000-05-25 16:00:00-04:00,7.0625,7.0625,6.9375,6.9375,25600
2000-05-26 16:00:00-04:00,7.0,7.0625,6.9375,7.0625,37100
2000-05-30 16:00:00-04:00,7.0625,7.125,7.0,7.0625,58500
2000-05-31 16:00:00-04:00,7.125,7.25,7.0625,7.25,52600
2000-06-01 16:00:00-04:00,7.25,7.375,7.1875,7.3125,65200
2000-06-02 16:00:00-04:00,7.3125,7.5625,7.3125,7.5625,44800
2000-06-05 16:00:00-04:00,7.5,7.5625,7.4375,7.5,61200
2000-06-06 16:00:00-04:00,7.5625,7.5625,7.5,7.5,69700
2000-06-07 16:00:00-04:00,7.5,7.5625,7.4375,7.5,47000
2000-06-08 16:00:00-04:00,7.5,7.5,7.4375,7.4375,18500
2000-06-09 16:00:00-04:00,7.5,7.5,7.375,7.5,41300
2000-06-12 16:00:00-04:00,7.4375,7.5,7.375,7.4375,46300
2000-06-13 16:00:00-04:00,7.4375,7.4375,7.3125,7.375,60300
2000-06-14 16:00:00-04:00,7.375,7.4375,7.25,7.3125,70100
2000-06-15 16:00:00-04:00,7.3125,7.375,7.25,7.25,30400
2000-06-16 16:00:00-04:00,7.3125,7.375,7.25,7.3125,47900
2000-06-19 16:00:00-04:00,7.375,7.4375,7.3125,7.375,35900
2000-06-20 16:00:00-04:00,7.4375,7.5,7.375,7.4375,37600
2000-06-21 16:00:00-04:00,7.375,7.4375,7.375,7.4375,24800
2000-06-22 16:00:00-04:00,7.4375,7.4375,7.375,7.375,36200
2000-06-23 16:00:00-04:00,7.375,7.4375,7.375,7.375,12200
2000-06-26 16:00:00-04:00,7.4375,7.4375,7.375,7.4375,61700
2000-06-27 16:00:00-04:00,7.4375,7.4375,7.3125,7.375,34400
2000-06-28 16:00:00-04:00,7.4375,7.4375,7.375,7.4375,17000
2000-06-29 16:00:00-04:00,7.4375,7.5,7.375,7.375,55800
2000-06-30 16:00:00-04:00,7.4375,7.5,7.375,7.5,40000
2000-07-03 16:00:00-04:00,7.5,7.5,7.4375,7.4375,31200
2000-07-05 16:00:00-04:00,7.4375,7.5,7.4375,7.4375,31100
2000-07-06 16:00:00-04:00,7.375,7.4375,7.375,7.4375,55100
2000-07-07 16:00:00-04:00,7.4375,7.4375,7.375,7.375,73600
2000-07-10 16:00:00-04:00,7.4375,7.4375,7.375,7.4375,46800
2000-07-11 16:00:00-04:00,7.4375,7.4375,7.375,7.375,22700
2000-07-12 16:00:00-04:00,7.375,7.4375,7.375,7.375,26900
2000-07-13 16:00:00-04:00,7.375,7.4375,7.375,7.375,54300
2000-07-14 16:00:00-04:00,7.4375,7.4375,7.3125,7.375,31100
2000-07-17 16:00:00-04:00,7.3125,7.4375,7.3125,7.375,38600
2000-07-18 16:00:00-04:00,7.375,7.4375,7.3125,7.3125,23400
2000-07-19 16:00:00-04:00,7.375,7.4375,7.375,7.375,32400
2000-07-20 16:00:00-04:00,7.4375,7.4375,7.375,7.4375,28000
2000-07-21 16:00:00-04:00,7.4375,7.4375,7.3125,7.375,40700
2000-07-24 16:00:00-04:00,7.3125,7.4375,7.3125,7.375,36700
2000-07-25 16:00:00-04:00,7.375,7.4375,7.3125,7.375,25500
2000-07-26 16:00:00-04:00,7.4375,7.5,7.375,7.5,47200
2000-07-27 16:00:00-04:00,7.4375,7.5,7.375,7.4375,28300
2000-07-28 16:00:00-04:00,7.4375,7.5,7.375,7.5,35400
2000-07-31 16:00:00-04:00,7.4375,7.5,7.375,7.375,67900
2000-08-01 16:00:00-04:00,7.4375,7.4375,7.3125,7.375,71900
2000-08-02 16:00:00-04:00,7.4375,7.5,7.375,7.5,37700
2000-08-03 16:00:00-04:00,7.5,7.5,7.375,7.375,24200
2000-08-04 16:00:00-04:00,7.4375,7.5,7.4375,7.4375,52600
2000-08-07 16:00:00-04:00,7.4375,7.5625,7.4375,7.5,80200
2000-08-08 16:00:00-04:00,7.5625,7.625,7.5,7.625,46800
2000-08-09 16:00:00-04:00,7.6875,7.75,7.625,7.6875,29000
2000-08-10 16:00:00-04:00,7.625,7.75,7.5625,7.75,31400
2000-08-11 16:00:00-04:00,7.6875,7.875,7.5625,7.8125,57100
2000-08-14 16:00:00-04:00,7.875,7.875,7.75,7.75,92900
2000-08-15 16:00:00-04:00,7.6875,7.6875,7.5,7.5625,141600
2000-08-16 16:00:00-04:00,7.5625,7.5625,7.5,7.5,20100
2000-08-17 16:00:00-04:00,7.5625,7.625,7.5,7.5625,37800
2000-08-18 16:00:00-04:00,7.625,7.625,7.5,7.5,54800
2000-08-21 16:00:00-04:00,7.5625,7.5625,7.4375,7.5,36300
2000-08-22 16:00:00-04:00,7.5625,7.5625,7.4375,7.5625,57800
2000-08-23 16:00:00-04:00,7.5625,7.625,7.5,7.5,31200
2000-08-24 16:00:00-04:00,7.5,7.625,7.5,7.5625,40500
2000-08-25 16:00:00-04:00,7.5625,7.625,7.5625,7.625,49400
2000-08-28 16:00:00-04:00,0.0,7.625,7.563,7.625,43000
2000-08-29 16:00:00-04:00,7.625,7.688,7.563,7.625,28900
2000-08-30 16:00:00-04:00,7.75,7.813,7.625,7.813,37500
2000-08-31 16:00:00-04:00,7.813,8.0,7.75,8.0,62000
2000-09-01 16:00:00-04:00,8.063,8.063,7.938,8.0,19700
2000-09-05 16:00:00-04:00,8.0,8.0,7.875,7.875,24900
2000-09-06 16:00:00-04:00,7.938,7.938,7.875,7.938,35300
2000-09-07 16:00:00-04:00,7.938,7.938,7.875,7.938,25600
2000-09-08 16:00:00-04:00,7.938,7.938,7.813,7.938,49100
2000-09-11 16:00:00-04:00,7.938,7.938,7.813,7.906,28500
2000-09-12 16:00:00-04:00,7.938,7.938,7.813,7.875,17000
2000-09-13 16:00:00-04:00,7.813,7.875,7.75,7.875,16700
2000-09-14 16:00:00-04:00,7.875,7.875,7.75,7.813,19300
2000-09-15 16:00:00-04:00,7.813,7.875,7.75,7.813,19300
2000-09-18 16:00:00-04:00,7.813,7.813,7.688,7.688,35600
2000-09-19 16:00:00-04:00,7.688,7.875,7.688,7.75,45800
2000-09-20 16:00:00-04:00,7.688,7.813,7.375,7.75,31700
2000-09-21 16:00:00-04:00,7.813,7.875,7.688,7.813,35100
2000-09-22 16:00:00-04:00,7.75,7.875,7.75,7.813,42200
2000-09-25 16:00:00-04:00,7.813,7.813,7.688,7.75,10200
2000-09-26 16:00:00-04:00,7.75,7.813,7.688,7.688,20700
2000-09-27 16:00:00-04:00,7.75,7.75,7.625,7.625,31600
2000-09-28 16:00:00-04:00,7.688,7.75,7.563,7.625,27700
2000-09-29 16:00:00-04:00,7.625,7.625,7.563,7.625,28400
2000-10-02 16:00:00-04:00,7.625,7.688,7.563,7.688,35400
2000-10-03 16:00:00-04:00,7.563,7.75,7.563,7.688,34800
2000-10-04 16:00:00-04:00,7.625,7.75,7.625,7.688,28100
2000-10-05 16:00:00-04:00,7.688,7.688,7.625,7.688,28900
2000-10-06 16:00:00-04:00,7.688,7.75,7.625,7.625,29100
2000-10-09 16:00:00-04:00,7.75,7.75,7.625,7.625,11000
2000-10-10 16:00:00-04:00,7.625,7.688,7.563,7.563,51400
2000-10-11 16:00:00-04:00,7.625,7.625,7.5,7.5,105100
2000-10-12 16:00:00-04:00,7.563,7.563,7.438,7.563,54000
2000-10-13 16:00:00-04:00,7.5,7.563,7.5,7.5,17500
2000-10-16 16:00:00-04:00,7.5,7.563,7.5,7.5,28900
2000-10-17 16:00:00-04:00,7.563,7.563,7.5,7.563,16000
2000-10-18 16:00:00-04:00,7.5,7.563,7.375,7.375,40100
2000-10-19 16:00:00-04:00,7.438,7.438,7.313,7.375,44200
2000-10-20 16:00:00-04:00,7.375,7.375,7.25,7.313,38300
2000-10-23 16:00:00-04:00,7.375,7.438,7.313,7.313,20900
2000-10-24 16:00:00-04:00,7.313,7.438,7.313,7.438,27400
2000-10-25 16:00:00-04:00,7.438,7.5,7.375,7.5,26200
2000-10-26 16:00:00-04:00,7.5,7.5,7.375,7.375,51200
2000-10-27 16:00:00-04:00,7.375,7.438,7.313,7.375,29700
2000-10-30 16:00:00-05:00,7.438,7.438,7.313,7.375,28700
2000-10-31 16:00:00-05:00,7.438,7.438,7.375,7.375,42400
2000-11-01 16:00:00-05:00,7.5,7.625,7.438,7.5,75500
2000-11-02 16:00:00-05:00,7.563,7.563,7.5,7.563,42900
2000-11-03 16:00:00-05:00,7.625,7.625,7.438,7.5,27000
2000-11-06 16:00:00-05:00,7.5,7.5,7.375,7.375,23600
2000-11-07 16:00:00-05:00,7.438,7.438,7.25,7.313,32400
2000-11-08 16:00:00-05:00,7.313,7.313,7.125,7.125,39700
2000-11-09 16:00:00-05:00,7.188,7.25,7.125,7.188,19200
2000-11-10 16:00:00-05:00,7.25,7.313,7.188,7.313,38100
2000-11-13 16:00:00-05:00,7.188,7.25,7.188,7.188,20700
2000-11-14 16:00:00-05:00,7.188,7.25,7.125,7.125,50000
2000-11-15 16:00:00-05:00,7.125,7.313,7.125,7.313,72600
2000-11-16 16:00:00-05:00,7.313,7.438,7.25,7.313,88900
2000-11-17 16:00:00-05:00,7.375,7.438,7.313,7.375,31200
2000-11-20 16:00:00-05:00,7.375,7.438,7.125,7.125,90200
2000-11-21 16:00:00-05:00,7.188,7.188,7.0,7.063,75000
2000-11-22 16:00:00-05:00,7.0,7.125,7.0,7.063,34800
2000-11-24 16:00:00-05:00,7.125,7.125,7.063,7.063,5700
2000-11-27 16:00:00-05:00,7.125,7.188,7.0,7.0,38900
2000-11-28 16:00:00-05:00,7.063,7.125,7.0,7.125,38200
2000-11-29 16:00:00-05:00,7.125,7.125,7.0,7.0,53300
2000-11-30 16:00:00-05:00,7.125,7.188,7.0,7.0,100000
2000-12-01 16:00:00-05:00,7.063,7.188,7.0,7.188,97000
2000-12-04 16:00:00-05:00,7.188,7.313,7.063,7.25,70600
2000-12-05 16:00:00-05:00,7.188,7.25,7.188,7.188,42600
2000-12-06 16:00:00-05:00,7.188,7.313,7.188,7.313,32000
2000-12-07 16:00:00-05:00,7.188,7.313,7.188,7.25,74600
2000-12-08 16:00:00-05:00,7.25,7.375,7.25,7.375,65100
2000-12-11 16:00:00-05:00,7.313,7.375,7.25,7.25,82000
2000-12-12 16:00:00-05:00,7.25,7.313,7.188,7.25,101500
2000-12-13 16:00:00-05:00,7.125,7.188,7.063,7.125,128500
2000-12-14 16:00:00-05:00,7.125,7.188,7.063,7.125,59200
2000-12-15 16:00:00-05:00,7.063,7.188,7.0,7.125,87000
2000-12-18 16:00:00-05:00,7.188,7.188,7.063,7.063,59800
2000-12-19 16:00:00-05:00,7.125,7.188,7.0,7.063,100800
2000-12-20 16:00:00-05:00,7.063,7.188,7.063,7.125,108100
2000-12-21 16:00:00-05:00,7.125,7.188,7.063,7.063,99600
2000-12-22 16:00:00-05:00,7.063,7.188,7.063,7.125,81300
2000-12-26 16:00:00-05:00,7.063,7.188,7.063,7.125,141300
2000-12-27 16:00:00-05:00,7.188,7.25,7.188,7.188,56500
2000-12-28 16:00:00-05:00,7.188,7.375,7.188,7.25,117800
2000-12-29 16:00:00-05:00,7.188,7.313,7.125,7.313,134500
2001-01-02 16:00:00-05:00,7.313,7.438,7.25,7.375,38200
2001-01-03 16:00:00-05:00,7.5,7.938,7.5,7.625,81300
2001-01-04 16:00:00-05:00,7.75,7.875,7.688,7.875,25000
2001-01-05 16:00:00-05:00,7.875,7.875,7.688,7.75,104200
2001-01-08 16:00:00-05:00,7.813,8.188,7.813,8.063,155000
2001-01-09 16:00:00-05:00,8.188,8.188,8.0,8.125,77700
2001-01-10 16:00:00-05:00,8.125,8.188,8.0,8.0,83800
2001-01-11 16:00:00-05:00,8.0,8.125,8.0,8.063,132800
2001-01-12 16:00:00-05:00,8.063,8.063,7.875,8.0,50800
2001-01-16 16:00:00-05:00,7.875,8.0,7.875,8.0,56000
2001-01-17 16:00:00-05:00,7.938,8.125,7.938,8.125,64600
2001-01-18 16:00:00-05:00,8.063,8.125,8.0,8.125,70900
2001-01-19 16:00:00-05:00,8.125,8.313,8.125,8.188,68800
2001-01-22 16:00:00-05:00,8.25,8.25,8.188,8.188,33300
2001-01-23 16:00:00-05:00,8.25,8.25,8.125,8.188,37500
2001-01-24 16:00:00-05:00,8.125,8.25,8.125,8.125,59600
2001-01-25 16:00:00-05:00,8.188,8.25,8.188,8.25,23900
2001-01-26 16:00:00-05:00,8.25,8.375,8.188,8.375,52100
2001-01-29 16:00:00-05:00,8.43,8.5,8.35,8.45,66300
2001-01-30 16:00:00-05:00,8.45,8.45,8.4,8.4,65600
2001-01-31 16:00:00-05:00,8.44,8.45,8.34,8.35,44200
2001-02-01 16:00:00-05:00,8.35,8.4,8.35,8.36,49600
2001-02-02 16:00:00-05:00,8.4,8.44,8.32,8.34,37900
2001-02-05 16:00:00-05:00,8.29,8.35,8.2,8.25,79000
2001-02-06 16:00:00-05:00,8.27,8.34,8.22,8.34,26800
2001-02-07 16:00:00-05:00,8.35,8.45,8.27,8.42,30100
2001-02-08 16:00:00-05:00,8.47,8.5,8.41,8.43,28600
2001-02-09 16:00:00-05:00,8.5,8.5,8.41,8.41,53300
2001-02-12 16:00:00-05:00,8.44,8.45,8.31,8.38,44300
2001-02-13 16:00:00-05:00,8.4,8.49,8.35,8.43,53600
2001-02-14 16:00:00-05:00,8.44,8.44,8.39,8.4,23500
2001-02-15 16:00:00-05:00,8.45,8.46,8.37,8.45,25800
2001-02-16 16:00:00-05:00,8.41,8.45,8.35,8.4,40400
2001-02-20 16:00:00-05:00,8.35,8.4,8.15,8.19,72800
2001-02-21 16:00:00-05:00,8.09,8.18,8.09,8.18,45500
2001-02-22 16:00:00-05:00,8.12,8.15,8.0,8.06,53300
2001-02-23 16:00:00-05:00,8.01,8.03,7.98,8.02,19300
2001-02-26 16:00:00-05:00,7.97,8.04,7.97,8.01,30400
2001-02-27 16:00:00-05:00,8.09,8.15,8.04,8.15,26500
2001-02-28 16:00:00-05:00,8.19,8.19,8.1,8.1,32900
2001-03-01 16:00:00-05:00,8.19,8.2,8.13,8.17,39600
2001-03-02 16:00:00-05:00,8.2,8.2,8.1,8.12,37200
2001-03-05 16:00:00-05:00,8.14,8.21,8.12,8.21,54300
2001-03-06 16:00:00-05:00,8.17,8.23,8.16,8.17,36100
2001-03-07 16:00:00-05:00,8.2,8.23,8.15,8.18,34200
2001-03-08 16:00:00-05:00,8.21,8.24,8.17,8.17,38000
2001-03-09 16:00:00-05:00,8.17,8.25,8.17,8.17,41600
2001-03-12 16:00:00-05:00,8.19,8.28,8.17,8.19,39500
2001-03-13 16:00:00-05:00,8.11,8.25,8.11,8.19,44100
2001-03-14 16:00:00-05:00,8.18,8.23,8.12,8.19,30300
2001-03-15 16:00:00-05:00,8.16,8.21,8.16,8.17,23300
2001-03-16 16:00:00-05:00,8.21,8.24,8.16,8.19,30200
2001-03-19 16:00:00-05:00,8.21,8.22,8.16,8.2,27900
2001-03-20 16:00:00-05:00,8.17,8.25,8.16,8.19,23900
2001-03-21 16:00:00-05:00,8.24,8.24,8.17,8.17,43800
2001-03-22 16:00:00-05:00,8.17,8.24,8.16,8.2,26500
2001-03-23 16:00:00-05:00,8.21,8.23,8.2,8.2,16100
2001-03-26 16:00:00-05:00,8.22,8.22,8.07,8.1,30000
2001-03-27 16:00:00-05:00,8.1,8.15,8.07,8.08,14300
2001-03-28 16:00:00-05:00,8.15,8.18,8.08,8.14,26800
2001-03-29 16:00:00-05:00,8.17,8.25,8.17,8.24,29300
2001-03-30 16:00:00-05:00,8.25,8.25,8.14,8.14,50600
2001-04-02 16:00:00-04:00,8.19,8.2,8.1,8.15,23500
2001-04-03 16:00:00-04:00,8.16,8.18,8.09,8.09,33700
2001-04-04 16:00:00-04:00,8.1,8.16,8.08,8.13,47500
2001-04-05 16:00:00-04:00,8.15,8.15,8.08,8.08,26200
2001-04-06 16:00:00-04:00,8.12,8.18,8.05,8.05,59000
2001-04-09 16:00:00-04:00,8.1,8.15,8.05,8.05,34700
2001-04-10 16:00:00-04:00,8.03,8.13,8.02,8.1,54100
2001-04-11 16:00:00-04:00,8.01,8.15,8.0,8.01,18900
2001-04-12 16:00:00-04:00,8.1,8.14,7.96,7.97,43800
2001-04-16 16:00:00-04:00,7.98,8.05,7.91,7.99,41800
2001-04-17 16:00:00-04:00,7.99,8.14,7.95,8.07,29700
2001-04-18 16:00:00-04:00,8.1,8.1,8.01,8.02,45900
2001-04-19 16:00:00-04:00,8.08,8.13,8.0,8.0,27800
2001-04-20 16:00:00-04:00,8.1,8.1,7.99,8.05,28300
2001-04-23 16:00:00-04:00,8.07,8.13,8.05,8.13,20600
2001-04-24 16:00:00-04:00,8.08,8.15,8.08,8.08,19100
2001-04-25 16:00:00-04:00,8.12,8.15,8.05,8.05,36900
2001-04-26 16:00:00-04:00,8.04,8.12,7.99,8.12,33400
2001-04-27 16:00:00-04:00,8.12,8.18,8.11,8.17,34800
2001-04-30 16:00:00-04:00,8.17,8.19,8.13,8.15,51500
2001-05-01 16:00:00-04:00,8.19,8.24,8.19,8.2,26300
2001-05-02 16:00:00-04:00,8.22,8.22,8.19,8.2,23000
2001-05-03 16:00:00-04:00,8.17,8.22,8.13,8.14,28600
2001-05-04 16:00:00-04:00,8.2,8.2,8.07,8.1,35400
2001-05-07 16:00:00-04:00,8.1,8.14,8.07,8.07,16200
2001-05-08 16:00:00-04:00,8.13,8.14,8.05,8.08,34700
2001-05-09 16:00:00-04:00,8.13,8.14,8.07,8.13,38300
2001-05-10 16:00:00-04:00,8.13,8.15,8.09,8.12,41700
2001-05-11 16:00:00-04:00,8.11,8.22,8.09,8.22,54000
2001-05-14 16:00:00-04:00,8.22,8.23,8.15,8.2,37800
2001-05-15 16:00:00-04:00,8.2,8.25,8.2,8.22,46600
2001-05-16 16:00:00-04:00,8.2,8.25,8.2,8.25,24800
2001-05-17 16:00:00-04:00,8.21,8.31,8.21,8.25,65600
2001-05-18 16:00:00-04:00,8.3,8.34,8.28,8.3,14200
2001-05-21 16:00:00-04:00,8.3,8.34,8.29,8.3,27500
2001-05-22 16:00:00-04:00,8.25,8.33,8.22,8.32,54000
2001-05-23 16:00:00-04:00,8.34,8.34,8.25,8.25,29300
2001-05-24 16:00:00-04:00,8.24,8.32,8.22,8.22,19000
2001-05-25 16:00:00-04:00,8.24,8.28,8.22,8.28,31200
2001-05-29 16:00:00-04:00,8.3,8.35,8.27,8.3,42500
2001-05-30 16:00:00-04:00,8.34,8.35,8.25,8.27,34600
2001-05-31 16:00:00-04:00,8.28,8.29,8.21,8.21,52200
2001-06-01 16:00:00-04:00,8.26,8.37,8.2,8.26,49000
2001-06-04 16:00:00-04:00,8.3,8.31,8.23,8.25,36400
2001-06-05 16:00:00-04:00,8.27,8.35,8.25,8.3,37300
2001-06-06 16:00:00-04:00,8.35,8.35,8.28,8.28,37300
2001-06-07 16:00:00-04:00,8.27,8.34,8.21,8.29,32700
2001-06-08 16:00:00-04:00,8.22,8.28,8.21,8.22,24800
2001-06-11 16:00:00-04:00,8.21,8.27,8.2,8.25,26000
2001-06-12 16:00:00-04:00,8.23,8.28,8.21,8.21,22700
2001-06-13 16:00:00-04:00,8.21,8.23,8.15,8.18,49300
2001-06-14 16:00:00-04:00,8.15,8.22,8.15,8.18,37700
2001-06-15 16:00:00-04:00,8.17,8.24,8.16,8.19,33600
2001-06-18 16:00:00-04:00,8.23,8.23,8.18,8.21,14100
2001-06-19 16:00:00-04:00,8.22,8.25,8.16,8.19,34500
2001-06-20 16:00:00-04:00,8.2,8.27,8.16,8.2,42400
2001-06-21 16:00:00-04:00,8.18,8.3,8.18,8.24,31300
2001-06-22 16:00:00-04:00,8.28,8.3,8.21,8.26,35900
2001-06-25 16:00:00-04:00,8.27,8.28,8.16,8.19,49300
2001-06-26 16:00:00-04:00,8.19,8.25,8.15,8.21,48400
2001-06-27 16:00:00-04:00,8.18,8.35,8.18,8.3,62100
2001-06-28 16:00:00-04:00,8.33,8.35,8.29,8.32,23500
2001-06-29 16:00:00-04:00,8.4,8.4,8.35,8.38,59500
2001-07-02 16:00:00-04:00,8.4,8.43,8.26,8.26,41900
2001-07-03 16:00:00-04:00,8.36,8.4,8.34,8.35,13500
2001-07-05 16:00:00-04:00,8.31,8.35,8.28,8.34,24100
2001-07-06 16:00:00-04:00,8.34,8.34,8.27,8.28,19800
2001-07-09 16:00:00-04:00,8.3,8.34,8.25,8.3,34800
2001-07-10 16:00:00-04:00,8.33,8.34,8.28,8.3,24300
2001-07-11 16:00:00-04:00,8.3,8.31,8.25,8.29,40000
2001-07-12 16:00:00-04:00,8.29,8.37,8.26,8.37,63200
2001-07-13 16:00:00-04:00,8.39,8.43,8.36,8.4,25200
2001-07-16 16:00:00-04:00,8.39,8.5,8.38,8.46,50700
2001-07-17 16:00:00-04:00,8.46,8.52,8.46,8.52,50200
2001-07-18 16:00:00-04:00,8.52,8.53,8.46,8.5,23100
2001-07-19 16:00:00-04:00,8.44,8.44,8.01,8.1,131000
2001-07-20 16:00:00-04:00,8.02,8.11,7.99,8.09,98700
2001-07-23 16:00:00-04:00,8.05,8.07,8.0,8.01,78700
2001-07-24 16:00:00-04:00,8.06,8.09,8.0,8.05,73400
2001-07-25 16:00:00-04:00,8.08,8.08,8.02,8.03,37000
2001-07-26 16:00:00-04:00,8.08,8.08,8.02,8.02,43800
2001-07-27 16:00:00-04:00,8.05,8.12,8.02,8.09,34900
2001-07-30 16:00:00-04:00,8.11,8.17,8.05,8.13,66300
2001-07-31 16:00:00-04:00,8.18,8.22,8.16,8.19,56300
2001-08-01 16:00:00-04:00,8.2,8.23,8.18,8.22,32000
2001-08-02 16:00:00-04:00,8.2,8.26,8.2,8.25,28600
2001-08-03 16:00:00-04:00,8.26,8.26,8.18,8.25,22000
2001-08-06 16:00:00-04:00,8.26,8.27,8.19,8.2,23700
2001-08-07 16:00:00-04:00,8.19,8.25,8.14,8.22,75200
2001-08-08 16:00:00-04:00,8.23,8.26,8.19,8.26,24400
2001-08-09 16:00:00-04:00,8.26,8.27,8.17,8.21,45300
2001-08-10 16:00:00-04:00,8.21,8.26,8.15,8.21,95800
2001-08-13 16:00:00-04:00,8.2,8.24,8.09,8.15,75800
2001-08-14 16:00:00-04:00,8.2,8.23,8.09,8.1,64000
2001-08-15 16:00:00-04:00,8.16,8.19,8.15,8.19,20700
2001-08-16 16:00:00-04:00,8.2,8.26,8.14,8.26,32700
2001-08-17 16:00:00-04:00,8.26,8.28,8.19,8.2,40200
2001-08-20 16:00:00-04:00,8.2,8.24,8.18,8.24,50200
2001-08-21 16:00:00-04:00,8.25,8.26,8.2,8.23,40600
2001-08-22 16:00:00-04:00,8.28,8.29,8.25,8.25,30100
2001-08-23 16:00:00-04:00,8.22,8.35,8.22,8.3,28300
2001-08-24 16:00:00-04:00,8.34,8.38,8.27,8.31,32400
2001-08-27 16:00:00-04:00,8.31,8.37,8.3,8.34,25400
2001-08-28 16:00:00-04:00,8.35,8.38,8.31,8.35,21800
2001-08-29 16:00:00-04:00,8.36,8.4,8.34,8.35,42700
2001-08-30 16:00:00-04:00,8.4,8.4,8.34,8.38,29600
2001-08-31 16:00:00-04:00,8.39,8.39,8.3,8.36,31300
2001-09-04 16:00:00-04:00,8.39,8.4,8.38,8.38,29900
2001-09-05 16:00:00-04:00,8.36,8.37,8.33,8.34,24500
2001-09-06 16:00:00-04:00,8.37,8.38,8.3,8.38,53800
2001-09-07 16:00:00-04:00,8.39,8.39,8.27,8.35,23500
2001-09-10 16:00:00-04:00,8.36,8.38,8.31,8.38,29300
2001-09-17 16:00:00-04:00,8.34,8.5,8.34,8.47,78300
2001-09-18 16:00:00-04:00,8.47,8.47,8.45,8.45,54000
2001-09-19 16:00:00-04:00,8.45,8.45,7.93,7.93,62700
2001-09-20 16:00:00-04:00,7.93,8.2,7.55,7.56,60300
2001-09-21 16:00:00-04:00,7.56,7.63,7.46,7.46,36500
2001-09-24 16:00:00-04:00,7.55,7.65,7.44,7.58,80200
2001-09-25 16:00:00-04:00,7.58,7.91,7.53,7.8,56600
2001-09-26 16:00:00-04:00,8.04,8.04,7.87,7.95,57800
2001-09-27 16:00:00-04:00,7.99,8.02,7.85,7.94,29800
2001-09-28 16:00:00-04:00,7.96,8.0,7.9,8.0,19600
2001-10-01 16:00:00-04:00,8.03,8.03,7.96,8.02,37600
2001-10-02 16:00:00-04:00,8.08,8.11,8.06,8.11,17500
2001-10-03 16:00:00-04:00,8.16,8.29,8.1,8.15,29700
2001-10-04 16:00:00-04:00,8.15,8.15,7.97,8.08,61100
2001-10-05 16:00:00-04:00,8.05,8.1,8.0,8.05,32400
2001-10-08 16:00:00-04:00,8.08,8.08,8.05,8.05,15900
2001-10-09 16:00:00-04:00,8.1,8.11,8.06,8.11,22800
2001-10-10 16:00:00-04:00,8.12,8.14,8.1,8.11,16800
2001-10-11 16:00:00-04:00,8.1,8.16,8.02,8.1,31100
2001-10-12 16:00:00-04:00,8.13,8.13,7.97,7.97,22400
2001-10-15 16:00:00-04:00,8.01,8.01,7.92,7.92,35600
2001-10-16 16:00:00-04:00,7.89,7.96,7.89,7.93,27000
2001-10-17 16:00:00-04:00,7.96,8.05,7.94,8.01,12400
2001-10-18 16:00:00-04:00,8.05,8.05,7.99,7.99,13300
2001-10-19 16:00:00-04:00,8.0,8.0,7.82,7.91,34900
2001-10-22 16:00:00-04:00,7.9,7.99,7.88,7.88,20900
2001-10-23 16:00:00-04:00,7.87,7.89,7.85,7.85,17200
2001-10-24 16:00:00-04:00,7.93,7.93,7.77,7.84,36500
2001-10-25 16:00:00-04:00,7.86,7.86,7.78,7.79,41700
2001-10-26 16:00:00-04:00,7.8,7.82,7.62,7.7,93100
2001-10-29 16:00:00-05:00,7.71,7.75,7.71,7.72,12800
2001-10-30 16:00:00-05:00,7.74,7.75,7.73,7.75,21400
2001-10-31 16:00:00-05:00,7.77,7.84,7.73,7.83,29100
2001-11-01 16:00:00-05:00,7.91,8.0,7.86,8.0,46900
2001-11-02 16:00:00-05:00,8.07,8.1,8.01,8.01,28600
2001-11-05 16:00:00-05:00,8.06,8.06,7.97,8.02,18600
2001-11-06 16:00:00-05:00,8.03,8.04,7.96,7.98,23800
2001-11-07 16:00:00-05:00,8.03,8.04,7.93,7.93,43300
2001-11-08 16:00:00-05:00,7.98,8.02,7.95,7.98,57100
2001-11-09 16:00:00-05:00,7.98,8.05,7.96,8.05,32200
2001-11-12 16:00:00-05:00,8.04,8.05,7.98,8.05,86300
2001-11-13 16:00:00-05:00,7.94,7.95,7.81,7.92,94800
2001-11-14 16:00:00-05:00,7.94,7.95,7.87,7.93,37900
2001-11-15 16:00:00-05:00,7.9,7.94,7.86,7.89,31400
2001-11-16 16:00:00-05:00,7.81,7.89,7.78,7.81,38200
2001-11-19 16:00:00-05:00,7.82,7.89,7.73,7.75,26200
2001-11-20 16:00:00-05:00,7.84,7.84,7.66,7.8,30500
2001-11-21 16:00:00-05:00,7.88,7.88,7.65,7.65,26900
2001-11-23 13:00:00-05:00,7.62,7.81,7.62,7.8,26100
2001-11-26 16:00:00-05:00,7.74,7.8,7.62,7.64,48500
2001-11-27 16:00:00-05:00,7.61,7.7,7.58,7.7,47900
2001-11-28 16:00:00-05:00,7.62,7.73,7.54,7.68,36500
2001-11-29 16:00:00-05:00,7.77,7.78,7.54,7.61,64300
2001-11-30 16:00:00-05:00,7.55,7.69,7.53,7.58,62700
2001-12-03 16:00:00-05:00,7.63,7.65,7.51,7.6,47000
2001-12-04 16:00:00-05:00,7.53,7.66,7.53,7.64,54900
2001-12-05 16:00:00-05:00,7.61,7.64,7.35,7.45,192700
2001-12-06 16:00:00-05:00,7.5,7.5,7.39,7.47,47900
2001-12-07 16:00:00-05:00,7.48,7.49,7.39,7.39,49900
2001-12-10 16:00:00-05:00,7.47,7.5,7.41,7.45,42300
2001-12-11 16:00:00-05:00,7.45,7.5,7.42,7.46,74800
2001-12-12 16:00:00-05:00,7.35,7.48,7.35,7.48,32000
2001-12-13 16:00:00-05:00,7.4,7.41,7.36,7.37,30400
2001-12-14 16:00:00-05:00,7.37,7.4,7.35,7.38,29600
2001-12-17 16:00:00-05:00,7.32,7.53,7.32,7.45,68800
2001-12-18 16:00:00-05:00,7.47,7.47,7.38,7.41,68200
2001-12-19 16:00:00-05:00,7.38,7.48,7.38,7.43,44200
2001-12-20 16:00:00-05:00,7.48,7.49,7.4,7.4,24000
2001-12-21 16:00:00-05:00,7.4,7.49,7.25,7.37,79300
2001-12-24 13:00:00-05:00,7.36,7.44,7.26,7.4,43600
2001-12-26 16:00:00-05:00,7.4,7.42,7.27,7.41,67000
2001-12-27 16:00:00-05:00,7.41,7.46,7.37,7.45,58000
2001-12-28 16:00:00-05:00,7.47,7.48,7.3,7.48,89400
2001-12-31 16:00:00-05:00,7.5,7.65,7.48,7.63,110700
2002-01-02 16:00:00-05:00,7.62,7.81,7.54,7.81,57500
2002-01-03 16:00:00-05:00,7.8,7.8,7.72,7.75,35100
2002-01-04 16:00:00-05:00,7.71,7.76,7.67,7.75,35200
2002-01-07 16:00:00-05:00,7.75,7.8,7.61,7.8,54400
2002-01-08 16:00:00-05:00,7.73,7.85,7.71,7.81,18600
2002-01-09 16:00:00-05:00,7.85,7.93,7.77,7.84,31200
2002-01-10 16:00:00-05:00,7.85,7.91,7.81,7.9,27500
2002-01-11 16:00:00-05:00,7.92,7.92,7.81,7.81,17800
2002-01-14 16:00:00-05:00,7.78,7.92,7.78,7.87,32200
2002-01-15 16:00:00-05:00,7.91,7.98,7.88,7.95,72500
2002-01-16 16:00:00-05:00,7.97,8.0,7.97,7.98,27200
2002-01-17 16:00:00-05:00,8.03,8.03,7.97,7.97,61600
2002-01-18 16:00:00-05:00,8.01,8.05,7.98,8.03,58300
2002-01-22 16:00:00-05:00,7.97,8.03,7.91,7.91,49600
2002-01-23 16:00:00-05:00,7.97,8.0,7.94,7.95,28600
2002-01-24 16:00:00-05:00,7.95,7.95,7.88,7.88,24200
2002-01-25 16:00:00-05:00,7.86,7.89,7.86,7.86,14700
2002-01-28 16:00:00-05:00,7.92,7.92,7.86,7.86,20100
2002-01-29 16:00:00-05:00,7.85,7.9,7.83,7.88,21600
2002-01-30 16:00:00-05:00,7.96,8.02,7.95,7.95,39800
2002-01-31 16:00:00-05:00,8.0,8.0,7.95,7.98,29400
2002-02-01 16:00:00-05:00,8.0,8.0,7.91,8.0,42900
2002-02-04 16:00:00-05:00,8.0,8.12,7.98,8.07,52600
2002-02-05 16:00:00-05:00,8.07,8.11,8.07,8.08,10300
2002-02-06 16:00:00-05:00,8.12,8.12,8.09,8.1,11900
2002-02-07 16:00:00-05:00,8.14,8.14,8.05,8.05,39500
2002-02-08 16:00:00-05:00,8.1,8.1,7.9,7.95,44800
2002-02-11 16:00:00-05:00,7.93,7.97,7.86,7.89,37400
2002-02-12 16:00:00-05:00,7.91,7.92,7.9,7.92,13000
2002-02-13 16:00:00-05:00,7.83,7.88,7.8,7.86,37200
2002-02-14 16:00:00-05:00,7.81,7.86,7.8,7.84,25200
2002-02-15 16:00:00-05:00,7.84,7.86,7.83,7.83,25900
2002-02-19 16:00:00-05:00,7.9,7.93,7.9,7.9,41400
2002-02-20 16:00:00-05:00,7.92,7.92,7.83,7.9,28800
2002-02-21 16:00:00-05:00,7.83,7.91,7.8,7.8,48600
2002-02-22 16:00:00-05:00,7.77,7.9,7.71,7.82,54400
2002-02-25 16:00:00-05:00,7.88,7.97,7.88,7.97,39500
2002-02-26 16:00:00-05:00,7.95,8.0,7.94,7.95,20900
2002-02-27 16:00:00-05:00,8.05,8.06,8.01,8.01,33700
2002-02-28 16:00:00-05:00,8.01,8.02,8.0,8.0,26500
2002-03-01 16:00:00-05:00,7.93,7.98,7.93,7.93,19600
2002-03-04 16:00:00-05:00,7.9,7.93,7.9,7.91,48500
2002-03-05 16:00:00-05:00,7.88,7.93,7.88,7.88,25800
2002-03-06 16:00:00-05:00,7.89,7.93,7.85,7.85,21900
2002-03-07 16:00:00-05:00,7.83,7.91,7.81,7.84,52400
2002-03-08 16:00:00-05:00,7.83,7.83,7.71,7.71,78800
2002-03-11 16:00:00-05:00,7.66,7.75,7.61,7.65,49200
2002-03-12 16:00:00-05:00,7.7,7.77,7.7,7.73,58100
2002-03-13 16:00:00-05:00,7.66,7.67,7.6,7.67,25500
2002-03-14 16:00:00-05:00,7.69,7.71,7.6,7.66,81900
2002-03-15 16:00:00-05:00,7.64,7.68,7.6,7.67,27400
2002-03-18 16:00:00-05:00,7.68,7.68,7.55,7.58,77000
2002-03-19 16:00:00-05:00,7.62,7.68,7.5,7.55,55100
2002-03-20 16:00:00-05:00,7.55,7.55,7.35,7.36,45300
2002-03-21 16:00:00-05:00,7.3,7.34,7.27,7.28,38300
2002-03-22 16:00:00-05:00,7.28,7.37,7.28,7.3,43200
2002-03-25 16:00:00-05:00,7.35,7.38,7.3,7.31,52800
2002-03-26 16:00:00-05:00,7.34,7.37,7.33,7.33,30100
2002-03-27 16:00:00-05:00,7.38,7.4,7.34,7.36,36900
2002-03-28 16:00:00-05:00,7.4,7.5,7.4,7.5,46300
2002-04-01 16:00:00-05:00,7.52,7.55,7.5,7.55,23400
2002-04-02 16:00:00-05:00,7.55,7.65,7.55,7.6,47800
2002-04-03 16:00:00-05:00,7.6,7.65,7.6,7.65,8200
2002-04-04 16:00:00-05:00,7.65,7.67,7.63,7.63,21200
2002-04-05 16:00:00-05:00,7.62,7.68,7.62,7.67,18000
2002-04-08 16:00:00-04:00,7.71,7.71,7.64,7.64,14700
2002-04-09 16:00:00-04:00,7.64,7.68,7.62,7.62,25000
2002-04-10 16:00:00-04:00,7.64,7.65,7.5,7.53,39700
2002-04-11 16:00:00-04:00,7.53,7.54,7.46,7.52,20600
2002-04-12 16:00:00-04:00,7.46,7.55,7.46,7.51,35700
2002-04-15 16:00:00-04:00,7.54,7.55,7.52,7.54,21000
2002-04-16 16:00:00-04:00,7.54,7.58,7.52,7.54,38400
2002-04-17 16:00:00-04:00,7.51,7.51,7.47,7.5,34300
2002-04-18 16:00:00-04:00,7.47,7.54,7.47,7.47,38100
2002-04-19 16:00:00-04:00,7.5,7.53,7.46,7.51,27700
2002-04-22 16:00:00-04:00,7.52,7.53,7.48,7.51,18500
2002-04-23 16:00:00-04:00,7.48,7.55,7.48,7.49,35700
2002-04-24 16:00:00-04:00,7.53,7.54,7.45,7.47,58600
2002-04-25 16:00:00-04:00,7.53,7.55,7.49,7.51,31800
2002-04-26 16:00:00-04:00,7.57,7.58,7.52,7.56,16400
2002-04-29 16:00:00-04:00,7.59,7.61,7.57,7.61,24600
2002-04-30 16:00:00-04:00,7.64,7.7,7.61,7.61,40700
2002-05-01 16:00:00-04:00,7.69,7.69,7.66,7.67,13800
2002-05-02 16:00:00-04:00,7.67,7.67,7.65,7.67,24700
2002-05-03 16:00:00-04:00,7.65,7.7,7.61,7.68,24200
2002-05-06 16:00:00-04:00,7.68,7.7,7.64,7.68,28300
2002-05-07 16:00:00-04:00,7.71,7.75,7.66,7.71,33400
2002-05-08 16:00:00-04:00,7.71,7.71,7.6,7.6,18000
2002-05-09 16:00:00-04:00,7.65,7.66,7.58,7.61,30100
2002-05-10 16:00:00-04:00,7.63,7.69,7.63,7.69,18400
2002-05-13 16:00:00-04:00,7.57,7.68,7.57,7.68,24100
2002-05-14 16:00:00-04:00,7.65,7.68,7.63,7.64,16700
2002-05-15 16:00:00-04:00,7.67,7.67,7.59,7.59,36500
2002-05-16 16:00:00-04:00,7.64,7.68,7.64,7.68,16900
2002-05-17 16:00:00-04:00,7.58,7.64,7.58,7.61,19900
2002-05-20 16:00:00-04:00,7.61,7.64,7.55,7.55,16900
2002-05-21 16:00:00-04:00,7.61,7.64,7.54,7.62,36300
2002-05-22 16:00:00-04:00,7.64,7.65,7.6,7.6,16000
2002-05-23 16:00:00-04:00,7.65,7.65,7.56,7.6,26300
2002-05-24 16:00:00-04:00,7.61,7.65,7.58,7.59,6700
2002-05-28 16:00:00-04:00,7.6,7.67,7.6,7.67,22200
2002-05-29 16:00:00-04:00,7.67,7.74,7.65,7.74,37900
2002-05-30 16:00:00-04:00,7.75,7.82,7.71,7.8,28900
2002-05-31 16:00:00-04:00,7.83,7.84,7.81,7.81,18400
2002-06-03 16:00:00-04:00,7.83,7.84,7.79,7.81,15300
2002-06-04 16:00:00-04:00,7.84,7.85,7.8,7.85,22800
2002-06-05 16:00:00-04:00,7.81,7.89,7.81,7.86,28900
2002-06-06 16:00:00-04:00,7.9,7.91,7.87,7.9,13000
2002-06-07 16:00:00-04:00,7.9,7.91,7.87,7.87,29200
2002-06-10 16:00:00-04:00,7.86,7.91,7.8,7.82,23900
2002-06-11 16:00:00-04:00,7.82,7.86,7.79,7.81,40800
2002-06-12 16:00:00-04:00,7.76,7.79,7.71,7.79,31900
2002-06-13 16:00:00-04:00,7.82,7.84,7.76,7.82,20000
2002-06-14 16:00:00-04:00,7.89,7.9,7.8,7.89,9800
2002-06-17 16:00:00-04:00,7.9,7.9,7.85,7.86,12600
2002-06-18 16:00:00-04:00,7.86,7.89,7.86,7.86,32700
2002-06-19 16:00:00-04:00,7.94,7.94,7.87,7.87,12000
2002-06-20 16:00:00-04:00,7.85,7.89,7.82,7.85,41400
2002-06-21 16:00:00-04:00,7.82,7.84,7.76,7.79,20200
2002-06-24 16:00:00-04:00,7.8,7.81,7.76,7.77,18100
2002-06-25 16:00:00-04:00,7.8,7.85,7.77,7.81,17300
2002-06-26 16:00:00-04:00,7.85,7.85,7.79,7.79,21200
2002-06-27 16:00:00-04:00,7.86,7.86,7.82,7.83,21800
2002-06-28 16:00:00-04:00,7.85,7.88,7.81,7.88,15500
2002-07-01 16:00:00-04:00,7.89,7.89,7.83,7.83,28500
2002-07-02 16:00:00-04:00,7.91,7.91,7.82,7.83,30300
2002-07-03 16:00:00-04:00,7.93,7.94,7.87,7.94,25400
2002-07-05 16:00:00-04:00,7.94,7.95,7.91,7.91,4400
2002-07-08 16:00:00-04:00,7.95,7.95,7.86,7.86,27200
2002-07-09 16:00:00-04:00,7.86,7.98,7.86,7.98,22300
2002-07-10 16:00:00-04:00,7.98,7.98,7.9,7.95,29900
2002-07-11 16:00:00-04:00,7.94,7.95,7.86,7.9,26700
2002-07-12 16:00:00-04:00,7.85,7.92,7.85,7.9,14200
2002-07-15 16:00:00-04:00,7.85,7.94,7.85,7.9,33600
2002-07-16 16:00:00-04:00,7.85,7.92,7.85,7.9,13200
2002-07-17 16:00:00-04:00,7.9,7.95,7.9,7.92,17500
2002-07-18 16:00:00-04:00,7.95,7.98,7.95,7.97,34100
2002-07-19 16:00:00-04:00,7.93,8.0,7.89,7.91,49300
2002-07-22 16:00:00-04:00,7.89,7.94,7.89,7.9,27100
2002-07-23 16:00:00-04:00,7.89,7.91,7.81,7.81,23000
2002-07-24 16:00:00-04:00,7.91,7.91,7.8,7.83,32100
2002-07-25 16:00:00-04:00,7.89,7.89,7.82,7.82,13800
2002-07-26 16:00:00-04:00,7.85,7.88,7.5,7.67,94900
2002-07-29 16:00:00-04:00,7.65,7.75,7.65,7.69,19000
2002-07-30 16:00:00-04:00,7.7,7.7,7.65,7.65,23200
2002-07-31 16:00:00-04:00,7.74,7.74,7.72,7.72,28400
2002-08-01 16:00:00-04:00,7.78,7.81,7.76,7.81,24600
2002-08-02 16:00:00-04:00,7.84,7.89,7.84,7.87,17000
2002-08-05 16:00:00-04:00,7.91,7.95,7.87,7.92,31400
2002-08-06 16:00:00-04:00,7.95,7.96,7.83,7.86,50900
2002-08-07 16:00:00-04:00,7.88,7.89,7.83,7.83,37800
2002-08-08 16:00:00-04:00,7.9,7.9,7.83,7.83,13200
2002-08-09 16:00:00-04:00,7.89,7.89,7.83,7.86,22600
2002-08-12 16:00:00-04:00,7.89,7.89,7.83,7.88,11300
2002-08-13 16:00:00-04:00,7.88,7.9,7.83,7.89,24500
2002-08-14 16:00:00-04:00,7.94,7.97,7.94,7.96,15800
2002-08-15 16:00:00-04:00,7.91,8.01,7.88,7.88,15300
2002-08-16 16:00:00-04:00,7.88,7.93,7.83,7.85,17500
2002-08-19 16:00:00-04:00,7.93,7.93,7.82,7.85,33300
2002-08-20 16:00:00-04:00,7.86,7.87,7.7,7.75,29300
2002-08-21 16:00:00-04:00,7.84,7.84,7.72,7.74,34700
2002-08-22 16:00:00-04:00,7.8,7.84,7.77,7.77,21600
2002-08-23 16:00:00-04:00,7.83,7.84,7.78,7.82,19700
2002-08-26 16:00:00-04:00,7.84,7.84,7.76,7.8,20100
2002-08-27 16:00:00-04:00,7.83,7.83,7.72,7.72,29700
2002-08-28 16:00:00-04:00,7.71,7.8,7.7,7.71,44400
2002-08-29 16:00:00-04:00,7.75,7.79,7.73,7.73,33600
2002-08-30 16:00:00-04:00,7.81,7.81,7.76,7.76,19700
2002-09-03 16:00:00-04:00,7.82,7.88,7.81,7.87,22000
2002-09-04 16:00:00-04:00,7.88,7.92,7.88,7.89,30700
2002-09-05 16:00:00-04:00,7.9,7.92,7.84,7.84,31200
2002-09-06 16:00:00-04:00,7.9,7.9,7.79,7.86,43200
2002-09-09 16:00:00-04:00,7.83,7.9,7.83,7.85,25100
2002-09-10 16:00:00-04:00,7.92,7.92,7.87,7.87,16200
2002-09-11 16:00:00-04:00,7.87,7.91,7.86,7.91,14000
2002-09-12 16:00:00-04:00,7.9,7.95,7.78,7.78,29200
2002-09-13 16:00:00-04:00,7.78,7.9,7.78,7.84,9900
2002-09-16 16:00:00-04:00,7.93,7.93,7.78,7.85,35500
2002-09-17 16:00:00-04:00,7.85,7.86,7.71,7.8,46600
2002-09-18 16:00:00-04:00,7.8,7.83,7.71,7.72,54000
2002-09-19 16:00:00-04:00,7.75,7.79,7.72,7.72,49600
2002-09-20 16:00:00-04:00,7.8,7.8,7.72,7.77,21600
2002-09-23 16:00:00-04:00,7.84,7.84,7.78,7.84,18400
2002-09-24 16:00:00-04:00,7.83,7.86,7.81,7.82,30300
2002-09-25 16:00:00-04:00,7.86,7.86,7.82,7.82,19400
2002-09-26 16:00:00-04:00,7.82,7.89,7.82,7.85,30700
2002-09-27 16:00:00-04:00,7.82,7.89,7.8,7.84,37000
2002-09-30 16:00:00-04:00,7.92,7.93,7.87,7.9,41000
2002-10-01 16:00:00-04:00,7.93,7.97,7.87,7.88,26200
2002-10-02 16:00:00-04:00,7.92,7.98,7.87,7.9,30400
2002-10-03 16:00:00-04:00,7.9,7.93,7.9,7.91,27100
2002-10-04 16:00:00-04:00,7.95,7.95,7.9,7.92,23400
2002-10-07 16:00:00-04:00,7.94,7.94,7.82,7.82,31300
2002-10-08 16:00:00-04:00,7.92,7.92,7.81,7.81,30800
2002-10-09 16:00:00-04:00,7.88,7.88,7.82,7.84,20600
2002-10-10 16:00:00-04:00,7.89,7.89,7.72,7.75,29900
2002-10-11 16:00:00-04:00,7.78,7.78,7.65,7.7,33400
2002-10-14 16:00:00-04:00,7.66,7.71,7.65,7.65,17900
2002-10-15 16:00:00-04:00,7.55,7.6,7.5,7.51,30100
2002-10-16 16:00:00-04:00,7.4,7.49,7.32,7.38,58100
2002-10-17 16:00:00-04:00,7.38,7.4,7.21,7.21,36000
2002-10-18 16:00:00-04:00,7.21,7.28,7.13,7.15,34000
2002-10-21 16:00:00-04:00,7.15,7.15,7.02,7.05,44800
2002-10-22 16:00:00-04:00,6.95,7.09,6.95,7.02,87700
2002-10-23 16:00:00-04:00,7.12,7.14,7.04,7.13,32600
2002-10-24 16:00:00-04:00,7.12,7.15,7.1,7.1,21400
2002-10-25 16:00:00-04:00,7.11,7.18,7.1,7.12,17000
2002-10-28 16:00:00-05:00,7.11,7.25,7.1,7.21,65500
2002-10-29 16:00:00-05:00,7.21,7.25,7.11,7.18,27500
2002-10-30 16:00:00-05:00,7.12,7.17,7.11,7.11,20100
2002-10-31 16:00:00-05:00,7.15,7.21,7.11,7.15,59200
2002-11-01 16:00:00-05:00,7.16,7.2,7.12,7.2,42100
2002-11-04 16:00:00-05:00,7.2,7.22,7.07,7.15,73400
2002-11-05 16:00:00-05:00,7.05,7.21,7.05,7.19,51100
2002-11-06 16:00:00-05:00,7.16,7.19,7.12,7.16,34500
2002-11-07 16:00:00-05:00,7.19,7.25,7.16,7.2,30700
2002-11-08 16:00:00-05:00,7.2,7.29,7.2,7.28,19000
2002-11-11 16:00:00-05:00,7.38,7.4,7.32,7.4,28400
2002-11-12 16:00:00-05:00,7.45,7.5,7.39,7.46,47100
2002-11-13 16:00:00-05:00,7.45,7.45,7.26,7.4,46500
2002-11-14 16:00:00-05:00,7.4,7.4,7.32,7.32,11800
2002-11-15 16:00:00-05:00,7.25,7.28,7.23,7.27,17700
2002-11-18 16:00:00-05:00,7.25,7.25,7.2,7.22,34000
2002-11-19 16:00:00-05:00,7.17,7.26,7.17,7.2,26200
2002-11-20 16:00:00-05:00,7.22,7.22,7.11,7.11,33600
2002-11-21 16:00:00-05:00,7.21,7.21,7.06,7.15,49300
2002-11-22 16:00:00-05:00,7.08,7.12,7.0,7.03,51100
2002-11-25 16:00:00-05:00,7.07,7.09,6.95,7.0,74300
2002-11-26 16:00:00-05:00,7.05,7.13,6.98,7.01,74800
2002-11-27 16:00:00-05:00,7.11,7.11,6.97,7.0,45200
2002-11-29 16:00:00-05:00,7.07,7.07,6.98,7.03,15100
2002-12-02 16:00:00-05:00,7.08,7.13,7.03,7.12,46700
2002-12-03 16:00:00-05:00,7.09,7.24,7.07,7.23,49200
2002-12-04 16:00:00-05:00,7.25,7.32,7.25,7.27,45100
2002-12-05 16:00:00-05:00,7.3,7.3,7.27,7.29,30900
2002-12-06 16:00:00-05:00,7.28,7.33,7.23,7.23,29000
2002-12-09 16:00:00-05:00,7.19,7.24,7.18,7.2,17200
2002-12-10 16:00:00-05:00,7.2,7.22,7.19,7.2,25900
2002-12-11 16:00:00-05:00,7.18,7.24,7.07,7.11,48500
2002-12-12 16:00:00-05:00,7.06,7.06,7.01,7.05,35400
2002-12-13 16:00:00-05:00,7.07,7.14,7.01,7.03,94400
2002-12-16 16:00:00-05:00,7.03,7.07,7.02,7.02,78100
2002-12-17 16:00:00-05:00,7.01,7.14,7.0,7.11,57400
2002-12-18 16:00:00-05:00,7.1,7.15,7.05,7.07,63600
2002-12-19 16:00:00-05:00,7.06,7.06,6.97,7.0,50800
2002-12-20 16:00:00-05:00,6.96,7.06,6.96,7.0,78300
2002-12-23 16:00:00-05:00,6.99,7.1,6.99,7.0,58900
2002-12-24 16:00:00-05:00,7.0,7.05,6.99,7.04,22400
2002-12-26 16:00:00-05:00,7.0,7.17,7.0,7.13,31700
2002-12-27 16:00:00-05:00,7.18,7.22,7.15,7.15,46200
2002-12-30 16:00:00-05:00,7.19,7.24,7.14,7.16,61300
2002-12-31 16:00:00-05:00,7.24,7.27,7.14,7.15,52600
2003-01-02 16:00:00-05:00,7.16,7.29,7.16,7.23,35000
2003-01-03 16:00:00-05:00,7.16,7.3,7.16,7.3,34600
2003-01-06 16:00:00-05:00,7.27,7.33,7.24,7.31,33100
2003-01-07 16:00:00-05:00,7.27,7.3,7.15,7.21,41000
2003-01-08 16:00:00-05:00,7.15,7.2,7.1,7.1,40600
2003-01-09 16:00:00-05:00,7.15,7.15,7.01,7.09,35800
2003-01-10 16:00:00-05:00,7.02,7.12,7.02,7.07,58600
2003-01-13 16:00:00-05:00,7.04,7.12,7.02,7.11,52500
2003-01-14 16:00:00-05:00,7.08,7.11,7.07,7.11,19300
2003-01-15 16:00:00-05:00,7.09,7.12,7.09,7.12,30000
2003-01-16 16:00:00-05:00,7.1,7.25,7.08,7.22,50800
2003-01-17 16:00:00-05:00,7.2,7.3,7.2,7.3,47100
2003-01-21 16:00:00-05:00,7.21,7.35,7.18,7.29,50300
2003-01-22 16:00:00-05:00,7.3,7.4,7.24,7.29,51600
2003-01-23 16:00:00-05:00,7.25,7.28,7.2,7.22,29100
2003-01-24 16:00:00-05:00,7.21,7.21,7.14,7.16,30600
2003-01-27 16:00:00-05:00,7.16,7.19,7.12,7.14,21000
2003-01-28 16:00:00-05:00,7.12,7.22,7.12,7.16,55000
2003-01-29 16:00:00-05:00,7.2,7.22,7.1,7.21,38800
2003-01-30 16:00:00-05:00,7.22,7.24,7.16,7.24,29700
2003-01-31 16:00:00-05:00,7.24,7.31,7.22,7.28,41900
2003-02-03 16:00:00-05:00,7.28,7.39,7.28,7.35,39300
2003-02-04 16:00:00-05:00,7.32,7.4,7.25,7.27,44000
2003-02-05 16:00:00-05:00,7.23,7.29,7.21,7.23,18300
2003-02-06 16:00:00-05:00,7.1,7.23,7.1,7.23,43000
2003-02-07 16:00:00-05:00,7.17,7.27,7.17,7.24,38000
2003-02-10 16:00:00-05:00,7.22,7.26,7.22,7.23,26400
2003-02-11 16:00:00-05:00,7.24,7.33,7.23,7.27,34700
2003-02-12 16:00:00-05:00,7.22,7.32,7.22,7.23,19600
2003-02-13 16:00:00-05:00,7.22,7.3,7.21,7.22,36300
2003-02-14 16:00:00-05:00,7.17,7.25,7.13,7.16,45900
2003-02-18 16:00:00-05:00,7.06,7.12,7.06,7.12,36700
2003-02-19 16:00:00-05:00,7.11,7.13,7.1,7.1,23200
2003-02-20 16:00:00-05:00,7.12,7.16,7.08,7.16,21400
2003-02-21 16:00:00-05:00,7.14,7.17,7.14,7.17,12200
2003-02-24 16:00:00-05:00,7.14,7.21,7.14,7.16,27400
2003-02-25 16:00:00-05:00,7.16,7.2,7.16,7.19,20200
2003-02-26 16:00:00-05:00,7.17,7.28,7.17,7.25,40900
2003-02-27 16:00:00-05:00,7.28,7.36,7.28,7.32,35100
2003-02-28 16:00:00-05:00,7.35,7.39,7.32,7.35,41000
2003-03-03 16:00:00-05:00,7.33,7.42,7.33,7.4,59200
2003-03-04 16:00:00-05:00,7.43,7.47,7.35,7.41,36300
2003-03-05 16:00:00-05:00,7.43,7.43,7.36,7.36,23500
2003-03-06 16:00:00-05:00,7.4,7.47,7.36,7.45,40400
2003-03-07 16:00:00-05:00,7.43,7.48,7.39,7.4,39300
2003-03-10 16:00:00-05:00,7.5,7.5,7.44,7.44,30700
2003-03-11 16:00:00-05:00,7.5,7.5,7.46,7.47,11800
2003-03-12 16:00:00-05:00,7.41,7.47,7.4,7.41,20400
2003-03-13 16:00:00-05:00,7.4,7.4,7.35,7.35,68600
2003-03-14 16:00:00-05:00,7.35,7.35,7.28,7.3,19200
2003-03-17 16:00:00-05:00,7.26,7.28,7.26,7.27,24200
2003-03-18 16:00:00-05:00,7.26,7.32,7.25,7.25,38500
2003-03-19 16:00:00-05:00,7.17,7.21,7.14,7.17,68300
2003-03-20 16:00:00-05:00,7.15,7.21,7.12,7.16,46100
2003-03-21 16:00:00-05:00,7.14,7.24,7.13,7.2,27000
2003-03-24 16:00:00-05:00,7.17,7.29,7.16,7.29,39200
2003-03-25 16:00:00-05:00,7.3,7.31,7.27,7.29,18200
2003-03-26 16:00:00-05:00,7.3,7.33,7.27,7.33,18900
2003-03-27 16:00:00-05:00,7.34,7.42,7.3,7.39,32200
2003-03-28 16:00:00-05:00,7.42,7.45,7.4,7.42,21100
2003-03-31 16:00:00-05:00,7.44,7.44,7.32,7.38,40500
2003-04-01 16:00:00-05:00,7.38,7.39,7.37,7.39,36200
2003-04-02 16:00:00-05:00,7.32,7.35,7.32,7.33,32600
2003-04-03 16:00:00-05:00,7.31,7.35,7.31,7.35,21800
2003-04-04 16:00:00-05:00,7.35,7.36,7.29,7.32,38500
2003-04-07 16:00:00-04:00,7.3,7.31,7.19,7.26,44500
2003-04-08 16:00:00-04:00,7.21,7.31,7.21,7.26,28800
2003-04-09 16:00:00-04:00,7.38,7.4,7.35,7.35,50500
2003-04-10 16:00:00-04:00,7.38,7.42,7.3,7.31,40300
2003-04-11 16:00:00-04:00,7.3,7.35,7.3,7.33,22800
2003-04-14 16:00:00-04:00,7.3,7.3,7.23,7.28,21200
2003-04-15 16:00:00-04:00,7.25,7.29,7.21,7.23,27400
2003-04-16 16:00:00-04:00,7.22,7.35,7.22,7.35,45000
2003-04-17 16:00:00-04:00,7.3,7.42,7.3,7.42,22200
2003-04-21 16:00:00-04:00,7.38,7.43,7.37,7.37,23500
2003-04-22 16:00:00-04:00,7.37,7.45,7.35,7.44,27000
2003-04-23 16:00:00-04:00,7.42,7.44,7.37,7.44,19800
2003-04-24 16:00:00-04:00,7.38,7.43,7.38,7.42,17200
2003-04-25 16:00:00-04:00,7.4,7.5,7.37,7.49,40300
2003-04-28 16:00:00-04:00,7.5,7.5,7.47,7.48,12200
2003-04-29 16:00:00-04:00,7.48,7.55,7.46,7.49,35100
2003-04-30 16:00:00-04:00,7.56,7.56,7.49,7.5,35700
2003-05-01 16:00:00-04:00,7.5,7.6,7.5,7.52,37600
2003-05-02 16:00:00-04:00,7.56,7.59,7.5,7.53,49200
2003-05-05 16:00:00-04:00,7.53,7.56,7.5,7.56,60400
2003-05-06 16:00:00-04:00,7.54,7.56,7.51,7.54,44400
2003-05-07 16:00:00-04:00,7.52,7.56,7.51,7.55,42800
2003-05-08 16:00:00-04:00,7.53,7.6,7.52,7.59,45000
2003-05-09 16:00:00-04:00,7.62,7.62,7.57,7.61,59300
2003-05-12 16:00:00-04:00,7.61,7.66,7.61,7.63,20500
2003-05-13 16:00:00-04:00,7.6,7.63,7.6,7.61,19100
2003-05-14 16:00:00-04:00,7.61,7.64,7.61,7.63,22900
2003-05-15 16:00:00-04:00,7.55,7.62,7.55,7.57,61000
2003-05-16 16:00:00-04:00,7.54,7.58,7.53,7.58,52700
2003-05-19 16:00:00-04:00,7.56,7.64,7.54,7.64,45500
2003-05-20 16:00:00-04:00,7.66,7.68,7.65,7.68,36700
2003-05-21 16:00:00-04:00,7.65,7.84,7.64,7.82,83100
2003-05-22 16:00:00-04:00,7.83,7.88,7.81,7.81,71700
2003-05-23 16:00:00-04:00,7.79,7.8,7.76,7.79,15700
2003-05-27 16:00:00-04:00,7.85,7.85,7.7,7.74,49600
2003-05-28 16:00:00-04:00,7.68,7.72,7.68,7.72,29100
2003-05-29 16:00:00-04:00,7.7,7.75,7.69,7.74,35100
2003-05-30 16:00:00-04:00,7.76,7.88,7.76,7.86,24000
2003-06-02 16:00:00-04:00,7.81,7.86,7.78,7.79,49600
2003-06-03 16:00:00-04:00,7.73,7.81,7.73,7.76,36300
2003-06-04 16:00:00-04:00,7.75,7.91,7.75,7.89,68400
2003-06-05 16:00:00-04:00,7.89,7.95,7.89,7.94,33900
2003-06-06 16:00:00-04:00,7.85,7.96,7.84,7.93,40700
2003-06-09 16:00:00-04:00,7.93,7.99,7.93,7.96,24900
2003-06-10 16:00:00-04:00,7.96,8.0,7.95,7.99,27800
2003-06-11 16:00:00-04:00,7.9,8.0,7.9,8.0,35700
2003-06-12 16:00:00-04:00,7.95,8.05,7.92,7.95,28200
2003-06-13 16:00:00-04:00,7.85,7.9,7.85,7.89,51900
2003-06-16 16:00:00-04:00,7.85,7.9,7.83,7.86,33900
2003-06-17 16:00:00-04:00,7.88,7.88,7.8,7.81,36200
2003-06-18 16:00:00-04:00,7.79,7.82,7.67,7.77,38000
2003-06-19 16:00:00-04:00,7.62,7.71,7.62,7.66,80400
2003-06-20 16:00:00-04:00,7.64,7.67,7.4,7.5,101100
2003-06-23 16:00:00-04:00,7.52,7.54,7.47,7.51,65100
2003-06-24 16:00:00-04:00,7.46,7.55,7.46,7.53,54600
2003-06-25 16:00:00-04:00,7.52,7.58,7.47,7.52,63000
2003-06-26 16:00:00-04:00,7.52,7.55,7.47,7.54,50000
2003-06-27 16:00:00-04:00,7.51,7.68,7.51,7.67,36300
2003-06-30 16:00:00-04:00,7.59,7.74,7.59,7.74,68400
2003-07-01 16:00:00-04:00,7.71,7.8,7.68,7.78,49400
2003-07-02 16:00:00-04:00,7.78,7.82,7.75,7.82,39700
2003-07-03 16:00:00-04:00,7.8,7.82,7.74,7.74,37900
2003-07-07 16:00:00-04:00,7.75,7.8,7.74,7.74,55200
2003-07-08 16:00:00-04:00,7.75,7.82,7.75,7.81,49000
2003-07-09 16:00:00-04:00,7.78,7.79,7.74,7.78,34200
2003-07-10 16:00:00-04:00,7.77,7.81,7.74,7.75,30500
2003-07-11 16:00:00-04:00,7.72,7.75,7.65,7.65,56500
2003-07-14 16:00:00-04:00,7.64,7.67,7.63,7.63,14800
2003-07-15 16:00:00-04:00,7.61,7.63,7.5,7.5,42700
2003-07-16 16:00:00-04:00,7.5,7.53,7.46,7.5,76000
2003-07-17 16:00:00-04:00,7.54,7.6,7.46,7.6,90500
2003-07-18 16:00:00-04:00,7.55,7.59,7.5,7.54,62700
2003-07-21 16:00:00-04:00,7.53,7.55,7.4,7.4,38300
2003-07-22 16:00:00-04:00,7.4,7.45,7.14,7.27,70600
2003-07-23 16:00:00-04:00,7.26,7.33,7.26,7.33,37800
2003-07-24 16:00:00-04:00,7.28,7.31,7.25,7.27,43900
2003-07-25 16:00:00-04:00,7.26,7.29,7.23,7.25,92800
2003-07-28 16:00:00-04:00,7.25,7.33,7.25,7.28,57900
2003-07-29 16:00:00-04:00,7.3,7.31,7.25,7.25,52300
2003-07-30 16:00:00-04:00,7.25,7.37,7.2,7.37,51000
2003-07-31 16:00:00-04:00,7.39,7.39,7.25,7.3,56300
2003-08-01 16:00:00-04:00,7.4,7.42,7.26,7.4,58200
2003-08-04 16:00:00-04:00,7.34,7.38,7.25,7.26,54200
2003-08-05 16:00:00-04:00,7.26,7.27,7.17,7.25,41300
2003-08-06 16:00:00-04:00,7.22,7.3,7.1,7.15,51600
2003-08-07 16:00:00-04:00,7.14,7.34,7.14,7.33,53600
2003-08-08 16:00:00-04:00,7.3,7.4,7.3,7.4,23700
2003-08-11 16:00:00-04:00,7.36,7.5,7.36,7.5,43900
2003-08-12 16:00:00-04:00,7.5,7.52,7.44,7.44,33100
2003-08-13 16:00:00-04:00,7.38,7.45,7.26,7.26,24600
2003-08-14 16:00:00-04:00,7.28,7.3,7.25,7.28,33100
2003-08-15 16:00:00-04:00,7.26,7.27,7.15,7.17,25900
2003-08-18 16:00:00-04:00,7.15,7.2,7.14,7.2,60500
2003-08-19 16:00:00-04:00,7.16,7.28,7.16,7.28,66400
2003-08-20 16:00:00-04:00,7.28,7.29,7.2,7.25,39300
2003-08-21 16:00:00-04:00,7.2,7.26,7.2,7.24,17500
2003-08-22 16:00:00-04:00,7.2,7.21,7.14,7.18,32500
2003-08-25 16:00:00-04:00,7.2,7.24,7.18,7.24,32400
2003-08-26 16:00:00-04:00,7.25,7.25,7.08,7.08,80900
2003-08-27 16:00:00-04:00,7.12,7.17,7.03,7.08,94300
2003-08-28 16:00:00-04:00,7.1,7.1,7.0,7.07,111700
2003-08-29 16:00:00-04:00,7.08,7.08,7.04,7.07,36600
2003-09-02 16:00:00-04:00,7.07,7.14,7.07,7.1,72900
2003-09-03 16:00:00-04:00,7.1,7.19,7.1,7.17,37700
2003-09-04 16:00:00-04:00,7.17,7.24,7.17,7.24,38700
2003-09-05 16:00:00-04:00,7.2,7.3,7.2,7.3,57800
2003-09-08 16:00:00-04:00,7.33,7.41,7.28,7.39,52200
2003-09-09 16:00:00-04:00,7.39,7.44,7.35,7.43,50400
2003-09-10 16:00:00-04:00,7.44,7.44,7.4,7.44,33200
2003-09-11 16:00:00-04:00,7.35,7.44,7.35,7.39,22900
2003-09-12 16:00:00-04:00,7.37,7.47,7.37,7.43,30700
2003-09-15 16:00:00-04:00,7.41,7.46,7.41,7.46,28700
2003-09-16 16:00:00-04:00,7.46,7.5,7.45,7.46,7500
2003-09-17 16:00:00-04:00,7.49,7.52,7.45,7.49,51900
2003-09-18 16:00:00-04:00,7.43,7.43,7.43,7.43,0
2003-09-19 16:00:00-04:00,7.43,7.44,7.42,7.43,16300
2003-09-22 16:00:00-04:00,7.42,7.46,7.39,7.44,40200
2003-09-23 16:00:00-04:00,7.4,7.4,7.34,7.39,38000
2003-09-24 16:00:00-04:00,7.4,7.4,7.35,7.37,28000
2003-09-25 16:00:00-04:00,7.36,7.36,7.36,7.36,0
2003-09-26 16:00:00-04:00,7.36,7.37,7.34,7.36,31600
2003-09-29 16:00:00-04:00,7.39,7.39,7.32,7.36,31000
2003-09-30 16:00:00-04:00,7.37,7.37,7.32,7.36,24300
2003-10-01 16:00:00-04:00,7.35,7.44,7.35,7.44,28200
2003-10-02 16:00:00-04:00,7.59,7.59,7.59,7.59,0
2003-10-03 16:00:00-04:00,7.56,7.57,7.51,7.54,16600
2003-10-06 16:00:00-04:00,7.54,7.54,7.51,7.53,30100
2003-10-07 16:00:00-04:00,7.52,7.59,7.51,7.59,43300
2003-10-08 16:00:00-04:00,7.57,7.6,7.56,7.59,17800
2003-10-09 16:00:00-04:00,7.48,7.48,7.48,7.48,0
2003-10-10 16:00:00-04:00,7.5,7.53,7.45,7.53,24500
2003-10-13 16:00:00-04:00,7.46,7.52,7.46,7.51,13200
2003-10-14 16:00:00-04:00,7.42,7.6,7.41,7.47,46800
2003-10-15 16:00:00-04:00,7.5,7.5,7.37,7.42,38000
2003-10-16 16:00:00-04:00,7.37,7.37,7.37,7.37,0
2003-10-17 16:00:00-04:00,7.35,7.37,7.31,7.36,37100
2003-10-20 16:00:00-04:00,7.37,7.45,7.31,7.39,41400
2003-10-21 16:00:00-04:00,7.39,7.44,7.39,7.41,7000
2003-10-22 16:00:00-04:00,7.4,7.4,7.4,7.4,0
2003-10-23 16:00:00-04:00,7.4,7.45,7.4,7.45,27500
2003-10-24 16:00:00-04:00,7.43,7.51,7.43,7.48,50400
2003-10-27 16:00:00-05:00,7.46,7.55,7.46,7.49,41400
2003-10-28 16:00:00-05:00,7.51,7.55,7.41,7.53,63700
2003-10-29 16:00:00-05:00,7.48,7.54,7.48,7.49,63600
2003-10-30 16:00:00-05:00,7.43,7.43,7.43,7.43,0
2003-10-31 16:00:00-05:00,7.44,7.49,7.42,7.49,35500
2003-11-03 16:00:00-05:00,7.49,7.57,7.49,7.54,55654
2003-11-04 16:00:00-05:00,7.52,7.61,7.52,7.61,48094
2003-11-05 16:00:00-05:00,7.67,7.69,7.6,7.69,55300
2003-11-06 16:00:00-05:00,7.63,7.63,7.63,7.63,0
2003-11-07 16:00:00-05:00,7.66,7.68,7.52,7.58,40700
2003-11-10 16:00:00-05:00,7.53,7.62,7.53,7.61,16500
2003-11-11 16:00:00-05:00,7.62,7.62,7.56,7.62,14500
2003-11-12 16:00:00-05:00,7.48,7.58,7.48,7.53,51500
2003-11-13 16:00:00-05:00,7.55,7.55,7.55,7.55,0
2003-11-14 16:00:00-05:00,7.53,7.54,7.5,7.52,21800
2003-11-17 16:00:00-05:00,7.56,7.63,7.49,7.5,53000
2003-11-18 16:00:00-05:00,7.53,7.58,7.52,7.53,28700
2003-11-19 16:00:00-05:00,7.51,7.6,7.5,7.58,54400
2003-11-20 16:00:00-05:00,7.51,7.51,7.51,7.51,0
2003-11-21 16:00:00-05:00,7.51,7.57,7.51,7.53,28600
2003-11-24 16:00:00-05:00,7.59,7.59,7.59,7.59,0
2003-11-25 16:00:00-05:00,7.5,7.59,7.49,7.53,62900
2003-11-26 16:00:00-05:00,7.53,7.54,7.49,7.53,58000
2003-11-28 13:00:00-05:00,7.54,7.58,7.52,7.58,44400
2003-12-01 16:00:00-05:00,7.58,7.63,7.55,7.63,47100
2003-12-02 16:00:00-05:00,7.61,7.69,7.6,7.64,49100
2003-12-03 16:00:00-05:00,7.68,7.7,7.63,7.69,56300
2003-12-04 16:00:00-05:00,7.65,7.65,7.65,7.65,0
2003-12-05 16:00:00-05:00,7.66,7.69,7.59,7.63,76300
2003-12-08 16:00:00-05:00,7.64,7.67,7.6,7.67,36000
2003-12-09 16:00:00-05:00,7.66,7.7,7.62,7.67,38900
2003-12-10 16:00:00-05:00,7.67,7.71,7.65,7.66,34900
2003-12-11 16:00:00-05:00,7.53,7.53,7.53,7.53,0
2003-12-12 16:00:00-05:00,7.56,7.56,7.47,7.5,52200
2003-12-15 16:00:00-05:00,7.54,7.55,7.48,7.53,61800
2003-12-16 16:00:00-05:00,7.51,7.66,7.51,7.57,66700
2003-12-17 16:00:00-05:00,7.57,7.63,7.49,7.49,68000
2003-12-18 16:00:00-05:00,7.65,7.65,7.65,7.65,0
2003-12-19 16:00:00-05:00,7.66,7.67,7.52,7.58,65600
2003-12-22 16:00:00-05:00,7.54,7.62,7.54,7.59,22300
2003-12-23 16:00:00-05:00,7.57,7.57,7.5,7.51,44600
2003-12-24 13:00:00-05:00,7.54,7.54,7.51,7.53,20500
2003-12-26 13:00:00-05:00,7.52,7.55,7.5,7.51,36200
2003-12-29 16:00:00-05:00,7.54,7.58,7.53,7.55,37600
2003-12-30 16:00:00-05:00,7.6,7.6,7.6,7.6,0
2003-12-31 16:00:00-05:00,7.6,7.63,7.58,7.63,37000
2004-01-02 16:00:00-05:00,7.56,7.68,7.54,7.63,34600
2004-01-05 16:00:00-05:00,7.64,7.71,7.63,7.68,64100
2004-01-06 16:00:00-05:00,7.67,7.8,7.66,7.77,61500
2004-01-07 16:00:00-05:00,7.8,7.82,7.74,7.81,50000
2004-01-08 16:00:00-05:00,7.75,7.75,7.75,7.75,0
2004-01-09 16:00:00-05:00,7.76,7.82,7.75,7.79,46200
2004-01-12 16:00:00-05:00,7.73,7.73,7.73,7.73,0
2004-01-13 16:00:00-05:00,7.66,7.78,7.66,7.78,47900
2004-01-14 16:00:00-05:00,7.85,7.85,7.85,7.85,0
2004-01-15 16:00:00-05:00,7.85,7.88,7.82,7.87,50100
2004-01-16 16:00:00-05:00,7.89,7.92,7.85,7.87,27100
2004-01-20 16:00:00-05:00,7.92,7.93,7.89,7.93,26400
2004-01-21 16:00:00-05:00,7.91,7.96,7.91,7.91,37900
2004-01-22 16:00:00-05:00,7.93,7.93,7.93,7.93,0
2004-01-23 16:00:00-05:00,7.93,7.98,7.81,7.85,70800
2004-01-26 16:00:00-05:00,7.89,7.89,7.77,7.77,41200
2004-01-27 16:00:00-05:00,7.75,7.89,7.75,7.89,60300
2004-01-28 16:00:00-05:00,7.92,7.98,7.88,7.94,34600
2004-01-29 16:00:00-05:00,7.85,7.85,7.85,7.85,0
2004-01-30 16:00:00-05:00,7.89,7.89,7.86,7.88,22900
2004-02-02 16:00:00-05:00,7.89,7.94,7.87,7.89,26500
2004-02-03 16:00:00-05:00,7.94,7.98,7.91,7.92,18700
2004-02-04 16:00:00-05:00,7.94,7.98,7.92,7.93,15000
2004-02-05 16:00:00-05:00,7.9,7.9,7.9,7.9,0
2004-02-06 16:00:00-05:00,7.89,7.94,7.89,7.94,26700
2004-02-09 16:00:00-05:00,7.95,7.98,7.88,7.91,41900
2004-02-10 16:00:00-05:00,7.9,7.94,7.86,7.92,42800
2004-02-11 16:00:00-05:00,7.91,8.02,7.91,8.02,75800
2004-02-12 16:00:00-05:00,8.0,8.0,8.0,8.0,0
2004-02-13 16:00:00-05:00,7.96,7.99,7.95,7.97,36600
2004-02-17 16:00:00-05:00,7.98,7.98,7.94,7.96,38000
2004-02-18 16:00:00-05:00,7.99,8.0,7.94,7.96,35800
2004-02-19 16:00:00-05:00,7.89,7.89,7.89,7.89,0
2004-02-20 16:00:00-05:00,7.85,7.89,7.85,7.89,32100
2004-02-23 16:00:00-05:00,7.94,7.98,7.91,7.91,45200
2004-02-24 16:00:00-05:00,7.95,7.95,7.86,7.88,24000
2004-02-25 16:00:00-05:00,7.84,7.97,7.84,7.91,50600
2004-02-26 16:00:00-05:00,7.92,7.92,7.92,7.92,0
2004-02-27 16:00:00-05:00,7.95,7.96,7.91,7.95,22700
2004-03-01 16:00:00-05:00,7.93,8.0,7.93,7.99,44200
2004-03-02 16:00:00-05:00,7.99,8.0,7.94,7.96,17200
2004-03-03 16:00:00-05:00,7.96,7.99,7.94,7.99,62600
2004-03-04 16:00:00-05:00,7.97,7.97,7.97,7.97,0
2004-03-05 16:00:00-05:00,7.96,8.03,7.96,8.03,48000
2004-03-08 16:00:00-05:00,8.04,8.09,8.0,8.07,20300
2004-03-09 16:00:00-05:00,8.06,8.15,8.05,8.15,26500
2004-03-10 16:00:00-05:00,8.12,8.2,8.12,8.14,46400
2004-03-11 16:00:00-05:00,8.09,8.09,8.09,8.09,0
2004-03-12 16:00:00-05:00,8.1,8.11,8.08,8.1,32800
2004-03-15 16:00:00-05:00,8.06,8.1,8.05,8.05,22900
2004-03-16 16:00:00-05:00,8.08,8.1,7.96,8.04,41100
2004-03-17 16:00:00-05:00,8.04,8.08,8.03,8.05,25500
2004-03-18 16:00:00-05:00,8.04,8.04,8.04,8.04,0
2004-03-19 16:00:00-05:00,8.02,8.11,8.02,8.03,18500
2004-03-22 16:00:00-05:00,8.03,8.09,8.02,8.06,24400
2004-03-23 16:00:00-05:00,8.08,8.08,7.97,7.98,32200
2004-03-24 16:00:00-05:00,7.95,8.08,7.95,8.06,20900
2004-03-25 16:00:00-05:00,8.12,8.12,8.12,8.12,0
2004-03-26 16:00:00-05:00,8.1,8.1,8.05,8.05,25700
2004-03-29 16:00:00-05:00,8.07,8.1,8.04,8.06,37000
2004-03-30 16:00:00-05:00,8.07,8.15,8.06,8.06,31200
2004-03-31 16:00:00-05:00,8.08,8.09,8.06,8.06,23500
2004-04-01 16:00:00-05:00,8.06,8.06,8.06,8.06,0
2004-04-02 16:00:00-05:00,8.05,8.05,7.81,7.81,91600
2004-04-05 16:00:00-04:00,7.78,7.85,7.45,7.47,128200
2004-04-06 16:00:00-04:00,7.48,7.67,7.42,7.45,82800
2004-04-07 16:00:00-04:00,7.45,7.62,7.45,7.51,75200
2004-04-08 16:00:00-04:00,7.51,7.51,7.51,7.51,0
2004-04-12 16:00:00-04:00,7.54,7.57,7.51,7.56,42700
2004-04-13 16:00:00-04:00,7.41,7.45,7.36,7.37,50700
2004-04-14 16:00:00-04:00,7.4,7.4,7.28,7.29,65700
2004-04-15 16:00:00-04:00,7.29,7.29,7.29,7.29,0
2004-04-16 16:00:00-04:00,7.28,7.37,7.28,7.37,43800
2004-04-19 16:00:00-04:00,7.31,7.37,7.25,7.26,116600
2004-04-20 16:00:00-04:00,7.27,7.32,7.03,7.11,125200
2004-04-21 16:00:00-04:00,7.11,7.12,7.07,7.1,96600
2004-04-22 16:00:00-04:00,7.15,7.15,7.15,7.15,0
2004-04-23 16:00:00-04:00,7.06,7.13,7.06,7.1,51700
2004-04-26 16:00:00-04:00,7.06,7.1,6.91,7.01,115100
2004-04-27 16:00:00-04:00,7.01,7.02,6.92,6.98,77800
2004-04-28 16:00:00-04:00,6.97,7.05,6.93,6.98,72300
2004-04-29 16:00:00-04:00,6.95,6.95,6.95,6.95,0
2004-04-30 16:00:00-04:00,7.05,7.22,6.95,7.13,178200
2004-05-03 16:00:00-04:00,7.07,7.34,7.07,7.34,103600
2004-05-04 16:00:00-04:00,7.33,7.34,7.18,7.24,100700
2004-05-05 16:00:00-04:00,7.23,7.28,7.22,7.27,20300
2004-05-06 16:00:00-04:00,7.18,7.18,7.18,7.18,0
2004-05-07 16:00:00-04:00,6.83,7.1,6.83,6.99,117400
2004-05-10 16:00:00-04:00,7.04,7.16,6.83,6.83,83400
2004-05-11 16:00:00-04:00,6.85,7.0,6.85,7.0,66200
2004-05-12 16:00:00-04:00,6.93,7.1,6.9,6.9,49000
2004-05-13 16:00:00-04:00,6.89,6.89,6.89,6.89,0
2004-05-14 16:00:00-04:00,6.81,7.09,6.81,6.97,89500
2004-05-17 16:00:00-04:00,6.99,6.99,6.86,6.95,42700
2004-05-18 16:00:00-04:00,6.9,6.95,6.9,6.92,61000
2004-05-19 16:00:00-04:00,6.91,6.94,6.85,6.92,98300
2004-05-20 16:00:00-04:00,6.94,6.94,6.94,6.94,0
2004-05-21 16:00:00-04:00,6.93,7.06,6.89,7.04,116400
2004-05-24 16:00:00-04:00,6.9,7.09,6.89,7.07,41700
2004-05-25 16:00:00-04:00,7.04,7.2,7.03,7.12,22400
2004-05-26 16:00:00-04:00,7.16,7.22,7.12,7.21,23600
2004-05-27 16:00:00-04:00,7.13,7.13,7.13,7.13,0
2004-05-28 16:00:00-04:00,7.11,7.19,7.03,7.03,69500
2004-06-01 16:00:00-04:00,7.09,7.21,7.08,7.18,47300
2004-06-02 16:00:00-04:00,7.18,7.31,7.15,7.23,39200
2004-06-03 16:00:00-04:00,7.25,7.28,7.2,7.21,29900
2004-06-04 16:00:00-04:00,7.31,7.31,7.25,7.26,28700
2004-06-07 16:00:00-04:00,7.36,7.36,7.23,7.31,24700
2004-06-08 16:00:00-04:00,7.32,7.33,7.22,7.23,31300
2004-06-09 16:00:00-04:00,7.27,7.27,7.2,7.26,28600
2004-06-10 16:00:00-04:00,7.27,7.4,7.25,7.35,49500
2004-06-14 16:00:00-04:00,7.26,7.32,7.2,7.26,49900
2004-06-15 16:00:00-04:00,7.26,7.3,7.15,7.25,64500
2004-06-16 16:00:00-04:00,7.28,7.29,7.19,7.25,33000
2004-06-17 16:00:00-04:00,7.24,7.24,7.21,7.24,22400
2004-06-18 16:00:00-04:00,7.24,7.4,7.22,7.38,60800
2004-06-21 16:00:00-04:00,7.3,7.4,7.26,7.33,20500
2004-06-22 16:00:00-04:00,7.36,7.36,7.26,7.3,29200
2004-06-23 16:00:00-04:00,7.34,7.36,7.26,7.3,47600
2004-06-24 16:00:00-04:00,7.3,7.33,7.28,7.31,40300
2004-06-25 16:00:00-04:00,7.35,7.35,7.28,7.28,32100
2004-06-28 16:00:00-04:00,7.33,7.34,7.25,7.25,45500
2004-06-29 16:00:00-04:00,7.25,7.33,7.23,7.3,44100
2004-06-30 16:00:00-04:00,7.3,7.37,7.27,7.34,37000
2004-07-01 16:00:00-04:00,7.4,7.42,7.35,7.4,47100
2004-07-02 16:00:00-04:00,7.41,7.53,7.41,7.53,33700
2004-07-06 16:00:00-04:00,7.54,7.56,7.47,7.54,16900
2004-07-07 16:00:00-04:00,7.57,7.64,7.52,7.58,48400
2004-07-08 16:00:00-04:00,7.58,7.58,7.52,7.58,32300
2004-07-09 16:00:00-04:00,7.57,7.59,7.54,7.55,23200
2004-07-12 16:00:00-04:00,7.55,7.59,7.54,7.59,22400
2004-07-13 16:00:00-04:00,7.51,7.85,7.51,7.6,63800
2004-07-14 16:00:00-04:00,7.6,7.69,7.51,7.51,31500
2004-07-15 16:00:00-04:00,7.51,7.56,7.51,7.55,27600
2004-07-16 16:00:00-04:00,7.53,7.57,7.53,7.57,22800
2004-07-19 16:00:00-04:00,7.56,7.58,7.52,7.52,29000
2004-07-20 16:00:00-04:00,7.52,7.57,7.52,7.56,33900
2004-07-21 16:00:00-04:00,7.56,7.57,7.51,7.53,18700
2004-07-22 16:00:00-04:00,7.54,7.57,7.53,7.56,43400
2004-07-23 16:00:00-04:00,7.59,7.59,7.56,7.58,19700
2004-07-26 16:00:00-04:00,7.6,7.64,7.51,7.64,43300
2004-07-27 16:00:00-04:00,7.65,7.67,7.53,7.6,49000
2004-07-28 16:00:00-04:00,7.56,7.61,7.56,7.61,17200
2004-07-29 16:00:00-04:00,7.62,7.63,7.49,7.54,38700
2004-07-30 16:00:00-04:00,7.64,7.64,7.57,7.57,29600
2004-08-02 16:00:00-04:00,7.58,7.65,7.58,7.59,40300
2004-08-03 16:00:00-04:00,7.6,7.64,7.59,7.62,37600
2004-08-04 16:00:00-04:00,7.56,7.59,7.56,7.57,30200
2004-08-05 16:00:00-04:00,7.56,7.61,7.54,7.57,45600
2004-08-06 16:00:00-04:00,7.63,7.69,7.55,7.65,30500
2004-08-09 16:00:00-04:00,7.65,7.71,7.57,7.67,30100
2004-08-10 16:00:00-04:00,7.67,7.71,7.64,7.69,34800
2004-08-11 16:00:00-04:00,7.7,7.74,7.66,7.7,18900
2004-08-12 16:00:00-04:00,7.71,7.74,7.64,7.65,26300
2004-08-13 16:00:00-04:00,7.66,7.71,7.66,7.69,20000
2004-08-16 16:00:00-04:00,7.69,7.71,7.61,7.64,41700
2004-08-17 16:00:00-04:00,7.67,7.67,7.61,7.63,37800
2004-08-18 16:00:00-04:00,7.63,7.71,7.63,7.69,35400
2004-08-19 16:00:00-04:00,7.67,7.76,7.67,7.73,53000
2004-08-20 16:00:00-04:00,7.76,7.76,7.67,7.68,41500
2004-08-23 16:00:00-04:00,7.7,7.7,7.63,7.67,24700
2004-08-24 16:00:00-04:00,7.66,7.68,7.59,7.6,31200
2004-08-25 16:00:00-04:00,7.62,7.64,7.61,7.63,23400
2004-08-26 16:00:00-04:00,7.64,7.64,7.61,7.64,36300
2004-08-27 16:00:00-04:00,7.63,7.68,7.63,7.68,18400
2004-08-30 16:00:00-04:00,7.69,7.69,7.64,7.67,30600
2004-08-31 16:00:00-04:00,7.69,7.75,7.66,7.7,55000
2004-09-01 16:00:00-04:00,7.74,7.76,7.7,7.74,24200
2004-09-02 16:00:00-04:00,7.74,7.77,7.66,7.69,56500
2004-09-03 16:00:00-04:00,7.72,7.73,7.65,7.67,22100
2004-09-07 16:00:00-04:00,7.73,7.83,7.71,7.78,47200
2004-09-08 16:00:00-04:00,7.73,7.81,7.73,7.75,45200
2004-09-09 16:00:00-04:00,7.79,7.83,7.77,7.77,21100
2004-09-10 16:00:00-04:00,7.8,7.85,7.78,7.81,64700
2004-09-13 16:00:00-04:00,7.75,7.8,7.69,7.74,34700
2004-09-14 16:00:00-04:00,7.74,7.78,7.7,7.74,27300
2004-09-15 16:00:00-04:00,7.74,7.78,7.64,7.64,19300
2004-09-16 16:00:00-04:00,7.68,7.75,7.66,7.66,42900
2004-09-17 16:00:00-04:00,7.66,7.74,7.65,7.72,38500
2004-09-20 16:00:00-04:00,7.7,7.7,7.61,7.64,68200
2004-09-21 16:00:00-04:00,7.62,7.62,7.56,7.62,56300
2004-09-22 16:00:00-04:00,7.65,7.72,7.64,7.69,32800
2004-09-23 16:00:00-04:00,7.74,7.75,7.7,7.73,26200
2004-09-24 16:00:00-04:00,7.74,7.75,7.69,7.73,19500
2004-09-27 16:00:00-04:00,7.7,7.73,7.67,7.69,40900
2004-09-28 16:00:00-04:00,7.69,7.72,7.67,7.68,44000
2004-09-29 16:00:00-04:00,7.73,7.73,7.63,7.68,34900
2004-09-30 16:00:00-04:00,7.68,7.7,7.62,7.63,49800
2004-10-01 16:00:00-04:00,7.67,7.69,7.64,7.69,26400
2004-10-04 16:00:00-04:00,7.6,7.7,7.6,7.7,59100
2004-10-05 16:00:00-04:00,7.57,7.71,7.57,7.7,60400
2004-10-06 16:00:00-04:00,7.71,7.73,7.67,7.73,19200
2004-10-07 16:00:00-04:00,7.74,7.74,7.7,7.71,19300
2004-10-08 16:00:00-04:00,7.74,7.8,7.73,7.75,34000
2004-10-11 16:00:00-04:00,7.8,7.8,7.68,7.69,36800
2004-10-12 16:00:00-04:00,7.74,7.75,7.7,7.74,24900
2004-10-13 16:00:00-04:00,7.72,7.72,7.67,7.7,12100
2004-10-14 16:00:00-04:00,7.73,7.76,7.7,7.72,23900
2004-10-15 16:00:00-04:00,7.75,7.75,7.62,7.67,53400
2004-10-18 16:00:00-04:00,7.67,7.7,7.64,7.68,41500
2004-10-19 16:00:00-04:00,7.67,7.79,7.67,7.77,56600
2004-10-20 16:00:00-04:00,7.79,7.8,7.71,7.76,34400
2004-10-21 16:00:00-04:00,7.77,7.78,7.74,7.74,16900
2004-10-22 16:00:00-04:00,7.72,7.79,7.72,7.78,14200
2004-10-25 16:00:00-04:00,7.751,7.83,7.751,7.781,24100
2004-10-26 16:00:00-04:00,7.85,7.85,7.75,7.78,46500
2004-10-27 16:00:00-04:00,7.83,7.84,7.791,7.81,30200
2004-10-28 16:00:00-04:00,7.84,7.84,7.79,7.82,17700
2004-10-29 16:00:00-04:00,7.85,7.86,7.82,7.83,42600
2004-11-01 16:00:00-05:00,7.85,7.89,7.77,7.81,40500
2004-11-02 16:00:00-05:00,7.77,7.87,7.77,7.83,14300
2004-11-03 16:00:00-05:00,7.87,7.92,7.84,7.89,24700
2004-11-04 16:00:00-05:00,7.88,7.98,7.88,7.95,27400
2004-11-05 16:00:00-05:00,7.94,7.98,7.75,7.75,38700
2004-11-08 16:00:00-05:00,7.75,7.76,7.51,7.57,48600
2004-11-09 16:00:00-05:00,7.52,7.7,7.52,7.63,36000
2004-11-10 16:00:00-05:00,7.67,7.7,7.63,7.69,19900
2004-11-11 16:00:00-05:00,7.72,7.74,7.67,7.71,22400
2004-11-12 16:00:00-05:00,7.71,7.72,7.62,7.68,27800
2004-11-15 16:00:00-05:00,7.69,7.81,7.69,7.78,26600
2004-11-16 16:00:00-05:00,7.78,7.8,7.75,7.75,39600
2004-11-17 16:00:00-05:00,7.8,7.81,7.75,7.76,27400
2004-11-18 16:00:00-05:00,7.8,7.8,7.74,7.74,42100
2004-11-19 16:00:00-05:00,7.75,7.8,7.75,7.75,28300
2004-11-22 16:00:00-05:00,7.8,7.9,7.75,7.76,64300
2004-11-23 16:00:00-05:00,7.76,7.88,7.76,7.81,37800
2004-11-24 16:00:00-05:00,7.82,8.0,7.78,7.9,35900
2004-11-26 16:00:00-05:00,7.95,7.98,7.92,7.92,16100
2004-11-29 16:00:00-05:00,7.93,7.93,7.77,7.8,26800
2004-11-30 16:00:00-05:00,7.82,7.85,7.78,7.82,25000
2004-12-01 16:00:00-05:00,7.77,7.88,7.77,7.82,56100
2004-12-02 16:00:00-05:00,7.75,7.85,7.75,7.76,64600
2004-12-03 16:00:00-05:00,7.77,7.83,7.77,7.79,33300
2004-12-06 16:00:00-05:00,7.78,7.82,7.72,7.75,60700
2004-12-07 16:00:00-05:00,7.74,7.77,7.71,7.72,32300
2004-12-08 16:00:00-05:00,7.66,7.77,7.66,7.77,24600
2004-12-09 16:00:00-05:00,7.72,7.78,7.72,7.78,15600
2004-12-10 16:00:00-05:00,7.78,7.82,7.74,7.79,36800
2004-12-13 16:00:00-05:00,7.75,7.8,7.73,7.75,34200
2004-12-14 16:00:00-05:00,7.8,7.84,7.76,7.81,34200
2004-12-15 16:00:00-05:00,7.75,7.8,7.69,7.7,150900
2004-12-16 16:00:00-05:00,7.64,7.69,7.63,7.67,53100
2004-12-17 16:00:00-05:00,7.65,7.66,7.63,7.64,47800
2004-12-20 16:00:00-05:00,7.64,7.66,7.55,7.6,84500
2004-12-21 16:00:00-05:00,7.6,7.65,7.57,7.63,44800
2004-12-22 16:00:00-05:00,7.59,7.64,7.58,7.64,24100
2004-12-23 16:00:00-05:00,7.61,7.73,7.61,7.73,31800
2004-12-27 16:00:00-05:00,7.74,7.74,7.6,7.64,55400
2004-12-28 16:00:00-05:00,7.61,7.69,7.6,7.66,30700
2004-12-29 16:00:00-05:00,7.67,7.68,7.56,7.64,57700
2004-12-30 16:00:00-05:00,7.57,7.68,7.57,7.67,38800
2004-12-31 16:00:00-05:00,7.68,7.71,7.62,7.69,49700
2005-01-03 16:00:00-05:00,7.65,7.7,7.65,7.66,23400
2005-01-04 16:00:00-05:00,7.66,7.71,7.66,7.709,36900
2005-01-05 16:00:00-05:00,7.71,7.74,7.69,7.72,26000
2005-01-06 16:00:00-05:00,7.82,7.85,7.77,7.8,33400
2005-01-07 16:00:00-05:00,7.81,7.86,7.81,7.84,31900
2005-01-10 16:00:00-05:00,7.85,7.85,7.81,7.83,31800
2005-01-11 16:00:00-05:00,7.77,7.9,7.77,7.874,68400
2005-01-12 16:00:00-05:00,7.89,7.95,7.82,7.88,65000
2005-01-13 16:00:00-05:00,7.86,7.87,7.7901,7.81,32100
2005-01-14 16:00:00-05:00,7.74,7.76,7.67,7.67,75900
2005-01-18 16:00:00-05:00,7.66,7.72,7.65,7.71,53400
2005-01-19 16:00:00-05:00,7.67,7.75,7.67,7.71,56300
2005-01-20 16:00:00-05:00,7.74,7.74,7.65,7.71,73200
2005-01-21 16:00:00-05:00,7.7,7.76,7.7,7.73,46600
2005-01-24 16:00:00-05:00,7.69,7.74,7.69,7.73,35500
2005-01-25 16:00:00-05:00,7.71,7.76,7.71,7.71,26100
2005-01-26 16:00:00-05:00,7.73,7.74,7.67,7.69,57600
2005-01-27 16:00:00-05:00,7.7,7.77,7.69,7.75,22900
2005-01-28 16:00:00-05:00,7.77,7.82,7.73,7.82,44200
2005-01-31 16:00:00-05:00,7.85,7.9,7.83,7.88,33200
2005-02-01 16:00:00-05:00,7.89,7.94,7.83,7.92,48800
2005-02-02 16:00:00-05:00,7.88,8.08,7.88,8.05,41500
2005-02-03 16:00:00-05:00,8.06,8.07,7.95,7.95,37700
2005-02-04 16:00:00-05:00,8.02,8.08,7.98,7.99,43800
2005-02-07 16:00:00-05:00,8.01,8.01,7.93,7.95,29700
2005-02-08 16:00:00-05:00,7.93,7.98,7.92,7.97,34300
2005-02-09 16:00:00-05:00,7.92,7.96,7.89,7.93,33200
2005-02-10 16:00:00-05:00,7.98,8.01,7.95,8.0,34100
2005-02-11 16:00:00-05:00,8.02,8.03,7.96,8.02,34000
2005-02-14 16:00:00-05:00,8.02,8.06,8.0,8.01,44000
2005-02-15 16:00:00-05:00,7.99,8.04,7.98,8.02,23600
2005-02-16 16:00:00-05:00,7.98,8.0,7.95,7.96,23400
2005-02-17 16:00:00-05:00,7.95,7.96,7.9,7.92,42000
2005-02-18 16:00:00-05:00,7.95,7.95,7.8,7.82,56600
2005-02-22 16:00:00-05:00,7.81,7.9,7.76,7.79,54600
2005-02-23 16:00:00-05:00,7.89,7.89,7.79,7.84,31100
2005-02-24 16:00:00-05:00,7.98,7.98,7.87,7.88,28000
2005-02-25 16:00:00-05:00,7.9,7.94,7.88,7.94,30000
2005-02-28 16:00:00-05:00,7.95,7.95,7.92,7.93,14700
2005-03-01 16:00:00-05:00,7.89,7.96,7.88,7.92,62300
2005-03-02 16:00:00-05:00,7.88,7.95,7.88,7.94,51000
2005-03-03 16:00:00-05:00,7.94,7.98,7.91,7.95,25000
2005-03-04 16:00:00-05:00,7.93,7.98,7.92,7.96,26600
2005-03-07 16:00:00-05:00,7.96,8.0,7.95,8.0,41000
2005-03-08 16:00:00-05:00,8.0,8.0,7.89,7.89,58000
2005-03-09 16:00:00-05:00,7.89,7.89,7.82,7.85,74000
2005-03-10 16:00:00-05:00,7.77,7.82,7.77,7.78,29200
2005-03-11 16:00:00-05:00,7.77,7.79,7.72,7.79,44900
2005-03-14 16:00:00-05:00,7.73,7.74,7.65,7.65,67000
2005-03-15 16:00:00-05:00,7.66,7.68,7.64,7.67,47900
2005-03-16 16:00:00-05:00,7.64,7.69,7.63,7.63,47000
2005-03-17 16:00:00-05:00,7.63,7.69,7.58,7.67,52000
2005-03-18 16:00:00-05:00,7.66,7.66,7.55,7.6,78600
2005-03-21 16:00:00-05:00,7.59,7.6,7.51,7.52,47500
2005-03-22 16:00:00-05:00,7.54,7.55,7.32,7.32,55400
2005-03-23 16:00:00-05:00,7.36,7.5,7.31,7.32,55000
2005-03-24 16:00:00-05:00,7.26,7.36,7.26,7.35,38000
2005-03-28 16:00:00-05:00,7.37,7.4,7.32,7.35,44100
2005-03-29 16:00:00-05:00,7.37,7.37,7.32,7.33,49200
2005-03-30 16:00:00-05:00,7.36,7.45,7.34,7.39,97900
2005-03-31 16:00:00-05:00,7.45,7.53,7.4,7.48,96900
2005-04-01 16:00:00-05:00,7.48,7.7,7.48,7.7,83200
2005-04-04 16:00:00-04:00,7.65,7.71,7.61,7.71,34300
2005-04-05 16:00:00-04:00,7.63,7.71,7.62,7.66,56500
2005-04-06 16:00:00-04:00,7.71,7.71,7.63,7.66,19200
2005-04-07 16:00:00-04:00,7.65,7.68,7.64,7.65,15300
2005-04-08 16:00:00-04:00,7.66,7.71,7.66,7.69,32300
2005-04-11 16:00:00-04:00,7.68,7.76,7.66,7.75,65800
2005-04-12 16:00:00-04:00,7.65,7.73,7.65,7.68,37900
2005-04-13 16:00:00-04:00,7.7,7.76,7.7,7.76,52000
2005-04-14 16:00:00-04:00,7.76,7.76,7.71,7.72,31000
2005-04-15 16:00:00-04:00,7.71,7.74,7.68,7.72,40900
2005-04-18 16:00:00-04:00,7.79,7.79,7.72,7.72,55300
2005-04-19 16:00:00-04:00,7.77,7.78,7.69,7.74,46400
2005-04-20 16:00:00-04:00,7.72,7.76,7.671,7.68,37100
2005-04-21 16:00:00-04:00,7.7,7.73,7.66,7.7,42400
2005-04-22 16:00:00-04:00,7.71,7.7475,7.7,7.74,21900
2005-04-25 16:00:00-04:00,7.72,7.79,7.71,7.79,73700
2005-04-26 16:00:00-04:00,7.8,7.81,7.74,7.77,44800
2005-04-27 16:00:00-04:00,7.78,7.8,7.74,7.8,23400
2005-04-28 16:00:00-04:00,7.81,7.84,7.81,7.84,45600
2005-04-29 16:00:00-04:00,7.85,7.87,7.82,7.85,41000
2005-05-02 16:00:00-04:00,7.86,7.87,7.81,7.85,46300
2005-05-03 16:00:00-04:00,7.83,7.88,7.83,7.87,33400
2005-05-04 16:00:00-04:00,7.88,7.9,7.86,7.89,35700
2005-05-05 16:00:00-04:00,7.88,7.93,7.86,7.92,25400
2005-05-06 16:00:00-04:00,7.89,7.94,7.86,7.91,42400
2005-05-09 16:00:00-04:00,7.93,7.93,7.86,7.9,30200
2005-05-10 16:00:00-04:00,7.84,7.9,7.84,7.87,34700
2005-05-11 16:00:00-04:00,7.89,7.91,7.85,7.9,26600
2005-05-12 16:00:00-04:00,7.97,7.97,7.8718,7.9,37100
2005-05-13 16:00:00-04:00,7.99,8.0,7.9,7.92,35800
2005-05-16 16:00:00-04:00,7.92,7.9764,7.87,7.93,39400
2005-05-17 16:00:00-04:00,7.88,7.95,7.88,7.94,34600
2005-05-18 16:00:00-04:00,8.04,8.04,7.95,7.99,53200
2005-05-19 16:00:00-04:00,7.97,8.0,7.85,7.92,81700
2005-05-20 16:00:00-04:00,7.9,7.96,7.9,7.96,19200
2005-05-23 16:00:00-04:00,8.0,8.04,7.95,8.0,55900
2005-05-24 16:00:00-04:00,8.03,8.04,7.97,7.98,74200
2005-05-25 16:00:00-04:00,7.97,8.03,7.96,7.97,41200
2005-05-26 16:00:00-04:00,8.03,8.04,7.98,8.01,36000
2005-05-27 16:00:00-04:00,8.04,8.08,8.0,8.08,31700
2005-05-31 16:00:00-04:00,8.09,8.09,8.03,8.079,32400
2005-06-01 16:00:00-04:00,8.04,8.15,8.04,8.12,47300
2005-06-02 16:00:00-04:00,8.1,8.209,8.1,8.17,38200
2005-06-03 16:00:00-04:00,8.23,8.23,8.18,8.2,26400
2005-06-06 16:00:00-04:00,8.15,8.21,8.15,8.21,30300
2005-06-07 16:00:00-04:00,8.25,8.25,8.17,8.17,27200
2005-06-08 16:00:00-04:00,8.2,8.2,8.15,8.19,41100
2005-06-09 16:00:00-04:00,8.07,8.16,8.04,8.05,56400
2005-06-10 16:00:00-04:00,8.1,8.12,8.03,8.04,38600
2005-06-13 16:00:00-04:00,8.07,8.07,8.01,8.03,22200
2005-06-14 16:00:00-04:00,8.02,8.09,8.0,8.07,52100
2005-06-15 16:00:00-04:00,8.07,8.1,8.01,8.1,32400
2005-06-16 16:00:00-04:00,8.05,8.11,8.05,8.1,35300
2005-06-17 16:00:00-04:00,8.1,8.15,8.06,8.15,22700
2005-06-20 16:00:00-04:00,8.17,8.25,8.11,8.201,51500
2005-06-21 16:00:00-04:00,8.24,8.34,8.2,8.25,43800
2005-06-22 16:00:00-04:00,8.32,8.4,8.24,8.32,72800
2005-06-23 16:00:00-04:00,8.37,8.37,8.26,8.27,43500
2005-06-24 16:00:00-04:00,8.26,8.33,8.26,8.26,22800
2005-06-27 16:00:00-04:00,8.26,8.33,8.25,8.29,27500
2005-06-28 16:00:00-04:00,8.2,8.29,8.2,8.26,51600
2005-06-29 16:00:00-04:00,8.22,8.26,8.2118,8.22,12100
2005-06-30 16:00:00-04:00,8.25,8.3,8.23,8.24,29000
2005-07-01 16:00:00-04:00,8.29,8.32,8.23,8.31,33900
2005-07-05 16:00:00-04:00,8.27,8.33,8.26,8.28,29900
2005-07-06 16:00:00-04:00,8.3,8.44,8.3,8.37,46000
2005-07-07 16:00:00-04:00,8.29,8.43,8.29,8.335,33800
2005-07-08 16:00:00-04:00,8.34,8.44,8.34,8.4,22800
2005-07-11 16:00:00-04:00,8.38,8.44,8.31,8.38,24700
2005-07-12 16:00:00-04:00,8.53,8.53,8.37,8.43,43100
2005-07-13 16:00:00-04:00,8.41,8.45,8.4,8.44,30700
2005-07-14 16:00:00-04:00,8.45,8.75,8.36,8.47,118200
2005-07-15 16:00:00-04:00,8.42,8.45,8.32,8.36,48500
2005-07-18 16:00:00-04:00,8.33,8.37,8.2,8.21,70000
2005-07-19 16:00:00-04:00,8.27,8.27,8.17,8.26,47900
2005-07-20 16:00:00-04:00,8.2,8.28,8.19,8.22,50300
2005-07-21 16:00:00-04:00,8.2,8.22,8.09,8.17,68700
2005-07-22 16:00:00-04:00,8.19,8.24,8.14,8.22,57000
2005-07-25 16:00:00-04:00,8.24,8.29,8.22,8.22,50200
2005-07-26 16:00:00-04:00,8.25,8.5,8.22,8.3,71200
2005-07-27 16:00:00-04:00,8.3,8.3,8.23,8.28,23100
2005-07-28 16:00:00-04:00,8.24,8.3,8.23,8.27,21500
2005-07-29 16:00:00-04:00,8.29,8.29,8.21,8.21,37900
2005-08-01 16:00:00-04:00,8.2,8.25,8.19,8.22,47800
2005-08-02 16:00:00-04:00,8.23,8.27,8.21,8.25,32400
2005-08-03 16:00:00-04:00,8.25,8.29,8.25,8.28,16300
2005-08-04 16:00:00-04:00,8.29,8.3,8.25,8.29,28400
2005-08-05 16:00:00-04:00,8.26,8.28,8.19,8.2,28900
2005-08-08 16:00:00-04:00,8.17,8.23,8.15,8.22,25800
2005-08-09 16:00:00-04:00,8.18,8.26,8.13,8.22,31300
2005-08-10 16:00:00-04:00,8.26,8.28,8.18,8.2,44400
2005-08-11 16:00:00-04:00,8.21,8.23,8.15,8.18,31100
2005-08-12 16:00:00-04:00,8.28,8.28,8.18,8.2,12300
2005-08-15 16:00:00-04:00,8.21,8.2118,8.16,8.16,11900
2005-08-16 16:00:00-04:00,8.17,8.22,8.17,8.19,29400
2005-08-17 16:00:00-04:00,8.22,8.22,8.16,8.19,23000
2005-08-18 16:00:00-04:00,8.17,8.29,8.16,8.29,57500
2005-08-19 16:00:00-04:00,8.24,8.29,8.24,8.29,21100
2005-08-22 16:00:00-04:00,8.29,8.31,8.23,8.29,34700
2005-08-23 16:00:00-04:00,8.26,8.3,8.24,8.3,22300
2005-08-24 16:00:00-04:00,8.28,8.37,8.28,8.332,43800
2005-08-25 16:00:00-04:00,8.34,8.41,8.3209,8.4,18900
2005-08-26 16:00:00-04:00,8.45,8.45,8.34,8.35,35000
2005-08-29 16:00:00-04:00,8.32,8.39,8.3154,8.32,36800
2005-08-30 16:00:00-04:00,8.33,8.34,8.19,8.2,95500
2005-08-31 16:00:00-04:00,8.25,8.25,8.19,8.19,60700
2005-09-01 16:00:00-04:00,8.22,8.3,8.2,8.3,57800
2005-09-02 16:00:00-04:00,8.3,8.4,8.26,8.35,33000
2005-09-06 16:00:00-04:00,8.36,8.4,8.32,8.36,24200
2005-09-07 16:00:00-04:00,8.38,8.42,8.36,8.37,42500
2005-09-08 16:00:00-04:00,8.4,8.4,8.33,8.35,38400
2005-09-09 16:00:00-04:00,8.31,8.38,8.28,8.38,37500
2005-09-12 16:00:00-04:00,8.47,8.47,8.28,8.36,32400
2005-09-13 16:00:00-04:00,8.35,8.43,8.35,8.43,44500
2005-09-14 16:00:00-04:00,8.46,8.47,8.35,8.4,30800
2005-09-15 16:00:00-04:00,8.4,8.41,8.3536,8.4,40300
2005-09-16 16:00:00-04:00,8.47,8.47,8.32,8.37,43800
2005-09-19 16:00:00-04:00,8.41,8.45,8.38,8.41,58400
2005-09-20 16:00:00-04:00,8.44,8.47,8.41,8.42,36400
2005-09-21 16:00:00-04:00,8.45,8.48,8.42,8.43,31300
2005-09-22 16:00:00-04:00,8.47,8.48,8.34,8.34,28600
2005-09-23 16:00:00-04:00,8.4,8.4,8.22,8.28,39800
2005-09-26 16:00:00-04:00,8.2,8.33,8.19,8.19,23700
2005-09-27 16:00:00-04:00,8.15,8.21,8.15,8.2,43200
2005-09-28 16:00:00-04:00,8.18,8.3,8.18,8.26,33600
2005-09-29 16:00:00-04:00,8.3,8.31,8.23,8.23,28400
2005-09-30 16:00:00-04:00,8.24,8.26,8.21,8.22,23900
2005-10-03 16:00:00-04:00,8.3,8.34,8.21,8.25,27700
2005-10-04 16:00:00-04:00,8.29,8.38,8.25,8.38,30200
2005-10-05 16:00:00-04:00,8.33,8.39,8.33,8.38,29700
2005-10-06 16:00:00-04:00,8.35,8.39,8.31,8.36,27800
2005-10-07 16:00:00-04:00,8.38,8.38,8.3,8.3499,41100
2005-10-10 16:00:00-04:00,8.31,8.38,8.31,8.325,25400
2005-10-11 16:00:00-04:00,8.27,8.34,8.2,8.26,37700
2005-10-12 16:00:00-04:00,8.2,8.27,8.15,8.16,23300
2005-10-13 16:00:00-04:00,8.2,8.23,8.04,8.05,35600
2005-10-14 16:00:00-04:00,8.05,8.18,8.02,8.03,27600
2005-10-17 16:00:00-04:00,8.0,8.03,7.91,8.02,55600
2005-10-18 16:00:00-04:00,7.96,8.0,7.93,7.96,27500
2005-10-19 16:00:00-04:00,7.94,8.27,7.94,8.27,70900
2005-10-20 16:00:00-04:00,8.17,8.23,8.06,8.201,42100
2005-10-21 16:00:00-04:00,8.12,8.24,8.12,8.24,38400
2005-10-24 16:00:00-04:00,8.2,8.3,8.18,8.25,25000
2005-10-25 16:00:00-04:00,8.21,8.36,8.21,8.25,26000
2005-10-26 16:00:00-04:00,8.25,8.28,8.18,8.18,31300
2005-10-27 16:00:00-04:00,8.13,8.25,8.13,8.25,25500
2005-10-28 16:00:00-04:00,8.21,8.26,8.2,8.26,16900
2005-10-31 16:00:00-05:00,8.36,8.36,8.25,8.274,42000
2005-11-01 16:00:00-05:00,8.26,8.31,8.26,8.29,17300
2005-11-02 16:00:00-05:00,8.29,8.34,8.25,8.25,33100
2005-11-03 16:00:00-05:00,8.25,8.36,8.25,8.26,40000
2005-11-04 16:00:00-05:00,8.29,8.33,8.25,8.26,17000
2005-11-07 16:00:00-05:00,8.25,8.32,8.25,8.25,25600
2005-11-08 16:00:00-05:00,8.26,8.33,8.25,8.29,60800
2005-11-09 16:00:00-05:00,8.31,8.31,8.01,8.01,57700
2005-11-10 16:00:00-05:00,7.95,8.0199,7.89,7.89,135600
2005-11-11 16:00:00-05:00,7.91,7.97,7.82,7.83,145500
2005-11-14 16:00:00-05:00,7.8,7.82,7.54,7.54,166000
2005-11-15 16:00:00-05:00,7.58,7.65,7.56,7.65,46700
2005-11-16 16:00:00-05:00,7.78,7.78,7.6,7.61,65200
2005-11-17 16:00:00-05:00,7.65,7.75,7.58,7.75,47000
2005-11-18 16:00:00-05:00,7.71,7.78,7.7,7.78,13900
2005-11-21 16:00:00-05:00,7.73,7.81,7.71,7.78,29400
2005-11-22 16:00:00-05:00,7.72,7.81,7.72,7.8,40100
2005-11-23 16:00:00-05:00,7.75,7.79,7.6336,7.72,80000
2005-11-25 16:00:00-05:00,7.79,7.79,7.75,7.78,6000
2005-11-28 16:00:00-05:00,7.81,7.82,7.75,7.82,65700
2005-11-29 16:00:00-05:00,7.78,7.83,7.77,7.83,49300
2005-11-30 16:00:00-05:00,7.83,7.85,7.78,7.85,50100
2005-12-01 16:00:00-05:00,7.85,7.88,7.82,7.88,54200
2005-12-02 16:00:00-05:00,7.88,7.9,7.8336,7.9,42700
2005-12-05 16:00:00-05:00,7.92,7.92,7.86,7.92,46900
2005-12-06 16:00:00-05:00,7.9,8.04,7.9,8.04,33800
2005-12-07 16:00:00-05:00,7.99,8.05,7.98,8.01,36900
2005-12-08 16:00:00-05:00,7.9,8.03,7.85,8.03,39200
2005-12-09 16:00:00-05:00,8.05,8.05,7.94,8.0,29300
2005-12-12 16:00:00-05:00,7.96,8.03,7.91,7.93,45100
2005-12-13 16:00:00-05:00,7.91,7.95,7.8472,7.85,29100
2005-12-14 16:00:00-05:00,7.85,7.9,7.8,7.841,37200
2005-12-15 16:00:00-05:00,7.82,7.89,7.8,7.86,41100
2005-12-16 16:00:00-05:00,7.83,7.9,7.8,7.8,30600
2005-12-19 16:00:00-05:00,7.85,7.86,7.78,7.78,38200
2005-12-20 16:00:00-05:00,7.8,7.83,7.7301,7.7301,52900
2005-12-21 16:00:00-05:00,7.72,7.78,7.55,7.62,147000
2005-12-22 16:00:00-05:00,7.57,7.6,7.54,7.56,86200
2005-12-23 16:00:00-05:00,7.59,7.6,7.51,7.59,38500
2005-12-27 16:00:00-05:00,7.61,7.62,7.56,7.58,74000
2005-12-28 16:00:00-05:00,7.62,7.66,7.59,7.6599,67400
2005-12-29 16:00:00-05:00,7.61,7.68,7.61,7.66,53700
2005-12-30 16:00:00-05:00,7.71,7.82,7.67,7.8199,95300
2006-01-03 16:00:00-05:00,7.74,7.94,7.74,7.92,61200
2006-01-04 16:00:00-05:00,7.94,8.0,7.94,7.99,45900
2006-01-05 16:00:00-05:00,7.93,8.05,7.93,8.05,43100
2006-01-06 16:00:00-05:00,8.03,8.15,8.02,8.15,44400
2006-01-09 16:00:00-05:00,8.19,8.24,8.11,8.2,53100
2006-01-10 16:00:00-05:00,8.23,8.25,8.1496,8.24,18800
2006-01-11 16:00:00-05:00,8.02,8.14,8.02,8.06,61300
2006-01-12 16:00:00-05:00,8.0,8.2,8.0,8.19,27800
2006-01-13 16:00:00-05:00,8.15,8.21,8.14,8.21,27800
2006-01-17 16:00:00-05:00,8.14,8.2,8.13,8.17,57800
2006-01-18 16:00:00-05:00,8.17,8.2,8.1448,8.1612,76100
2006-01-19 16:00:00-05:00,8.19,8.29,8.19,8.28,62300
2006-01-20 16:00:00-05:00,8.23,8.33,8.23,8.29,39700
2006-01-23 16:00:00-05:00,8.18,8.3,8.18,8.3,68600
2006-01-24 16:00:00-05:00,8.34,8.37,8.3,8.37,12200
2006-01-25 16:00:00-05:00,8.33,8.38,8.2,8.26,73900
2006-01-26 16:00:00-05:00,8.29,8.29,8.23,8.24,31000
2006-01-27 16:00:00-05:00,8.25,8.38,8.25,8.3,35000
2006-01-30 16:00:00-05:00,8.28,8.31,8.22,8.27,36300
2006-01-31 16:00:00-05:00,8.17,8.34,8.17,8.33,49400
2006-02-01 16:00:00-05:00,8.28,8.33,8.27,8.27,23000
2006-02-02 16:00:00-05:00,8.17,8.27,8.14,8.27,46200
2006-02-03 16:00:00-05:00,8.21,8.25,8.2012,8.22,45500
2006-02-06 16:00:00-05:00,8.27,8.3,8.2301,8.29,38400
2006-02-07 16:00:00-05:00,8.33,8.3452,8.2,8.24,61400
2006-02-08 16:00:00-05:00,8.22,8.31,8.22,8.27,42300
2006-02-09 16:00:00-05:00,8.18,8.23,8.09,8.11,56400
2006-02-10 16:00:00-05:00,8.06,8.13,8.06,8.08,76300
2006-02-13 16:00:00-05:00,8.12,8.13,8.07,8.07,34900
2006-02-14 16:00:00-05:00,8.07,8.114,7.97,8.04,61600
2006-02-15 16:00:00-05:00,8.06,8.15,8.05,8.15,52200
2006-02-16 16:00:00-05:00,8.15,8.25,8.13,8.19,46200
2006-02-17 16:00:00-05:00,8.19,8.2399,8.1601,8.2399,20900
2006-02-21 16:00:00-05:00,8.25,8.26,8.19,8.25,32900
2006-02-22 16:00:00-05:00,8.21,8.26,8.2036,8.23,15000
2006-02-23 16:00:00-05:00,8.26,8.3199,8.2124,8.28,67600
2006-02-24 16:00:00-05:00,8.28,8.32,8.26,8.32,42600
2006-02-27 16:00:00-05:00,8.32,8.32,8.27,8.28,15700
2006-02-28 16:00:00-05:00,8.3,8.36,8.27,8.3199,37100
2006-03-01 16:00:00-05:00,8.33,8.35,8.3,8.3,32900
2006-03-02 16:00:00-05:00,8.3,8.35,8.29,8.33,28000
2006-03-03 16:00:00-05:00,8.25,8.32,8.25,8.27,51000
2006-03-06 16:00:00-05:00,8.28,8.28,8.21,8.22,34700
2006-03-07 16:00:00-05:00,8.19,8.29,8.12,8.29,42200
2006-03-08 16:00:00-05:00,8.29,8.39,8.2701,8.39,68900
2006-03-09 16:00:00-05:00,8.33,8.44,8.29,8.39,72300
2006-03-10 16:00:00-05:00,8.2,8.31,8.05,8.07,305600
2006-03-13 16:00:00-05:00,7.78,7.9236,7.78,7.84,222500
2006-03-14 16:00:00-05:00,7.75,7.97,7.75,7.87,137600
2006-03-15 16:00:00-05:00,7.87,7.9,7.79,7.89,127700
2006-03-16 16:00:00-05:00,7.9,7.94,7.8801,7.89,82500
2006-03-17 16:00:00-05:00,7.87,7.96,7.87,7.9001,71500
2006-03-20 16:00:00-05:00,7.9,8.0,7.9,7.99,56300
2006-03-21 16:00:00-05:00,8.0,8.06,7.96,8.06,121500
2006-03-22 16:00:00-05:00,8.06,8.1,8.01,8.06,86700
2006-03-23 16:00:00-05:00,8.08,8.13,8.05,8.13,65800
2006-03-24 16:00:00-05:00,8.12,8.15,8.1,8.1,42100
2006-03-27 16:00:00-05:00,8.19,8.2,8.09,8.1,47400
2006-03-28 16:00:00-05:00,8.14,8.19,8.08,8.1,83100
2006-03-29 16:00:00-05:00,8.14,8.15,8.08,8.13,104800
2006-03-30 16:00:00-05:00,8.1,8.12,8.03,8.04,37800
2006-03-31 16:00:00-05:00,8.03,8.08,8.03,8.07,49400
2006-04-03 16:00:00-04:00,8.0,8.08,8.0,8.03,34000
2006-04-04 16:00:00-04:00,8.04,8.08,8.04,8.05,26900
2006-04-05 16:00:00-04:00,8.04,8.1,8.04,8.08,40700
2006-04-06 16:00:00-04:00,8.04,8.11,8.03,8.11,32700
2006-04-07 16:00:00-04:00,8.01,8.12,8.01,8.01,45300
2006-04-10 16:00:00-04:00,8.01,8.06,8.0,8.03,48700
2006-04-11 16:00:00-04:00,7.98,8.04,7.97,8.0,51100
2006-04-12 16:00:00-04:00,8.01,8.05,8.0,8.04,24300
2006-04-13 16:00:00-04:00,8.01,8.05,7.99,8.01,50700
2006-04-17 16:00:00-04:00,8.0,8.08,7.996,8.01,51000
2006-04-18 16:00:00-04:00,8.01,8.09,8.01,8.07,38100
2006-04-19 16:00:00-04:00,8.05,8.13,8.05,8.09,29100
2006-04-20 16:00:00-04:00,8.07,8.17,8.07,8.1,56600
2006-04-21 16:00:00-04:00,8.1,8.15,8.096,8.11,33400
2006-04-24 16:00:00-04:00,8.16,8.26,8.1224,8.26,64700
2006-04-25 16:00:00-04:00,8.28,8.28,8.2,8.21,22500
2006-04-26 16:00:00-04:00,8.24,8.25,8.18,8.24,48500
2006-04-27 16:00:00-04:00,8.2,8.25,8.19,8.25,29600
2006-04-28 16:00:00-04:00,8.26,8.26,8.2,8.2299,36400
2006-05-01 16:00:00-04:00,8.24,8.2899,8.2001,8.25,25300
2006-05-02 16:00:00-04:00,8.25,8.26,8.21,8.21,23900
2006-05-03 16:00:00-04:00,8.21,8.25,8.19,8.2,25000
2006-05-04 16:00:00-04:00,8.21,8.25,8.2,8.21,39300
2006-05-05 16:00:00-04:00,8.23,8.2376,8.19,8.19,17100
2006-05-08 16:00:00-04:00,8.2,8.22,8.1501,8.16,35200
2006-05-09 16:00:00-04:00,8.16,8.16,8.09,8.1,15100
2006-05-10 16:00:00-04:00,8.2,8.21,8.13,8.16,37800
2006-05-11 16:00:00-04:00,8.18,8.18,8.1,8.1,19800
2006-05-12 16:00:00-04:00,8.1,8.15,8.05,8.1,21400
2006-05-15 16:00:00-04:00,8.1,8.16,8.09,8.1,35800
2006-05-16 16:00:00-04:00,8.1,8.19,8.0972,8.14,43300
2006-05-17 16:00:00-04:00,8.11,8.16,7.95,7.99,61200
2006-05-18 16:00:00-04:00,8.03,8.03,7.8,7.93,105300
2006-05-19 16:00:00-04:00,7.93,7.93,7.86,7.93,44700
2006-05-22 16:00:00-04:00,7.93,8.14,7.89,7.95,90100
2006-05-23 16:00:00-04:00,7.91,7.96,7.89,7.93,32600
2006-05-24 16:00:00-04:00,7.92,7.96,7.84,7.9,40700
2006-05-25 16:00:00-04:00,7.89,7.94,7.83,7.85,47000
2006-05-26 16:00:00-04:00,7.91,7.92,7.86,7.9,10900
2006-05-30 16:00:00-04:00,7.9,7.91,7.84,7.84,27700
2006-05-31 16:00:00-04:00,7.84,7.92,7.84,7.89,60200
2006-06-01 16:00:00-04:00,7.88,7.98,7.8724,7.98,43200
2006-06-02 16:00:00-04:00,7.98,8.0,7.93,7.98,27200
2006-06-05 16:00:00-04:00,7.94,8.0,7.93,7.95,48000
2006-06-06 16:00:00-04:00,7.93,7.98,7.9224,7.94,26200
2006-06-07 16:00:00-04:00,8.01,8.0152,7.92,7.92,37000
2006-06-08 16:00:00-04:00,7.9,7.93,7.8,7.85,31300
2006-06-09 16:00:00-04:00,7.81,7.88,7.74,7.85,37800
2006-06-12 16:00:00-04:00,7.8,7.8752,7.76,7.79,35700
2006-06-13 16:00:00-04:00,7.79,7.82,7.7,7.7,26100
2006-06-14 16:00:00-04:00,7.72,7.77,7.66,7.72,45700
2006-06-15 16:00:00-04:00,7.71,7.79,7.7,7.79,52400
2006-06-16 16:00:00-04:00,7.79,7.81,7.75,7.81,29000
2006-06-19 16:00:00-04:00,7.72,7.88,7.72,7.88,62500
2006-06-20 16:00:00-04:00,7.88,7.92,7.85,7.8974,38600
2006-06-21 16:00:00-04:00,7.87,7.89,7.8,7.82,51800
2006-06-22 16:00:00-04:00,7.8,7.82,7.75,7.79,42900
2006-06-23 16:00:00-04:00,7.77,7.84,7.76,7.83,21500
2006-06-26 16:00:00-04:00,7.79,7.85,7.77,7.85,22300
2006-06-27 16:00:00-04:00,7.79,7.95,7.79,7.86,36000
2006-06-28 16:00:00-04:00,7.83,7.87,7.78,7.84,27900
2006-06-29 16:00:00-04:00,7.78,7.84,7.76,7.83,29500
2006-06-30 16:00:00-04:00,7.76,7.85,7.756,7.81,35000
2006-07-03 16:00:00-04:00,7.83,7.87,7.82,7.87,16800
2006-07-05 16:00:00-04:00,7.88,7.99,7.8601,7.94,47000
2006-07-06 16:00:00-04:00,7.89,7.97,7.89,7.92,28700
2006-07-07 16:00:00-04:00,7.9,7.94,7.88,7.93,26100
2006-07-10 16:00:00-04:00,7.88,7.95,7.85,7.9,25700
2006-07-11 16:00:00-04:00,7.88,7.89,7.81,7.89,32400
2006-07-12 16:00:00-04:00,7.85,7.88,7.81,7.82,38600
2006-07-13 16:00:00-04:00,7.82,7.88,7.79,7.84,42900
2006-07-14 16:00:00-04:00,7.8,7.8212,7.74,7.74,27900
2006-07-17 16:00:00-04:00,7.72,7.79,7.7,7.79,70600
2006-07-18 16:00:00-04:00,7.73,7.79,7.72,7.73,30900
2006-07-19 16:00:00-04:00,7.77,7.84,7.726,7.81,34100
2006-07-20 16:00:00-04:00,7.77,7.95,7.77,7.92,78100
2006-07-21 16:00:00-04:00,7.88,7.95,7.8701,7.9,22900
2006-07-24 16:00:00-04:00,7.9,7.95,7.88,7.9,30100
2006-07-25 16:00:00-04:00,7.87,7.95,7.86,7.92,33700
2006-07-26 16:00:00-04:00,7.9,8.2,7.86,8.01,81500
2006-07-27 16:00:00-04:00,7.98,8.03,7.9536,8.0,26500
2006-07-28 16:00:00-04:00,8.0,8.09,7.9912,8.05,29300
2006-07-31 16:00:00-04:00,8.01,8.1,8.01,8.05,42900
2006-08-01 16:00:00-04:00,8.04,8.05,7.98,7.98,33200
2006-08-02 16:00:00-04:00,8.03,8.05,7.97,8.0,19100
2006-08-03 16:00:00-04:00,7.95,8.02,7.95,7.99,16900
2006-08-04 16:00:00-04:00,8.06,8.07,7.98,8.04,21300
2006-08-07 16:00:00-04:00,8.05,8.06,7.99,8.05,25700
2006-08-08 16:00:00-04:00,8.0,8.08,8.0,8.07,30000
2006-08-09 16:00:00-04:00,8.06,8.084,8.01,8.03,36600
2006-08-10 16:00:00-04:00,8.01,8.09,8.01,8.04,28000
2006-08-11 16:00:00-04:00,8.03,8.0788,7.99,8.06,15200
2006-08-14 16:00:00-04:00,8.01,8.11,8.01,8.01,25100
2006-08-15 16:00:00-04:00,8.07,8.13,8.01,8.01,43400
2006-08-16 16:00:00-04:00,8.0,8.09,8.0,8.07,33800
2006-08-17 16:00:00-04:00,8.07,8.09,8.03,8.05,9900
2006-08-18 16:00:00-04:00,8.03,8.1299,8.01,8.1001,30600
2006-08-21 16:00:00-04:00,8.17,8.17,8.1,8.11,30100
2006-08-22 16:00:00-04:00,8.15,8.19,8.1,8.14,58100
2006-08-23 16:00:00-04:00,8.1,8.19,8.07,8.07,50700
2006-08-24 16:00:00-04:00,8.1,8.17,8.1,8.16,16600
2006-08-25 16:00:00-04:00,8.1001,8.2,8.1,8.18,50400
2006-08-28 16:00:00-04:00,8.18,8.26,8.15,8.24,62400
2006-08-29 16:00:00-04:00,8.24,8.24,8.2,8.23,16700
2006-08-30 16:00:00-04:00,8.24,8.32,8.2,8.32,30300
2006-08-31 16:00:00-04:00,8.35,8.35,8.27,8.27,29600
2006-09-01 16:00:00-04:00,8.22,8.33,8.22,8.33,39800
2006-09-05 16:00:00-04:00,8.33,8.34,8.24,8.27,31600
2006-09-06 16:00:00-04:00,8.27,8.3,8.17,8.17,36700
2006-09-07 16:00:00-04:00,8.12,8.26,8.09,8.21,26000
2006-09-08 16:00:00-04:00,8.16,8.2712,8.08,8.21,59200
2006-09-11 16:00:00-04:00,8.17,8.25,8.17,8.24,12300
2006-09-12 16:00:00-04:00,8.24,8.28,8.16,8.25,17800
2006-09-13 16:00:00-04:00,8.28,8.28,8.17,8.19,34800
2006-09-14 16:00:00-04:00,8.19,8.22,8.1524,8.16,28000
2006-09-15 16:00:00-04:00,8.17,8.24,8.16,8.2,17400
2006-09-18 16:00:00-04:00,8.2,8.34,8.16,8.34,41600
2006-09-19 16:00:00-04:00,8.34,8.34,8.23,8.23,26400
2006-09-20 16:00:00-04:00,8.23,8.297,8.23,8.28,21100
2006-09-21 16:00:00-04:00,8.22,8.27,8.22,8.25,24100
2006-09-22 16:00:00-04:00,8.26,8.28,8.2,8.25,39000
2006-09-25 16:00:00-04:00,8.26,8.27,8.23,8.25,33100
2006-09-26 16:00:00-04:00,8.26,8.29,8.21,8.25,27100
2006-09-27 16:00:00-04:00,8.22,8.28,8.22,8.27,37000
2006-09-28 16:00:00-04:00,8.26,8.29,8.21,8.24,34600
2006-09-29 16:00:00-04:00,8.26,8.26,8.21,8.21,31800
2006-10-02 16:00:00-04:00,8.2,8.25,8.2,8.24,27900
2006-10-03 16:00:00-04:00,8.28,8.28,8.2,8.24,45100
2006-10-04 16:00:00-04:00,8.23,8.27,8.21,8.26,21700
2006-10-05 16:00:00-04:00,8.23,8.27,8.224,8.27,20400
2006-10-06 16:00:00-04:00,8.24,8.25,8.19,8.19,24300
2006-10-09 16:00:00-04:00,8.24,8.24,8.17,8.18,30000
2006-10-10 16:00:00-04:00,8.15,8.27,8.15,8.2,134200
2006-10-11 16:00:00-04:00,8.17,8.24,8.1636,8.18,42500
2006-10-12 16:00:00-04:00,8.12,8.18,8.1,8.15,70100
2006-10-13 16:00:00-04:00,8.09,8.12,8.07,8.08,46100
2006-10-16 16:00:00-04:00,8.08,8.11,8.0,8.06,48700
2006-10-17 16:00:00-04:00,8.08,8.12,8.02,8.02,34200
2006-10-18 16:00:00-04:00,8.07,8.09,8.01,8.02,40100
2006-10-19 16:00:00-04:00,8.0,8.07,8.0,8.0501,29200
2006-10-20 16:00:00-04:00,8.07,8.09,8.02,8.03,25100
2006-10-23 16:00:00-04:00,7.98,8.05,7.98,8.04,46200
2006-10-24 16:00:00-04:00,8.05,8.08,8.02,8.04,33100
2006-10-25 16:00:00-04:00,8.03,8.13,8.01,8.13,46700
2006-10-26 16:00:00-04:00,8.12,8.18,8.12,8.16,36600
2006-10-27 16:00:00-04:00,8.18,8.21,8.1701,8.2,26800
2006-10-30 16:00:00-05:00,8.21,8.23,8.2,8.2,13600
2006-10-31 16:00:00-05:00,8.24,8.25,8.19,8.2,25000
2006-11-01 16:00:00-05:00,8.19,8.23,8.19,8.22,26500
2006-11-02 16:00:00-05:00,8.24,8.25,8.21,8.22,18300
2006-11-03 16:00:00-05:00,8.22,8.22,8.2,8.22,11700
2006-11-06 16:00:00-05:00,8.2,8.27,8.19,8.27,54300
2006-11-07 16:00:00-05:00,8.29,8.29,8.24,8.27,21100
2006-11-08 16:00:00-05:00,8.27,8.32,8.27,8.31,42800
2006-11-09 16:00:00-05:00,8.27,8.27,8.21,8.27,24700
2006-11-10 16:00:00-05:00,8.28,8.3,8.26,8.27,35200
2006-11-13 16:00:00-05:00,8.23,8.32,8.2248,8.32,77200
2006-11-14 16:00:00-05:00,8.27,8.35,8.27,8.35,26400
2006-11-15 16:00:00-05:00,8.32,8.41,8.32,8.4,52000
2006-11-16 16:00:00-05:00,8.36,8.41,8.3512,8.37,28300
2006-11-17 16:00:00-05:00,8.39,8.4,8.3512,8.3601,26700
2006-11-20 16:00:00-05:00,8.4,8.42,8.3601,8.42,26800
2006-11-21 16:00:00-05:00,8.42,8.42,8.34,8.36,34100
2006-11-22 16:00:00-05:00,8.4,8.45,8.346,8.43,40900
2006-11-24 16:00:00-05:00,8.41,8.44,8.41,8.44,7600
2006-11-27 16:00:00-05:00,8.45,8.47,8.4,8.42,50500
2006-11-28 16:00:00-05:00,8.41,8.5,8.41,8.5,41100
2006-11-29 16:00:00-05:00,8.5,8.52,8.4,8.49,67200
2006-11-30 16:00:00-05:00,8.5,8.61,8.45,8.6,49800
2006-12-01 16:00:00-05:00,8.5,8.57,8.49,8.54,56300
2006-12-04 16:00:00-05:00,8.5,8.59,8.5,8.51,41600
2006-12-05 16:00:00-05:00,8.53,8.56,8.47,8.54,33700
2006-12-06 16:00:00-05:00,8.49,8.63,8.4801,8.5701,73200
2006-12-07 16:00:00-05:00,8.53,8.65,8.53,8.62,56800
2006-12-08 16:00:00-05:00,8.57,8.64,8.57,8.571,28400
2006-12-11 16:00:00-05:00,8.64,8.7,8.58,8.64,45300
2006-12-12 16:00:00-05:00,8.58,8.67,8.58,8.66,27700
2006-12-13 16:00:00-05:00,8.6,8.64,8.47,8.47,78200
2006-12-14 16:00:00-05:00,8.47,8.52,8.3201,8.35,114500
2006-12-15 16:00:00-05:00,8.44,8.44,8.39,8.39,40900
2006-12-18 16:00:00-05:00,8.46,8.47,8.4,8.42,46200
2006-12-19 16:00:00-05:00,8.4,8.43,8.34,8.36,47800
2006-12-20 16:00:00-05:00,8.36,8.39,8.36,8.37,28900
2006-12-21 16:00:00-05:00,8.35,8.38,8.34,8.35,56800
2006-12-22 16:00:00-05:00,8.35,8.38,8.32,8.34,46300
2006-12-26 16:00:00-05:00,8.35,8.37,8.32,8.32,22900
2006-12-27 16:00:00-05:00,8.3,8.36,8.3,8.36,23800
2006-12-28 16:00:00-05:00,8.33,8.36,8.3,8.35,45700
2006-12-29 16:00:00-05:00,8.31,8.36,8.28,8.32,59300
2007-01-03 16:00:00-05:00,8.3,8.37,8.2301,8.3,78600
2007-01-04 16:00:00-05:00,8.32,8.33,8.27,8.3,44500
2007-01-05 16:00:00-05:00,8.31,8.33,8.2801,8.3,29700
2007-01-08 16:00:00-05:00,8.34,8.34,8.29,8.31,54200
2007-01-09 16:00:00-05:00,8.29,8.31,8.28,8.31,55600
2007-01-10 16:00:00-05:00,8.29,8.29,8.24,8.2699,36100
2007-01-11 16:00:00-05:00,8.22,8.3,8.19,8.3,52700
2007-01-12 16:00:00-05:00,8.25,8.35,8.25,8.35,40300
2007-01-16 16:00:00-05:00,8.34,8.4,8.31,8.4,47900
2007-01-17 16:00:00-05:00,8.35,8.45,8.35,8.4005,46000
2007-01-18 16:00:00-05:00,8.36,8.48,8.36,8.44,37100
2007-01-19 16:00:00-05:00,8.38,8.52,8.38,8.52,39900
2007-01-22 16:00:00-05:00,8.46,8.53,8.46,8.51,50000
2007-01-23 16:00:00-05:00,8.51,8.52,8.46,8.52,30000
2007-01-24 16:00:00-05:00,8.48,8.56,8.47,8.55,33000
2007-01-25 16:00:00-05:00,8.52,8.55,8.47,8.47,38000
2007-01-26 16:00:00-05:00,8.49,8.49,8.45,8.49,16100
2007-01-29 16:00:00-05:00,8.48,8.55,8.48,8.52,31300
2007-01-30 16:00:00-05:00,8.52,8.55,8.51,8.54,17000
2007-01-31 16:00:00-05:00,8.54,8.6,8.49,8.52,65200
2007-02-01 16:00:00-05:00,8.53,8.55,8.5,8.5,24300
2007-02-02 16:00:00-05:00,8.49,8.52,8.47,8.48,44800
2007-02-05 16:00:00-05:00,8.47,8.54,8.46,8.49,20800
2007-02-06 16:00:00-05:00,8.48,8.54,8.47,8.51,23700
2007-02-07 16:00:00-05:00,8.48,8.54,8.48,8.49,22700
2007-02-08 16:00:00-05:00,8.49,8.54,8.45,8.49,36200
2007-02-09 16:00:00-05:00,8.44,8.4799,8.34,8.42,49000
2007-02-12 16:00:00-05:00,8.38,8.42,8.36,8.41,19595
2007-02-13 16:00:00-05:00,8.38,8.44,8.34,8.4,42299
2007-02-14 16:00:00-05:00,8.41,8.58,8.41,8.48,79700
2007-02-15 16:00:00-05:00,8.5,8.53,8.45,8.46,28500
2007-02-16 16:00:00-05:00,8.41,8.49,8.41,8.44,47600
2007-02-20 16:00:00-05:00,8.41,8.45,8.4,8.43,24300
2007-02-21 16:00:00-05:00,8.41,8.44,8.39,8.39,78900
2007-02-22 16:00:00-05:00,8.43,8.45,8.34,8.38,83200
2007-02-23 16:00:00-05:00,8.39,8.41,8.34,8.39,28400
2007-02-26 16:00:00-05:00,8.38,8.42,8.37,8.4,27500
2007-02-27 16:00:00-05:00,8.39,8.4,8.34,8.37,55600
2007-02-28 16:00:00-05:00,8.36,8.41,8.33,8.39,41400
2007-03-01 16:00:00-05:00,8.38,8.4,8.35,8.39,16500
2007-03-02 16:00:00-05:00,8.39,8.42,8.38,8.38,17700
2007-03-05 16:00:00-05:00,8.38,8.41,8.33,8.33,33000
2007-03-06 16:00:00-05:00,8.33,8.4,8.33,8.4,46700
2007-03-07 16:00:00-05:00,8.35,8.4,8.35,8.3999,18700
2007-03-08 16:00:00-05:00,8.38,8.39,8.35,8.38,40300
2007-03-09 16:00:00-05:00,8.38,8.39,8.33,8.33,39100
2007-03-12 16:00:00-04:00,8.35,8.42,8.35,8.42,37800
2007-03-13 16:00:00-04:00,8.44,8.44,8.39,8.42,37800
2007-03-14 16:00:00-04:00,8.43,8.43,8.4,8.43,27800
2007-03-15 16:00:00-04:00,8.43,8.46,8.38,8.4299,104100
2007-03-16 16:00:00-04:00,8.4,8.45,8.4,8.45,34500
2007-03-19 16:00:00-04:00,8.44,8.47,8.44,8.47,22300
2007-03-20 16:00:00-04:00,8.45,8.49,8.44,8.44,18300
2007-03-21 16:00:00-04:00,8.45,8.49,8.45,8.47,19000
2007-03-22 16:00:00-04:00,8.46,8.52,8.46,8.51,27700
2007-03-23 16:00:00-04:00,8.48,8.52,8.48,8.5,10600
2007-03-26 16:00:00-04:00,8.5,8.54,8.48,8.53,18300
2007-03-27 16:00:00-04:00,8.53,8.54,8.49,8.5,56100
2007-03-28 16:00:00-04:00,8.5,8.54,8.49,8.5,42200
2007-03-29 16:00:00-04:00,8.5,8.55,8.5,8.54,22500
2007-03-30 16:00:00-04:00,8.54,8.59,8.52,8.57,24700
2007-04-02 16:00:00-04:00,8.59,8.64,8.5624,8.64,36600
2007-04-03 16:00:00-04:00,8.65,8.66,8.56,8.56,33900
2007-04-04 16:00:00-04:00,8.65,8.65,8.52,8.58,59700
2007-04-05 16:00:00-04:00,8.53,8.62,8.53,8.6,36500
2007-04-09 16:00:00-04:00,8.61,8.64,8.56,8.57,46100
2007-04-10 16:00:00-04:00,8.53,8.59,8.53,8.56,44700
2007-04-11 16:00:00-04:00,8.54,8.58,8.52,8.52,40900
2007-04-12 16:00:00-04:00,8.55,8.55,8.39,8.39,122200
2007-04-13 16:00:00-04:00,8.4,8.43,8.39,8.4,52300
2007-04-16 16:00:00-04:00,8.37,8.42,8.35,8.36,49500
2007-04-17 16:00:00-04:00,8.4,8.43,8.3624,8.42,55900
2007-04-18 16:00:00-04:00,8.39,8.44,8.39,8.43,47900
2007-04-19 16:00:00-04:00,8.4,8.43,8.39,8.43,27200
2007-04-20 16:00:00-04:00,8.41,8.43,8.39,8.4,25900
2007-04-23 16:00:00-04:00,8.4,8.43,8.4,8.4,30100
2007-04-24 16:00:00-04:00,8.4,8.42,8.36,8.39,46300
2007-04-25 16:00:00-04:00,8.4,8.4,8.35,8.39,65300
2007-04-26 16:00:00-04:00,8.4,8.4,8.37,8.3999,30900
2007-04-27 16:00:00-04:00,8.37,8.4,8.35,8.38,114300
2007-04-30 16:00:00-04:00,8.38,8.41,8.36,8.3999,52100
2007-05-01 16:00:00-04:00,8.4,8.46,8.4,8.45,42800
2007-05-02 16:00:00-04:00,8.47,8.48,8.42,8.48,45400
2007-05-03 16:00:00-04:00,8.45,8.48,8.41,8.45,67100
2007-05-04 16:00:00-04:00,8.43,8.47,8.42,8.44,55000
2007-05-07 16:00:00-04:00,8.43,8.46,8.42,8.46,43300
2007-05-08 16:00:00-04:00,8.44,8.48,8.44,8.47,27600
2007-05-09 16:00:00-04:00,8.44,8.47,8.42,8.47,72100
2007-05-10 16:00:00-04:00,8.44,8.48,8.38,8.4,55000
2007-05-11 16:00:00-04:00,8.4,8.44,8.4,8.4,41800
2007-05-14 16:00:00-04:00,8.4,8.47,8.4,8.41,57400
2007-05-15 16:00:00-04:00,8.42,8.46,8.42,8.43,59700
2007-05-16 16:00:00-04:00,8.43,8.46,8.43,8.45,37800
2007-05-17 16:00:00-04:00,8.45,8.46,8.41,8.41,56100
2007-05-18 16:00:00-04:00,8.42,8.43,8.38,8.41,61300
2007-05-21 16:00:00-04:00,8.42,8.43,8.4,8.42,30400
2007-05-22 16:00:00-04:00,8.43,8.45,8.4,8.4,61700
2007-05-23 16:00:00-04:00,8.4,8.41,8.36,8.36,79200
2007-05-24 16:00:00-04:00,8.36,8.39,8.33,8.37,40600
2007-05-25 16:00:00-04:00,8.36,8.38,8.33,8.35,34500
2007-05-29 16:00:00-04:00,8.36,8.4,8.33,8.37,36200
2007-05-30 16:00:00-04:00,8.39,8.43,8.39,8.42,28500
2007-05-31 16:00:00-04:00,8.43,8.44,8.4,8.41,38700
2007-06-01 16:00:00-04:00,8.45,8.46,8.41,8.42,15000
2007-06-04 16:00:00-04:00,8.42,8.45,8.39,8.4399,47100
2007-06-05 16:00:00-04:00,8.44,8.45,8.4,8.42,30300
2007-06-06 16:00:00-04:00,8.4,8.43,8.37,8.42,22200
2007-06-07 16:00:00-04:00,8.38,8.4,8.29,8.35,53700
2007-06-08 16:00:00-04:00,8.35,8.44,8.3,8.33,35100
2007-06-11 16:00:00-04:00,8.32,8.32,8.15,8.22,62600
2007-06-12 16:00:00-04:00,7.9,8.13,7.9,7.98,183100
2007-06-13 16:00:00-04:00,7.97,8.2,7.97,8.09,82000
2007-06-14 16:00:00-04:00,8.05,8.13,8.05,8.07,59100
2007-06-15 16:00:00-04:00,8.12,8.13,8.02,8.02,76600
2007-06-18 16:00:00-04:00,8.03,8.05,7.98,8.02,86200
2007-06-19 16:00:00-04:00,8.02,8.05,8.0,8.05,22100
2007-06-20 16:00:00-04:00,8.02,8.11,8.02,8.05,47400
2007-06-21 16:00:00-04:00,8.04,8.11,8.04,8.06,33700
2007-06-22 16:00:00-04:00,8.04,8.1,8.04,8.1,20200
2007-06-25 16:00:00-04:00,8.07,8.12,8.03,8.05,49200
2007-06-26 16:00:00-04:00,8.04,8.08,8.0224,8.0501,32800
2007-06-27 16:00:00-04:00,8.08,8.09,8.02,8.09,32100
2007-06-28 16:00:00-04:00,8.07,8.14,8.0636,8.09,25200
2007-06-29 16:00:00-04:00,8.15,8.16,8.09,8.1,37200
2007-07-02 16:00:00-04:00,8.06,8.17,8.06,8.11,52600
2007-07-03 16:00:00-04:00,8.1,8.14,8.1,8.14,6300
2007-07-05 16:00:00-04:00,8.07,8.13,8.06,8.06,29300
2007-07-06 16:00:00-04:00,7.56,8.09,7.56,8.03,22700
2007-07-09 16:00:00-04:00,8.01,8.07,7.99,8.04,20500
2007-07-10 16:00:00-04:00,7.96,8.04,7.96,8.0,33500
2007-07-11 16:00:00-04:00,7.97,8.04,7.97,7.99,26400
2007-07-12 16:00:00-04:00,7.98,8.0176,7.94,7.98,52200
2007-07-13 16:00:00-04:00,8.0,8.01,7.95,8.01,21600
2007-07-16 16:00:00-04:00,7.98,8.0504,7.75,7.78,159200
2007-07-17 16:00:00-04:00,7.74,7.84,7.74,7.83,85000
2007-07-18 16:00:00-04:00,7.81,7.83,7.74,7.7899,56500
2007-07-19 16:00:00-04:00,7.74,7.76,7.63,7.67,86500
2007-07-20 16:00:00-04:00,7.62,7.69,7.62,7.68,47800
2007-07-23 16:00:00-04:00,7.7,7.7201,7.67,7.68,50300
2007-07-24 16:00:00-04:00,7.71,7.72,7.63,7.68,49500
2007-07-25 16:00:00-04:00,7.65,7.69,7.58,7.62,48000
2007-07-26 16:00:00-04:00,7.61,7.67,7.38,7.45,84000
2007-07-27 16:00:00-04:00,7.45,7.57,7.42,7.57,121000
2007-07-30 16:00:00-04:00,7.54,7.64,7.54,7.64,35400
2007-07-31 16:00:00-04:00,7.63,7.68,7.56,7.6399,46000
2007-08-01 16:00:00-04:00,7.64,7.73,7.58,7.6601,54000
2007-08-02 16:00:00-04:00,7.64,7.77,7.64,7.7301,42300
2007-08-03 16:00:00-04:00,7.8,7.8,7.73,7.77,25300
2007-08-06 16:00:00-04:00,7.82,7.82,7.72,7.72,48200
2007-08-07 16:00:00-04:00,7.73,7.79,7.7208,7.79,31800
2007-08-08 16:00:00-04:00,7.79,7.81,7.75,7.76,20000
2007-08-09 16:00:00-04:00,7.8,7.8,7.74,7.78,28400
2007-08-10 16:00:00-04:00,7.72,7.77,7.61,7.75,45800
2007-08-13 16:00:00-04:00,7.75,7.77,7.6816,7.73,68000
2007-08-14 16:00:00-04:00,7.77,7.78,7.64,7.64,31400
2007-08-15 16:00:00-04:00,7.59,7.6,7.36,7.36,89600
2007-08-16 16:00:00-04:00,7.21,7.21,7.05,7.146,186800
2007-08-17 16:00:00-04:00,7.12,7.41,7.12,7.41,109300
2007-08-20 16:00:00-04:00,7.4,7.44,7.36,7.41,41000
2007-08-21 16:00:00-04:00,7.39,7.65,7.386,7.6001,83000
2007-08-22 16:00:00-04:00,7.67,7.68,7.53,7.57,40800
2007-08-23 16:00:00-04:00,7.55,7.7,7.55,7.69,41600
2007-08-24 16:00:00-04:00,7.69,7.69,7.58,7.61,20600
2007-08-27 16:00:00-04:00,7.56,7.65,7.54,7.62,31500
2007-08-28 16:00:00-04:00,7.52,7.59,7.48,7.54,41800
2007-08-29 16:00:00-04:00,7.55,7.65,7.54,7.6,34700
2007-08-30 16:00:00-04:00,7.62,7.65,7.56,7.59,16500
2007-08-31 16:00:00-04:00,7.68,7.7,7.5,7.58,72200
2007-09-04 16:00:00-04:00,7.61,7.71,7.55,7.65,36600
2007-09-05 16:00:00-04:00,7.65,7.73,7.6,7.69,38900
2007-09-06 16:00:00-04:00,7.72,7.9,7.7,7.87,59000
2007-09-07 16:00:00-04:00,7.84,7.95,7.82,7.92,23600
2007-09-10 16:00:00-04:00,7.92,8.0,7.82,7.88,33600
2007-09-11 16:00:00-04:00,7.88,7.9199,7.79,7.84,24500
2007-09-12 16:00:00-04:00,7.84,7.88,7.79,7.8,27300
2007-09-13 16:00:00-04:00,7.75,7.82,7.67,7.67,29800
2007-09-14 16:00:00-04:00,7.69,7.74,7.64,7.66,21500
2007-09-17 16:00:00-04:00,7.69,7.72,7.6,7.67,21700
2007-09-18 16:00:00-04:00,7.63,7.71,7.57,7.65,39000
2007-09-19 16:00:00-04:00,7.61,7.64,7.46,7.56,62700
2007-09-20 16:00:00-04:00,7.52,7.56,7.51,7.53,15800
2007-09-21 16:00:00-04:00,7.52,7.54,7.47,7.4801,47000
2007-09-24 16:00:00-04:00,7.48,7.5,7.38,7.43,46300
2007-09-25 16:00:00-04:00,7.44,7.47,7.42,7.46,41200
2007-09-26 16:00:00-04:00,7.46,7.55,7.46,7.52,34900
2007-09-27 16:00:00-04:00,7.54,7.57,7.5,7.53,40400
2007-09-28 16:00:00-04:00,7.55,7.604,7.53,7.58,59900
2007-10-01 16:00:00-04:00,7.62,7.82,7.54,7.7,66300
2007-10-02 16:00:00-04:00,7.7,7.76,7.67,7.71,35300
2007-10-03 16:00:00-04:00,7.72,7.75,7.67,7.72,45500
2007-10-04 16:00:00-04:00,7.73,7.75,7.66,7.66,38200
2007-10-05 16:00:00-04:00,7.67,7.69,7.56,7.58,48800
2007-10-08 16:00:00-04:00,7.61,7.74,7.57,7.63,72100
2007-10-09 16:00:00-04:00,7.64,7.69,7.59,7.62,49200
2007-10-10 16:00:00-04:00,7.6,7.64,7.5,7.56,42600
2007-10-11 16:00:00-04:00,7.55,7.65,7.55,7.63,58500
2007-10-12 16:00:00-04:00,7.68,7.76,7.624,7.69,55800
2007-10-15 16:00:00-04:00,7.7,7.7199,7.6301,7.69,29900
2007-10-16 16:00:00-04:00,7.73,7.73,7.62,7.66,37900
2007-10-17 16:00:00-04:00,7.62,7.66,7.6,7.64,51200
2007-10-18 16:00:00-04:00,7.65,7.68,7.55,7.57,30100
2007-10-19 16:00:00-04:00,7.58,7.61,7.53,7.58,15000
2007-10-22 16:00:00-04:00,7.62,7.62,7.52,7.59,28300
2007-10-23 16:00:00-04:00,7.59,7.65,7.5,7.54,70100
2007-10-24 16:00:00-04:00,7.54,7.58,7.18,7.23,397400
2007-10-25 16:00:00-04:00,7.24,7.32,7.15,7.32,320100
2007-10-26 16:00:00-04:00,7.34,7.42,7.33,7.37,66600
2007-10-29 16:00:00-04:00,7.33,7.45,7.32,7.38,78800
2007-10-30 16:00:00-04:00,7.39,7.46,7.36,7.39,52400
2007-10-31 16:00:00-04:00,7.39,7.4,7.24,7.31,115800
2007-11-01 16:00:00-04:00,7.3,7.37,7.25,7.33,92400
2007-11-02 16:00:00-04:00,7.29,7.36,7.29,7.34,38400
2007-11-05 16:00:00-05:00,7.35,7.35,7.24,7.29,58900
2007-11-06 16:00:00-05:00,7.29,7.32,7.25,7.3,43900
2007-11-07 16:00:00-05:00,7.34,7.34,7.2401,7.25,85800
2007-11-08 16:00:00-05:00,7.25,7.27,7.13,7.19,70800
2007-11-09 16:00:00-05:00,7.09,7.15,7.02,7.1,161600
2007-11-12 16:00:00-05:00,7.13,7.13,7.08,7.1,53300
2007-11-13 16:00:00-05:00,7.1,7.21,7.1,7.2,84500
2007-11-14 16:00:00-05:00,7.24,7.25,7.04,7.09,102900
2007-11-15 16:00:00-05:00,7.09,7.13,7.03,7.06,82500
2007-11-16 16:00:00-05:00,7.06,7.09,7.0,7.05,84100
2007-11-19 16:00:00-05:00,7.54,7.54,7.01,7.06,84926
2007-11-20 16:00:00-05:00,7.1,7.1,7.01,7.05,108900
2007-11-21 16:00:00-05:00,7.01,7.05,6.98,7.0399,113100
2007-11-23 16:00:00-05:00,6.94,7.17,6.94,7.06,74100
2007-11-26 16:00:00-05:00,7.08,7.0999,7.0,7.01,73500
2007-11-27 16:00:00-05:00,7.03,7.04,6.96,6.98,102700
2007-11-28 16:00:00-05:00,7.01,7.08,7.0,7.06,103500
2007-11-29 16:00:00-05:00,7.0,7.11,7.0,7.08,73100
2007-11-30 16:00:00-05:00,7.14,7.15,7.07,7.12,38100
2007-12-03 16:00:00-05:00,7.1,7.19,7.08,7.11,90400
2007-12-04 16:00:00-05:00,7.13,7.15,7.07,7.11,85000
2007-12-05 16:00:00-05:00,7.18,7.18,7.08,7.11,158000
2007-12-06 16:00:00-05:00,7.11,7.14,7.1,7.11,77500
2007-12-07 16:00:00-05:00,7.13,7.14,7.1,7.12,51500
2007-12-10 16:00:00-05:00,7.12,7.16,7.11,7.12,70900
2007-12-11 16:00:00-05:00,7.18,7.18,7.11,7.13,90600
2007-12-12 16:00:00-05:00,7.07,7.12,7.04,7.07,125900
2007-12-13 16:00:00-05:00,7.02,7.06,6.96,6.98,109100
2007-12-14 16:00:00-05:00,6.97,7.01,6.9,6.9,180700
2007-12-17 16:00:00-05:00,6.9,6.91,6.79,6.81,140900
2007-12-18 16:00:00-05:00,6.79,6.87,6.79,6.81,148300
2007-12-19 16:00:00-05:00,6.81,6.85,6.74,6.74,104400
2007-12-20 16:00:00-05:00,6.72,6.79,6.66,6.73,154200
2007-12-21 16:00:00-05:00,6.72,6.78,6.6,6.75,298000
2007-12-24 16:00:00-05:00,6.65,6.8,6.65,6.8,118100
2007-12-26 16:00:00-05:00,6.76,6.79,6.69,6.73,198448
2007-12-27 16:00:00-05:00,6.72,6.79,6.65,6.71,458700
2007-12-28 16:00:00-05:00,6.68,6.8,6.68,6.8,175000
2007-12-31 16:00:00-05:00,6.86,6.86,6.73,6.7601,173200
2008-01-02 16:00:00-05:00,6.75,6.9,6.75,6.87,57600
2008-01-03 16:00:00-05:00,6.93,7.09,6.93,7.07,97200
2008-01-04 16:00:00-05:00,7.08,7.0999,7.0201,7.06,42000
2008-01-07 16:00:00-05:00,7.07,7.25,7.06,7.16,162785
2008-01-08 16:00:00-05:00,7.18,7.2,7.14,7.15,85200
2008-01-09 16:00:00-05:00,7.17,7.21,7.14,7.19,58368
2008-01-10 16:00:00-05:00,7.15,7.2,7.13,7.19,39800
2008-01-11 16:00:00-05:00,7.19,7.22,7.14,7.22,70450
2008-01-14 16:00:00-05:00,7.24,7.26,7.2,7.23,89768
2008-01-15 16:00:00-05:00,7.24,7.29,7.19,7.29,146900
2008-01-16 16:00:00-05:00,7.29,7.31,7.2,7.2199,165000
2008-01-17 16:00:00-05:00,7.24,7.24,7.17,7.2,75700
2008-01-18 16:00:00-05:00,7.23,7.23,7.0,7.02,109200
2008-01-22 16:00:00-05:00,6.96,7.1,6.95,7.06,107805
2008-01-23 16:00:00-05:00,7.16,7.2,7.1,7.16,98750
2008-01-24 16:00:00-05:00,7.18,7.28,7.15,7.24,93100
2008-01-25 16:00:00-05:00,7.24,7.27,7.18,7.2,31900
2008-01-28 16:00:00-05:00,7.22,7.24,7.14,7.18,76400
2008-01-29 16:00:00-05:00,7.22,7.27,7.21,7.23,41400
2008-01-30 16:00:00-05:00,7.27,7.32,7.23,7.3,75100
2008-01-31 16:00:00-05:00,7.34,7.41,7.3101,7.34,94300
2008-02-01 16:00:00-05:00,7.38,7.43,7.32,7.42,60800
2008-02-04 16:00:00-05:00,7.43,7.46,7.4,7.43,42900
2008-02-05 16:00:00-05:00,7.47,7.47,7.39,7.41,45739
2008-02-06 16:00:00-05:00,7.41,7.49,7.41,7.44,46400
2008-02-07 16:00:00-05:00,7.46,7.5,7.43,7.43,62192
2008-02-08 16:00:00-05:00,7.47,7.51,7.44,7.5015,52100
2008-02-11 16:00:00-05:00,7.49,7.54,7.49,7.5,45800
2008-02-12 16:00:00-05:00,7.51,7.67,7.51,7.58,63900
2008-02-13 16:00:00-05:00,7.53,7.59,7.4,7.42,93400
2008-02-14 16:00:00-05:00,7.36,7.36,7.08,7.09,146900
2008-02-15 16:00:00-05:00,7.05,7.17,6.97,7.17,111000
2008-02-19 16:00:00-05:00,7.25,7.38,7.17,7.35,126697
2008-02-20 16:00:00-05:00,7.32,7.4452,7.32,7.39,112200
2008-02-21 16:00:00-05:00,7.48,7.48,7.25,7.29,30400
2008-02-22 16:00:00-05:00,7.38,7.39,7.248,7.29,38489
2008-02-25 16:00:00-05:00,7.35,7.44,7.35,7.43,30546
2008-02-26 16:00:00-05:00,7.49,7.5,7.39,7.49,45400
2008-02-27 16:00:00-05:00,7.59,7.59,7.45,7.45,39575
2008-02-28 16:00:00-05:00,7.47,7.48,7.16,7.2,150300
2008-02-29 16:00:00-05:00,7.5,7.5,7.0,7.07,108400
2008-03-03 16:00:00-05:00,7.09,7.35,7.09,7.35,71100
2008-03-04 16:00:00-05:00,7.35,7.39,7.26,7.31,60831
2008-03-05 16:00:00-05:00,7.49,7.5,7.34,7.44,84900
2008-03-06 16:00:00-05:00,7.48,7.53,7.35,7.43,88800
2008-03-07 16:00:00-05:00,7.36,7.5,7.36,7.5,30843
2008-03-10 16:00:00-04:00,7.58,7.58,7.34,7.35,61700
2008-03-11 16:00:00-04:00,7.55,7.55,7.36,7.49,48100
2008-03-12 16:00:00-04:00,7.45,7.45,7.2001,7.3701,51200
2008-03-13 16:00:00-04:00,7.2,7.43,7.2,7.37,43300
2008-03-14 16:00:00-04:00,7.43,7.43,7.23,7.26,49000
2008-03-17 16:00:00-04:00,7.12,7.27,7.1,7.15,96100
2008-03-18 16:00:00-04:00,7.08,7.33,7.08,7.14,47500
2008-03-19 16:00:00-04:00,7.16,7.3,7.14,7.14,79965
2008-03-20 16:00:00-04:00,7.19,7.22,7.12,7.13,49200
2008-03-24 16:00:00-04:00,7.15,7.21,7.14,7.17,42100
2008-03-25 16:00:00-04:00,7.2,7.32,7.19,7.31,47000
2008-03-26 16:00:00-04:00,7.33,7.3688,7.24,7.28,100200
2008-03-27 16:00:00-04:00,7.31,7.31,7.1,7.1249,101100
2008-03-28 16:00:00-04:00,7.15,7.1668,7.12,7.12,34135
2008-03-31 16:00:00-04:00,7.18,7.19,7.13,7.15,39000
2008-04-01 16:00:00-04:00,7.18,7.18,7.11,7.14,62113
2008-04-02 16:00:00-04:00,7.18,7.18,7.14,7.17,38951
2008-04-03 16:00:00-04:00,7.17,7.3,7.17,7.27,73200
2008-04-04 16:00:00-04:00,7.32,7.36,7.31,7.345,64446
2008-04-07 16:00:00-04:00,7.34,7.48,7.3001,7.43,68200
2008-04-08 16:00:00-04:00,7.47,7.47,7.3,7.31,29700
2008-04-09 16:00:00-04:00,7.26,7.3,7.21,7.27,39052
2008-04-10 16:00:00-04:00,7.33,7.34,7.26,7.29,29300
2008-04-11 16:00:00-04:00,7.25,7.2701,7.21,7.23,48600
2008-04-14 16:00:00-04:00,7.26,7.33,7.26,7.27,28200
2008-04-15 16:00:00-04:00,7.29,7.3,7.23,7.2301,18400
2008-04-16 16:00:00-04:00,7.25,7.32,7.24,7.3,31275
2008-04-17 16:00:00-04:00,7.26,7.34,7.26,7.31,39600
2008-04-18 16:00:00-04:00,7.29,7.36,7.29,7.3,28019
2008-04-21 16:00:00-04:00,7.31,7.36,7.31,7.33,30441
2008-04-22 16:00:00-04:00,7.33,7.36,7.31,7.33,53677
2008-04-23 16:00:00-04:00,7.36,7.43,7.35,7.39,23704
2008-04-24 16:00:00-04:00,7.3672,7.42,7.3672,7.42,23264
2008-04-25 16:00:00-04:00,7.41,7.48,7.4,7.47,31385
2008-04-28 16:00:00-04:00,7.42,7.48,7.42,7.44,26581
2008-04-29 16:00:00-04:00,7.44,7.47,7.41,7.47,34313
2008-04-30 16:00:00-04:00,7.46,7.498,7.44,7.49,30813
2008-05-01 16:00:00-04:00,7.49,7.54,7.39,7.39,47144
2008-05-02 16:00:00-04:00,7.49,7.49,7.41,7.49,16574
2008-05-05 16:00:00-04:00,7.49,7.5,7.39,7.4,47152
2008-05-06 16:00:00-04:00,7.4,7.54,7.34,7.38,82730
2008-05-07 16:00:00-04:00,7.39,7.45,7.38,7.43,40395
2008-05-08 16:00:00-04:00,7.41,7.55,7.41,7.51,71901
2008-05-09 16:00:00-04:00,7.48,7.53,7.44,7.47,40262
2008-05-12 16:00:00-04:00,7.46,7.55,7.46,7.49,53883
2008-05-13 16:00:00-04:00,7.5,7.54,7.48,7.52,15510
2008-05-14 16:00:00-04:00,7.48,7.57,7.47,7.55,21740
2008-05-15 16:00:00-04:00,7.52,7.5936,7.46,7.48,47216
2008-05-16 16:00:00-04:00,7.49,7.522,7.46,7.46,24212
2008-05-19 16:00:00-04:00,7.47,7.47,7.36,7.36,73983
2008-05-20 16:00:00-04:00,7.38,7.39,7.25,7.27,48044
2008-05-21 16:00:00-04:00,7.31,7.31,7.26,7.28,33603
2008-05-22 16:00:00-04:00,7.3,7.3,7.22,7.22,39484
2008-05-23 16:00:00-04:00,7.23,7.23,7.17,7.17,73404
2008-05-27 16:00:00-04:00,7.19,7.32,7.19,7.31,41949
2008-05-28 16:00:00-04:00,7.34,7.4,7.3,7.4,30340
2008-05-29 16:00:00-04:00,7.4,7.45,7.38,7.43,28135
2008-05-30 16:00:00-04:00,7.47,7.47,7.4066,7.45,17567
2008-06-02 16:00:00-04:00,7.45,7.5,7.4201,7.45,25677
2008-06-03 16:00:00-04:00,7.45,7.49,7.31,7.37,59600
2008-06-04 16:00:00-04:00,7.36,7.37,7.28,7.28,52101
2008-06-05 16:00:00-04:00,7.32,7.34,7.24,7.29,70715
2008-06-06 16:00:00-04:00,7.32,7.37,7.3,7.32,42136
2008-06-09 16:00:00-04:00,7.3,7.41,7.3,7.39,54038
2008-06-10 16:00:00-04:00,7.4,7.55,7.36,7.44,62410
2008-06-11 16:00:00-04:00,7.42,7.5,7.398,7.4,76327
2008-06-12 16:00:00-04:00,7.42,7.42,7.26,7.26,17468
2008-06-13 16:00:00-04:00,7.25,7.32,7.23,7.2601,25260
2008-06-16 16:00:00-04:00,7.34,7.39,7.3,7.3,33762
2008-06-17 16:00:00-04:00,7.29,7.35,7.26,7.28,27920
2008-06-18 16:00:00-04:00,7.34,7.34,7.27,7.27,8333
2008-06-19 16:00:00-04:00,7.29,7.3,7.24,7.26,24066
2008-06-20 16:00:00-04:00,7.25,7.2552,7.21,7.24,37982
2008-06-23 16:00:00-04:00,7.23,7.23,7.01,7.07,78390
2008-06-24 16:00:00-04:00,7.05,7.2492,7.024,7.22,45103
2008-06-25 16:00:00-04:00,7.17,7.3,7.17,7.26,67283
2008-06-26 16:00:00-04:00,7.29,7.34,7.2276,7.33,35571
2008-06-27 16:00:00-04:00,7.34,7.46,7.3,7.45,80250
2008-06-30 16:00:00-04:00,7.43,7.43,7.334,7.35,31537
2008-07-01 16:00:00-04:00,7.3,7.39,7.3,7.35,61829
2008-07-02 16:00:00-04:00,7.36,7.4,7.28,7.37,21894
2008-07-03 16:00:00-04:00,7.35,7.35,7.31,7.31,2534
2008-07-07 16:00:00-04:00,7.35,7.44,7.31,7.33,38867
2008-07-08 16:00:00-04:00,7.34,7.34,7.29,7.31,12413
2008-07-09 16:00:00-04:00,7.3,7.47,7.27,7.47,73093
2008-07-10 16:00:00-04:00,7.4,7.44,7.27,7.31,70307
2008-07-11 16:00:00-04:00,7.35,7.4234,7.09,7.21,42303
2008-07-14 16:00:00-04:00,7.24,7.27,6.87,6.87,115715
2008-07-15 16:00:00-04:00,6.9,7.1,6.9,7.02,144280
2008-07-16 16:00:00-04:00,7.02,7.18,7.02,7.17,23588
2008-07-17 16:00:00-04:00,7.1,7.17,7.09,7.12,48575
2008-07-18 16:00:00-04:00,7.14,7.14,7.08,7.1,8000
2008-07-21 16:00:00-04:00,7.1,7.14,7.04,7.1,64050
2008-07-22 16:00:00-04:00,7.01,7.15,7.01,7.08,24004
2008-07-23 16:00:00-04:00,7.13,7.13,7.05,7.06,16971
2008-07-24 16:00:00-04:00,7.03,7.1,7.0,7.0,61036
2008-07-25 16:00:00-04:00,7.04,7.06,6.89,7.04,72828
2008-07-28 16:00:00-04:00,7.06,7.11,6.9701,7.09,23596
2008-07-29 16:00:00-04:00,7.13,7.13,7.0,7.1,42814
2008-07-30 16:00:00-04:00,7.02,7.13,7.02,7.12,41978
2008-07-31 16:00:00-04:00,7.13,7.13,7.05,7.12,30168
2008-08-01 16:00:00-04:00,7.13,7.15,7.06,7.11,34799
2008-08-04 16:00:00-04:00,7.11,7.14,7.08,7.11,16496
2008-08-05 16:00:00-04:00,7.11,7.12,7.0854,7.11,22475
2008-08-06 16:00:00-04:00,7.1,7.1399,7.07,7.09,51177
2008-08-07 16:00:00-04:00,7.09,7.1,6.93,6.96,60395
2008-08-08 16:00:00-04:00,6.99,7.13,6.98,7.13,33371
2008-08-11 16:00:00-04:00,7.13,7.13,7.04,7.09,25179
2008-08-12 16:00:00-04:00,7.07,7.1,7.0,7.02,40244
2008-08-13 16:00:00-04:00,7.02,7.06,7.02,7.02,23953
2008-08-14 16:00:00-04:00,7.01,7.05,6.98,7.02,23200
2008-08-15 16:00:00-04:00,7.01,7.12,6.95,6.99,40668
2008-08-18 16:00:00-04:00,7.0,7.01,6.93,6.95,21041
2008-08-19 16:00:00-04:00,6.95,6.99,6.82,6.84,68610
2008-08-20 16:00:00-04:00,6.86,6.9,6.81,6.9,59314
2008-08-21 16:00:00-04:00,6.82,6.93,6.82,6.87,24156
2008-08-22 16:00:00-04:00,6.87,6.9399,6.76,6.81,29514
2008-08-25 16:00:00-04:00,6.86,6.88,6.79,6.83,23571
2008-08-26 16:00:00-04:00,6.83,6.86,6.79,6.85,35647
2008-08-27 16:00:00-04:00,6.88,6.89,6.76,6.82,65735
2008-08-28 16:00:00-04:00,6.84,6.9399,6.84,6.92,32400
2008-08-29 16:00:00-04:00,6.95,6.96,6.84,6.868,31543
2008-09-02 16:00:00-04:00,6.9,6.93,6.88,6.93,40738
2008-09-03 16:00:00-04:00,6.9,6.94,6.9,6.93,14169
2008-09-04 16:00:00-04:00,6.87,6.93,6.85,6.9,39450
2008-09-05 16:00:00-04:00,6.93,6.93,6.84,6.87,30900
2008-09-08 16:00:00-04:00,6.89,6.93,6.84,6.84,32553
2008-09-09 16:00:00-04:00,6.88,7.02,6.84,6.9,64000
2008-09-10 16:00:00-04:00,6.86,6.9,6.86,6.88,10526
2008-09-11 16:00:00-04:00,6.85,6.87,6.8,6.8,32308
2008-09-12 16:00:00-04:00,6.83,6.85,6.81,6.84,17043
2008-09-15 16:00:00-04:00,6.81,6.85,6.66,6.7,67364
2008-09-16 16:00:00-04:00,6.6,6.65,6.46,6.49,50877
2008-09-17 16:00:00-04:00,6.63,6.67,6.36,6.441,67526
2008-09-18 16:00:00-04:00,6.42,6.49,5.242,5.85,159598
2008-09-19 16:00:00-04:00,6.0,6.9,5.85,6.54,90754
2008-09-22 16:00:00-04:00,6.54,6.6099,5.76,6.04,53435
2008-09-23 16:00:00-04:00,5.97,6.4,5.9644,6.11,40191
2008-09-24 16:00:00-04:00,6.01,6.1,5.89,6.0826,67115
2008-09-25 16:00:00-04:00,6.0,6.05,5.88,5.94,98658
2008-09-26 16:00:00-04:00,5.94,5.94,5.88,5.8968,22316
2008-09-29 16:00:00-04:00,5.92,5.95,5.15,5.27,155448
2008-09-30 16:00:00-04:00,5.15,5.63,5.15,5.62,84076
2008-10-01 16:00:00-04:00,5.52,6.12,5.52,6.0,67514
2008-10-02 16:00:00-04:00,5.92,6.32,5.92,6.17,30598
2008-10-03 16:00:00-04:00,6.07,6.23,6.03,6.05,84200
2008-10-06 16:00:00-04:00,5.75,5.81,5.11,5.25,164331
2008-10-07 16:00:00-04:00,5.35,5.39,5.18,5.18,89457
2008-10-08 16:00:00-04:00,4.73,5.18,4.35,4.37,216787
2008-10-09 16:00:00-04:00,4.39,4.55,4.21,4.2801,164862
2008-10-10 16:00:00-04:00,3.79,6.2,3.15,4.55,232590
2008-10-13 16:00:00-04:00,5.5,5.5,4.45,5.35,145108
2008-10-14 16:00:00-04:00,5.95,5.95,5.1,5.18,92654
2008-10-15 16:00:00-04:00,4.88,4.9899,4.82,4.82,46817
2008-10-16 16:00:00-04:00,4.83,5.16,4.83,5.08,39512
2008-10-17 16:00:00-04:00,5.13,5.34,5.01,5.34,32469
2008-10-20 16:00:00-04:00,5.38,5.59,5.3601,5.41,79159
2008-10-21 16:00:00-04:00,5.46,5.46,5.32,5.41,37893
2008-10-22 16:00:00-04:00,5.18,5.45,5.07,5.45,30373
2008-10-23 16:00:00-04:00,5.49,5.68,5.48,5.66,52900
2008-10-24 16:00:00-04:00,5.54,5.54,5.37,5.47,26029
2008-10-27 16:00:00-04:00,5.49,5.56,5.18,5.35,78768
2008-10-28 16:00:00-04:00,5.4,5.41,5.26,5.3,40548
2008-10-29 16:00:00-04:00,5.2,5.24,5.1,5.11,76696
2008-10-30 16:00:00-04:00,5.13,5.16,5.01,5.02,131842
2008-10-31 16:00:00-04:00,5.06,5.06,4.9,4.91,123745
2008-11-03 16:00:00-05:00,4.91,5.14,4.91,4.96,135188
2008-11-04 16:00:00-05:00,5.1,5.12,4.96,5.0,68002
2008-11-05 16:00:00-05:00,5.07,5.41,4.979,5.27,89283
2008-11-06 16:00:00-05:00,5.22,5.45,5.22,5.44,47032
2008-11-07 16:00:00-05:00,5.4,5.49,5.344,5.39,21485
2008-11-10 16:00:00-05:00,5.57,5.57,5.3999,5.49,77305
2008-11-11 16:00:00-05:00,5.42,5.49,5.3,5.3338,74631
2008-11-12 16:00:00-05:00,5.24,5.37,4.96,5.13,69965
2008-11-13 16:00:00-05:00,5.04,5.22,4.86,4.95,99508
2008-11-14 16:00:00-05:00,4.99,5.12,4.95,4.99,101315
2008-11-17 16:00:00-05:00,4.91,5.0,4.72,4.86,62724
2008-11-18 16:00:00-05:00,4.92,4.93,4.71,4.8319,66370
2008-11-19 16:00:00-05:00,4.68,4.81,4.4,4.43,171227
2008-11-20 16:00:00-05:00,4.47,4.47,4.21,4.33,94112
2008-11-21 16:00:00-05:00,4.12,4.2999,4.02,4.06,81211
2008-11-24 16:00:00-05:00,4.24,4.44,4.1494,4.25,88452
2008-11-25 16:00:00-05:00,4.26,4.366,4.2,4.27,67878
2008-11-26 16:00:00-05:00,4.33,4.5101,4.282,4.4668,67849
2008-11-28 16:00:00-05:00,4.61,4.61,4.47,4.58,46623
2008-12-01 16:00:00-05:00,4.7,4.7,4.5,4.6,95821
2008-12-02 16:00:00-05:00,4.69,4.75,4.48,4.62,119180
2008-12-03 16:00:00-05:00,4.5,4.6,4.32,4.39,31944
2008-12-04 16:00:00-05:00,4.39,4.39,4.09,4.19,64047
2008-12-05 16:00:00-05:00,4.15,4.24,4.04,4.1,55589
2008-12-08 16:00:00-05:00,4.19,4.25,4.04,4.04,75020
2008-12-09 16:00:00-05:00,4.05,4.1699,3.98,3.99,57061
2008-12-10 16:00:00-05:00,4.05,4.05,3.85,3.92,47676
2008-12-11 16:00:00-05:00,3.81,3.87,3.71,3.78,75275
2008-12-12 16:00:00-05:00,3.71,3.8,3.48,3.62,120217
2008-12-15 16:00:00-05:00,3.79,3.79,3.51,3.6,99961
2008-12-16 16:00:00-05:00,3.58,3.65,3.46,3.52,163757
2008-12-17 16:00:00-05:00,3.53,3.81,3.53,3.81,101907
2008-12-18 16:00:00-05:00,3.72,3.95,3.72,3.81,73535
2008-12-19 16:00:00-05:00,3.77,4.53,3.77,4.23,163618
2008-12-22 16:00:00-05:00,4.3,4.45,4.12,4.12,110989
2008-12-23 16:00:00-05:00,4.1,4.14,3.9,4.0,90428
2008-12-24 16:00:00-05:00,3.96,4.11,3.96,4.05,49424
2008-12-26 16:00:00-05:00,4.07,4.1058,4.0,4.035,64075
2008-12-29 16:00:00-05:00,4.13,4.13,3.8499,3.99,127930
2008-12-30 16:00:00-05:00,4.04,4.1,3.86,3.96,145431
2008-12-31 16:00:00-05:00,4.0,4.05,3.93,4.04,84392
2009-01-02 16:00:00-05:00,3.98,4.43,3.98,4.33,85296
2009-01-05 16:00:00-05:00,4.37,4.68,4.3,4.51,126002
2009-01-06 16:00:00-05:00,4.61,4.68,4.47,4.55,93768
2009-01-07 16:00:00-05:00,4.5,4.55,4.42,4.42,77264
2009-01-08 16:00:00-05:00,4.41,4.58,4.41,4.53,92958
2009-01-09 16:00:00-05:00,4.61,4.85,4.59,4.66,125110
2009-01-12 16:00:00-05:00,4.74,4.84,4.65,4.79,112086
2009-01-13 16:00:00-05:00,4.78,4.91,4.7,4.77,106631
2009-01-14 16:00:00-05:00,4.75,4.81,4.58,4.62,94381
2009-01-15 16:00:00-05:00,4.59,4.7,4.52,4.61,73599
2009-01-16 16:00:00-05:00,4.67,4.9799,4.67,4.87,64530
2009-01-20 16:00:00-05:00,4.98,4.98,4.76,4.79,57538
2009-01-21 16:00:00-05:00,4.76,4.97,4.69,4.8,54037
2009-01-22 16:00:00-05:00,4.88,4.99,4.75,4.9,100646
2009-01-23 16:00:00-05:00,4.89,5.078,4.82,4.99,39943
2009-01-26 16:00:00-05:00,5.03,5.12,4.95,5.09,56966
2009-01-27 16:00:00-05:00,5.13,5.19,4.94,5.1,37340
2009-01-28 16:00:00-05:00,5.08,5.19,5.0,5.06,74306
2009-01-29 16:00:00-05:00,5.06,5.11,4.98,5.05,37978
2009-01-30 16:00:00-05:00,5.08,5.14,5.04,5.14,55581
2009-02-02 16:00:00-05:00,5.18,5.35,5.07,5.26,61165
2009-02-03 16:00:00-05:00,5.21,5.39,5.2076,5.37,35636
2009-02-04 16:00:00-05:00,5.37,5.49,5.32,5.41,44573
2009-02-05 16:00:00-05:00,5.41,5.47,5.31,5.4,19274
2009-02-06 16:00:00-05:00,5.44,5.59,5.4,5.51,56125
2009-02-09 16:00:00-05:00,5.54,5.6,5.46,5.55,38825
2009-02-10 16:00:00-05:00,5.62,5.63,5.4108,5.44,57432
2009-02-11 16:00:00-05:00,5.45,5.45,5.08,5.3,56590
2009-02-12 16:00:00-05:00,5.3,5.39,5.19,5.19,35789
2009-02-13 16:00:00-05:00,5.23,5.25,5.1,5.17,71851
2009-02-17 16:00:00-05:00,5.03,5.1501,4.88,5.15,113427
2009-02-18 16:00:00-05:00,5.12,5.16,4.96,5.01,97876
2009-02-19 16:00:00-05:00,5.01,5.1,4.99,5.04,116074
2009-02-20 16:00:00-05:00,5.07,5.17,4.68,4.79,128096
2009-02-23 16:00:00-05:00,4.83,4.84,4.38,4.44,130421
2009-02-24 16:00:00-05:00,4.5,4.8872,4.44,4.7,99049
2009-02-25 16:00:00-05:00,4.7,4.91,4.7,4.84,31323
2009-02-26 16:00:00-05:00,4.85,5.16,4.85,5.03,64614
2009-02-27 16:00:00-05:00,5.08,5.13,5.03,5.06,35816
2009-03-02 16:00:00-05:00,5.11,5.11,4.76,4.89,68697
2009-03-03 16:00:00-05:00,4.94,4.98,4.75,4.92,43200
2009-03-04 16:00:00-05:00,4.9,4.97,4.79,4.89,69783
2009-03-05 16:00:00-05:00,4.85,4.87,4.57,4.6496,82843
2009-03-06 16:00:00-05:00,4.63,4.7,4.6,4.7,40706
2009-03-09 16:00:00-04:00,4.59,4.6302,4.5,4.53,64743
2009-03-10 16:00:00-04:00,4.59,4.63,4.5,4.61,61664
2009-03-11 16:00:00-04:00,4.66,4.68,4.56,4.57,56677
2009-03-12 16:00:00-04:00,4.54,4.68,4.53,4.64,35090
2009-03-13 16:00:00-04:00,4.65,4.83,4.64,4.72,37101
2009-03-16 16:00:00-04:00,4.71,4.888,4.67,4.83,60665
2009-03-17 16:00:00-04:00,4.92,4.94,4.7663,4.87,63100
2009-03-18 16:00:00-04:00,4.9,4.97,4.8,4.948,27694
2009-03-19 16:00:00-04:00,4.92,5.0199,4.83,4.89,45538
2009-03-20 16:00:00-04:00,4.93,4.96,4.9,4.92,34016
2009-03-23 16:00:00-04:00,4.91,5.02,4.9,5.02,66612
2009-03-24 16:00:00-04:00,4.91,5.08,4.91,5.08,67586
2009-03-25 16:00:00-04:00,5.02,5.14,5.02,5.08,41000
2009-03-26 16:00:00-04:00,5.15,5.29,5.1,5.23,36397
2009-03-27 16:00:00-04:00,5.24,5.27,5.2,5.21,44643
2009-03-30 16:00:00-04:00,5.23,5.23,5.06,5.13,78161
2009-03-31 16:00:00-04:00,5.23,5.23,5.1,5.17,55707
2009-04-01 16:00:00-04:00,5.19,5.41,5.1,5.3,58526
2009-04-02 16:00:00-04:00,5.35,5.35,5.21,5.29,55671
2009-04-03 16:00:00-04:00,5.33,5.33,5.15,5.2,51562
2009-04-06 16:00:00-04:00,5.24,5.24,4.83,5.03,169824
2009-04-07 16:00:00-04:00,5.05,5.12,5.05,5.12,34112
2009-04-08 16:00:00-04:00,5.24,5.24,5.07,5.08,77917
2009-04-09 16:00:00-04:00,5.17,5.23,5.13,5.188,45741
2009-04-13 16:00:00-04:00,5.13,5.13,5.03,5.12,39149
2009-04-14 16:00:00-04:00,5.13,5.13,5.05,5.12,29220
2009-04-15 16:00:00-04:00,5.12,5.17,5.06,5.15,41801
2009-04-16 16:00:00-04:00,5.15,5.23,5.1,5.22,73691
2009-04-17 16:00:00-04:00,5.22,5.25,5.17,5.18,33238
2009-04-20 16:00:00-04:00,5.05,5.17,5.05,5.13,67254
2009-04-21 16:00:00-04:00,5.04,5.18,5.04,5.11,56390
2009-04-22 16:00:00-04:00,5.12,5.26,5.12,5.24,57152
2009-04-23 16:00:00-04:00,5.25,5.34,5.23,5.34,39689
2009-04-24 16:00:00-04:00,5.3,5.3,5.23,5.25,47538
2009-04-27 16:00:00-04:00,5.24,5.29,5.16,5.27,70867
2009-04-28 16:00:00-04:00,5.3,5.3976,5.23,5.35,55148
2009-04-29 16:00:00-04:00,5.35,5.37,5.32,5.37,44437
2009-04-30 16:00:00-04:00,5.43,5.5,5.36,5.46,63084
2009-05-01 16:00:00-04:00,5.46,5.5,5.43,5.5,70411
2009-05-04 16:00:00-04:00,5.51,5.54,5.45,5.47,86340
2009-05-05 16:00:00-04:00,5.47,5.49,5.44,5.45,74667
2009-05-06 16:00:00-04:00,5.47,5.52,5.42,5.52,46751
2009-05-07 16:00:00-04:00,5.56,5.5999,5.47,5.57,43881
2009-05-08 16:00:00-04:00,5.58,5.68,5.55,5.64,48522
2009-05-11 16:00:00-04:00,5.57,5.6005,5.43,5.47,59216
2009-05-12 16:00:00-04:00,5.5,5.55,5.48,5.55,33221
2009-05-13 16:00:00-04:00,5.54,5.58,5.48,5.53,43151
2009-05-14 16:00:00-04:00,5.49,5.5981,5.45,5.58,49919
2009-05-15 16:00:00-04:00,5.6,5.68,5.53,5.68,58520
2009-05-18 16:00:00-04:00,5.65,5.65,5.52,5.59,80617
2009-05-19 16:00:00-04:00,5.6,5.6,5.55,5.56,38707
2009-05-20 16:00:00-04:00,5.6,5.61,5.56,5.5999,56654
2009-05-21 16:00:00-04:00,5.61,5.6604,5.58,5.61,67057
2009-05-22 16:00:00-04:00,5.59,5.67,5.59,5.65,56761
2009-05-26 16:00:00-04:00,5.67,5.7,5.65,5.68,53032
2009-05-27 16:00:00-04:00,5.69,5.7,5.63,5.64,64851
2009-05-28 16:00:00-04:00,5.61,5.69,5.61,5.63,68203
2009-05-29 16:00:00-04:00,5.68,5.69,5.59,5.63,116136
2009-06-01 16:00:00-04:00,5.61,5.72,5.58,5.66,96174
2009-06-02 16:00:00-04:00,5.68,5.77,5.66,5.75,66096
2009-06-03 16:00:00-04:00,5.77,5.78,5.72,5.7499,62799
2009-06-04 16:00:00-04:00,5.77,5.81,5.75,5.76,66439
2009-06-05 16:00:00-04:00,5.85,5.87,5.79,5.86,54253
2009-06-08 16:00:00-04:00,5.87,5.88,5.78,5.87,41591
2009-06-09 16:00:00-04:00,5.85,5.9,5.84,5.87,49131
2009-06-10 16:00:00-04:00,5.85,5.87,5.79,5.79,20491
2009-06-11 16:00:00-04:00,5.75,5.87,5.74,5.81,41775
2009-06-12 16:00:00-04:00,5.82,5.89,5.72,5.76,86120
2009-06-15 16:00:00-04:00,5.72,5.72,5.6,5.63,69403
2009-06-16 16:00:00-04:00,5.62,5.67,5.61,5.64,32260
2009-06-17 16:00:00-04:00,5.69,5.7599,5.62,5.7,55297
2009-06-18 16:00:00-04:00,5.7,5.7023,5.64,5.68,35512
2009-06-19 16:00:00-04:00,5.74,5.74,5.66,5.67,24776
2009-06-22 16:00:00-04:00,5.62,5.67,5.59,5.62,48114
2009-06-23 16:00:00-04:00,5.63,5.6796,5.62,5.65,36225
2009-06-24 16:00:00-04:00,5.64,5.77,5.64,5.68,63079
2009-06-25 16:00:00-04:00,5.7,5.72,5.63,5.67,25186
2009-06-26 16:00:00-04:00,5.6503,5.73,5.65,5.67,40757
2009-06-29 16:00:00-04:00,5.67,5.72,5.66,5.68,27389
2009-06-30 16:00:00-04:00,5.75,5.772,5.67,5.68,33786
2009-07-01 16:00:00-04:00,5.72,5.75,5.66,5.74,66574
2009-07-02 16:00:00-04:00,5.74,5.75,5.68,5.74,47502
2009-07-06 16:00:00-04:00,5.68,5.74,5.68,5.72,43303
2009-07-07 16:00:00-04:00,5.72,5.75,5.68,5.7,33110
2009-07-08 16:00:00-04:00,5.74,5.75,5.67,5.7,29884
2009-07-09 16:00:00-04:00,5.74,5.82,5.68,5.82,30755
2009-07-10 16:00:00-04:00,5.83,5.86,5.76,5.8445,36972
2009-07-13 16:00:00-04:00,5.82,5.84,5.73,5.74,35087
2009-07-14 16:00:00-04:00,5.75,5.82,5.75,5.81,22827
2009-07-15 16:00:00-04:00,5.81,5.94,5.77,5.82,60843
2009-07-16 16:00:00-04:00,5.8,5.98,5.79,5.9,36620
2009-07-17 16:00:00-04:00,5.9,5.9,5.82,5.83,24932
2009-07-20 16:00:00-04:00,5.89,5.89,5.83,5.88,28805
2009-07-21 16:00:00-04:00,5.89,5.93,5.86,5.92,27319
2009-07-22 16:00:00-04:00,5.87,5.93,5.85,5.87,45994
2009-07-23 16:00:00-04:00,5.87,5.99,5.85,5.99,37113
2009-07-24 16:00:00-04:00,5.97,5.97,5.89,5.93,51304
2009-07-27 16:00:00-04:00,5.95,6.06,5.94,6.05,113114
2009-07-28 16:00:00-04:00,6.05,6.13,5.99,6.06,45453
2009-07-29 16:00:00-04:00,6.1,6.37,6.06,6.25,56980
2009-07-30 16:00:00-04:00,6.41,6.47,6.12,6.23,129574
2009-07-31 16:00:00-04:00,6.12,6.2383,6.12,6.16,76330
2009-08-03 16:00:00-04:00,6.19,6.39,6.16,6.2799,63496
2009-08-04 16:00:00-04:00,6.28,6.42,6.21,6.22,50666
2009-08-05 16:00:00-04:00,6.27,6.33,6.21,6.27,41458
2009-08-06 16:00:00-04:00,6.3,6.3301,6.23,6.29,62368
2009-08-07 16:00:00-04:00,6.36,6.37,6.07,6.15,107489
2009-08-10 16:00:00-04:00,6.15,6.23,6.04,6.08,56690
2009-08-11 16:00:00-04:00,6.08,6.15,6.05,6.1,30480
2009-08-12 16:00:00-04:00,6.11,6.1874,6.0901,6.1,39235
2009-08-13 16:00:00-04:00,6.13,6.14,5.95,6.1,78087
2009-08-14 16:00:00-04:00,6.1,6.16,5.97,6.03,116756
2009-08-17 16:00:00-04:00,6.05,6.09,6.0,6.04,76885
2009-08-18 16:00:00-04:00,6.05,6.22,6.03,6.1,51626
2009-08-19 16:00:00-04:00,6.12,6.16,6.048,6.13,61354
2009-08-20 16:00:00-04:00,6.12,6.1624,6.09,6.1,48675
2009-08-21 16:00:00-04:00,6.12,6.21,6.11,6.21,58821
2009-08-24 16:00:00-04:00,6.21,6.32,6.2,6.27,117582
2009-08-25 16:00:00-04:00,6.35,6.4,6.27,6.28,83668
2009-08-26 16:00:00-04:00,6.28,6.33,6.25,6.26,50564
2009-08-27 16:00:00-04:00,6.25,6.31,6.25,6.3,68035
2009-08-28 16:00:00-04:00,6.28,6.31,6.26,6.3,32100
2009-08-31 16:00:00-04:00,6.34,6.43,6.31,6.4,85804
2009-09-01 16:00:00-04:00,6.4,6.55,6.38,6.55,105421
2009-09-02 16:00:00-04:00,6.55,6.59,6.51,6.5601,38168
2009-09-03 16:00:00-04:00,6.58,6.66,6.55,6.61,50513
2009-09-04 16:00:00-04:00,6.65,6.762,6.58,6.62,123391
2009-09-08 16:00:00-04:00,6.23,6.72,6.22,6.64,55645
2009-09-09 16:00:00-04:00,6.61,6.67,6.58,6.65,57657
2009-09-10 16:00:00-04:00,6.6,6.64,6.5,6.52,102769
2009-09-11 16:00:00-04:00,6.55,6.63,6.52,6.61,93998
2009-09-14 16:00:00-04:00,6.59,6.62,6.52,6.62,46491
2009-09-15 16:00:00-04:00,6.59,6.64,6.59,6.63,47026
2009-09-16 16:00:00-04:00,6.62,6.68,6.62,6.68,56923
2009-09-17 16:00:00-04:00,6.72,6.75,6.6999,6.75,52453
2009-09-18 16:00:00-04:00,6.74,6.75,6.7,6.75,74453
2009-09-21 16:00:00-04:00,6.75,6.78,6.61,6.69,123801
2009-09-22 16:00:00-04:00,6.75,6.8,6.63,6.67,161762
2009-09-23 16:00:00-04:00,6.67,6.6801,6.591,6.5934,137997
2009-09-24 16:00:00-04:00,6.61,6.62,6.45,6.48,215626
2009-09-25 16:00:00-04:00,6.53,6.5604,6.4527,6.53,72877
2009-09-28 16:00:00-04:00,6.63,6.63,6.44,6.59,50162
2009-09-29 16:00:00-04:00,6.63,6.68,6.61,6.64,102975
2009-09-30 16:00:00-04:00,6.81,6.81,6.61,6.63,124962
2009-10-01 16:00:00-04:00,6.66,6.68,6.5999,6.64,76282
2009-10-02 16:00:00-04:00,6.62,6.72,6.5696,6.72,71190
2009-10-05 16:00:00-04:00,6.73,6.86,6.6936,6.86,87630
2009-10-06 16:00:00-04:00,6.96,7.02,6.89,6.95,100358
2009-10-07 16:00:00-04:00,6.98,7.02,6.88,6.89,77005
2009-10-08 16:00:00-04:00,6.97,6.97,6.8199,6.84,104805
2009-10-09 16:00:00-04:00,6.81,6.84,6.635,6.65,110318
2009-10-12 16:00:00-04:00,6.55,6.57,6.25,6.37,309203
2009-10-13 16:00:00-04:00,6.37,6.59,6.33,6.58,75383
2009-10-14 16:00:00-04:00,6.58,6.6,6.29,6.44,112315
2009-10-15 16:00:00-04:00,6.5,6.5,6.3,6.43,99924
2009-10-16 16:00:00-04:00,6.43,6.55,6.4,6.53,66978
2009-10-19 16:00:00-04:00,6.47,6.54,6.44,6.51,63902
2009-10-20 16:00:00-04:00,6.5,6.55,6.47,6.55,47450
2009-10-21 16:00:00-04:00,6.55,6.59,6.52,6.58,49009
2009-10-22 16:00:00-04:00,6.58,6.61,6.55,6.61,21404
2009-10-23 16:00:00-04:00,6.6,6.6,6.55,6.55,30453
2009-10-26 16:00:00-04:00,6.54,6.54,6.49,6.53,50049
2009-10-27 16:00:00-04:00,6.53,6.62,6.52,6.58,57633
2009-10-28 16:00:00-04:00,6.53,6.59,6.53,6.54,60968
2009-10-29 16:00:00-04:00,6.53,6.53,6.46,6.5,45697
2009-10-30 16:00:00-04:00,6.49,6.67,6.43,6.44,82969
2009-11-02 16:00:00-05:00,6.43,6.57,6.43,6.56,90939
2009-11-03 16:00:00-05:00,6.55,6.55,6.47,6.51,21094
2009-11-04 16:00:00-05:00,6.55,6.6,6.543,6.5773,46973
2009-11-05 16:00:00-05:00,6.58,6.63,6.58,6.63,57668
2009-11-06 16:00:00-05:00,6.64,6.64,6.57,6.62,31892
2009-11-09 16:00:00-05:00,6.59,6.66,6.58,6.63,89304
2009-11-10 16:00:00-05:00,6.61,6.65,6.58,6.65,33675
2009-11-11 16:00:00-05:00,6.65,6.65,6.59,6.59,61433
2009-11-12 16:00:00-05:00,6.58,6.58,6.49,6.49,37767
2009-11-13 16:00:00-05:00,6.49,6.55,6.441,6.48,37285
2009-11-16 16:00:00-05:00,6.45,6.5,6.45,6.49,45830
2009-11-17 16:00:00-05:00,6.51,6.51,6.42,6.45,44016
2009-11-18 16:00:00-05:00,6.45,6.47,6.37,6.44,66626
2009-11-19 16:00:00-05:00,6.38,6.38,6.31,6.38,98098
2009-11-20 16:00:00-05:00,6.39,6.39,6.34,6.36,35968
2009-11-23 16:00:00-05:00,6.39,6.4,6.31,6.4,55833
2009-11-24 16:00:00-05:00,6.41,6.45,6.38,6.45,35645
2009-11-25 16:00:00-05:00,6.42,6.5,6.42,6.5,35593
2009-11-27 13:00:00-05:00,6.46,6.54,6.44,6.5021,40306
2009-11-30 16:00:00-05:00,6.66,6.68,6.553,6.6668,78715
2009-12-01 16:00:00-05:00,6.68,6.68,6.58,6.63,74072
2009-12-02 16:00:00-05:00,6.65,6.68,6.55,6.68,39287
2009-12-03 16:00:00-05:00,6.68,6.7398,6.62,6.67,43576
2009-12-04 16:00:00-05:00,6.67,6.7,6.663,6.7,33377
2009-12-07 16:00:00-05:00,6.68,6.68,6.64,6.68,57732
2009-12-08 16:00:00-05:00,6.62,6.7,6.6,6.61,76135
2009-12-09 16:00:00-05:00,6.61,6.68,6.55,6.55,76198
2009-12-10 16:00:00-05:00,6.56,6.57,6.5,6.51,55084
2009-12-11 16:00:00-05:00,6.53,6.54,6.47,6.47,59032
2009-12-14 16:00:00-05:00,6.48,6.539,6.46,6.46,88976
2009-12-15 16:00:00-05:00,6.46,6.5,6.39,6.39,79182
2009-12-16 16:00:00-05:00,6.41,6.48,6.41,6.47,57742
2009-12-17 16:00:00-05:00,6.44,6.52,6.41,6.44,53600
2009-12-18 16:00:00-05:00,6.41,6.52,6.38,6.4,100632
2009-12-21 16:00:00-05:00,6.4,6.44,6.39,6.41,49283
2009-12-22 16:00:00-05:00,6.39,6.44,6.39,6.41,47985
2009-12-23 16:00:00-05:00,6.44,6.48,6.4,6.48,32095
2009-12-24 13:00:00-05:00,6.5,6.56,6.45,6.56,57863
2009-12-28 16:00:00-05:00,6.59,6.65,6.59,6.64,75030
2009-12-29 16:00:00-05:00,6.61,7.24,6.61,7.04,266037
2009-12-30 16:00:00-05:00,7.0,7.0,6.7402,6.78,76146
2009-12-31 16:00:00-05:00,6.95,6.95,6.78,6.78,62601
2010-01-04 16:00:00-05:00,6.86,6.94,6.78,6.85,91730
2010-01-05 16:00:00-05:00,6.88,6.97,6.87,6.95,111221
2010-01-06 16:00:00-05:00,6.91,6.95,6.9,6.93,48455
2010-01-07 16:00:00-05:00,6.93,6.99,6.91,6.97,69139
2010-01-08 16:00:00-05:00,6.98,6.98,6.88,6.93,58019
2010-01-11 16:00:00-05:00,6.88,6.97,6.88,6.94,43322
2010-01-12 16:00:00-05:00,6.87,6.95,6.83,6.87,40335
2010-01-13 16:00:00-05:00,6.84,7.0,6.84,6.94,48147
2010-01-14 16:00:00-05:00,6.91,6.959,6.9,6.95,39801
2010-01-15 16:00:00-05:00,6.87,7.0,6.87,6.96,56028
2010-01-19 16:00:00-05:00,6.96,6.97,6.93,6.93,20306
2010-01-20 16:00:00-05:00,6.95,6.95,6.93,6.93,29786
2010-01-21 16:00:00-05:00,6.93,7.02,6.88,6.88,53490
2010-01-22 16:00:00-05:00,6.88,6.9,6.84,6.84,39067
2010-01-25 16:00:00-05:00,6.9,6.9,6.84,6.87,79233
2010-01-26 16:00:00-05:00,6.89,6.96,6.8862,6.96,41346
2010-01-27 16:00:00-05:00,7.0,7.03,6.92,6.98,43196
2010-01-28 16:00:00-05:00,6.96,7.01,6.93,6.93,28748
2010-01-29 16:00:00-05:00,7.01,7.05,6.83,6.84,71312
2010-02-01 16:00:00-05:00,6.9,6.95,6.85,6.87,62489
2010-02-02 16:00:00-05:00,6.87,6.95,6.86,6.93,48351
2010-02-03 16:00:00-05:00,6.94,7.0,6.93,7.0,24323
2010-02-04 16:00:00-05:00,6.95,6.99,6.87,6.87,45328
2010-02-05 16:00:00-05:00,6.88,6.99,6.84,6.9,88210
2010-02-08 16:00:00-05:00,6.97,6.97,6.78,6.8,116102
2010-02-09 16:00:00-05:00,6.8,6.8,6.65,6.7,179127
2010-02-10 16:00:00-05:00,6.67,6.68,6.54,6.57,76934
2010-02-11 16:00:00-05:00,6.57,6.64,6.57,6.59,67811
2010-02-12 16:00:00-05:00,6.59,6.64,6.59,6.6,55778
2010-02-16 16:00:00-05:00,6.65,6.65,6.6,6.6,94790
2010-02-17 16:00:00-05:00,6.61,6.6401,6.58,6.6,77982
2010-02-18 16:00:00-05:00,6.61,6.62,6.58,6.62,56127
2010-02-19 16:00:00-05:00,6.63,6.64,6.49,6.56,111605
2010-02-22 16:00:00-05:00,6.53,6.57,6.45,6.52,54601
2010-02-23 16:00:00-05:00,6.54,6.65,6.5105,6.65,55826
2010-02-24 16:00:00-05:00,6.65,6.7,6.61,6.7,75311
2010-02-25 16:00:00-05:00,6.64,6.67,6.6199,6.6301,43150
2010-02-26 16:00:00-05:00,6.66,6.72,6.5912,6.65,64294
2010-03-01 16:00:00-05:00,6.72,6.72,6.67,6.7,76685
2010-03-02 16:00:00-05:00,6.72,6.8,6.72,6.79,115486
2010-03-03 16:00:00-05:00,6.8,6.8,6.72,6.74,146533
2010-03-04 16:00:00-05:00,6.75,6.79,6.75,6.7505,60517
2010-03-05 16:00:00-05:00,6.79,6.79,6.66,6.69,163479
2010-03-08 16:00:00-05:00,6.72,6.72,6.66,6.69,45287
2010-03-09 16:00:00-05:00,6.65,6.67,6.6,6.6605,32512
2010-03-10 16:00:00-05:00,6.64,6.7,6.64,6.69,17884
2010-03-11 16:00:00-05:00,6.69,6.7,6.64,6.66,62328
2010-03-12 16:00:00-05:00,6.67,6.681,6.58,6.62,95999
2010-03-15 16:00:00-04:00,6.6,6.64,6.55,6.59,95211
2010-03-16 16:00:00-04:00,6.63,6.63,6.5805,6.5805,92733
2010-03-17 16:00:00-04:00,6.59,6.67,6.59,6.67,41501
2010-03-18 16:00:00-04:00,6.67,6.7,6.66,6.68,40286
2010-03-19 16:00:00-04:00,6.7,6.71,6.68,6.6838,36832
2010-03-22 16:00:00-04:00,6.68,6.75,6.68,6.75,63887
2010-03-23 16:00:00-04:00,6.75,6.78,6.73,6.7605,52787
2010-03-24 16:00:00-04:00,6.75,6.79,6.72,6.79,47626
2010-03-25 16:00:00-04:00,6.78,6.82,6.77,6.82,105661
2010-03-26 16:00:00-04:00,6.78,6.83,6.77,6.77,69626
2010-03-29 16:00:00-04:00,6.75,6.8,6.72,6.78,61529
2010-03-30 16:00:00-04:00,6.81,6.83,6.76,6.79,50880
2010-03-31 16:00:00-04:00,6.82,6.86,6.8,6.84,75217
2010-04-01 16:00:00-04:00,6.88,6.89,6.81,6.84,46399
2010-04-05 16:00:00-04:00,6.82,6.88,6.82,6.88,41530
2010-04-06 16:00:00-04:00,6.88,6.97,6.863,6.92,48919
2010-04-07 16:00:00-04:00,6.94,7.0,6.9,6.96,72136
2010-04-08 16:00:00-04:00,6.98,7.0,6.96,7.0,43769
2010-04-09 16:00:00-04:00,6.97,7.02,6.97,6.97,67602
2010-04-12 16:00:00-04:00,6.92,6.99,6.91,6.9649,73581
2010-04-13 16:00:00-04:00,6.95,7.0,6.92,7.0,35152
2010-04-14 16:00:00-04:00,7.01,7.03,6.95,6.96,33885
2010-04-15 16:00:00-04:00,6.96,6.96,6.82,6.85,125440
2010-04-16 16:00:00-04:00,6.88,6.91,6.87,6.91,49810
2010-04-19 16:00:00-04:00,6.88,6.89,6.7,6.83,174179
2010-04-20 16:00:00-04:00,6.83,6.87,6.81,6.84,53755
2010-04-21 16:00:00-04:00,6.82,6.87,6.81,6.85,33069
2010-04-22 16:00:00-04:00,6.81,6.89,6.79,6.89,73979
2010-04-23 16:00:00-04:00,6.86,6.91,6.86,6.91,52157
2010-04-26 16:00:00-04:00,6.9,6.91,6.87,6.91,56453
2010-04-27 16:00:00-04:00,6.9,6.94,6.88,6.92,79424
2010-04-28 16:00:00-04:00,6.89,6.98,6.89,6.97,65048
2010-04-29 16:00:00-04:00,6.95,6.9682,6.93,6.96,49206
2010-04-30 16:00:00-04:00,6.98,6.98,6.86,6.89,71028
2010-05-03 16:00:00-04:00,6.93,6.96,6.9,6.9501,39503
2010-05-04 16:00:00-04:00,6.96,6.98,6.93,6.98,60144
2010-05-05 16:00:00-04:00,6.98,7.0,6.97,7.0,27996
2010-05-06 16:00:00-04:00,6.99,6.99,0.7,6.65,184243
2010-05-07 16:00:00-04:00,6.71,6.8,6.6699,6.75,98550
2010-05-10 16:00:00-04:00,6.87,6.9,6.81,6.8399,90459
2010-05-11 16:00:00-04:00,6.7,6.89,6.7,6.88,60498
2010-05-12 16:00:00-04:00,6.89,6.95,6.85,6.95,34077
2010-05-13 16:00:00-04:00,6.93,6.96,6.9,6.96,24177
2010-05-14 16:00:00-04:00,6.89,6.92,6.66,6.78,124669
2010-05-17 16:00:00-04:00,6.78,6.8,6.72,6.77,66746
2010-05-18 16:00:00-04:00,6.79,6.82,6.73,6.76,65898
2010-05-19 16:00:00-04:00,6.75,6.796,6.68,6.71,62069
2010-05-20 16:00:00-04:00,6.67,6.7,6.51,6.6,74523
2010-05-21 16:00:00-04:00,6.43,6.67,6.38,6.63,96769
2010-05-24 16:00:00-04:00,6.55,6.72,6.55,6.72,35912
2010-05-25 16:00:00-04:00,6.65,6.69,6.45,6.68,93828
2010-05-26 16:00:00-04:00,6.74,6.83,6.58,6.75,45337
2010-05-27 16:00:00-04:00,6.78,6.85,6.75,6.84,47712
2010-05-28 16:00:00-04:00,6.9,6.9,6.82,6.842,47704
2010-06-01 16:00:00-04:00,6.85,6.85,6.79,6.81,63473
2010-06-02 16:00:00-04:00,6.81,6.9,6.78,6.88,44835
2010-06-03 16:00:00-04:00,6.89,6.93,6.87,6.91,39179
2010-06-04 16:00:00-04:00,6.87,6.92,6.86,6.91,27168
2010-06-07 16:00:00-04:00,6.91,6.93,6.9,6.93,31258
2010-06-08 16:00:00-04:00,6.9,6.91,6.82,6.88,66147
2010-06-09 16:00:00-04:00,6.86,6.91,6.8472,6.86,30409
2010-06-10 16:00:00-04:00,6.91,6.94,6.81,6.82,62246
2010-06-11 16:00:00-04:00,6.86,6.8799,6.81,6.85,45748
2010-06-14 16:00:00-04:00,6.9,6.95,6.85,6.89,61620
2010-06-15 16:00:00-04:00,6.9,6.93,6.87,6.88,30040
2010-06-16 16:00:00-04:00,6.88,6.89,6.83,6.83,54685
2010-06-17 16:00:00-04:00,6.85,6.87,6.84,6.85,26832
2010-06-18 16:00:00-04:00,6.86,6.94,6.86,6.94,55806
2010-06-21 16:00:00-04:00,6.91,6.93,6.85,6.88,88681
2010-06-22 16:00:00-04:00,6.86,6.87,6.82,6.83,52992
2010-06-23 16:00:00-04:00,6.83,6.8499,6.8,6.81,56077
2010-06-24 16:00:00-04:00,6.81,6.86,6.79,6.81,82102
2010-06-25 16:00:00-04:00,6.8,6.9,6.79,6.8754,52350
2010-06-28 16:00:00-04:00,6.9,6.94,6.87,6.94,55864
2010-06-29 16:00:00-04:00,6.93,6.94,6.88,6.94,63587
2010-06-30 16:00:00-04:00,6.93,6.95,6.9099,6.95,49466
2010-07-01 16:00:00-04:00,6.94,6.96,6.93,6.96,65614
2010-07-02 16:00:00-04:00,6.96,7.0,6.93,6.99,52904
2010-07-06 16:00:00-04:00,7.0,7.0,6.96,7.0,56656
2010-07-07 16:00:00-04:00,7.0,7.01,6.9499,7.01,53915
2010-07-08 16:00:00-04:00,7.01,7.05,7.0,7.01,47692
2010-07-09 16:00:00-04:00,7.02,7.06,7.0118,7.06,41967
2010-07-12 16:00:00-04:00,7.04,7.04,6.88,6.94,63639
2010-07-13 16:00:00-04:00,6.99,6.99,6.94,6.96,28855
2010-07-14 16:00:00-04:00,6.95,6.96,6.92,6.94,35969
2010-07-15 16:00:00-04:00,6.95,7.08,6.913,7.08,93823
2010-07-16 16:00:00-04:00,7.07,7.07,6.98,7.0199,73487
2010-07-19 16:00:00-04:00,7.01,7.05,7.01,7.05,26443
2010-07-20 16:00:00-04:00,7.04,7.08,7.03,7.08,49625
2010-07-21 16:00:00-04:00,7.06,7.11,7.06,7.07,42259
2010-07-22 16:00:00-04:00,7.12,7.12,7.07,7.12,40584
2010-07-23 16:00:00-04:00,7.08,7.14,7.0702,7.14,41677
2010-07-26 16:00:00-04:00,7.13,7.17,7.12,7.13,51825
2010-07-27 16:00:00-04:00,7.13,7.17,7.07,7.07,76850
2010-07-28 16:00:00-04:00,7.06,7.13,7.06,7.09,44092
2010-07-29 16:00:00-04:00,7.08,7.13,7.07,7.1,53821
2010-07-30 16:00:00-04:00,7.1,7.15,7.09,7.11,63255
2010-08-02 16:00:00-04:00,7.16,7.22,7.13,7.19,83788
2010-08-03 16:00:00-04:00,7.2,7.26,7.17,7.26,72416
2010-08-04 16:00:00-04:00,7.25,7.39,7.2464,7.33,98677
2010-08-05 16:00:00-04:00,7.32,7.32,7.22,7.24,112929
2010-08-06 16:00:00-04:00,7.24,7.32,7.24,7.32,39139
2010-08-09 16:00:00-04:00,7.3,7.33,7.3,7.33,56573
2010-08-10 16:00:00-04:00,7.3,7.39,7.28,7.31,101392
2010-08-11 16:00:00-04:00,7.31,7.35,7.12,7.12,139650
2010-08-12 16:00:00-04:00,7.1,7.18,7.07,7.09,64550
2010-08-13 16:00:00-04:00,7.12,7.2,7.1,7.18,30668
2010-08-16 16:00:00-04:00,7.2,7.2,7.15,7.19,51112
2010-08-17 16:00:00-04:00,7.17,7.21,7.14,7.21,63136
2010-08-18 16:00:00-04:00,7.19,7.23,7.1481,7.1601,40161
2010-08-19 16:00:00-04:00,7.18,7.24,7.17,7.18,95727
2010-08-20 16:00:00-04:00,7.18,7.23,7.18,7.23,42331
2010-08-23 16:00:00-04:00,7.23,7.23,7.16,7.2,81087
2010-08-24 16:00:00-04:00,7.16,7.21,7.16,7.16,38397
2010-08-25 16:00:00-04:00,7.17,7.18,7.14,7.18,51650
2010-08-26 16:00:00-04:00,7.13,7.25,7.13,7.24,93873
2010-08-27 16:00:00-04:00,7.23,7.24,7.17,7.19,47900
2010-08-30 16:00:00-04:00,7.18,7.19,7.16,7.19,47716
2010-08-31 16:00:00-04:00,7.25,7.25,7.17,7.18,47259
2010-09-01 16:00:00-04:00,7.18,7.19,7.17,7.19,72375
2010-09-02 16:00:00-04:00,7.2,7.218,7.16,7.19,50623
2010-09-03 16:00:00-04:00,7.17,7.19,7.1,7.13,81010
2010-09-07 16:00:00-04:00,7.15,7.17,7.07,7.11,120832
2010-09-08 16:00:00-04:00,7.1,7.16,7.1,7.14,105549
2010-09-09 16:00:00-04:00,7.14,7.16,7.13,7.16,58425
2010-09-10 16:00:00-04:00,7.14,7.17,7.11,7.17,75753
2010-09-13 16:00:00-04:00,7.11,7.16,7.08,7.16,52974
2010-09-14 16:00:00-04:00,7.13,7.16,7.1,7.14,46126
2010-09-15 16:00:00-04:00,7.13,7.13,6.98,6.99,99446
2010-09-16 16:00:00-04:00,6.97,7.02,6.86,6.96,109699
2010-09-17 16:00:00-04:00,6.99,7.06,6.94,6.99,85579
2010-09-20 16:00:00-04:00,6.99,7.05,6.9606,7.03,65983
2010-09-21 16:00:00-04:00,7.01,7.06,7.01,7.02,50343
2010-09-22 16:00:00-04:00,7.01,7.06,7.01,7.03,49237
2010-09-23 16:00:00-04:00,7.01,7.06,7.01,7.06,34832
2010-09-24 16:00:00-04:00,7.03,7.04,6.99,7.01,44920
2010-09-27 16:00:00-04:00,7.02,7.07,7.01,7.06,35033
2010-09-28 16:00:00-04:00,7.02,7.1,7.01,7.06,42657
2010-09-29 16:00:00-04:00,7.08,7.17,7.06,7.13,42406
2010-09-30 16:00:00-04:00,7.16,7.18,7.09,7.18,37338
2010-10-01 16:00:00-04:00,7.17,7.18,7.054,7.18,47338
2010-10-04 16:00:00-04:00,7.16,7.2,7.1,7.2,68432
2010-10-05 16:00:00-04:00,7.19,7.19,7.11,7.13,59110
2010-10-06 16:00:00-04:00,7.15,7.15,7.05,7.08,72373
2010-10-07 16:00:00-04:00,7.08,7.12,7.06,7.1,40102
2010-10-08 16:00:00-04:00,7.11,7.19,7.11,7.19,46743
2010-10-11 16:00:00-04:00,7.17,7.18,7.14,7.16,33194
2010-10-12 16:00:00-04:00,7.15,7.17,7.12,7.17,22281
2010-10-13 16:00:00-04:00,7.17,7.17,7.1,7.13,32752
2010-10-14 16:00:00-04:00,7.15,7.18,7.13,7.14,45854
2010-10-15 16:00:00-04:00,7.15,7.15,7.1,7.13,49176
2010-10-18 16:00:00-04:00,7.13,7.13,7.06,7.09,46171
2010-10-19 16:00:00-04:00,7.06,7.11,7.06,7.07,44461
2010-10-20 16:00:00-04:00,7.1,7.1,7.02,7.09,64762
2010-10-21 16:00:00-04:00,7.09,7.12,7.0645,7.11,47764
2010-10-22 16:00:00-04:00,7.13,7.13,7.07,7.13,54002
2010-10-25 16:00:00-04:00,7.12,7.13,7.07,7.13,121060
2010-10-26 16:00:00-04:00,7.12,7.12,7.08,7.11,79069
2010-10-27 16:00:00-04:00,7.11,7.15,7.1001,7.15,50412
2010-10-28 16:00:00-04:00,7.14,7.15,7.12,7.15,50424
2010-10-29 16:00:00-04:00,7.18,7.23,7.1401,7.23,66444
2010-11-01 16:00:00-04:00,7.24,7.25,7.13,7.17,98834
2010-11-02 16:00:00-04:00,7.19,7.22,7.12,7.15,73058
2010-11-03 16:00:00-04:00,7.18,7.23,7.12,7.22,80649
2010-11-04 16:00:00-04:00,7.22,7.24,7.16,7.16,75870
2010-11-05 16:00:00-04:00,7.19,7.23,7.16,7.19,64851
2010-11-08 16:00:00-05:00,7.16,7.19,7.11,7.11,58615
2010-11-09 16:00:00-05:00,7.15,7.17,7.08,7.1101,69420
2010-11-10 16:00:00-05:00,7.11,7.14,7.01,7.06,109022
2010-11-11 16:00:00-05:00,7.04,7.04,6.69,6.77,162896
2010-11-12 16:00:00-05:00,6.72,6.79,6.59,6.75,129660
2010-11-15 16:00:00-05:00,6.75,6.75,6.38,6.4987,237904
2010-11-16 16:00:00-05:00,6.21,6.48,5.96,6.45,375472
2010-11-17 16:00:00-05:00,6.49,6.64,6.35,6.64,133498
2010-11-18 16:00:00-05:00,6.63,6.63,6.37,6.54,133890
2010-11-19 16:00:00-05:00,6.54,6.63,6.51,6.63,109406
2010-11-22 16:00:00-05:00,6.56,6.75,6.55,6.73,172182
2010-11-23 16:00:00-05:00,6.7,6.73,6.64,6.65,89967
2010-11-24 16:00:00-05:00,6.64,6.76,6.64,6.7,63684
2010-11-26 13:00:00-05:00,6.7,6.78,6.7,6.75,30858
2010-11-29 16:00:00-05:00,6.75,6.78,6.65,6.69,83284
2010-11-30 16:00:00-05:00,6.71,6.71,6.6,6.64,122191
2010-12-01 16:00:00-05:00,6.68,6.69,6.5,6.51,126273
2010-12-02 16:00:00-05:00,6.51,6.64,6.48,6.58,144008
2010-12-03 16:00:00-05:00,6.57,6.64,6.53,6.63,110103
2010-12-06 16:00:00-05:00,6.63,6.64,6.55,6.63,63185
2010-12-07 16:00:00-05:00,6.63,6.63,6.28,6.34,197157
2010-12-08 16:00:00-05:00,6.34,6.41,6.2916,6.35,59164
2010-12-09 16:00:00-05:00,6.35,6.39,6.26,6.37,125485
2010-12-10 16:00:00-05:00,6.37,6.4,6.24,6.4,169919
2010-12-13 16:00:00-05:00,6.34,6.34,6.1,6.25,192353
2010-12-14 16:00:00-05:00,6.19,6.25,6.07,6.25,128982
2010-12-15 16:00:00-05:00,6.11,6.31,6.11,6.31,124713
2010-12-16 16:00:00-05:00,6.31,6.55,6.3,6.55,159449
2010-12-17 16:00:00-05:00,6.53,6.64,6.36,6.527,251270
2010-12-20 16:00:00-05:00,6.55,6.55,6.2,6.27,195927
2010-12-21 16:00:00-05:00,6.28,6.31,6.17,6.27,103395
2010-12-22 16:00:00-05:00,6.28,6.35,6.25,6.35,126922
2010-12-23 16:00:00-05:00,6.31,6.38,6.31,6.32,66240
2010-12-27 16:00:00-05:00,6.28,6.33,6.2,6.31,98141
2010-12-28 16:00:00-05:00,6.29,6.31,6.21,6.26,80984
2010-12-29 16:00:00-05:00,6.28,6.29,6.18,6.242,119265
2010-12-30 16:00:00-05:00,6.21,6.32,6.21,6.31,114677
2010-12-31 16:00:00-05:00,6.39,6.47,6.29,6.41,110021
2011-01-03 16:00:00-05:00,6.41,6.49,6.34,6.49,83326
2011-01-04 16:00:00-05:00,6.37,6.59,6.37,6.59,156173
2011-01-05 16:00:00-05:00,6.56,6.61,6.45,6.59,123053
2011-01-06 16:00:00-05:00,6.56,6.58,6.48,6.5,65640
2011-01-07 16:00:00-05:00,6.54,6.55,6.42,6.5064,49093
2011-01-10 16:00:00-05:00,6.5,6.52,6.37,6.39,95114
2011-01-11 16:00:00-05:00,6.34,6.37,6.25,6.34,51592
2011-01-12 16:00:00-05:00,6.29,6.35,6.19,6.28,87105
2011-01-13 16:00:00-05:00,6.25,6.25,6.06,6.15,163495
2011-01-14 16:00:00-05:00,6.08,6.08,5.81,6.05,323380
2011-01-18 16:00:00-05:00,6.0,6.18,5.94,6.13,137623
2011-01-19 16:00:00-05:00,6.1,6.125,6.01,6.01,91577
2011-01-20 16:00:00-05:00,6.02,6.11,5.99,6.09,106378
2011-01-21 16:00:00-05:00,6.09,6.21,6.05,6.21,134885
2011-01-24 16:00:00-05:00,6.23,6.25,6.17,6.24,129212
2011-01-25 16:00:00-05:00,6.25,6.3199,6.24,6.29,106223
2011-01-26 16:00:00-05:00,6.3,6.42,6.3,6.37,105920
2011-01-27 16:00:00-05:00,6.4,6.4,6.33,6.34,48978
2011-01-28 16:00:00-05:00,6.34,6.35,6.22,6.25,61858
2011-01-31 16:00:00-05:00,6.34,6.34,6.25,6.27,81013
2011-02-01 16:00:00-05:00,6.26,6.6,6.26,6.41,165360
2011-02-02 16:00:00-05:00,6.44,6.49,6.42,6.45,99017
2011-02-03 16:00:00-05:00,6.47,6.49,6.4,6.4,92412
2011-02-04 16:00:00-05:00,6.41,6.44,6.38,6.39,52542
2011-02-07 16:00:00-05:00,6.44,6.52,6.41,6.5,111921
2011-02-08 16:00:00-05:00,6.46,6.53,6.42,6.52,86178
2011-02-09 16:00:00-05:00,6.45,6.49,6.33,6.49,52565
2011-02-10 16:00:00-05:00,6.47,6.47,6.35,6.37,70229
2011-02-11 16:00:00-05:00,6.38,6.452,6.38,6.42,32095
2011-02-14 16:00:00-05:00,6.39,6.42,6.36,6.37,27986
2011-02-15 16:00:00-05:00,6.35,6.4,6.3,6.35,54283
2011-02-16 16:00:00-05:00,6.34,6.39,6.29,6.29,61143
2011-02-17 16:00:00-05:00,6.33,6.38,6.29,6.37,56308
2011-02-18 16:00:00-05:00,6.39,6.39,6.32,6.33,69299
2011-02-22 16:00:00-05:00,6.33,6.35,6.23,6.25,91932
2011-02-23 16:00:00-05:00,6.29,6.41,6.29,6.38,85530
2011-02-24 16:00:00-05:00,6.4,6.41,6.32,6.38,78083
2011-02-25 16:00:00-05:00,6.38,6.38,6.31,6.33,73846
2011-02-28 16:00:00-05:00,6.39,6.39,6.35,6.37,45714
2011-03-01 16:00:00-05:00,6.38,6.3801,6.34,6.38,53809
2011-03-02 16:00:00-05:00,6.36,6.39,6.36,6.38,39972
2011-03-03 16:00:00-05:00,6.36,6.38,6.3,6.32,59046
2011-03-04 16:00:00-05:00,6.34,6.35,6.32,6.32,43039
2011-03-07 16:00:00-05:00,6.34,6.4099,6.3299,6.38,54231
2011-03-08 16:00:00-05:00,6.34,6.44,6.33,6.41,95417
2011-03-09 16:00:00-05:00,6.39,6.42,6.32,6.33,73143
2011-03-10 16:00:00-05:00,6.32,6.4,6.29,6.4,45917
2011-03-11 16:00:00-05:00,6.36,6.3799,6.28,6.3,107100
2011-03-14 16:00:00-04:00,6.33,6.35,6.3,6.35,29805
2011-03-15 16:00:00-04:00,6.3,6.38,6.3,6.3301,61595
2011-03-16 16:00:00-04:00,6.34,6.35,6.3,6.3,23674
2011-03-17 16:00:00-04:00,6.34,6.34,6.28,6.32,33154
2011-03-18 16:00:00-04:00,6.32,6.33,6.25,6.28,73391
2011-03-21 16:00:00-04:00,6.3,6.31,6.27,6.286,46920
2011-03-22 16:00:00-04:00,6.22,6.26,6.21,6.26,93640
2011-03-23 16:00:00-04:00,6.26,6.33,6.21,6.31,88091
2011-03-24 16:00:00-04:00,6.31,6.31,6.24,6.27,74427
2011-03-25 16:00:00-04:00,6.25,6.29,6.21,6.23,79680
2011-03-28 16:00:00-04:00,6.25,6.3,6.25,6.3,78284
2011-03-29 16:00:00-04:00,6.3,6.38,6.27,6.38,80042
2011-03-30 16:00:00-04:00,6.36,6.38,6.3292,6.36,44369
2011-03-31 16:00:00-04:00,6.42,6.42,6.35,6.39,64587
2011-04-01 16:00:00-04:00,6.41,6.41,6.34,6.34,81216
2011-04-04 16:00:00-04:00,6.34,6.41,6.34,6.34,38191
2011-04-05 16:00:00-04:00,6.35,6.41,6.34,6.38,76777
2011-04-06 16:00:00-04:00,6.4,6.41,6.37,6.3892,29101
2011-04-07 16:00:00-04:00,6.39,6.41,6.36,6.41,62068
2011-04-08 16:00:00-04:00,6.39,6.4401,6.37,6.42,62752
2011-04-11 16:00:00-04:00,6.39,6.39,6.26,6.28,74528
2011-04-12 16:00:00-04:00,6.3,6.31,6.26,6.27,39918
2011-04-13 16:00:00-04:00,6.27,6.32,6.15,6.16,103683
2011-04-14 16:00:00-04:00,6.17,6.21,6.15,6.21,84157
2011-04-15 16:00:00-04:00,6.21,6.22,6.18,6.1901,89205
2011-04-18 16:00:00-04:00,6.23,6.33,6.19,6.33,74845
2011-04-19 16:00:00-04:00,6.33,6.33,6.24,6.25,41395
2011-04-20 16:00:00-04:00,6.34,6.37,6.27,6.33,48197
2011-04-21 16:00:00-04:00,6.36,6.38,6.34,6.378,45500
2011-04-25 16:00:00-04:00,6.36,6.38,6.31,6.31,57574
2011-04-26 16:00:00-04:00,6.33,6.35,6.3,6.3,78250
2011-04-27 16:00:00-04:00,6.29,6.31,6.26,6.29,73469
2011-04-28 16:00:00-04:00,6.31,6.35,6.29,6.32,37127
2011-04-29 16:00:00-04:00,6.36,6.38,6.32,6.36,62101
2011-05-02 16:00:00-04:00,6.39,6.39,6.37,6.39,41961
2011-05-03 16:00:00-04:00,6.39,6.42,6.34,6.38,62266
2011-05-04 16:00:00-04:00,6.35,6.37,6.3,6.33,95336
2011-05-05 16:00:00-04:00,6.35,6.39,6.33,6.38,48765
2011-05-06 16:00:00-04:00,6.38,6.47,6.3765,6.42,68107
2011-05-09 16:00:00-04:00,6.45,6.49,6.43,6.44,49331
2011-05-10 16:00:00-04:00,6.42,6.4599,6.37,6.38,70178
2011-05-11 16:00:00-04:00,6.41,6.42,6.37,6.37,51626
2011-05-12 16:00:00-04:00,6.34,6.45,6.34,6.41,52501
2011-05-13 16:00:00-04:00,6.4,6.5,6.4,6.46,100369
2011-05-16 16:00:00-04:00,6.48,6.49,6.43,6.43,22431
2011-05-17 16:00:00-04:00,6.43,6.47,6.43,6.45,35458
2011-05-18 16:00:00-04:00,6.47,6.5,6.46,6.49,72167
2011-05-19 16:00:00-04:00,6.47,6.5,6.46,6.47,39744
2011-05-20 16:00:00-04:00,6.46,6.51,6.45,6.46,29549
2011-05-23 16:00:00-04:00,6.47,6.48,6.44,6.48,70019
2011-05-24 16:00:00-04:00,6.48,6.56,6.48,6.51,80142
2011-05-25 16:00:00-04:00,6.49,6.54,6.48,6.5,86519
2011-05-26 16:00:00-04:00,6.55,6.56,6.51,6.56,50766
2011-05-27 16:00:00-04:00,6.53,6.58,6.52,6.52,35233
2011-05-31 16:00:00-04:00,6.56,6.57,6.54,6.55,41681
2011-06-01 16:00:00-04:00,6.54,6.62,6.54,6.57,55941
2011-06-02 16:00:00-04:00,6.57,6.58,6.52,6.54,49246
2011-06-03 16:00:00-04:00,6.56,6.61,6.53,6.59,48200
2011-06-06 16:00:00-04:00,6.56,6.72,6.56,6.64,59947
2011-06-07 16:00:00-04:00,6.65,6.6799,6.638,6.64,48454
2011-06-08 16:00:00-04:00,6.62,6.6201,6.56,6.6,39805
2011-06-09 16:00:00-04:00,6.61,6.62,6.52,6.62,62474
2011-06-10 16:00:00-04:00,6.61,6.61,6.551,6.6,37063
2011-06-13 16:00:00-04:00,6.58,6.5999,6.55,6.58,48164
2011-06-14 16:00:00-04:00,6.6,6.62,6.51,6.53,66452
2011-06-15 16:00:00-04:00,6.49,6.54,6.4801,6.5,36464
2011-06-16 16:00:00-04:00,6.4899,6.53,6.47,6.471,46724
2011-06-17 16:00:00-04:00,6.52,6.52,6.48,6.5,37403
2011-06-20 16:00:00-04:00,6.5,6.51,6.46,6.46,54155
2011-06-21 16:00:00-04:00,6.49,6.54,6.49,6.53,52625
2011-06-22 16:00:00-04:00,6.54,6.57,6.52,6.53,40919
2011-06-23 16:00:00-04:00,6.54,6.54,6.48,6.5,56661
2011-06-24 16:00:00-04:00,6.54,6.62,6.54,6.62,31102
2011-06-27 16:00:00-04:00,6.59,6.67,6.59,6.65,49110
2011-06-28 16:00:00-04:00,6.64,6.681,6.64,6.66,39403
2011-06-29 16:00:00-04:00,6.68,6.7,6.61,6.61,51188
2011-06-30 16:00:00-04:00,6.67,6.68,6.61,6.61,39184
2011-07-01 16:00:00-04:00,6.63,6.71,6.58,6.64,52437
2011-07-05 16:00:00-04:00,6.62,6.74,6.62,6.67,51046
2011-07-06 16:00:00-04:00,6.65,6.76,6.65,6.7,51971
2011-07-07 16:00:00-04:00,6.71,6.78,6.71,6.74,30636
2011-07-08 16:00:00-04:00,6.73,6.8989,6.73,6.86,63577
2011-07-11 16:00:00-04:00,6.84,6.89,6.78,6.84,57748
2011-07-12 16:00:00-04:00,6.82,6.82,6.75,6.76,38517
2011-07-13 16:00:00-04:00,6.77,6.7801,6.7,6.71,51215
2011-07-14 16:00:00-04:00,6.69,6.71,6.63,6.63,53603
2011-07-15 16:00:00-04:00,6.62,6.7,6.61,6.63,90284
2011-07-18 16:00:00-04:00,6.63,6.77,6.61,6.72,88767
2011-07-19 16:00:00-04:00,6.73,6.73,6.67,6.69,79071
2011-07-20 16:00:00-04:00,6.69,6.75,6.67,6.68,72873
2011-07-21 16:00:00-04:00,6.75,6.75,6.68,6.7,69849
2011-07-22 16:00:00-04:00,6.7,6.76,6.69,6.76,73708
2011-07-25 16:00:00-04:00,6.74,6.74,6.67,6.73,49808
2011-07-26 16:00:00-04:00,6.72,6.74,6.7,6.7,72773
2011-07-27 16:00:00-04:00,6.68,6.7,6.62,6.63,44316
2011-07-28 16:00:00-04:00,6.62,6.679,6.6,6.61,49624
2011-07-29 16:00:00-04:00,6.63,6.63,6.5,6.57,76393
2011-08-01 16:00:00-04:00,6.59,6.7,6.54,6.6,170219
2011-08-02 16:00:00-04:00,6.59,6.65,6.59,6.64,46671
2011-08-03 16:00:00-04:00,6.65,6.75,6.63,6.75,58018
2011-08-04 16:00:00-04:00,6.75,6.75,6.66,6.67,94579
2011-08-05 16:00:00-04:00,6.71,6.71,6.56,6.65,46431
2011-08-08 16:00:00-04:00,6.57,6.57,6.29,6.36,187027
2011-08-09 16:00:00-04:00,6.35,6.52,6.29,6.42,64752
2011-08-10 16:00:00-04:00,6.39,6.6,6.38,6.6,55469
2011-08-11 16:00:00-04:00,6.64,6.64,6.51,6.57,27067
2011-08-12 16:00:00-04:00,6.58,6.6,6.49,6.51,45116
2011-08-15 16:00:00-04:00,6.55,6.62,6.55,6.61,22614
2011-08-16 16:00:00-04:00,6.57,6.61,6.54,6.59,49016
2011-08-17 16:00:00-04:00,6.57,6.64,6.57,6.64,28598
2011-08-18 16:00:00-04:00,6.57,6.7,6.54,6.66,50385
2011-08-19 16:00:00-04:00,6.63,6.67,6.59,6.63,29454
2011-08-22 16:00:00-04:00,6.6,6.69,6.6,6.63,37001
2011-08-23 16:00:00-04:00,6.64,6.66,6.61,6.63,43107
2011-08-24 16:00:00-04:00,6.63,6.75,6.47,6.59,139917
2011-08-25 16:00:00-04:00,6.63,6.63,6.58,6.59,17669
2011-08-26 16:00:00-04:00,6.62,6.69,6.62,6.66,55864
2011-08-29 16:00:00-04:00,6.65,6.68,6.63,6.65,33969
2011-08-30 16:00:00-04:00,6.65,6.69,6.63,6.63,49261
2011-08-31 16:00:00-04:00,6.72,6.74,6.66,6.74,71330
2011-09-01 16:00:00-04:00,6.74,6.75,6.67,6.67,29447
2011-09-02 16:00:00-04:00,6.69,6.69,6.63,6.66,41982
2011-09-06 16:00:00-04:00,6.63,6.71,6.61,6.69,51524
2011-09-07 16:00:00-04:00,6.7,6.729,6.7,6.71,26960
2011-09-08 16:00:00-04:00,6.7,6.72,6.6685,6.67,48737
2011-09-09 16:00:00-04:00,6.65,6.67,6.61,6.67,38940
2011-09-12 16:00:00-04:00,6.65,6.74,6.63,6.74,31590
2011-09-13 16:00:00-04:00,6.72,6.82,6.72,6.82,45758
2011-09-14 16:00:00-04:00,6.79,6.79,6.69,6.75,48701
2011-09-15 16:00:00-04:00,6.75,6.75,6.65,6.68,57789
2011-09-16 16:00:00-04:00,6.71,6.75,6.7,6.73,18415
2011-09-19 16:00:00-04:00,6.72,6.78,6.72,6.77,32423
2011-09-20 16:00:00-04:00,6.79,6.8,6.72,6.74,62829
2011-09-21 16:00:00-04:00,6.77,6.78,6.72,6.77,34479
2011-09-22 16:00:00-04:00,6.69,6.81,6.66,6.81,65376
2011-09-23 16:00:00-04:00,6.82,6.84,6.7164,6.7644,70329
2011-09-26 16:00:00-04:00,6.78,6.8,6.7,6.76,58025
2011-09-27 16:00:00-04:00,6.77,6.8,6.61,6.7,101499
2011-09-28 16:00:00-04:00,6.74,6.79,6.72,6.75,29285
2011-09-29 16:00:00-04:00,6.8,6.8,6.75,6.8,38041
2011-09-30 16:00:00-04:00,6.8,6.82,6.75,6.75,46661
2011-10-03 16:00:00-04:00,6.79,6.85,6.788,6.83,68988
2011-10-04 16:00:00-04:00,6.83,6.83,6.71,6.72,43920
2011-10-05 16:00:00-04:00,6.72,6.78,6.7,6.7,44649
2011-10-06 16:00:00-04:00,6.7,6.74,6.68,6.7,46000
2011-10-07 16:00:00-04:00,6.73,6.73,6.6101,6.65,32819
2011-10-10 16:00:00-04:00,6.62,6.73,6.62,6.71,57758
2011-10-11 16:00:00-04:00,6.66,6.8,6.6,6.77,70353
2011-10-12 16:00:00-04:00,6.79,6.79,6.62,6.7,60253
2011-10-13 16:00:00-04:00,6.7,6.78,6.69,6.77,39648
2011-10-14 16:00:00-04:00,6.83,6.85,6.73,6.82,79628
2011-10-17 16:00:00-04:00,6.79,6.88,6.75,6.82,67651
2011-10-18 16:00:00-04:00,6.83,6.915,6.81,6.83,93800
2011-10-19 16:00:00-04:00,6.81,6.88,6.81,6.85,29480
2011-10-20 16:00:00-04:00,6.83,6.89,6.82,6.89,32277
2011-10-21 16:00:00-04:00,6.89,6.93,6.88,6.93,44413
2011-10-24 16:00:00-04:00,6.94,6.97,6.92,6.94,46287
2011-10-25 16:00:00-04:00,6.97,6.99,6.9,6.9,78021
2011-10-26 16:00:00-04:00,6.96,6.99,6.93,6.99,38681
2011-10-27 16:00:00-04:00,6.97,6.9806,6.87,6.89,60283
2011-10-28 16:00:00-04:00,6.93,6.9604,6.85,6.85,51770
2011-10-31 16:00:00-04:00,6.98,6.98,6.861,6.88,63212
2011-11-01 16:00:00-04:00,6.85,6.93,6.81,6.85,71488
2011-11-02 16:00:00-04:00,6.92,6.92,6.82,6.82,42420
2011-11-03 16:00:00-04:00,6.82,6.84,6.79,6.83,61606
2011-11-04 16:00:00-04:00,6.82,6.847,6.77,6.77,54837
2011-11-07 16:00:00-05:00,6.81,6.86,6.78,6.79,53907
2011-11-08 16:00:00-05:00,6.82,6.87,6.8,6.86,33455
2011-11-09 16:00:00-05:00,6.86,6.9,6.831,6.86,89966
2011-11-10 16:00:00-05:00,6.89,6.9,6.82,6.84,54980
2011-11-11 16:00:00-05:00,6.86,6.9,6.81,6.86,65724
2011-11-14 16:00:00-05:00,6.9,6.98,6.85,6.9,68802
2011-11-15 16:00:00-05:00,6.86,6.93,6.79,6.89,79618
2011-11-16 16:00:00-05:00,6.9,6.9,6.82,6.85,50879
2011-11-17 16:00:00-05:00,6.96,6.96,6.86,6.87,101004
2011-11-18 16:00:00-05:00,6.9,6.94,6.88,6.94,56728
2011-11-21 16:00:00-05:00,6.94,6.99,6.9,6.98,47824
2011-11-22 16:00:00-05:00,6.97,7.0,6.95,6.99,105272
2011-11-23 16:00:00-05:00,6.98,6.98,6.94,6.96,59872
2011-11-25 13:00:00-05:00,6.97,7.0,6.93,7.0,54104
2011-11-28 16:00:00-05:00,7.0,7.02,6.94,6.94,38571
2011-11-29 16:00:00-05:00,6.98,7.01,6.85,6.92,93280
2011-11-30 16:00:00-05:00,6.98,7.02,6.92,6.96,60708
2011-12-01 16:00:00-05:00,6.99,6.99,6.9401,6.98,40212
2011-12-02 16:00:00-05:00,6.98,7.03,6.9602,7.01,49922
2011-12-05 16:00:00-05:00,7.01,7.07,6.99,7.07,34844
2011-12-06 16:00:00-05:00,7.07,7.1,7.04,7.1,49542
2011-12-07 16:00:00-05:00,7.1,7.1,7.06,7.1,68570
2011-12-08 16:00:00-05:00,7.07,7.09,7.03,7.05,55045
2011-12-09 16:00:00-05:00,7.02,7.12,7.01,7.12,58496
2011-12-12 16:00:00-05:00,7.12,7.12,6.99,7.06,69385
2011-12-13 16:00:00-05:00,7.08,7.11,7.02,7.06,46974
2011-12-14 16:00:00-05:00,7.09,7.09,6.98,7.01,52229
2011-12-15 16:00:00-05:00,7.04,7.09,7.0066,7.01,41927
2011-12-16 16:00:00-05:00,7.05,7.1,7.01,7.09,59062
2011-12-19 16:00:00-05:00,7.13,7.13,7.05,7.05,37510
2011-12-20 16:00:00-05:00,7.05,7.09,7.02,7.06,73043
2011-12-21 16:00:00-05:00,7.04,7.06,6.97,7.0,97184
2011-12-22 16:00:00-05:00,7.05,7.09,7.0,7.08,70851
2011-12-23 16:00:00-05:00,7.11,7.11,7.03,7.04,92138
2011-12-27 16:00:00-05:00,7.06,7.14,7.05,7.09,44785
2011-12-28 16:00:00-05:00,7.11,7.14,7.08,7.1,56690
2011-12-29 16:00:00-05:00,7.13,7.13,7.08,7.08,34180
2011-12-30 16:00:00-05:00,7.09,7.14,7.07,7.11,65724
2012-01-03 16:00:00-05:00,7.1,7.14,7.05,7.07,77513
2012-01-04 16:00:00-05:00,7.07,7.14,7.04,7.11,69060
2012-01-05 16:00:00-05:00,7.09,7.14,7.08,7.12,71448
2012-01-06 16:00:00-05:00,7.14,7.14,7.1,7.139,52565
2012-01-09 16:00:00-05:00,7.12,7.15,7.12,7.15,35768
2012-01-10 16:00:00-05:00,7.18,7.27,7.13,7.23,87502
2012-01-11 16:00:00-05:00,7.24,7.31,7.22,7.25,63871
2012-01-12 16:00:00-05:00,7.26,7.3,7.23,7.26,74184
2012-01-13 16:00:00-05:00,7.28,7.3,7.22,7.28,68768
2012-01-17 16:00:00-05:00,7.37,7.37,7.26,7.26,102045
2012-01-18 16:00:00-05:00,7.25,7.26,7.17,7.17,85870
2012-01-19 16:00:00-05:00,7.21,7.27,7.19,7.27,69826
2012-01-20 16:00:00-05:00,7.25,7.3,7.21,7.28,52048
2012-01-23 16:00:00-05:00,7.3,7.35,7.25,7.35,35305
2012-01-24 16:00:00-05:00,7.33,7.33,7.28,7.28,40813
2012-01-25 16:00:00-05:00,7.27,7.34,7.27,7.29,42442
2012-01-26 16:00:00-05:00,7.32,7.35,7.3,7.31,50456
2012-01-27 16:00:00-05:00,7.31,7.49,7.3,7.49,177382
2012-01-30 16:00:00-05:00,7.48,7.56,7.44,7.49,193432
2012-01-31 16:00:00-05:00,7.56,7.58,7.46,7.47,71888
2012-02-01 16:00:00-05:00,7.53,7.55,7.43,7.44,81081
2012-02-02 16:00:00-05:00,7.53,7.53,7.41,7.41,64172
2012-02-03 16:00:00-05:00,7.41,7.45,7.36,7.39,91313
2012-02-06 16:00:00-05:00,7.4,7.4,7.32,7.32,58751
2012-02-07 16:00:00-05:00,7.33,7.4,7.33,7.37,42487
2012-02-08 16:00:00-05:00,7.37,7.42,7.36,7.36,45081
2012-02-09 16:00:00-05:00,7.4,7.404,7.3,7.3,85847
2012-02-10 16:00:00-05:00,7.32,7.36,7.28,7.34,80283
2012-02-13 16:00:00-05:00,7.37,7.41,7.34,7.38,74545
2012-02-14 16:00:00-05:00,7.36,7.36,7.21,7.21,68198
2012-02-15 16:00:00-05:00,7.2,7.24,7.1,7.12,101783
2012-02-16 16:00:00-05:00,7.1,7.12,7.03,7.04,137220
2012-02-17 16:00:00-05:00,7.02,7.08,6.99,7.02,118995
2012-02-21 16:00:00-05:00,7.03,7.16,7.03,7.09,241111
2012-02-22 16:00:00-05:00,7.1,7.16,7.07,7.16,96338
2012-02-23 16:00:00-05:00,7.14,7.188,7.11,7.17,75702
2012-02-24 16:00:00-05:00,7.18,7.25,7.14,7.24,52455
2012-02-27 16:00:00-05:00,7.23,7.3,7.21,7.3,57315
2012-02-28 16:00:00-05:00,7.28,7.37,7.23,7.36,142589
2012-02-29 16:00:00-05:00,7.38,7.38,7.32,7.35,63920
2012-03-01 16:00:00-05:00,7.39,7.39,7.24,7.27,147125
2012-03-02 16:00:00-05:00,7.26,7.35,7.26,7.29,109831
2012-03-05 16:00:00-05:00,7.3,7.38,7.3,7.36,78908
2012-03-06 16:00:00-05:00,7.33,7.4,7.28,7.34,111319
2012-03-07 16:00:00-05:00,7.37,7.43,7.26,7.26,101312
2012-03-08 16:00:00-05:00,7.35,7.48,7.35,7.45,153834
2012-03-09 16:00:00-05:00,7.47,7.54,7.42,7.49,87048
2012-03-12 16:00:00-04:00,7.47,7.57,7.47,7.55,70395
2012-03-13 16:00:00-04:00,7.5,7.54,7.4,7.48,87282
2012-03-14 16:00:00-04:00,7.51,7.51,7.319,7.37,108427
2012-03-15 16:00:00-04:00,7.34,7.3499,7.13,7.21,158947
2012-03-16 16:00:00-04:00,7.21,7.21,7.0,7.15,151722
2012-03-19 16:00:00-04:00,7.14,7.2,7.05,7.18,80123
2012-03-20 16:00:00-04:00,7.17,7.27,7.06,7.12,116151
2012-03-21 16:00:00-04:00,7.15,7.2135,7.14,7.2,96065
2012-03-22 16:00:00-04:00,7.19,7.22,7.12,7.18,67565
2012-03-23 16:00:00-04:00,7.2,7.2,7.11,7.12,55274
2012-03-26 16:00:00-04:00,7.13,7.15,7.11,7.11,61930
2012-03-27 16:00:00-04:00,7.11,7.28,7.07,7.21,110738
2012-03-28 16:00:00-04:00,7.23,7.34,7.21,7.34,71429
2012-03-29 16:00:00-04:00,7.34,7.3499,7.2604,7.29,57735
2012-03-30 16:00:00-04:00,7.29,7.3,7.26,7.29,62388
2012-04-02 16:00:00-04:00,7.31,7.39,7.22,7.29,81294
2012-04-03 16:00:00-04:00,7.34,7.36,7.23,7.26,114557
2012-04-04 16:00:00-04:00,7.29,7.44,7.26,7.38,72563
2012-04-05 16:00:00-04:00,7.4,7.42,7.33,7.35,35403
2012-04-09 16:00:00-04:00,7.37,7.43,7.35,7.42,52961
2012-04-10 16:00:00-04:00,7.43,7.445,7.33,7.41,49173
2012-04-11 16:00:00-04:00,7.44,7.45,7.37,7.43,55736
2012-04-12 16:00:00-04:00,7.38,7.45,7.36,7.45,59806
2012-04-13 16:00:00-04:00,7.47,7.49,7.421,7.48,37700
2012-04-16 16:00:00-04:00,7.46,7.51,7.43,7.48,65777
2012-04-17 16:00:00-04:00,7.34,7.45,7.17,7.4,69305
2012-04-18 16:00:00-04:00,7.37,7.47,7.37,7.45,54044
2012-04-19 16:00:00-04:00,7.49,7.53,7.44,7.51,86530
2012-04-20 16:00:00-04:00,7.53,7.5399,7.455,7.52,34382
2012-04-23 16:00:00-04:00,7.52,7.54,7.4703,7.53,71181
2012-04-24 16:00:00-04:00,7.53,7.54,7.46,7.52,76408
2012-04-25 16:00:00-04:00,7.52,7.53,7.39,7.41,96559
2012-04-26 16:00:00-04:00,7.41,7.54,7.38,7.51,118336
2012-04-27 16:00:00-04:00,7.52,7.58,7.51,7.58,112823
2012-04-30 16:00:00-04:00,7.58,7.58,7.5401,7.57,57243
2012-05-01 16:00:00-04:00,7.56,7.61,7.55,7.58,69487
2012-05-02 16:00:00-04:00,7.55,7.59,7.53,7.59,78403
2012-05-03 16:00:00-04:00,7.55,7.57,7.54,7.56,80233
2012-05-04 16:00:00-04:00,7.55,7.58,7.5225,7.57,87335
2012-05-07 16:00:00-04:00,7.56,7.59,7.52,7.59,74051
2012-05-08 16:00:00-04:00,7.6,7.6,7.55,7.6,83928
2012-05-09 16:00:00-04:00,7.6,7.62,7.55,7.6,132404
2012-05-10 16:00:00-04:00,7.6,7.62,7.53,7.57,80738
2012-05-11 16:00:00-04:00,7.57,7.63,7.57,7.62,68878
2012-05-14 16:00:00-04:00,7.59,7.61,7.59,7.61,91865
2012-05-15 16:00:00-04:00,7.59,7.64,7.54,7.62,76154
2012-05-16 16:00:00-04:00,7.55,7.63,7.53,7.61,85915
2012-05-17 16:00:00-04:00,7.62,7.69,7.59,7.69,79962
2012-05-18 16:00:00-04:00,7.69,7.69,7.57,7.57,32175
2012-05-21 16:00:00-04:00,7.63,7.66,7.58,7.65,60077
2012-05-22 16:00:00-04:00,7.62,7.65,7.56,7.63,33183
2012-05-23 16:00:00-04:00,7.65,7.66,7.6125,7.65,32549
2012-05-24 16:00:00-04:00,7.66,7.66,7.62,7.66,39443
2012-05-25 16:00:00-04:00,7.66,7.66,7.64,7.66,52039
2012-05-29 16:00:00-04:00,7.65,7.65,7.59,7.64,70083
2012-05-30 16:00:00-04:00,7.63,7.65,7.58,7.65,30442
2012-05-31 16:00:00-04:00,7.64,7.65,7.58,7.65,42812
2012-06-01 16:00:00-04:00,7.63,7.68,7.56,7.58,112738
2012-06-04 16:00:00-04:00,7.58,7.66,7.58,7.66,28856
2012-06-05 16:00:00-04:00,7.61,7.64,7.59,7.62,24186
2012-06-06 16:00:00-04:00,7.61,7.63,7.56,7.57,43145
2012-06-07 16:00:00-04:00,7.61,7.62,7.45,7.51,24893
2012-06-08 16:00:00-04:00,7.52,7.56,7.5,7.56,71020
2012-06-11 16:00:00-04:00,7.54,7.5599,7.45,7.51,71568
2012-06-12 16:00:00-04:00,7.46,7.47,7.38,7.41,84899
2012-06-13 16:00:00-04:00,7.39,7.44,7.35,7.39,46281
2012-06-14 16:00:00-04:00,7.43,7.45,7.36,7.37,70725
2012-06-15 16:00:00-04:00,7.4,7.41,7.35,7.38,59266
2012-06-18 16:00:00-04:00,7.36,7.43,7.36,7.43,37817
2012-06-19 16:00:00-04:00,7.44,7.49,7.43,7.47,53831
2012-06-20 16:00:00-04:00,7.49,7.52,7.36,7.46,96961
2012-06-21 16:00:00-04:00,7.48,7.54,7.45,7.51,49570
2012-06-22 16:00:00-04:00,7.46,7.5,7.4,7.42,68704
2012-06-25 16:00:00-04:00,7.43,7.48,7.39,7.45,72632
2012-06-26 16:00:00-04:00,7.48,7.48,7.4,7.45,58081
2012-06-27 16:00:00-04:00,7.47,7.65,7.45,7.65,110833
2012-06-28 16:00:00-04:00,7.63,7.74,7.5796,7.74,163932
2012-06-29 16:00:00-04:00,7.75,7.85,7.724,7.85,83227
2012-07-02 16:00:00-04:00,7.82,7.99,7.75,7.85,127928
2012-07-03 13:00:00-04:00,7.89,7.98,7.873,7.97,41637
2012-07-05 16:00:00-04:00,7.94,8.04,7.91,7.97,195021
2012-07-06 16:00:00-04:00,7.97,8.06,7.97,8.06,107195
2012-07-09 16:00:00-04:00,8.04,8.04,7.86,7.92,95339
2012-07-10 16:00:00-04:00,7.98,7.98,7.86,7.9,65945
2012-07-11 16:00:00-04:00,7.94,7.94,7.775,7.89,81189
2012-07-12 16:00:00-04:00,7.85,7.85,7.71,7.73,54631
2012-07-13 16:00:00-04:00,7.73,7.85,7.73,7.74,57127
2012-07-16 16:00:00-04:00,7.74,7.83,7.7,7.73,95605
2012-07-17 16:00:00-04:00,7.77,7.79,7.63,7.63,109310
2012-07-18 16:00:00-04:00,7.64,7.78,7.63,7.75,78719
2012-07-19 16:00:00-04:00,7.73,7.76,7.68,7.7,57066
2012-07-20 16:00:00-04:00,7.72,7.76,7.68,7.76,47215
2012-07-23 16:00:00-04:00,7.75,7.8,7.7201,7.75,54634
2012-07-24 16:00:00-04:00,7.75,7.82,7.74,7.74,93309
2012-07-25 16:00:00-04:00,7.74,7.83,7.74,7.75,75986
2012-07-26 16:00:00-04:00,7.76,7.79,7.709,7.73,77711
2012-07-27 16:00:00-04:00,7.72,7.8,7.72,7.79,56917
2012-07-30 16:00:00-04:00,7.75,7.83,7.7299,7.83,69374
2012-07-31 16:00:00-04:00,7.85,7.85,7.76,7.76,70607
2012-08-01 16:00:00-04:00,7.8,7.8,7.77,7.8,39614
2012-08-02 16:00:00-04:00,7.77,7.8,7.64,7.8,55474
2012-08-03 16:00:00-04:00,7.77,7.8,7.77,7.8,40520
2012-08-06 16:00:00-04:00,7.75,7.8,7.7,7.71,58789
2012-08-07 16:00:00-04:00,7.71,7.79,7.71,7.73,69864
2012-08-08 16:00:00-04:00,7.69,7.79,7.67,7.692,58990
2012-08-09 16:00:00-04:00,7.67,7.69,7.58,7.59,57209
2012-08-10 16:00:00-04:00,7.62,7.65,7.53,7.53,33461
2012-08-13 16:00:00-04:00,7.51,7.57,7.49,7.55,115025
2012-08-14 16:00:00-04:00,7.52,7.59,7.48,7.58,44773
2012-08-15 16:00:00-04:00,7.56,7.68,7.52,7.57,88944
2012-08-16 16:00:00-04:00,7.63,7.66,7.59,7.6032,55778
2012-08-17 16:00:00-04:00,7.64,7.64,7.54,7.64,71460
2012-08-20 16:00:00-04:00,7.63,7.64,7.58,7.64,27621
2012-08-21 16:00:00-04:00,7.62,7.62,7.53,7.6,63948
2012-08-22 16:00:00-04:00,7.58,7.58,7.38,7.49,73525
2012-08-23 16:00:00-04:00,7.51,7.59,7.34,7.37,192513
2012-08-24 16:00:00-04:00,7.36,7.47,7.341,7.44,61654
2012-08-27 16:00:00-04:00,7.48,7.5301,7.35,7.45,195597
2012-08-28 16:00:00-04:00,7.46,7.546,7.46,7.53,123891
2012-08-29 16:00:00-04:00,7.56,7.61,7.51,7.6,71130
2012-08-30 16:00:00-04:00,7.6,7.67,7.55,7.67,101010
2012-08-31 16:00:00-04:00,7.73,7.73,7.65,7.69,65260
2012-09-04 16:00:00-04:00,7.73,7.74,7.69,7.72,61981
2012-09-05 16:00:00-04:00,7.72,7.731,7.6724,7.731,62548
2012-09-06 16:00:00-04:00,7.75,7.76,7.69,7.72,76534
2012-09-07 16:00:00-04:00,7.76,7.81,7.73,7.8,94419
2012-09-10 16:00:00-04:00,7.79,7.8,7.74,7.78,68006
2012-09-11 16:00:00-04:00,7.78,7.83,7.73,7.8,80544
2012-09-12 16:00:00-04:00,7.84,7.84,7.75,7.81,95835
2012-09-13 16:00:00-04:00,7.84,7.84,7.77,7.82,126352
2012-09-14 16:00:00-04:00,7.86,7.86,7.78,7.82,110231
2012-09-17 16:00:00-04:00,7.84,7.84,7.75,7.81,117986
2012-09-18 16:00:00-04:00,7.8,7.88,7.78,7.82,102106
2012-09-19 16:00:00-04:00,7.86,7.92,7.85,7.9,86055
2012-09-20 16:00:00-04:00,7.92,7.92,7.88,7.92,104400
2012-09-21 16:00:00-04:00,7.92,8.0,7.9,8.0,73003
2012-09-24 16:00:00-04:00,7.98,8.09,7.97,8.09,111623
2012-09-25 16:00:00-04:00,8.1,8.14,8.02,8.14,92554
2012-09-26 16:00:00-04:00,8.15,8.23,8.0676,8.23,180707
2012-09-27 16:00:00-04:00,8.24,8.24,8.12,8.18,79736
2012-09-28 16:00:00-04:00,8.22,8.25,8.1,8.25,111014
2012-10-01 16:00:00-04:00,8.26,8.34,8.2,8.29,123527
2012-10-02 16:00:00-04:00,8.34,8.34,8.13,8.15,118672
2012-10-03 16:00:00-04:00,8.2,8.2,8.1001,8.15,92632
2012-10-04 16:00:00-04:00,8.2,8.2,8.1,8.15,87060
2012-10-05 16:00:00-04:00,8.18,8.23,8.1,8.23,75832
2012-10-08 16:00:00-04:00,8.18,8.2,8.12,8.19,108612
2012-10-09 16:00:00-04:00,8.18,8.18,8.03,8.03,67592
2012-10-10 16:00:00-04:00,8.07,8.08,7.95,7.97,61436
2012-10-11 16:00:00-04:00,8.0,8.0,7.92,7.93,71664
2012-10-12 16:00:00-04:00,7.97,8.04,7.91,7.97,63454
2012-10-15 16:00:00-04:00,7.99,7.99,7.84,7.93,83855
2012-10-16 16:00:00-04:00,7.91,7.91,7.82,7.8401,57024
2012-10-17 16:00:00-04:00,7.88,7.9,7.81,7.81,25236
2012-10-18 16:00:00-04:00,7.84,7.8401,7.66,7.67,105670
2012-10-19 16:00:00-04:00,7.75,7.79,7.69,7.77,48857
2012-10-22 16:00:00-04:00,7.8,7.81,7.71,7.75,84092
2012-10-23 16:00:00-04:00,7.79,7.87,7.75,7.85,64945
2012-10-24 16:00:00-04:00,7.89,7.96,7.86,7.96,75613
2012-10-25 16:00:00-04:00,7.97,7.97,7.9,7.93,29096
2012-10-26 16:00:00-04:00,7.89,7.95,7.8,7.81,114653
2012-10-31 16:00:00-04:00,7.83,7.88,7.77,7.81,57973
2012-11-01 16:00:00-04:00,7.81,7.86,7.7301,7.78,86928
2012-11-02 16:00:00-04:00,7.81,7.82,7.67,7.77,93003
2012-11-05 16:00:00-05:00,7.72,7.72,7.65,7.7,55248
2012-11-06 16:00:00-05:00,7.72,7.8,7.671,7.78,37444
2012-11-07 16:00:00-05:00,7.82,7.84,7.69,7.81,77970
2012-11-08 16:00:00-05:00,7.81,7.88,7.78,7.84,76947
2012-11-09 16:00:00-05:00,7.88,7.92,7.88,7.89,58399
2012-11-12 16:00:00-05:00,7.84,7.87,7.82,7.84,59574
2012-11-13 16:00:00-05:00,7.79,7.79,7.7,7.75,32324
2012-11-14 16:00:00-05:00,7.76,7.77,7.57,7.64,138637
2012-11-15 16:00:00-05:00,7.67,7.67,7.22,7.53,216044
2012-11-16 16:00:00-05:00,7.53,7.72,7.49,7.7,60010
2012-11-19 16:00:00-05:00,7.68,7.83,7.68,7.79,69244
2012-11-20 16:00:00-05:00,7.79,7.84,7.7432,7.84,77501
2012-11-21 16:00:00-05:00,7.87,7.89,7.83,7.88,70018
2012-11-23 13:00:00-05:00,7.93,7.93,7.87,7.9,24010
2012-11-26 16:00:00-05:00,7.93,7.93,7.7995,7.85,52365
2012-11-27 16:00:00-05:00,7.9,7.97,7.86,7.97,90719
2012-11-28 16:00:00-05:00,7.97,7.99,7.91,7.97,110651
2012-11-29 16:00:00-05:00,7.98,8.02,7.96,8.02,85494
2012-11-30 16:00:00-05:00,8.06,8.06,7.96,8.0,100505
2012-12-03 16:00:00-05:00,8.03,8.08,7.94,8.03,130789
2012-12-04 16:00:00-05:00,8.05,8.05,7.9801,8.02,74793
2012-12-05 16:00:00-05:00,8.03,8.08,7.98,8.07,84850
2012-12-06 16:00:00-05:00,8.07,8.07,7.97,8.05,89924
2012-12-07 16:00:00-05:00,8.07,8.07,8.02,8.03,97391
2012-12-10 16:00:00-05:00,8.05,8.06,7.95,7.98,97079
2012-12-11 16:00:00-05:00,8.0,8.1,7.9,8.03,78364
2012-12-12 16:00:00-05:00,8.08,8.09,7.99,8.07,107804
2012-12-13 16:00:00-05:00,8.06,8.11,7.96,8.11,144860
2012-12-14 16:00:00-05:00,8.07,8.1,7.9601,8.07,66525
2012-12-17 16:00:00-05:00,8.06,8.06,7.86,8.0,87520
2012-12-18 16:00:00-05:00,7.92,7.95,7.7101,7.74,102753
2012-12-19 16:00:00-05:00,7.99,8.03,7.74,7.87,91443
2012-12-20 16:00:00-05:00,7.89,7.91,7.76,7.76,75482
2012-12-21 16:00:00-05:00,7.8,7.92,7.73,7.83,107437
2012-12-24 13:00:00-05:00,7.88,7.88,7.73,7.81,112737
2012-12-26 16:00:00-05:00,7.77,7.8,7.58,7.6,119961
2012-12-27 16:00:00-05:00,7.59,7.6,7.49,7.52,113613
2012-12-28 16:00:00-05:00,7.45,7.59,7.45,7.55,77142
2012-12-31 16:00:00-05:00,7.6,7.62,7.46,7.62,83585
2013-01-02 16:00:00-05:00,7.64,7.79,7.64,7.79,48089
2013-01-03 16:00:00-05:00,7.83,7.86,7.76,7.81,37212
2013-01-04 16:00:00-05:00,7.85,7.96,7.77,7.95,40117
2013-01-07 16:00:00-05:00,7.97,8.02,7.901,7.98,51221
2013-01-08 16:00:00-05:00,7.92,7.95,7.8,7.86,79736
2013-01-09 16:00:00-05:00,7.84,7.93,7.82,7.9,63408
2013-01-10 16:00:00-05:00,7.89,7.89,7.8,7.84,50925
2013-01-11 16:00:00-05:00,7.89,7.89,7.76,7.84,89510
2013-01-14 16:00:00-05:00,7.88,7.91,7.83,7.91,80396
2013-01-15 16:00:00-05:00,7.82,7.8674,7.72,7.73,130726
2013-01-16 16:00:00-05:00,7.75,7.86,7.67,7.86,72852
2013-01-17 16:00:00-05:00,7.89,7.9,7.81,7.86,41324
2013-01-18 16:00:00-05:00,7.81,7.89,7.81,7.86,67348
2013-01-22 16:00:00-05:00,7.91,7.92,7.87,7.92,65570
2013-01-23 16:00:00-05:00,7.92,8.02,7.9,8.02,54896
2013-01-24 16:00:00-05:00,8.04,8.04,7.92,8.02,43461
2013-01-25 16:00:00-05:00,8.04,8.04,7.93,8.03,98751
2013-01-28 16:00:00-05:00,8.03,8.03,7.78,7.87,85866
2013-01-29 16:00:00-05:00,7.92,8.01,7.8125,7.88,72527
2013-01-30 16:00:00-05:00,7.9,7.93,7.76,7.85,83571
2013-01-31 16:00:00-05:00,7.9,7.9,7.7748,7.84,81837
2013-02-01 16:00:00-05:00,7.82,7.92,7.74,7.786,92438
2013-02-04 16:00:00-05:00,7.74,7.84,7.74,7.8,65643
2013-02-05 16:00:00-05:00,7.88,7.88,7.73,7.78,57274
2013-02-06 16:00:00-05:00,7.82,7.84,7.78,7.84,27176
2013-02-07 16:00:00-05:00,7.87,7.91,7.83,7.9,29769
2013-02-08 16:00:00-05:00,7.95,7.95,7.84,7.92,71173
2013-02-11 16:00:00-05:00,7.88,7.91,7.85,7.9,59807
2013-02-12 16:00:00-05:00,7.82,7.86,7.8,7.83,70516
2013-02-13 16:00:00-05:00,7.88,7.88,7.73,7.74,62628
2013-02-14 16:00:00-05:00,7.71,7.76,7.6999,7.76,110854
2013-02-15 16:00:00-05:00,7.77,7.78,7.66,7.69,98901
2013-02-19 16:00:00-05:00,7.75,7.76,7.63,7.66,91299
2013-02-20 16:00:00-05:00,7.71,7.75,7.63,7.75,60090
2013-02-21 16:00:00-05:00,7.72,7.73,7.6499,7.7,78296
2013-02-22 16:00:00-05:00,7.7,7.71,7.64,7.71,28930
2013-02-25 16:00:00-05:00,7.67,7.72,7.59,7.72,111556
2013-02-26 16:00:00-05:00,7.68,7.72,7.63,7.72,45541
2013-02-27 16:00:00-05:00,7.7,7.78,7.68,7.76,35510
2013-02-28 16:00:00-05:00,7.76,7.79,7.7,7.7032,50848
2013-03-01 16:00:00-05:00,7.73,7.79,7.7,7.79,43024
2013-03-04 16:00:00-05:00,7.78,7.78,7.64,7.68,42270
2013-03-05 16:00:00-05:00,7.73,7.73,7.64,7.67,38156
2013-03-06 16:00:00-05:00,7.71,7.77,7.67,7.77,55018
2013-03-07 16:00:00-05:00,7.74,7.77,7.73,7.77,52613
2013-03-08 16:00:00-05:00,7.75,7.76,7.68,7.74,59267
2013-03-11 16:00:00-04:00,7.67,7.7,7.55,7.56,120673
2013-03-12 16:00:00-04:00,7.55,7.57,7.51,7.52,158210
2013-03-13 16:00:00-04:00,7.54,7.55,7.51,7.53,88965
2013-03-14 16:00:00-04:00,7.52,7.55,7.47,7.5499,301815
2013-03-15 16:00:00-04:00,7.51,7.52,7.41,7.46,140226
2013-03-18 16:00:00-04:00,7.47,7.63,7.45,7.63,54831
2013-03-19 16:00:00-04:00,7.59,7.63,7.5,7.53,117234
2013-03-20 16:00:00-04:00,7.59,7.69,7.56,7.69,58656
2013-03-21 16:00:00-04:00,7.68,7.73,7.63,7.7,47351
2013-03-22 16:00:00-04:00,7.67,7.68,7.56,7.65,44833
2013-03-25 16:00:00-04:00,7.62,7.66,7.55,7.59,97290
2013-03-26 16:00:00-04:00,7.57,7.57,7.51,7.57,79005
2013-03-27 16:00:00-04:00,7.6,7.77,7.57,7.77,85855
2013-03-28 16:00:00-04:00,7.77,7.79,7.72,7.72,51465
2013-04-01 16:00:00-04:00,7.74,7.79,7.64,7.7299,33760
2013-04-02 16:00:00-04:00,7.69,7.699,7.64,7.648,48152
2013-04-03 16:00:00-04:00,7.65,7.65,7.58,7.64,22093
2013-04-04 16:00:00-04:00,7.65,7.72,7.62,7.69,51729
2013-04-05 16:00:00-04:00,7.66,7.8,7.5999,7.68,123003
2013-04-08 16:00:00-04:00,7.69,7.6938,7.58,7.6,32635
2013-04-09 16:00:00-04:00,7.59,7.62,7.55,7.55,44614
2013-04-10 16:00:00-04:00,7.55,7.585,7.53,7.56,112219
2013-04-11 16:00:00-04:00,7.57,7.59,7.55,7.55,35969
2013-04-12 16:00:00-04:00,7.62,7.68,7.58,7.63,43155
2013-04-15 16:00:00-04:00,7.65,7.65,7.55,7.6,41093
2013-04-16 16:00:00-04:00,7.56,7.61,7.51,7.52,87963
2013-04-17 16:00:00-04:00,7.58,7.62,7.51,7.51,100228
2013-04-18 16:00:00-04:00,7.57,7.59,7.53,7.57,44970
2013-04-19 16:00:00-04:00,7.61,7.6799,7.561,7.64,60882
2013-04-22 16:00:00-04:00,7.67,7.7,7.62,7.69,89419
2013-04-23 16:00:00-04:00,7.7,7.76,7.66,7.68,70576
2013-04-24 16:00:00-04:00,7.72,7.72,7.62,7.67,41085
2013-04-25 16:00:00-04:00,7.72,7.73,7.6754,7.7101,67190
2013-04-26 16:00:00-04:00,7.67,7.8,7.67,7.8,70459
2013-04-29 16:00:00-04:00,7.79,7.82,7.68,7.69,70270
2013-04-30 16:00:00-04:00,7.68,7.78,7.664,7.7,72435
2013-05-01 16:00:00-04:00,7.74,7.77,7.61,7.64,62582
2013-05-02 16:00:00-04:00,7.63,7.68,7.61,7.67,47133
2013-05-03 16:00:00-04:00,7.69,7.69,7.63,7.68,41089
2013-05-06 16:00:00-04:00,7.67,7.67,7.58,7.6,35102
2013-05-07 16:00:00-04:00,7.63,7.7,7.61,7.67,111954
2013-05-08 16:00:00-04:00,7.7,7.705,7.53,7.54,170089
2013-05-09 16:00:00-04:00,7.54,7.62,7.54,7.57,88581
2013-05-10 16:00:00-04:00,7.57,7.61,7.57,7.59,87746
2013-05-13 16:00:00-04:00,7.63,7.63,7.53,7.53,79226
2013-05-14 16:00:00-04:00,7.53,7.5333,7.51,7.51,84846
2013-05-15 16:00:00-04:00,7.53,7.53,7.5,7.5,86364
2013-05-16 16:00:00-04:00,7.52,7.53,7.5,7.51,126625
2013-05-17 16:00:00-04:00,7.51,7.55,7.5,7.55,34598
2013-05-20 16:00:00-04:00,7.53,7.55,7.5,7.5,64966
2013-05-21 16:00:00-04:00,7.51,7.51,7.5,7.508,47617
2013-05-22 16:00:00-04:00,7.51,7.52,7.5,7.51,92535
2013-05-23 16:00:00-04:00,7.51,7.53,7.5,7.52,29041
2013-05-24 16:00:00-04:00,7.51,7.51,7.5,7.51,21007
2013-05-28 16:00:00-04:00,7.51,7.525,7.47,7.47,74406
2013-05-29 16:00:00-04:00,7.47,7.47,7.29,7.32,200004
2013-05-30 16:00:00-04:00,7.29,7.32,7.26,7.31,72047
2013-05-31 16:00:00-04:00,7.32,7.33,7.1,7.14,90077
2013-06-03 16:00:00-04:00,7.11,7.14,6.79,6.97,174668
2013-06-04 16:00:00-04:00,6.9,6.97,6.82,6.97,199380
2013-06-05 16:00:00-04:00,6.99,7.05,6.95,7.05,79063
2013-06-06 16:00:00-04:00,7.06,7.13,7.04,7.13,115995
2013-06-07 16:00:00-04:00,7.12,7.16,7.07,7.11,78869
2013-06-10 16:00:00-04:00,7.16,7.16,6.97,6.98,94075
2013-06-11 16:00:00-04:00,6.95,6.95,6.801,6.82,140675
2013-06-12 16:00:00-04:00,6.88,6.88,6.66,6.72,159025
2013-06-13 16:00:00-04:00,6.66,6.78,6.6,6.7431,145957
2013-06-14 16:00:00-04:00,6.72,6.85,6.69,6.82,88422
2013-06-17 16:00:00-04:00,6.87,6.87,6.75,6.8,79980
2013-06-18 16:00:00-04:00,6.77,6.77,6.67,6.7401,115634
2013-06-19 16:00:00-04:00,6.72,6.76,6.7,6.721,172286
2013-06-20 16:00:00-04:00,6.69,6.69,6.55,6.64,165783
2013-06-21 16:00:00-04:00,6.6,6.66,6.56,6.61,135882
2013-06-24 16:00:00-04:00,6.55,6.56,6.32,6.43,244009
2013-06-25 16:00:00-04:00,6.47,6.6,6.38,6.56,173341
2013-06-26 16:00:00-04:00,6.6,6.81,6.58,6.7468,184110
2013-06-27 16:00:00-04:00,6.71,6.85,6.66,6.84,99417
2013-06-28 16:00:00-04:00,6.85,6.85,6.7,6.83,155090
2013-07-01 16:00:00-04:00,6.85,6.88,6.79,6.88,57400
2013-07-02 16:00:00-04:00,6.82,6.88,6.78,6.78,87112
2013-07-03 16:00:00-04:00,6.78,6.78,6.64,6.72,83171
2013-07-05 16:00:00-04:00,6.67,6.68,6.51,6.53,88923
2013-07-08 16:00:00-04:00,6.55,6.65,6.54,6.65,117369
2013-07-09 16:00:00-04:00,6.62,6.67,6.61,6.66,67427
2013-07-10 16:00:00-04:00,6.71,6.71,6.5,6.55,91819
2013-07-11 16:00:00-04:00,6.57,6.71,6.56,6.68,122538
2013-07-12 16:00:00-04:00,6.63,6.68,6.55,6.59,70870
2013-07-15 16:00:00-04:00,6.58,6.64,6.552,6.61,131368
2013-07-16 16:00:00-04:00,6.58,6.6013,6.53,6.58,92356
2013-07-17 16:00:00-04:00,6.57,6.6288,6.5,6.58,113219
2013-07-18 16:00:00-04:00,6.61,6.63,6.48,6.49,93639
2013-07-19 16:00:00-04:00,6.55,6.55,6.447,6.5,167533
2013-07-22 16:00:00-04:00,6.47,6.47,6.37,6.38,97494
2013-07-23 16:00:00-04:00,6.38,6.51,6.38,6.5,130791
2013-07-24 16:00:00-04:00,6.48,6.49,6.34,6.4,141187
2013-07-25 16:00:00-04:00,6.35,6.37,6.21,6.27,286517
2013-07-26 16:00:00-04:00,6.27,6.35,6.21,6.29,164682
2013-07-29 16:00:00-04:00,6.23,6.32,6.23,6.29,94190
2013-07-30 16:00:00-04:00,6.33,6.33,6.24,6.32,44870
2013-07-31 16:00:00-04:00,6.33,6.335,6.26,6.33,109855
2013-08-01 16:00:00-04:00,6.29,6.33,6.23,6.3,80909
2013-08-02 16:00:00-04:00,6.26,6.339,6.25,6.32,87405
2013-08-05 16:00:00-04:00,6.27,6.2914,6.18,6.2001,88877
2013-08-06 16:00:00-04:00,6.19,6.2,6.11,6.1301,140004
2013-08-07 16:00:00-04:00,6.15,6.1765,6.02,6.14,176840
2013-08-08 16:00:00-04:00,6.12,6.18,6.1,6.15,121220
2013-08-09 16:00:00-04:00,6.15,6.15,6.09,6.13,67061
2013-08-12 16:00:00-04:00,6.15,6.15,6.11,6.12,111107
2013-08-13 16:00:00-04:00,6.09,6.09,6.05,6.07,97965
2013-08-14 16:00:00-04:00,6.05,6.1299,6.05,6.07,105061
2013-08-15 16:00:00-04:00,6.01,6.08,5.98,6.0,105307
2013-08-16 16:00:00-04:00,6.07,6.07,5.94,6.0,274597
2013-08-19 16:00:00-04:00,6.0,6.005,5.89,5.9,235886
2013-08-20 16:00:00-04:00,5.87,6.07,5.87,6.07,196122
2013-08-21 16:00:00-04:00,5.99,6.11,5.99,6.07,208477
2013-08-22 16:00:00-04:00,6.06,6.15,6.06,6.13,216286
2013-08-23 16:00:00-04:00,6.07,6.17,6.06,6.1,134485
2013-08-26 16:00:00-04:00,6.08,6.13,6.06,6.06,108826
2013-08-27 16:00:00-04:00,6.04,6.13,6.03,6.11,186612
2013-08-28 16:00:00-04:00,6.11,6.14,6.06,6.1,93264
2013-08-29 16:00:00-04:00,6.06,6.13,6.05,6.13,85167
2013-08-30 16:00:00-04:00,6.09,6.1199,6.05,6.1,110899
2013-09-03 16:00:00-04:00,6.09,6.12,6.07,6.12,140634
2013-09-04 16:00:00-04:00,6.09,6.12,6.0,6.1,216478
2013-09-05 16:00:00-04:00,6.05,6.1,6.04,6.09,78855
2013-09-06 16:00:00-04:00,6.08,6.08,6.02,6.03,92158
2013-09-09 16:00:00-04:00,6.02,6.14,6.02,6.125,132588
2013-09-10 16:00:00-04:00,6.11,6.15,6.07,6.1,171201
2013-09-11 16:00:00-04:00,6.08,6.1,6.0,6.0,100470
2013-09-12 16:00:00-04:00,6.0,6.08,5.9801,6.0,118594
2013-09-13 16:00:00-04:00,6.0,6.04,5.98,6.0,153245
2013-09-16 16:00:00-04:00,6.06,6.13,6.05,6.05,135743
2013-09-17 16:00:00-04:00,5.99,6.12,5.99,6.12,162219
2013-09-18 16:00:00-04:00,6.09,6.27,6.04,6.27,172705
2013-09-19 16:00:00-04:00,6.27,6.28,6.22,6.25,73882
2013-09-20 16:00:00-04:00,6.21,6.33,6.21,6.27,157677
2013-09-23 16:00:00-04:00,6.23,6.31,6.23,6.25,109709
2013-09-24 16:00:00-04:00,6.29,6.36,6.26,6.36,146833
2013-09-25 16:00:00-04:00,6.33,6.39,6.33,6.35,92088
2013-09-26 16:00:00-04:00,6.37,6.4,6.3501,6.39,115990
2013-09-27 16:00:00-04:00,6.4,6.4,6.35,6.4,81700
2013-09-30 16:00:00-04:00,6.39,6.41,6.37,6.41,89383
2013-10-01 16:00:00-04:00,6.39,6.44,6.39,6.39,149556
2013-10-02 16:00:00-04:00,6.35,6.44,6.32,6.42,106417
2013-10-03 16:00:00-04:00,6.42,6.42,6.29,6.3,70006
2013-10-04 16:00:00-04:00,6.32,6.35,6.24,6.24,80827
2013-10-07 16:00:00-04:00,6.22,6.26,6.14,6.14,78611
2013-10-08 16:00:00-04:00,6.15,6.19,6.12,6.19,50183
2013-10-09 16:00:00-04:00,6.18,6.24,6.1301,6.18,106975
2013-10-10 16:00:00-04:00,6.18,6.2301,6.16,6.18,93265
2013-10-11 16:00:00-04:00,6.21,6.22,6.19,6.19,25927
2013-10-14 16:00:00-04:00,6.18,6.2099,6.16,6.19,50703
2013-10-15 16:00:00-04:00,6.1,6.16,6.1,6.11,61102
2013-10-16 16:00:00-04:00,6.12,6.18,6.06,6.18,116849
2013-10-17 16:00:00-04:00,6.13,6.33,6.13,6.27,120989
2013-10-18 16:00:00-04:00,6.25,6.32,6.19,6.27,94727
2013-10-21 16:00:00-04:00,6.29,6.3,6.22,6.22,73130
2013-10-22 16:00:00-04:00,6.25,6.26,6.18,6.18,129281
2013-10-23 16:00:00-04:00,6.17,6.25,6.17,6.25,58210
2013-10-24 16:00:00-04:00,6.23,6.28,6.23,6.23,58626
2013-10-25 16:00:00-04:00,6.24,6.26,6.21,6.22,73337
2013-10-28 16:00:00-04:00,6.2,6.25,6.2,6.249,92872
2013-10-29 16:00:00-04:00,6.23,6.28,6.23,6.26,59105
2013-10-30 16:00:00-04:00,6.24,6.28,6.24,6.28,60952
2013-10-31 16:00:00-04:00,6.26,6.29,6.24,6.28,84536
2013-11-01 16:00:00-04:00,6.26,6.27,6.22,6.24,137379
2013-11-04 16:00:00-05:00,6.23,6.34,6.2,6.29,148309
2013-11-05 16:00:00-05:00,6.27,6.3,6.2199,6.3,97692
2013-11-06 16:00:00-05:00,6.3,6.35,6.25,6.34,77285
2013-11-07 16:00:00-05:00,6.31,6.35,6.3099,6.33,76684
2013-11-08 16:00:00-05:00,6.35,6.35,6.18,6.19,127942
2013-11-11 16:00:00-05:00,6.18,6.2993,6.18,6.27,87367
2013-11-12 16:00:00-05:00,6.23,6.2799,6.2,6.21,143166
2013-11-13 16:00:00-05:00,6.21,6.29,6.21,6.25,146595
2013-11-14 16:00:00-05:00,6.28,6.3,6.21,6.24,120739
2013-11-15 16:00:00-05:00,6.22,6.29,6.22,6.24,55849
2013-11-18 16:00:00-05:00,6.24,6.2899,6.24,6.26,101946
2013-11-19 16:00:00-05:00,6.24,6.279,6.24,6.26,98708
2013-11-20 16:00:00-05:00,6.25,6.309,6.24,6.269,87513
2013-11-21 16:00:00-05:00,6.28,6.29,6.22,6.22,82568
2013-11-22 16:00:00-05:00,6.23,6.28,6.22,6.25,107246
2013-11-25 16:00:00-05:00,6.25,6.27,6.08,6.11,185233
2013-11-26 16:00:00-05:00,6.12,6.21,6.06,6.17,166886
2013-11-27 16:00:00-05:00,6.12,6.14,6.03,6.05,221315
2013-11-29 16:00:00-05:00,6.1,6.1,6.02,6.05,46678
2013-12-02 16:00:00-05:00,6.02,6.07,6.0,6.01,138193
2013-12-03 16:00:00-05:00,6.0,6.05,6.0,6.0,80218
2013-12-04 16:00:00-05:00,6.04,6.05,5.97,6.01,147574
2013-12-05 16:00:00-05:00,5.97,6.03,5.93,5.95,181467
2013-12-06 16:00:00-05:00,6.02,6.03,5.9,5.92,149087
2013-12-09 16:00:00-05:00,5.92,5.98,5.9,5.92,154666
2013-12-10 16:00:00-05:00,5.93,5.95,5.9,5.92,134796
2013-12-11 16:00:00-05:00,5.9,6.01,5.9,5.99,174535
2013-12-12 16:00:00-05:00,5.95,6.0,5.94,5.96,306671
2013-12-13 16:00:00-05:00,5.97,5.99,5.94,5.96,82277
2013-12-16 16:00:00-05:00,5.93,6.04,5.91,6.01,205972
2013-12-17 16:00:00-05:00,5.94,6.1,5.93,6.09,316600
2013-12-18 16:00:00-05:00,6.07,6.22,6.07,6.22,285917
2013-12-19 16:00:00-05:00,6.24,6.32,6.19,6.28,234134
2013-12-20 16:00:00-05:00,6.26,6.38,6.26,6.34,283312
2013-12-23 16:00:00-05:00,6.32,6.5253,6.31,6.33,218525
2013-12-24 16:00:00-05:00,6.41,6.42,6.33,6.3418,124670
2013-12-26 16:00:00-05:00,6.28,6.39,6.26,6.37,161597
2013-12-27 16:00:00-05:00,6.33,6.35,6.24,6.25,171734
2013-12-30 16:00:00-05:00,6.22,6.29,6.19,6.2,221151
2013-12-31 16:00:00-05:00,6.17,6.3,6.14,6.25,266338
2014-01-02 16:00:00-05:00,6.22,6.27,6.16,6.23,192137
2014-01-03 16:00:00-05:00,6.22,6.25,6.18,6.2,118283
2014-01-06 16:00:00-05:00,6.2,6.31,6.2,6.25,104753
2014-01-07 16:00:00-05:00,6.25,6.33,6.25,6.29,128059
2014-01-08 16:00:00-05:00,6.27,6.3,6.235,6.24,106155
2014-01-09 16:00:00-05:00,6.26,6.3,6.26,6.27,34915
2014-01-10 16:00:00-05:00,6.27,6.41,6.26,6.41,65608
2014-01-13 16:00:00-05:00,6.37,6.44,6.36,6.4,87853
2014-01-14 16:00:00-05:00,6.39,6.39,6.33,6.34,80378
2014-01-15 16:00:00-05:00,6.37,6.43,6.35,6.4099,118688
2014-01-16 16:00:00-05:00,6.39,6.46,6.33,6.33,74608
2014-01-17 16:00:00-05:00,6.34,6.43,6.34,6.41,55079
2014-01-21 16:00:00-05:00,6.4,6.45,6.37,6.37,44853
2014-01-22 16:00:00-05:00,6.39,6.4099,6.35,6.36,42472
2014-01-23 16:00:00-05:00,6.39,6.45,6.38,6.44,142852
2014-01-24 16:00:00-05:00,6.44,6.45,6.391,6.42,48195
2014-01-27 16:00:00-05:00,6.4,6.412,6.36,6.39,53324
2014-01-28 16:00:00-05:00,6.36,6.38,6.31,6.32,66674
2014-01-29 16:00:00-05:00,6.31,6.35,6.2826,6.3201,95255
2014-01-30 16:00:00-05:00,6.31,6.38,6.3,6.37,137256
2014-01-31 16:00:00-05:00,6.37,6.39,6.31,6.34,145114
2014-02-03 16:00:00-05:00,6.33,6.4,6.32,6.34,121801
2014-02-04 16:00:00-05:00,6.37,6.39,6.33,6.33,61685
2014-02-05 16:00:00-05:00,6.42,6.42,6.32,6.35,88474
2014-02-06 16:00:00-05:00,6.32,6.34,6.27,6.34,79214
2014-02-07 16:00:00-05:00,6.31,6.36,6.3,6.32,65767
2014-02-10 16:00:00-05:00,6.32,6.38,6.32,6.37,55676
2014-02-11 16:00:00-05:00,6.35,6.4,6.32,6.35,116425
2014-02-12 16:00:00-05:00,6.34,6.37,6.33,6.35,65361
2014-02-13 16:00:00-05:00,6.35,6.38,6.33,6.38,67959
2014-02-14 16:00:00-05:00,6.36,6.41,6.35,6.4,75714
2014-02-18 16:00:00-05:00,6.34,6.36,6.3,6.32,126725
2014-02-19 16:00:00-05:00,6.3,6.35,6.3,6.34,109577
2014-02-20 16:00:00-05:00,6.33,6.37,6.32,6.34,71969
2014-02-21 16:00:00-05:00,6.35,6.38,6.31,6.32,68365
2014-02-24 16:00:00-05:00,6.32,6.3399,6.31,6.31,62289
2014-02-25 16:00:00-05:00,6.33,6.36,6.3,6.31,109203
2014-02-26 16:00:00-05:00,6.32,6.34,6.3,6.31,55685
2014-02-27 16:00:00-05:00,6.31,6.35,6.31,6.35,86597
2014-02-28 16:00:00-05:00,6.37,6.4,6.34,6.36,138368
2014-03-03 16:00:00-05:00,6.36,6.41,6.36,6.39,89453
2014-03-04 16:00:00-05:00,6.39,6.41,6.3701,6.38,64143
2014-03-05 16:00:00-05:00,6.39,6.45,6.38,6.44,128397
2014-03-06 16:00:00-05:00,6.42,6.435,6.37,6.37,68756
2014-03-07 16:00:00-05:00,6.35,6.39,6.31,6.36,113192
2014-03-10 16:00:00-04:00,6.36,6.4,6.34,6.4,53521
2014-03-11 16:00:00-04:00,6.4,6.4,6.34,6.36,74565
2014-03-12 16:00:00-04:00,6.36,6.51,6.34,6.5,221562
2014-03-13 16:00:00-04:00,6.49,6.52,6.44,6.44,58902
2014-03-14 16:00:00-04:00,6.45,6.479,6.4,6.4,50503
2014-03-17 16:00:00-04:00,6.4,6.45,6.4,6.41,61271
2014-03-18 16:00:00-04:00,6.37,6.4,6.36,6.39,90376
2014-03-19 16:00:00-04:00,6.38,6.41,6.34,6.41,91713
2014-03-20 16:00:00-04:00,6.37,6.37,6.31,6.35,90265
2014-03-21 16:00:00-04:00,6.35,6.39,6.35,6.39,29001
2014-03-24 16:00:00-04:00,6.41,6.45,6.39,6.45,54656
2014-03-25 16:00:00-04:00,6.45,6.49,6.42,6.48,121848
2014-03-26 16:00:00-04:00,6.47,6.49,6.45,6.49,62116
2014-03-27 16:00:00-04:00,6.47,6.56,6.47,6.53,93750
2014-03-28 16:00:00-04:00,6.51,6.5525,6.51,6.53,42511
2014-03-31 16:00:00-04:00,6.55,6.55,6.47,6.5,78585
2014-04-01 16:00:00-04:00,6.5,6.5,6.42,6.42,118696
2014-04-02 16:00:00-04:00,6.45,6.45,6.35,6.39,101825
2014-04-03 16:00:00-04:00,6.39,6.43,6.35,6.43,71884
2014-04-04 16:00:00-04:00,6.42,6.44,6.371,6.41,77559
2014-04-07 16:00:00-04:00,6.39,6.42,6.37,6.37,107280
2014-04-08 16:00:00-04:00,6.36,6.38,6.36,6.36,61748
2014-04-09 16:00:00-04:00,6.38,6.4399,6.37,6.37,104625
2014-04-10 16:00:00-04:00,6.39,6.42,6.38,6.38,68309
2014-04-11 16:00:00-04:00,6.38,6.39,6.36,6.37,68732
2014-04-14 16:00:00-04:00,6.38,6.4,6.36,6.39,135014
2014-04-15 16:00:00-04:00,6.38,6.4,6.36,6.4,67666
2014-04-16 16:00:00-04:00,6.4,6.4,6.37,6.39,101815
2014-04-17 16:00:00-04:00,6.4,6.4,6.38,6.39,122522
2014-04-21 16:00:00-04:00,6.43,6.439,6.4,6.43,57913
2014-04-22 16:00:00-04:00,6.43,6.49,6.43,6.49,65980
2014-04-23 16:00:00-04:00,6.48,6.55,6.48,6.55,79069
2014-04-24 16:00:00-04:00,6.49,6.56,6.4801,6.54,65022
2014-04-25 16:00:00-04:00,6.55,6.6,6.53,6.6,79171
2014-04-28 16:00:00-04:00,6.59,6.63,6.59,6.63,63040
2014-04-29 16:00:00-04:00,6.62,6.62,6.55,6.59,55649
2014-04-30 16:00:00-04:00,6.61,6.64,6.585,6.62,81203
2014-05-01 16:00:00-04:00,6.63,6.72,6.62,6.66,80553
2014-05-02 16:00:00-04:00,6.68,6.68,6.58,6.62,54458
2014-05-05 16:00:00-04:00,6.59,6.69,6.58,6.68,126795
2014-05-06 16:00:00-04:00,6.67,6.68,6.65,6.68,44737
2014-05-07 16:00:00-04:00,6.65,6.69,6.65,6.68,54500
2014-05-08 16:00:00-04:00,6.66,6.72,6.66,6.7,31847
2014-05-09 16:00:00-04:00,6.7,6.7,6.68,6.6899,27211
2014-05-12 16:00:00-04:00,6.71,6.71,6.65,6.7,56523
2014-05-13 16:00:00-04:00,6.66,6.68,6.63,6.63,44477
2014-05-14 16:00:00-04:00,6.61,6.67,6.61,6.67,56710
2014-05-15 16:00:00-04:00,6.67,6.67,6.6,6.63,100219
2014-05-16 16:00:00-04:00,6.62,6.65,6.62,6.64,39947
2014-05-19 16:00:00-04:00,6.63,6.65,6.63,6.64,37978
2014-05-20 16:00:00-04:00,6.65,6.67,6.63,6.65,60258
2014-05-21 16:00:00-04:00,6.67,6.67,6.63,6.65,150030
2014-05-22 16:00:00-04:00,6.65,6.66,6.63,6.64,109245
2014-05-23 16:00:00-04:00,6.66,6.66,6.63,6.65,82824
2014-05-27 16:00:00-04:00,6.64,6.65,6.63,6.64,78504
2014-05-28 16:00:00-04:00,6.64,6.7,6.64,6.69,74800
2014-05-29 16:00:00-04:00,6.68,6.75,6.68,6.74,80392
2014-05-30 16:00:00-04:00,6.75,6.75,6.72,6.74,72053
2014-06-02 16:00:00-04:00,6.75,6.82,6.75,6.81,76247
2014-06-03 16:00:00-04:00,6.78,6.8,6.67,6.67,88055
2014-06-04 16:00:00-04:00,6.65,6.6899,6.64,6.64,71709
2014-06-05 16:00:00-04:00,6.64,6.65,6.63,6.63,46688
2014-06-06 16:00:00-04:00,6.62,6.68,6.62,6.65,77906
2014-06-09 16:00:00-04:00,6.65,6.66,6.62,6.62,47967
2014-06-10 16:00:00-04:00,6.62,6.79,6.62,6.73,110619
2014-06-11 16:00:00-04:00,6.71,6.71,6.61,6.66,103756
2014-06-12 16:00:00-04:00,6.64,6.74,6.63,6.73,100032
2014-06-13 16:00:00-04:00,6.72,6.72,6.61,6.63,132707
2014-06-16 16:00:00-04:00,6.65,6.66,6.62,6.62,71867
2014-06-17 16:00:00-04:00,6.59,6.59,6.51,6.51,126559
2014-06-18 16:00:00-04:00,6.54,6.58,6.5,6.57,95413
2014-06-19 16:00:00-04:00,6.57,6.57,6.49,6.52,80629
2014-06-20 16:00:00-04:00,6.52,6.54,6.48,6.48,86826
2014-06-23 16:00:00-04:00,6.5,6.54,6.47,6.47,149923
2014-06-24 16:00:00-04:00,6.47,6.54,6.44,6.54,154373
2014-06-25 16:00:00-04:00,6.56,6.58,6.5,6.55,115757
2014-06-26 16:00:00-04:00,6.54,6.5836,6.503,6.58,63469
2014-06-27 16:00:00-04:00,6.55,6.6,6.55,6.57,49789
2014-06-30 16:00:00-04:00,6.6,6.61,6.57,6.6,63425
2014-07-01 16:00:00-04:00,6.6,6.6,6.58,6.6,69579
2014-07-02 16:00:00-04:00,6.57,6.57,6.5,6.5,37604
2014-07-03 16:00:00-04:00,6.5,6.5,6.4,6.4,97164
2014-07-07 16:00:00-04:00,6.36,6.46,6.26,6.43,132689
2014-07-08 16:00:00-04:00,6.46,6.48,6.42,6.48,66559
2014-07-09 16:00:00-04:00,6.45,6.49,6.41,6.49,52916
2014-07-10 16:00:00-04:00,6.48,6.48,6.43,6.44,54176
2014-07-11 16:00:00-04:00,6.43,6.48,6.43,6.48,20906
2014-07-14 16:00:00-04:00,6.5,6.51,6.47,6.51,67410
2014-07-15 16:00:00-04:00,6.48,6.49,6.44,6.44,98538
2014-07-16 16:00:00-04:00,6.42,6.46,6.41,6.46,79781
2014-07-17 16:00:00-04:00,6.44,6.48,6.44,6.48,46860
2014-07-18 16:00:00-04:00,6.47,6.5,6.46,6.5,38894
2014-07-21 16:00:00-04:00,6.48,6.49,6.46,6.46,77130
2014-07-22 16:00:00-04:00,6.46,6.4699,6.43,6.45,65673
2014-07-23 16:00:00-04:00,6.45,6.5,6.45,6.49,84865
2014-07-24 16:00:00-04:00,6.47,6.5,6.45,6.48,89458
2014-07-25 16:00:00-04:00,6.46,6.5,6.46,6.49,57031
2014-07-28 16:00:00-04:00,6.47,6.51,6.47,6.47,49916
2014-07-29 16:00:00-04:00,6.49,6.51,6.48,6.5,76905
2014-07-30 16:00:00-04:00,6.5,6.5,6.47,6.47,64998
2014-07-31 16:00:00-04:00,6.43,6.45,6.4,6.45,135403
2014-08-01 16:00:00-04:00,6.45,6.49,6.41,6.42,112554
2014-08-04 16:00:00-04:00,6.43,6.45,6.37,6.37,45210
2014-08-05 16:00:00-04:00,6.37,6.398,6.36,6.37,42672
2014-08-06 16:00:00-04:00,6.37,6.42,6.37,6.4,44658
2014-08-07 16:00:00-04:00,6.4,6.47,6.39,6.47,48111
2014-08-08 16:00:00-04:00,6.47,6.52,6.45,6.45,115165
2014-08-11 16:00:00-04:00,6.5,6.5,6.46,6.48,33704
2014-08-12 16:00:00-04:00,6.46,6.49,6.42,6.42,54498
2014-08-13 16:00:00-04:00,6.44,6.48,6.44,6.47,68435
2014-08-14 16:00:00-04:00,6.47,6.5,6.4401,6.47,58079
2014-08-15 16:00:00-04:00,6.47,6.5,6.44,6.45,64166
2014-08-18 16:00:00-04:00,6.43,6.49,6.43,6.43,61253
2014-08-19 16:00:00-04:00,6.44,6.465,6.4,6.42,122801
2014-08-20 16:00:00-04:00,6.43,6.45,6.42,6.45,95114
2014-08-21 16:00:00-04:00,6.46,6.5,6.44,6.45,62183
2014-08-22 16:00:00-04:00,6.45,6.48,6.43,6.45,73783
2014-08-25 16:00:00-04:00,6.47,6.47,6.39,6.4,190275
2014-08-26 16:00:00-04:00,6.41,6.45,6.4,6.42,139675
2014-08-27 16:00:00-04:00,6.42,6.47,6.42,6.42,86845
2014-08-28 16:00:00-04:00,6.44,6.48,6.42,6.42,124425
2014-08-29 16:00:00-04:00,6.46,6.48,6.44,6.45,142215
2014-09-02 16:00:00-04:00,6.45,6.48,6.45,6.45,61165
2014-09-03 16:00:00-04:00,6.46,6.47,6.44,6.46,97482
2014-09-04 16:00:00-04:00,6.44,6.48,6.43,6.43,72408
2014-09-05 16:00:00-04:00,6.46,6.5,6.45,6.45,106058
2014-09-08 16:00:00-04:00,6.49,6.5,6.48,6.48,110166
2014-09-09 16:00:00-04:00,6.47,6.52,6.45,6.52,145445
2014-09-10 16:00:00-04:00,6.5,6.54,6.5,6.54,127750
2014-09-11 16:00:00-04:00,6.54,6.55,6.51,6.51,53034
2014-09-12 16:00:00-04:00,6.49,6.52,6.43,6.46,118000
2014-09-15 16:00:00-04:00,6.45,6.48,6.43,6.43,56676
2014-09-16 16:00:00-04:00,6.41,6.55,6.41,6.5,250561
2014-09-17 16:00:00-04:00,6.48,6.53,6.47,6.49,67486
2014-09-18 16:00:00-04:00,6.48,6.5,6.46,6.46,65687
2014-09-19 16:00:00-04:00,6.46,6.48,6.42,6.42,86230
2014-09-22 16:00:00-04:00,6.42,6.45,6.42,6.42,66319
2014-09-23 16:00:00-04:00,6.41,6.44,6.41,6.41,45677
2014-09-24 16:00:00-04:00,6.41,6.44,6.39,6.4,91038
2014-09-25 16:00:00-04:00,6.42,6.51,6.4,6.43,262078
2014-09-26 16:00:00-04:00,6.44,6.48,6.42,6.47,58637
2014-09-29 16:00:00-04:00,6.44,6.53,6.44,6.53,69102
2014-09-30 16:00:00-04:00,6.53,6.55,6.49,6.55,56705
2014-10-01 16:00:00-04:00,6.53,6.57,6.5,6.57,119655
2014-10-02 16:00:00-04:00,6.55,6.5599,6.52,6.53,50185
2014-10-03 16:00:00-04:00,6.51,6.5312,6.5,6.51,45230
2014-10-06 16:00:00-04:00,6.51,6.54,6.5,6.5,69458
2014-10-07 16:00:00-04:00,6.5,6.54,6.49,6.49,61357
2014-10-08 16:00:00-04:00,6.5,6.56,6.48,6.48,123702
2014-10-09 16:00:00-04:00,6.5,6.53,6.47,6.47,125432
2014-10-10 16:00:00-04:00,6.46,6.5068,6.46,6.5,47743
2014-10-13 16:00:00-04:00,6.47,6.51,6.46,6.51,68904
2014-10-14 16:00:00-04:00,6.49,6.52,6.46,6.5,59691
2014-10-15 16:00:00-04:00,6.47,6.55,6.45,6.55,180721
2014-10-16 16:00:00-04:00,6.54,6.6,6.52,6.59,111530
2014-10-17 16:00:00-04:00,6.58,6.61,6.56,6.56,54031
2014-10-20 16:00:00-04:00,6.54,6.5775,6.54,6.57,67657
2014-10-21 16:00:00-04:00,6.56,6.59,6.53,6.58,145043
2014-10-22 16:00:00-04:00,6.56,6.59,6.53,6.58,79841
2014-10-23 16:00:00-04:00,6.56,6.65,6.55,6.64,81552
2014-10-24 16:00:00-04:00,6.62,6.62,6.59,6.59,45026
2014-10-27 16:00:00-04:00,6.58,6.627,6.58,6.61,137353
2014-10-28 16:00:00-04:00,6.62,6.62,6.57,6.57,181471
2014-10-29 16:00:00-04:00,6.58,6.61,6.54,6.54,43965
2014-10-30 16:00:00-04:00,6.55,6.61,6.55,6.55,51289
2014-10-31 16:00:00-04:00,6.58,6.6,6.53,6.53,99064
2014-11-03 16:00:00-05:00,6.58,6.59,6.53,6.53,88529
2014-11-04 16:00:00-05:00,6.54,6.58,6.53,6.57,52921
2014-11-05 16:00:00-05:00,6.57,6.61,6.56,6.61,90387
2014-11-06 16:00:00-05:00,6.6,6.62,6.59,6.5916,52617
2014-11-07 16:00:00-05:00,6.58,6.618,6.58,6.6,63074
2014-11-10 16:00:00-05:00,6.6,6.62,6.59,6.61,69651
2014-11-11 16:00:00-05:00,6.6,6.65,6.6,6.62,68711
2014-11-12 16:00:00-05:00,6.6,6.65,6.59,6.63,70906
2014-11-13 16:00:00-05:00,6.65,6.65,6.63,6.63,41607
2014-11-14 16:00:00-05:00,6.63,6.65,6.58,6.61,142885
2014-11-17 16:00:00-05:00,6.63,6.63,6.56,6.57,96817
2014-11-18 16:00:00-05:00,6.55,6.5785,6.52,6.52,86112
2014-11-19 16:00:00-05:00,6.53,6.56,6.51,6.54,112036
2014-11-20 16:00:00-05:00,6.57,6.6,6.51,6.54,103182
2014-11-21 16:00:00-05:00,6.57,6.57,6.47,6.47,95873
2014-11-24 16:00:00-05:00,6.5,6.54,6.46,6.47,87889
2014-11-25 16:00:00-05:00,6.51,6.53,6.49,6.49,133468
2014-11-26 16:00:00-05:00,6.52,6.54,6.46,6.49,113080
2014-11-28 16:00:00-05:00,6.52,6.52,6.46,6.48,68154
2014-12-01 16:00:00-05:00,6.5,6.53,6.48,6.48,102217
2014-12-02 16:00:00-05:00,6.5,6.53,6.4735,6.53,105361
2014-12-03 16:00:00-05:00,6.54,6.6,6.54,6.6,72964
2014-12-04 16:00:00-05:00,6.59,6.66,6.58,6.66,93602
2014-12-05 16:00:00-05:00,6.62,6.66,6.59,6.63,82265
2014-12-08 16:00:00-05:00,6.63,6.64,6.55,6.62,127553
2014-12-09 16:00:00-05:00,6.6,6.62,6.56,6.61,71851
2014-12-10 16:00:00-05:00,6.62,6.65,6.59,6.631,96706
2014-12-11 16:00:00-05:00,6.64,6.64,6.57,6.62,47852
2014-12-12 16:00:00-05:00,6.6,6.63,6.57,6.63,32667
2014-12-15 16:00:00-05:00,6.62,6.66,6.58,6.62,106420
2014-12-16 16:00:00-05:00,6.59,6.61,6.52,6.61,77177
2014-12-17 16:00:00-05:00,6.6,6.6501,6.48,6.59,133085
2014-12-18 16:00:00-05:00,6.58,6.59,6.52,6.59,95817
2014-12-19 16:00:00-05:00,6.59,6.63,6.57,6.63,53816
2014-12-22 16:00:00-05:00,6.61,6.64,6.6,6.64,44864
2014-12-23 16:00:00-05:00,6.62,6.64,6.54,6.55,182406
2014-12-24 16:00:00-05:00,6.56,6.6,6.56,6.59,45854
2014-12-26 16:00:00-05:00,6.6,6.61,6.56,6.59,56231
2014-12-29 16:00:00-05:00,6.58,6.63,6.55,6.61,99264
2014-12-30 16:00:00-05:00,6.61,6.63,6.55,6.62,98376
2014-12-31 16:00:00-05:00,6.63,6.67,6.61,6.64,94440
2015-01-02 16:00:00-05:00,6.63,6.69,6.62,6.64,86609
2015-01-05 16:00:00-05:00,6.65,6.66,6.6,6.61,85783
2015-01-06 16:00:00-05:00,6.62,6.68,6.62,6.68,66139
2015-01-07 16:00:00-05:00,6.66,6.7,6.65,6.65,93950
2015-01-08 16:00:00-05:00,6.65,6.68,6.63,6.68,87049
2015-01-09 16:00:00-05:00,6.67,6.69,6.66,6.68,60807
2015-01-12 16:00:00-05:00,6.68,6.7,6.66,6.68,59289
2015-01-13 16:00:00-05:00,6.67,6.7,6.64,6.7,78260
2015-01-14 16:00:00-05:00,6.7,6.72,6.68,6.68,67889
2015-01-15 16:00:00-05:00,6.7,6.74,6.69,6.7,85222
2015-01-16 16:00:00-05:00,6.73,6.73,6.67,6.67,89679
2015-01-20 16:00:00-05:00,6.67,6.7,6.66,6.66,96155
2015-01-21 16:00:00-05:00,6.68,6.73,6.67,6.71,70100
2015-01-22 16:00:00-05:00,6.71,6.73,6.69,6.69,94852
2015-01-23 16:00:00-05:00,6.7,6.75,6.69,6.74,139809
2015-01-26 16:00:00-05:00,6.74,6.75,6.71,6.71,85676
2015-01-27 16:00:00-05:00,6.73,6.75,6.71,6.75,102060
2015-01-28 16:00:00-05:00,6.75,6.82,6.75,6.82,179144
2015-01-29 16:00:00-05:00,6.77,6.84,6.77,6.83,90158
2015-01-30 16:00:00-05:00,6.84,6.9,6.84,6.895,124064
2015-02-02 16:00:00-05:00,6.89,6.98,6.89,6.97,127415
2015-02-03 16:00:00-05:00,6.96,7.01,6.93,6.95,242474
2015-02-04 16:00:00-05:00,6.93,6.95,6.87,6.87,162148
2015-02-05 16:00:00-05:00,6.89,6.91,6.87,6.905,109313
2015-02-06 16:00:00-05:00,6.9,6.95,6.8,6.83,121436
2015-02-09 16:00:00-05:00,6.8,6.8448,6.76,6.79,58686
2015-02-10 16:00:00-05:00,6.79,6.81,6.72,6.73,72535
2015-02-11 16:00:00-05:00,6.72,6.76,6.72,6.73,28982
2015-02-12 16:00:00-05:00,6.72,6.77,6.72,6.75,31773
2015-02-13 16:00:00-05:00,6.74,6.78,6.74,6.77,47280
2015-02-17 16:00:00-05:00,6.73,6.73,6.57,6.61,87020
2015-02-18 16:00:00-05:00,6.55,6.65,6.55,6.65,97397
2015-02-19 16:00:00-05:00,6.67,6.73,6.67,6.7,74551
2015-02-20 16:00:00-05:00,6.7,6.73,6.64,6.65,67010
2015-02-23 16:00:00-05:00,6.68,6.71,6.65,6.65,30113
2015-02-24 16:00:00-05:00,6.69,6.69,6.64,6.68,92714
2015-02-25 16:00:00-05:00,6.69,6.72,6.69,6.69,62891
2015-02-26 16:00:00-05:00,6.67,6.7,6.66,6.69,76463
2015-02-27 16:00:00-05:00,6.71,6.72,6.69,6.72,48744
2015-03-02 16:00:00-05:00,6.7,6.72,6.7,6.71,40946
2015-03-03 16:00:00-05:00,6.72,6.73,6.695,6.72,33535
2015-03-04 16:00:00-05:00,6.71,6.74,6.71,6.74,31933
2015-03-05 16:00:00-05:00,6.75,6.75,6.71,6.73,38915
2015-03-06 16:00:00-05:00,6.7,6.72,6.63,6.63,141680
2015-03-09 16:00:00-04:00,6.62,6.75,6.59,6.75,63175
2015-03-10 16:00:00-04:00,6.74,6.8,6.71,6.77,58704
2015-03-11 16:00:00-04:00,6.76,6.76,6.72,6.72,33354
2015-03-12 16:00:00-04:00,6.72,6.74,6.68,6.68,48865
2015-03-13 16:00:00-04:00,6.68,6.71,6.64,6.67,38188
2015-03-16 16:00:00-04:00,6.67,6.67,6.64,6.67,50005
2015-03-17 16:00:00-04:00,6.64,6.64,6.59,6.59,80218
2015-03-18 16:00:00-04:00,6.62,6.68,6.58,6.68,56033
2015-03-19 16:00:00-04:00,6.65,6.68,6.58,6.59,49847
2015-03-20 16:00:00-04:00,6.61,6.67,6.59,6.67,90371
2015-03-23 16:00:00-04:00,6.67,6.68,6.63,6.67,45894
2015-03-24 16:00:00-04:00,6.67,6.7,6.61,6.7,39650
2015-03-25 16:00:00-04:00,6.68,6.69,6.63,6.66,59107
2015-03-26 16:00:00-04:00,6.66,6.67,6.61,6.62,61609
2015-03-27 16:00:00-04:00,6.62,6.69,6.62,6.69,51010
2015-03-30 16:00:00-04:00,6.69,6.7,6.64,6.7,43788
2015-03-31 16:00:00-04:00,6.69,6.75,6.67,6.75,110879
2015-04-01 16:00:00-04:00,6.75,6.77,6.69,6.71,80702
2015-04-02 16:00:00-04:00,6.7,6.7085,6.65,6.65,52609
2015-04-06 16:00:00-04:00,6.66,6.7,6.64,6.67,54692
2015-04-07 16:00:00-04:00,6.68,6.7,6.66,6.67,43052
2015-04-08 16:00:00-04:00,6.69,6.74,6.69,6.74,56083
2015-04-09 16:00:00-04:00,6.74,6.74,6.7,6.7,31921
2015-04-10 16:00:00-04:00,6.72,6.73,6.67,6.67,66904
2015-04-13 16:00:00-04:00,6.69,6.69,6.65,6.65,68362
2015-04-14 16:00:00-04:00,6.64,6.73,6.64,6.73,125423
2015-04-15 16:00:00-04:00,6.72,6.75,6.71,6.75,79208
2015-04-16 16:00:00-04:00,6.74,6.77,6.7268,6.77,43515
2015-04-17 16:00:00-04:00,6.75,6.79,6.73,6.79,37601
2015-04-20 16:00:00-04:00,6.78,6.8,6.74,6.76,47248
2015-04-21 16:00:00-04:00,6.75,6.75,6.71,6.73,37938
2015-04-22 16:00:00-04:00,6.74,6.75,6.67,6.67,42904
2015-04-23 16:00:00-04:00,6.67,6.7,6.6538,6.69,46056
2015-04-24 16:00:00-04:00,6.68,6.71,6.66,6.66,35492
2015-04-27 16:00:00-04:00,6.68,6.73,6.65,6.65,77284
2015-04-28 16:00:00-04:00,6.66,6.7,6.66,6.69,52276
2015-04-29 16:00:00-04:00,6.67,6.72,6.65,6.72,61304
2015-04-30 16:00:00-04:00,6.72,6.72,6.69,6.71,43832
2015-05-01 16:00:00-04:00,6.72,6.72,6.68,6.71,91375
2015-05-04 16:00:00-04:00,6.68,6.69,6.66,6.66,46315
2015-05-05 16:00:00-04:00,6.65,6.67,6.61,6.63,67709
2015-05-06 16:00:00-04:00,6.61,6.62,6.58,6.58,96215
2015-05-07 16:00:00-04:00,6.57,6.61,6.55,6.59,55741
2015-05-08 16:00:00-04:00,6.61,6.64,6.61,6.64,28889
2015-05-11 16:00:00-04:00,6.62,6.65,6.5701,6.61,65582
2015-05-12 16:00:00-04:00,6.56,6.58,6.51,6.53,44764
2015-05-13 16:00:00-04:00,6.55,6.6,6.5149,6.53,59635
2015-05-14 16:00:00-04:00,6.52,6.59,6.51,6.59,48236
2015-05-15 16:00:00-04:00,6.59,6.61,6.57,6.61,65729
2015-05-18 16:00:00-04:00,6.6,6.6,6.52,6.53,39570
2015-05-19 16:00:00-04:00,6.5,6.53,6.41,6.51,110484
2015-05-20 16:00:00-04:00,6.48,6.52,6.46,6.46,38359
2015-05-21 16:00:00-04:00,6.5,6.5328,6.49,6.49,43019
2015-05-22 16:00:00-04:00,6.5,6.52,6.43,6.45,130449
2015-05-26 16:00:00-04:00,6.45,6.4999,6.44,6.44,59234
2015-05-27 16:00:00-04:00,6.44,6.51,6.42,6.46,84379
2015-05-28 16:00:00-04:00,6.45,6.51,6.45,6.49,76864
2015-05-29 16:00:00-04:00,6.5,6.51,6.45,6.46,98278
2015-06-01 16:00:00-04:00,6.47,6.47,6.44,6.45,93854
2015-06-02 16:00:00-04:00,6.44,6.48,6.42,6.42,129903
2015-06-03 16:00:00-04:00,6.43,6.45,6.4,6.4,108152
2015-06-04 16:00:00-04:00,6.4,6.44,6.38,6.44,87200
2015-06-05 16:00:00-04:00,6.41,6.42,6.4,6.41,155380
2015-06-08 16:00:00-04:00,6.4,6.45,6.35,6.41,231929
2015-06-09 16:00:00-04:00,6.38,6.45,6.38,6.43,155077
2015-06-10 16:00:00-04:00,6.43,6.44,6.38,6.38,120284
2015-06-11 16:00:00-04:00,6.39,6.44,6.39,6.44,94419
2015-06-12 16:00:00-04:00,6.43,6.47,6.41,6.43,78874
2015-06-15 16:00:00-04:00,6.45,6.53,6.43,6.52,73735
2015-06-16 16:00:00-04:00,6.5,6.54,6.44,6.47,75096
2015-06-17 16:00:00-04:00,6.47,6.48,6.42,6.47,56944
2015-06-18 16:00:00-04:00,6.47,6.51,6.47,6.5,50482
2015-06-19 16:00:00-04:00,6.5,6.51,6.47,6.5,35923
2015-06-22 16:00:00-04:00,6.48,6.524,6.48,6.52,101502
2015-06-23 16:00:00-04:00,6.5,6.55,6.48,6.51,104902
2015-06-24 16:00:00-04:00,6.51,6.53,6.44,6.46,67938
2015-06-25 16:00:00-04:00,6.46,6.49,6.44,6.49,32916
2015-06-26 16:00:00-04:00,6.48,6.51,6.41,6.49,95208
2015-06-29 16:00:00-04:00,6.49,6.49,6.43,6.45,62158
2015-06-30 16:00:00-04:00,6.48,6.54,6.42,6.43,62006
2015-07-01 16:00:00-04:00,6.45,6.48,6.39,6.43,90329
2015-07-02 16:00:00-04:00,6.43,6.46,6.4,6.41,53490
2015-07-06 16:00:00-04:00,6.44,6.44,6.36,6.36,98184
2015-07-07 16:00:00-04:00,6.38,6.47,6.38,6.47,40450
2015-07-08 16:00:00-04:00,6.45,6.48,6.41,6.44,70641
2015-07-09 16:00:00-04:00,6.45,6.45,6.42,6.43,53460
2015-07-10 16:00:00-04:00,6.44,6.45,6.42,6.45,32738
2015-07-13 16:00:00-04:00,6.44,6.47,6.4,6.44,45939
2015-07-14 16:00:00-04:00,6.39,6.4,6.33,6.4,67679
2015-07-15 16:00:00-04:00,6.38,6.39,6.36,6.39,65643
2015-07-16 16:00:00-04:00,6.38,6.39,6.35,6.39,56498
2015-07-17 16:00:00-04:00,6.38,6.39,6.34,6.35,101769
2015-07-20 16:00:00-04:00,6.34,6.35,6.31,6.31,56673
2015-07-21 16:00:00-04:00,6.31,6.34,6.31,6.34,60599
2015-07-22 16:00:00-04:00,6.32,6.328,6.26,6.27,453146
2015-07-23 16:00:00-04:00,6.29,6.3,6.25,6.28,196015
2015-07-24 16:00:00-04:00,6.27,6.36,6.27,6.36,98455
2015-07-27 16:00:00-04:00,6.35,6.38,6.34,6.38,56373
2015-07-28 16:00:00-04:00,6.38,6.38,6.33,6.33,124903
2015-07-29 16:00:00-04:00,6.34,6.37,6.34,6.36,72830
2015-07-30 16:00:00-04:00,6.32,6.39,6.32,6.36,111078
2015-07-31 16:00:00-04:00,6.38,6.4,6.36,6.4,115929
2015-08-03 16:00:00-04:00,6.38,6.43,6.38,6.43,140805
2015-08-04 16:00:00-04:00,6.43,6.43,6.38,6.39,71440
2015-08-05 16:00:00-04:00,6.39,6.4,6.29,6.32,213343
2015-08-06 16:00:00-04:00,6.31,6.35,6.3,6.32,57528
2015-08-07 16:00:00-04:00,6.32,6.34,6.28,6.28,137950
2015-08-10 16:00:00-04:00,6.27,6.36,6.25,6.36,126496
2015-08-11 16:00:00-04:00,6.33,6.42,6.33,6.41,83902
2015-08-12 16:00:00-04:00,6.4,6.44,6.4,6.41,78393
2015-08-13 16:00:00-04:00,6.38,6.42,6.38,6.38,70222
2015-08-14 16:00:00-04:00,6.4,6.41,6.37,6.39,108183
2015-08-17 16:00:00-04:00,6.39,6.44,6.38,6.44,80480
2015-08-18 16:00:00-04:00,6.43,6.43,6.33,6.37,62106
2015-08-19 16:00:00-04:00,6.33,6.3516,6.325,6.34,89499
2015-08-20 16:00:00-04:00,6.34,6.358,6.29,6.3,234840
2015-08-21 16:00:00-04:00,6.34,6.35,6.3,6.32,80820
2015-08-24 16:00:00-04:00,6.2,6.3195,6.17,6.27,133086
2015-08-25 16:00:00-04:00,6.21,6.31,6.21,6.28,147798
2015-08-26 16:00:00-04:00,6.28,6.3,6.23,6.29,185239
2015-08-27 16:00:00-04:00,6.26,6.34,6.25,6.34,126274
2015-08-28 16:00:00-04:00,6.31,6.32,6.27,6.3,68075
2015-08-31 16:00:00-04:00,6.31,6.3172,6.26,6.26,40360
2015-09-01 16:00:00-04:00,6.28,6.3,6.26,6.28,58656
2015-09-02 16:00:00-04:00,6.28,6.28,6.25,6.26,46995
2015-09-03 16:00:00-04:00,6.26,6.32,6.26,6.31,51024
2015-09-04 16:00:00-04:00,6.3,6.38,6.27,6.37,53940
2015-09-08 16:00:00-04:00,6.36,6.36,6.33,6.33,50988
2015-09-09 16:00:00-04:00,6.33,6.36,6.32,6.33,43169
2015-09-10 16:00:00-04:00,6.32,6.36,6.3,6.36,38460
2015-09-11 16:00:00-04:00,6.32,6.36,6.3,6.31,68906
2015-09-14 16:00:00-04:00,6.3,6.33,6.27,6.32,64506
2015-09-15 16:00:00-04:00,6.3,6.3,6.21,6.27,125031
2015-09-16 16:00:00-04:00,6.26,6.3,6.25,6.25,77780
2015-09-17 16:00:00-04:00,6.26,6.37,6.25,6.3,96752
2015-09-18 16:00:00-04:00,6.29,6.38,6.29,6.35,84515
2015-09-21 16:00:00-04:00,6.35,6.355,6.32,6.32,103863
2015-09-22 16:00:00-04:00,6.31,6.36,6.3,6.33,52825
2015-09-23 16:00:00-04:00,6.33,6.36,6.32,6.33,50870
2015-09-24 16:00:00-04:00,6.33,6.36,6.33,6.33,66240
2015-09-25 16:00:00-04:00,6.35,6.359,6.3,6.3,65718
2015-09-28 16:00:00-04:00,6.3,6.33,6.28,6.28,49717
2015-09-29 16:00:00-04:00,6.29,6.36,6.29,6.36,83860
2015-09-30 16:00:00-04:00,6.37,6.39,6.31,6.39,80812
2015-10-01 16:00:00-04:00,6.36,6.37,6.35,6.37,55229
2015-10-02 16:00:00-04:00,6.38,6.4,6.36,6.36,42160
2015-10-05 16:00:00-04:00,6.39,6.395,6.37,6.39,53326
2015-10-06 16:00:00-04:00,6.39,6.44,6.39,6.44,60380
2015-10-07 16:00:00-04:00,6.41,6.49,6.41,6.48,60264
2015-10-08 16:00:00-04:00,6.47,6.49,6.44,6.49,63967
2015-10-09 16:00:00-04:00,6.46,6.5,6.46,6.49,45760
2015-10-12 16:00:00-04:00,6.47,6.47,6.42,6.46,57352
2015-10-13 16:00:00-04:00,6.42,6.44,6.38,6.38,44772
2015-10-14 16:00:00-04:00,6.43,6.44,6.4,6.4,57525
2015-10-15 16:00:00-04:00,6.4,6.45,6.4,6.4,119661
2015-10-16 16:00:00-04:00,6.43,6.43,6.39,6.41,91754
2015-10-19 16:00:00-04:00,6.4,6.421,6.38,6.38,91777
2015-10-20 16:00:00-04:00,6.41,6.46,6.37,6.46,113145
2015-10-21 16:00:00-04:00,6.45,6.495,6.436,6.49,98343
2015-10-22 16:00:00-04:00,6.49,6.49,6.46,6.48,73519
2015-10-23 16:00:00-04:00,6.46,6.49,6.4523,6.49,56385
2015-10-26 16:00:00-04:00,6.52,6.52,6.48,6.51,40362
2015-10-27 16:00:00-04:00,6.43,6.51,6.43,6.51,87553
2015-10-28 16:00:00-04:00,6.48,6.55,6.48,6.5,55321
2015-10-29 16:00:00-04:00,6.5,6.54,6.44,6.53,82267
2015-10-30 16:00:00-04:00,6.55,6.56,6.51,6.53,75783
2015-11-02 16:00:00-05:00,6.53,6.64,6.53,6.62,110579
2015-11-03 16:00:00-05:00,6.58,6.65,6.52,6.53,148439
2015-11-04 16:00:00-05:00,6.56,6.61,6.55,6.61,89933
2015-11-05 16:00:00-05:00,6.58,6.6103,6.53,6.53,58893
2015-11-06 16:00:00-05:00,6.51,6.51,6.46,6.49,103826
2015-11-09 16:00:00-05:00,6.47,6.49,6.41,6.43,120369
2015-11-10 16:00:00-05:00,6.46,6.53,6.45,6.52,59351
2015-11-11 16:00:00-05:00,6.55,6.56,6.5,6.51,39773
2015-11-12 16:00:00-05:00,6.46,6.61,6.46,6.58,143792
2015-11-13 16:00:00-05:00,6.6,6.66,6.57,6.64,120063
2015-11-16 16:00:00-05:00,6.67,6.67,6.62,6.62,64630
2015-11-17 16:00:00-05:00,6.61,6.63,6.51,6.57,94650
2015-11-18 16:00:00-05:00,6.6,6.63,6.59,6.62,91914
2015-11-19 16:00:00-05:00,6.62,6.65,6.59,6.64,65840
2015-11-20 16:00:00-05:00,6.65,6.67,6.61,6.67,42448
2015-11-23 16:00:00-05:00,6.68,6.74,6.64,6.74,50774
2015-11-24 16:00:00-05:00,6.74,6.74,6.68,6.7,60109
2015-11-25 16:00:00-05:00,6.72,6.74,6.62,6.73,63994
2015-11-27 16:00:00-05:00,6.75,6.78,6.73,6.78,36021
2015-11-30 16:00:00-05:00,6.79,6.79,6.69,6.77,165843
2015-12-01 16:00:00-05:00,6.76,6.8,6.68,6.69,96862
2015-12-02 16:00:00-05:00,6.72,6.72,6.62,6.67,104351
2015-12-03 16:00:00-05:00,6.66,6.66,6.54,6.56,88182
2015-12-04 16:00:00-05:00,6.59,6.67,6.55,6.67,56732
2015-12-07 16:00:00-05:00,6.63,6.63,6.56,6.59,83143
2015-12-08 16:00:00-05:00,6.59,6.64,6.5848,6.64,165944
2015-12-09 16:00:00-05:00,6.64,6.64,6.6,6.63,68490
2015-12-10 16:00:00-05:00,6.64,6.69,6.62,6.68,80471
2015-12-11 16:00:00-05:00,6.69,6.71,6.6757,6.71,73479
2015-12-14 16:00:00-05:00,6.72,6.72,6.46,6.52,122965
2015-12-15 16:00:00-05:00,6.52,6.55,6.51,6.55,39234
2015-12-16 16:00:00-05:00,6.53,6.62,6.52,6.62,70470
2015-12-17 16:00:00-05:00,6.64,6.72,6.64,6.7,89273
2015-12-18 16:00:00-05:00,6.7,6.72,6.6638,6.68,54111
2015-12-21 16:00:00-05:00,6.7,6.77,6.7,6.73,64828
2015-12-22 16:00:00-05:00,6.72,6.75,6.69,6.72,89298
2015-12-23 16:00:00-05:00,6.73,6.79,6.7,6.76,80592
2015-12-24 16:00:00-05:00,6.77,6.81,6.72,6.78,68017
2015-12-28 16:00:00-05:00,6.77,6.78,6.73,6.78,53134
2015-12-29 16:00:00-05:00,6.77,6.83,6.75,6.82,60684
2015-12-30 16:00:00-05:00,6.81,6.89,6.795,6.89,77451
2015-12-31 16:00:00-05:00,6.9,6.94,6.8,6.8,91089
2016-01-04 16:00:00-05:00,6.84,6.92,6.79,6.89,98308
2016-01-05 16:00:00-05:00,6.86,6.89,6.81,6.89,46849
2016-01-06 16:00:00-05:00,6.89,6.99,6.87,6.9,91633
2016-01-07 16:00:00-05:00,6.93,6.95,6.83,6.83,97399
2016-01-08 16:00:00-05:00,6.83,6.91,6.81,6.91,65714
2016-01-11 16:00:00-05:00,6.86,6.9,6.84,6.85,57096
2016-01-12 16:00:00-05:00,6.86,6.92,6.83,6.86,81435
2016-01-13 16:00:00-05:00,6.86,6.88,6.84,6.84,118869
2016-01-14 16:00:00-05:00,6.85,6.85,6.79,6.81,111772
2016-01-15 16:00:00-05:00,6.76,6.85,6.76,6.79,235554
2016-01-19 16:00:00-05:00,6.78,6.82,6.7516,6.76,74971
2016-01-20 16:00:00-05:00,6.79,6.79,6.66,6.76,112817
2016-01-21 16:00:00-05:00,6.79,6.79,6.73,6.76,57980
2016-01-22 16:00:00-05:00,6.77,6.85,6.76,6.83,65703
2016-01-25 16:00:00-05:00,6.85,6.85,6.79,6.81,27896
2016-01-26 16:00:00-05:00,6.84,6.88,6.83,6.88,31354
2016-01-27 16:00:00-05:00,6.88,6.9002,6.81,6.81,51759
2016-01-28 16:00:00-05:00,6.78,6.85,6.77,6.85,70289
2016-01-29 16:00:00-05:00,6.9,6.93,6.85,6.85,139473
2016-02-01 16:00:00-05:00,6.84,6.94,6.84,6.9,58014
2016-02-02 16:00:00-05:00,6.93,7.0,6.88,6.95,184128
2016-02-03 16:00:00-05:00,6.96,6.97,6.94,6.97,75043
2016-02-04 16:00:00-05:00,6.98,6.987,6.87,6.87,32099
2016-02-05 16:00:00-05:00,6.91,6.96,6.91,6.95,46724
2016-02-08 16:00:00-05:00,6.97,6.985,6.93,6.98,51712
2016-02-09 16:00:00-05:00,6.98,6.99,6.88,6.88,122233
2016-02-10 16:00:00-05:00,6.94,7.04,6.94,6.94,173145
2016-02-11 16:00:00-05:00,6.99,7.03,6.98,6.98,86373
2016-02-12 16:00:00-05:00,7.02,7.05,6.99,7.05,101188
2016-02-16 16:00:00-05:00,7.01,7.01,6.84,6.94,119834
2016-02-17 16:00:00-05:00,6.96,6.96,6.84,6.84,85082
2016-02-18 16:00:00-05:00,6.9,6.93,6.81,6.82,68910
2016-02-19 16:00:00-05:00,6.87,6.93,6.87,6.89,105186
2016-02-22 16:00:00-05:00,6.93,6.93,6.88,6.89,71558
2016-02-23 16:00:00-05:00,6.91,7.01,6.9,7.0,96366
2016-02-24 16:00:00-05:00,7.03,7.33,7.01,7.22,449903
2016-02-25 16:00:00-05:00,7.24,7.24,7.02,7.02,187416
2016-02-26 16:00:00-05:00,7.08,7.09,6.98,7.04,85624
2016-02-29 16:00:00-05:00,7.09,7.1,6.99,7.05,75902
2016-03-01 16:00:00-05:00,7.07,7.24,7.055,7.16,111158
2016-03-02 16:00:00-05:00,7.11,7.2,7.085,7.12,90256
2016-03-03 16:00:00-05:00,7.14,7.17,7.07,7.17,88840
2016-03-04 16:00:00-05:00,7.15,7.22,7.1,7.12,61618
2016-03-07 16:00:00-05:00,7.12,7.16,7.03,7.05,70858
2016-03-08 16:00:00-05:00,7.04,7.19,7.03,7.17,94530
2016-03-09 16:00:00-05:00,7.14,7.18,7.12,7.17,37766
2016-03-10 16:00:00-05:00,7.17,7.2,7.13,7.16,63078
2016-03-11 16:00:00-05:00,7.15,7.22,7.15,7.15,36091
2016-03-14 16:00:00-04:00,7.19,7.21,7.15,7.2,90942
2016-03-15 16:00:00-04:00,7.19,7.21,7.12,7.12,68892
2016-03-16 16:00:00-04:00,7.17,7.24,7.13,7.13,37488
2016-03-17 16:00:00-04:00,7.13,7.25,7.12,7.22,92699
2016-03-18 16:00:00-04:00,7.22,7.24,7.11,7.11,72663
2016-03-21 16:00:00-04:00,7.1,7.14,7.1,7.1,43781
2016-03-22 16:00:00-04:00,7.12,7.14,7.08,7.09,88805
2016-03-23 16:00:00-04:00,7.09,7.1499,7.08,7.08,139930
2016-03-24 16:00:00-04:00,7.1,7.12,7.06,7.06,77063
2016-03-28 16:00:00-04:00,7.04,7.08,7.0382,7.06,137198
2016-03-29 16:00:00-04:00,7.05,7.14,7.05,7.08,95808
2016-03-30 16:00:00-04:00,7.08,7.16,7.08,7.13,126297
2016-03-31 16:00:00-04:00,7.15,7.24,7.13,7.15,85869
2016-04-01 16:00:00-04:00,7.16,7.23,7.16,7.19,61964
2016-04-04 16:00:00-04:00,7.2,7.24,7.16,7.24,64984
2016-04-05 16:00:00-04:00,7.19,7.25,7.19,7.24,60976
2016-04-06 16:00:00-04:00,7.24,7.28,7.14,7.14,98506
2016-04-07 16:00:00-04:00,7.15,7.19,7.14,7.16,134240
2016-04-08 16:00:00-04:00,7.23,7.23,7.19,7.23,127711
2016-04-11 16:00:00-04:00,7.28,7.28,7.215,7.24,85118
2016-04-12 16:00:00-04:00,7.26,7.28,7.25,7.27,60573
2016-04-13 16:00:00-04:00,7.29,7.34,7.29,7.34,63401
2016-04-14 16:00:00-04:00,7.32,7.3499,7.28,7.28,83768
2016-04-15 16:00:00-04:00,7.32,7.39,7.31,7.36,57058
2016-04-18 16:00:00-04:00,7.39,7.42,7.39,7.4,115877
2016-04-19 16:00:00-04:00,7.4,7.43,7.29,7.4,99637
2016-04-20 16:00:00-04:00,7.42,7.46,7.4,7.43,146719
2016-04-21 16:00:00-04:00,7.42,7.4499,7.36,7.36,106340
2016-04-22 16:00:00-04:00,7.35,7.39,7.3,7.39,59649
2016-04-25 16:00:00-04:00,7.38,7.47,7.33,7.39,77114
2016-04-26 16:00:00-04:00,7.4,7.4,7.27,7.31,66544
2016-04-27 16:00:00-04:00,7.25,7.35,7.22,7.25,112915
2016-04-28 16:00:00-04:00,7.27,7.27,7.22,7.23,76004
2016-04-29 16:00:00-04:00,7.27,7.27,7.23,7.27,79292
2016-05-02 16:00:00-04:00,7.27,7.31,7.19,7.21,96840
2016-05-03 16:00:00-04:00,7.23,7.24,7.195,7.22,56242
2016-05-04 16:00:00-04:00,7.25,7.34,7.24,7.32,66919
2016-05-05 16:00:00-04:00,7.33,7.39,7.26,7.28,163051
2016-05-06 16:00:00-04:00,7.28,7.33,7.26,7.32,79118
2016-05-09 16:00:00-04:00,7.33,7.37,7.3,7.36,94426
2016-05-10 16:00:00-04:00,7.38,7.4,7.28,7.31,95783
2016-05-11 16:00:00-04:00,7.36,7.52,7.35,7.52,138901
2016-05-12 16:00:00-04:00,7.49,7.59,7.46,7.53,224916
2016-05-13 16:00:00-04:00,7.52,7.57,7.43,7.43,153055
2016-05-16 16:00:00-04:00,7.45,7.51,7.32,7.33,124579
2016-05-17 16:00:00-04:00,7.31,7.35,7.28,7.3,159879
2016-05-18 16:00:00-04:00,7.33,7.38,7.17,7.17,70518
2016-05-19 16:00:00-04:00,7.18,7.24,7.09,7.18,135593
2016-05-20 16:00:00-04:00,7.22,7.29,7.19,7.27,86429
2016-05-23 16:00:00-04:00,7.3,7.35,7.27,7.31,90520
2016-05-24 16:00:00-04:00,7.36,7.36,7.3,7.36,116795
2016-05-25 16:00:00-04:00,7.37,7.39,7.2,7.21,109816
2016-05-26 16:00:00-04:00,7.23,7.3701,7.23,7.34,79864
2016-05-27 16:00:00-04:00,7.35,7.41,7.31,7.37,59649
2016-05-31 16:00:00-04:00,7.38,7.38,7.2116,7.2116,65902
2016-06-01 16:00:00-04:00,7.28,7.45,7.26,7.45,103191
2016-06-02 16:00:00-04:00,7.45,7.5,7.42,7.47,82831
2016-06-03 16:00:00-04:00,7.49,7.54,7.48,7.5,46984
2016-06-06 16:00:00-04:00,7.48,7.51,7.48,7.48,23701
2016-06-07 16:00:00-04:00,7.48,7.54,7.46,7.5,56399
2016-06-08 16:00:00-04:00,7.53,7.54,7.44,7.49,65853
2016-06-09 16:00:00-04:00,7.5,7.53,7.47,7.48,42124
2016-06-10 16:00:00-04:00,7.5,7.52,7.41,7.41,49139
2016-06-13 16:00:00-04:00,7.45,7.49,7.41,7.43,92237
2016-06-14 16:00:00-04:00,7.4,7.43,7.29,7.31,87974
2016-06-15 16:00:00-04:00,7.32,7.36,7.3,7.31,98411
2016-06-16 16:00:00-04:00,7.33,7.35,7.3,7.33,65552
2016-06-17 16:00:00-04:00,7.33,7.3492,7.31,7.32,57575
2016-06-20 16:00:00-04:00,7.32,7.33,7.3,7.3,70409
2016-06-21 16:00:00-04:00,7.3,7.43,7.28,7.4032,87475
2016-06-22 16:00:00-04:00,7.42,7.45,7.355,7.42,74212
2016-06-23 16:00:00-04:00,7.44,7.47,7.38,7.38,52205
2016-06-24 16:00:00-04:00,7.28,7.5,7.27,7.5,83478
2016-06-27 16:00:00-04:00,7.52,7.55,7.46,7.46,87263
2016-06-28 16:00:00-04:00,7.44,7.4969,7.41,7.47,89621
2016-06-29 16:00:00-04:00,7.46,7.48,7.4301,7.45,61788
2016-06-30 16:00:00-04:00,7.5,7.58,7.47,7.58,162216
2016-07-01 16:00:00-04:00,7.6,7.62,7.57,7.6099,100028
2016-07-05 16:00:00-04:00,7.58,7.6,7.51,7.55,46926
2016-07-06 16:00:00-04:00,7.53,7.57,7.495,7.5,91331
2016-07-07 16:00:00-04:00,7.49,7.56,7.48,7.56,76865
2016-07-08 16:00:00-04:00,7.58,7.62,7.5407,7.62,75323
2016-07-11 16:00:00-04:00,7.59,7.63,7.54,7.54,65874
2016-07-12 16:00:00-04:00,7.53,7.56,7.5,7.5,105546
2016-07-13 16:00:00-04:00,7.52,7.52,7.37,7.38,135960
2016-07-14 16:00:00-04:00,7.41,7.41,7.28,7.3,96351
2016-07-15 16:00:00-04:00,7.32,7.38,7.305,7.37,75018
2016-07-18 16:00:00-04:00,7.4,7.52,7.4,7.5,66503
2016-07-19 16:00:00-04:00,7.45,7.53,7.45,7.52,64397
2016-07-20 16:00:00-04:00,7.5,7.56,7.48,7.49,35028
2016-07-21 16:00:00-04:00,7.52,7.57,7.445,7.46,66889
2016-07-22 16:00:00-04:00,7.45,7.474,7.44,7.46,34760
2016-07-25 16:00:00-04:00,7.44,7.5,7.39,7.4,68502
2016-07-26 16:00:00-04:00,7.44,7.47,7.4,7.43,60779
2016-07-27 16:00:00-04:00,7.46,7.46,7.4,7.4,37212
2016-07-28 16:00:00-04:00,7.44,7.46,7.396,7.41,64093
2016-07-29 16:00:00-04:00,7.45,7.48,7.42,7.48,64283
2016-08-01 16:00:00-04:00,7.45,7.53,7.42,7.52,68699
2016-08-02 16:00:00-04:00,7.5,7.5,7.38,7.42,79531
2016-08-03 16:00:00-04:00,7.41,7.49,7.41,7.49,57739
2016-08-04 16:00:00-04:00,7.48,7.56,7.45,7.56,38845
2016-08-05 16:00:00-04:00,7.56,7.56,7.47,7.53,49439
2016-08-08 16:00:00-04:00,7.56,7.56,7.46,7.51,70537
2016-08-09 16:00:00-04:00,7.53,7.535,7.47,7.47,43946
2016-08-10 16:00:00-04:00,7.51,7.54,7.47,7.49,64925
2016-08-11 16:00:00-04:00,7.51,7.52,7.47,7.49,59761
2016-08-12 16:00:00-04:00,7.51,7.54,7.49,7.51,68576
2016-08-15 16:00:00-04:00,7.5,7.52,7.43,7.43,38809
2016-08-16 16:00:00-04:00,7.38,7.45,7.38,7.45,77390
2016-08-17 16:00:00-04:00,7.46,7.46,7.43,7.43,46474
2016-08-18 16:00:00-04:00,7.42,7.45,7.4,7.45,55522
2016-08-19 16:00:00-04:00,7.42,7.48,7.39,7.48,81935
2016-08-22 16:00:00-04:00,7.49,7.54,7.4425,7.5,101133
2016-08-23 16:00:00-04:00,7.48,7.51,7.46,7.48,60723
2016-08-24 16:00:00-04:00,7.47,7.49,7.44,7.48,65049
2016-08-25 16:00:00-04:00,7.47,7.5,7.45,7.48,86233
2016-08-26 16:00:00-04:00,7.48,7.48,7.43,7.46,37593
2016-08-29 16:00:00-04:00,7.47,7.47,7.4,7.41,52262
2016-08-30 16:00:00-04:00,7.45,7.45,7.4,7.41,108578
2016-08-31 16:00:00-04:00,7.43,7.43,7.34,7.34,99966
2016-09-01 16:00:00-04:00,7.36,7.37,7.3,7.34,247834
2016-09-02 16:00:00-04:00,7.31,7.33,7.29,7.29,62580
2016-09-06 16:00:00-04:00,7.29,7.38,7.28,7.35,113164
2016-09-07 16:00:00-04:00,7.38,7.4099,7.35,7.36,105432
2016-09-08 16:00:00-04:00,7.36,7.38,7.33,7.33,64403
2016-09-09 16:00:00-04:00,7.33,7.34,7.2,7.25,140632
2016-09-12 16:00:00-04:00,7.22,7.26,7.2,7.24,66272
2016-09-13 16:00:00-04:00,7.24,7.28,7.22,7.28,111268
2016-09-14 16:00:00-04:00,7.24,7.3399,7.24,7.31,49800
2016-09-15 16:00:00-04:00,7.32,7.35,7.2601,7.35,46952
2016-09-16 16:00:00-04:00,7.32,7.34,7.28,7.34,25993
2016-09-19 16:00:00-04:00,7.34,7.38,7.31,7.37,103302
2016-09-20 16:00:00-04:00,7.34,7.36,7.28,7.28,73199
2016-09-21 16:00:00-04:00,7.3,7.3,7.22,7.29,83651
2016-09-22 16:00:00-04:00,7.32,7.35,7.295,7.3,64104
2016-09-23 16:00:00-04:00,7.28,7.29,7.25,7.25,62453
2016-09-26 16:00:00-04:00,7.29,7.31,7.27,7.29,56356
2016-09-27 16:00:00-04:00,7.29,7.36,7.28,7.36,108171
2016-09-28 16:00:00-04:00,7.35,7.44,7.35,7.4,92142
2016-09-29 16:00:00-04:00,7.42,7.46,7.35,7.44,162240
2016-09-30 16:00:00-04:00,7.45,7.49,7.42,7.49,148406
2016-10-03 16:00:00-04:00,7.48,7.48,7.41,7.47,48273
2016-10-04 16:00:00-04:00,7.45,7.45,7.34,7.34,92977
2016-10-05 16:00:00-04:00,7.38,7.38,7.2801,7.33,55286
2016-10-06 16:00:00-04:00,7.32,7.4,7.31,7.36,82632
2016-10-07 16:00:00-04:00,7.39,7.39,7.32,7.33,37299
2016-10-10 16:00:00-04:00,7.33,7.36,7.26,7.3001,59828
2016-10-11 16:00:00-04:00,7.33,7.34,7.29,7.34,49472
2016-10-12 16:00:00-04:00,7.32,7.35,7.31,7.32,70606
2016-10-13 16:00:00-04:00,7.34,7.34,7.19,7.28,116196
2016-10-14 16:00:00-04:00,7.24,7.24,7.12,7.19,132573
2016-10-17 16:00:00-04:00,7.18,7.19,6.94,6.97,196246
2016-10-18 16:00:00-04:00,7.0,7.01,6.84,6.9995,112130
2016-10-19 16:00:00-04:00,7.01,7.14,7.01,7.12,98372
2016-10-20 16:00:00-04:00,7.17,7.2,7.08,7.1,68945
2016-10-21 16:00:00-04:00,7.09,7.23,7.03,7.1,166047
2016-10-24 16:00:00-04:00,7.12,7.13,7.06,7.0689,60364
2016-10-25 16:00:00-04:00,7.06,7.13,7.03,7.08,92001
2016-10-26 16:00:00-04:00,7.11,7.13,7.0,7.0201,116245
2016-10-27 16:00:00-04:00,7.0,7.0,6.912,6.93,85750
2016-10-28 16:00:00-04:00,6.92,6.95,6.82,6.88,139333
2016-10-31 16:00:00-04:00,6.95,6.97,6.58,6.88,133873
2016-11-01 16:00:00-04:00,6.94,7.0,6.85,7.0,85944
2016-11-02 16:00:00-04:00,7.03,7.03,6.95,7.0101,79575
2016-11-03 16:00:00-04:00,7.01,7.08,6.97,7.05,122418
2016-11-04 16:00:00-04:00,7.08,7.08,6.97,7.033,60959
2016-11-07 16:00:00-05:00,7.04,7.04,6.93,6.99,77383
2016-11-08 16:00:00-05:00,7.03,7.03,6.96,6.98,109971
2016-11-09 16:00:00-05:00,6.93,6.95,6.88,6.95,145639
2016-11-10 16:00:00-05:00,6.95,6.95,6.68,6.73,334270
2016-11-11 16:00:00-05:00,6.68,6.78,6.55,6.77,208168
2016-11-14 16:00:00-05:00,6.67,6.72,6.54,6.61,240658
2016-11-15 16:00:00-05:00,6.57,6.663,6.5401,6.65,132472
2016-11-16 16:00:00-05:00,6.65,6.7,6.6,6.65,157166
2016-11-17 16:00:00-05:00,6.68,6.68,6.5903,6.63,102954
2016-11-18 16:00:00-05:00,6.66,6.66,6.53,6.56,88961
2016-11-21 16:00:00-05:00,6.51,6.63,6.51,6.63,116871
2016-11-22 16:00:00-05:00,6.63,6.67,6.63,6.67,82825
2016-11-23 16:00:00-05:00,6.64,6.65,6.61,6.65,81556
2016-11-25 13:00:00-05:00,6.67,6.7386,6.66,6.67,50764
2016-11-28 16:00:00-05:00,6.7,6.72,6.68,6.69,39116
2016-11-29 16:00:00-05:00,6.7,6.73,6.63,6.66,130033
2016-11-30 16:00:00-05:00,6.6,6.76,6.58,6.7,280390
2016-12-01 16:00:00-05:00,6.7,6.7,6.565,6.57,112830
2016-12-02 16:00:00-05:00,6.58,6.601,6.55,6.57,78959
2016-12-05 16:00:00-05:00,6.61,6.62,6.55,6.59,96253
2016-12-06 16:00:00-05:00,6.56,6.65,6.55,6.65,136660
2016-12-07 16:00:00-05:00,6.63,6.78,6.63,6.78,152211
2016-12-08 16:00:00-05:00,6.75,6.7607,6.66,6.74,182069
2016-12-09 16:00:00-05:00,6.73,6.75,6.63,6.63,143222
2016-12-12 16:00:00-05:00,6.62,6.62,6.585,6.62,95695
2016-12-13 16:00:00-05:00,6.67,6.699,6.63,6.6965,72998
2016-12-14 16:00:00-05:00,6.73,6.77,6.68,6.74,172433
2016-12-15 16:00:00-05:00,6.72,6.76,6.66,6.76,194743
2016-12-16 16:00:00-05:00,6.72,6.78,6.69,6.78,99395
2016-12-19 16:00:00-05:00,6.75,6.78,6.7,6.72,105662
2016-12-20 16:00:00-05:00,6.7,6.71,6.6,6.67,168025
2016-12-21 16:00:00-05:00,6.7,6.74,6.63,6.63,144661
2016-12-22 16:00:00-05:00,6.65,6.6605,6.62,6.65,100298
2016-12-23 16:00:00-05:00,6.65,6.69,6.61,6.6379,151332
2016-12-27 16:00:00-05:00,6.65,6.69,6.59,6.64,175626
2016-12-28 16:00:00-05:00,6.67,6.67,6.6,6.65,148747
2016-12-29 16:00:00-05:00,6.65,6.7,6.63,6.66,144743
2016-12-30 16:00:00-05:00,6.66,6.669,6.62,6.63,118433
2017-01-03 16:00:00-05:00,6.64,6.68,6.62,6.68,117145
2017-01-04 16:00:00-05:00,6.68,6.75,6.68,6.75,44547
2017-01-05 16:00:00-05:00,6.75,6.82,6.73,6.82,117138
2017-01-06 16:00:00-05:00,6.77,6.8,6.73,6.78,114218
2017-01-09 16:00:00-05:00,6.8,6.88,6.79,6.83,94618
2017-01-10 16:00:00-05:00,6.83,6.875,6.82,6.85,39408
2017-01-11 16:00:00-05:00,6.85,6.88,6.84,6.88,92842
2017-01-12 16:00:00-05:00,6.88,6.93,6.85,6.85,54530
2017-01-13 16:00:00-05:00,6.85,6.88,6.81,6.88,62199
2017-01-17 16:00:00-05:00,6.85,6.88,6.84,6.86,100846
2017-01-18 16:00:00-05:00,6.86,6.87,6.83,6.86,95029
2017-01-19 16:00:00-05:00,6.85,6.85,6.78,6.78,57157
2017-01-20 16:00:00-05:00,6.76,6.8,6.76,6.8,37572
2017-01-23 16:00:00-05:00,6.8,6.87,6.79,6.85,76742
2017-01-24 16:00:00-05:00,6.87,6.88,6.8275,6.85,48460
2017-01-25 16:00:00-05:00,6.85,6.85,6.82,6.83,27506
2017-01-26 16:00:00-05:00,6.85,6.88,6.84,6.85,86462
2017-01-27 16:00:00-05:00,6.85,6.91,6.85,6.9,94710
2017-01-30 16:00:00-05:00,6.92,6.95,6.9,6.94,79033
2017-01-31 16:00:00-05:00,6.98,7.0,6.91,7.0,104495
2017-02-01 16:00:00-05:00,6.98,6.98,6.91,6.92,123401
2017-02-02 16:00:00-05:00,6.96,6.96,6.9,6.9,46963
2017-02-03 16:00:00-05:00,6.94,6.96,6.93,6.96,50106
2017-02-06 16:00:00-05:00,6.97,7.02,6.96,7.01,65914
2017-02-07 16:00:00-05:00,6.98,7.04,6.93,6.93,106711
2017-02-08 16:00:00-05:00,6.95,6.98,6.88,6.9,103055
2017-02-09 16:00:00-05:00,6.88,6.93,6.85,6.86,60887
2017-02-10 16:00:00-05:00,6.85,6.92,6.85,6.86,121817
2017-02-13 16:00:00-05:00,6.86,6.9,6.81,6.83,103969
2017-02-14 16:00:00-05:00,6.79,6.8393,6.77,6.79,122933
2017-02-15 16:00:00-05:00,6.74,6.86,6.74,6.86,156668
2017-02-16 16:00:00-05:00,6.83,6.95,6.8,6.95,100489
2017-02-17 16:00:00-05:00,6.91,6.96,6.88,6.96,84781
2017-02-21 16:00:00-05:00,6.94,6.95,6.87,6.87,110261
2017-02-22 16:00:00-05:00,6.89,6.94,6.845,6.88,98575
2017-02-23 16:00:00-05:00,6.88,6.99,6.88,6.98,98331
2017-02-24 16:00:00-05:00,6.95,6.98,6.95,6.98,92584
2017-02-27 16:00:00-05:00,6.96,6.98,6.93,6.98,66947
2017-02-28 16:00:00-05:00,6.97,7.0,6.91,6.93,106281
2017-03-01 16:00:00-05:00,6.92,6.92,6.87,6.92,77007
2017-03-02 16:00:00-05:00,6.91,6.919,6.845,6.86,102443
2017-03-03 16:00:00-05:00,6.87,6.9,6.83,6.88,109371
2017-03-06 16:00:00-05:00,6.9,6.92,6.8,6.82,148390
2017-03-07 16:00:00-05:00,6.83,6.89,6.83,6.84,71734
2017-03-08 16:00:00-05:00,6.83,7.04,6.812,7.0,147839
2017-03-09 16:00:00-05:00,6.98,6.985,6.8,6.86,118132
2017-03-10 16:00:00-05:00,6.87,6.895,6.8,6.84,72139
2017-03-13 16:00:00-04:00,6.82,6.84,6.8,6.8,67799
2017-03-14 16:00:00-04:00,6.8,6.82,6.79,6.82,70779
2017-03-15 16:00:00-04:00,6.8,6.9,6.7707,6.9,57317
2017-03-16 16:00:00-04:00,6.89,6.92,6.82,6.82,83421
2017-03-17 16:00:00-04:00,6.83,6.8797,6.79,6.83,85317
2017-03-20 16:00:00-04:00,6.82,6.85,6.8,6.8,109048
2017-03-21 16:00:00-04:00,6.81,6.92,6.8,6.92,82502
2017-03-22 16:00:00-04:00,6.89,6.89,6.83,6.84,85382
2017-03-23 16:00:00-04:00,6.87,6.89,6.81,6.87,131293
2017-03-24 16:00:00-04:00,6.87,6.91,6.8507,6.86,84444
2017-03-27 16:00:00-04:00,6.86,6.94,6.86,6.94,111288
2017-03-28 16:00:00-04:00,6.94,6.94,6.88,6.88,64124
2017-03-29 16:00:00-04:00,6.89,6.91,6.86,6.91,60094
2017-03-30 16:00:00-04:00,6.92,6.93,6.87,6.93,82520
2017-03-31 16:00:00-04:00,6.93,6.95,6.91,6.95,54170
2017-04-03 16:00:00-04:00,6.95,6.97,6.94,6.95,47115
2017-04-04 16:00:00-04:00,6.96,7.04,6.96,7.04,63268
2017-04-05 16:00:00-04:00,7.01,7.03,6.99,6.99,79686
2017-04-06 16:00:00-04:00,7.0,7.09,7.0,7.08,123299
2017-04-07 16:00:00-04:00,7.1,7.11,7.07,7.07,40084
2017-04-10 16:00:00-04:00,7.07,7.13,7.0465,7.13,56493
2017-04-11 16:00:00-04:00,7.14,7.15,7.08,7.08,47829
2017-04-12 16:00:00-04:00,7.1,7.13,7.04,7.08,92282
2017-04-13 16:00:00-04:00,7.08,7.15,7.08,7.08,41538
2017-04-17 16:00:00-04:00,7.11,7.15,7.09,7.13,46606
2017-04-18 16:00:00-04:00,7.1,7.1,7.04,7.06,69743
2017-04-19 16:00:00-04:00,7.08,7.1,7.04,7.06,75693
2017-04-20 16:00:00-04:00,7.06,7.14,7.0,7.1,102998
2017-04-21 16:00:00-04:00,7.1,7.11,7.02,7.02,110338
2017-04-24 16:00:00-04:00,7.02,7.04,7.0,7.01,81002
2017-04-25 16:00:00-04:00,7.0,7.01,6.94,6.98,62086
2017-04-26 16:00:00-04:00,6.97,7.01,6.97,6.97,43338
2017-04-27 16:00:00-04:00,6.97,7.05,6.97,7.02,61902
2017-04-28 16:00:00-04:00,7.04,7.07,7.02,7.02,73249
2017-05-01 16:00:00-04:00,7.03,7.06,7.02,7.06,74166
2017-05-02 16:00:00-04:00,7.05,7.07,7.05,7.06,62092
2017-05-03 16:00:00-04:00,7.08,7.12,7.05,7.12,105488
2017-05-04 16:00:00-04:00,7.11,7.11,7.08,7.08,99627
2017-05-05 16:00:00-04:00,7.1,7.14,7.06,7.1,32107
2017-05-08 16:00:00-04:00,7.1,7.11,7.06,7.08,35894
2017-05-09 16:00:00-04:00,7.07,7.14,7.0401,7.14,88156
2017-05-10 16:00:00-04:00,7.12,7.12,7.065,7.07,43497
2017-05-11 16:00:00-04:00,7.07,7.15,7.07,7.08,45432
2017-05-12 16:00:00-04:00,7.09,7.16,7.09,7.15,55463
2017-05-15 16:00:00-04:00,7.16,7.23,7.13,7.2,65476
2017-05-16 16:00:00-04:00,7.14,7.21,7.14,7.18,52252
2017-05-17 16:00:00-04:00,7.18,7.265,7.16,7.16,56660
2017-05-18 16:00:00-04:00,7.2,7.2,7.09,7.09,38444
2017-05-19 16:00:00-04:00,7.09,7.12,7.09,7.1,25998
2017-05-22 16:00:00-04:00,7.15,7.1625,7.1,7.12,41454
2017-05-23 16:00:00-04:00,7.21,7.21,7.12,7.1301,45613
2017-05-24 16:00:00-04:00,7.14,7.1599,7.1099,7.12,61823
2017-05-25 16:00:00-04:00,7.15,7.17,7.09,7.09,74961
2017-05-26 16:00:00-04:00,7.1,7.16,7.0999,7.13,90964
2017-05-30 16:00:00-04:00,7.15,7.19,7.1201,7.14,90315
2017-05-31 16:00:00-04:00,7.25,7.25,7.14,7.19,95152
2017-06-01 16:00:00-04:00,7.22,7.24,7.19,7.2,73592
2017-06-02 16:00:00-04:00,7.2,7.23,7.18,7.23,68379
2017-06-05 16:00:00-04:00,7.23,7.29,7.23,7.25,88197
2017-06-06 16:00:00-04:00,7.27,7.31,7.2502,7.27,47274
2017-06-07 16:00:00-04:00,7.27,7.3093,7.23,7.29,29331
2017-06-08 16:00:00-04:00,7.32,7.33,7.24,7.3,53788
2017-06-09 16:00:00-04:00,7.26,7.28,7.2,7.2,64414
2017-06-12 16:00:00-04:00,7.26,7.26,7.17,7.2,114257
2017-06-13 16:00:00-04:00,7.18,7.18,7.15,7.15,52532
2017-06-14 16:00:00-04:00,7.15,7.18,7.07,7.11,363775
2017-06-15 16:00:00-04:00,7.11,7.26,7.1,7.15,136668
2017-06-16 16:00:00-04:00,7.15,7.22,7.15,7.15,86013
2017-06-19 16:00:00-04:00,7.21,7.21,7.15,7.17,70512
2017-06-20 16:00:00-04:00,7.22,7.22,7.15,7.18,46007
2017-06-21 16:00:00-04:00,7.21,7.23,7.17,7.18,71423
2017-06-22 16:00:00-04:00,7.24,7.2494,7.18,7.19,45621
2017-06-23 16:00:00-04:00,7.23,7.23,7.17,7.23,35543
2017-06-26 16:00:00-04:00,7.23,7.23,7.17,7.17,62444
2017-06-27 16:00:00-04:00,7.22,7.22,7.15,7.15,75284
2017-06-28 16:00:00-04:00,7.19,7.19,7.15,7.16,62192
2017-06-29 16:00:00-04:00,7.16,7.1828,7.12,7.12,78412
2017-06-30 16:00:00-04:00,7.2,7.2,7.1,7.11,103438
2017-07-03 13:00:00-04:00,7.15,7.2,7.15,7.2,32195
2017-07-05 16:00:00-04:00,7.23,7.23,7.14,7.15,26102
2017-07-06 16:00:00-04:00,7.16,7.18,7.09,7.13,102946
2017-07-07 16:00:00-04:00,7.16,7.19,7.11,7.12,208794
2017-07-10 16:00:00-04:00,7.19,7.2,7.12,7.15,135452
2017-07-11 16:00:00-04:00,7.15,7.19,7.15,7.19,72322
2017-07-12 16:00:00-04:00,7.21,7.24,7.19,7.23,44738
2017-07-13 16:00:00-04:00,7.23,7.38,7.23,7.37,119796
2017-07-14 16:00:00-04:00,7.41,7.41,7.32,7.35,68871
2017-07-17 16:00:00-04:00,7.37,7.37,7.3,7.3,40205
2017-07-18 16:00:00-04:00,7.34,7.36,7.3,7.32,50554
2017-07-19 16:00:00-04:00,7.32,7.34,7.26,7.26,43849
2017-07-20 16:00:00-04:00,7.27,7.31,7.26,7.27,40940
2017-07-21 16:00:00-04:00,7.26,7.31,7.26,7.28,64358
2017-07-24 16:00:00-04:00,7.27,7.3,7.21,7.25,58524
2017-07-25 16:00:00-04:00,7.27,7.28,7.16,7.16,72736
2017-07-26 16:00:00-04:00,7.21,7.32,7.2079,7.28,77823
2017-07-27 16:00:00-04:00,7.29,7.29,7.22,7.23,45124
2017-07-28 16:00:00-04:00,7.23,7.29,7.23,7.29,46857
2017-07-31 16:00:00-04:00,0.0,0.0,7.28,7.28,78652
2017-08-01 16:00:00-04:00,7.3,7.32,7.28,7.32,85679
2017-08-02 16:00:00-04:00,7.31,7.33,7.29,7.29,15385
2017-08-03 16:00:00-04:00,7.3,7.36,7.27,7.28,46781
2017-08-04 16:00:00-04:00,7.31,7.33,7.2901,7.33,29658
2017-08-07 16:00:00-04:00,7.33,7.35,7.26,7.26,35265
2017-08-08 16:00:00-04:00,7.32,7.32,7.25,7.26,61301
2017-08-09 16:00:00-04:00,7.27,7.33,7.24,7.33,57990
2017-08-10 16:00:00-04:00,7.32,7.33,7.2368,7.26,31809
2017-08-11 16:00:00-04:00,7.15,7.3,7.15,7.25,115837
2017-08-14 16:00:00-04:00,7.28,7.299,7.21,7.25,39777
2017-08-15 16:00:00-04:00,7.23,7.23,7.174,7.2,95814
2017-08-16 16:00:00-04:00,7.21,7.24,7.18,7.22,57264
2017-08-17 16:00:00-04:00,7.22,7.25,7.19,7.2,32224
2017-08-18 16:00:00-04:00,7.21,7.228,7.18,7.18,61695
2017-08-21 16:00:00-04:00,7.19,7.24,7.19,7.24,55585
2017-08-22 16:00:00-04:00,7.24,7.26,7.2,7.2,35337
2017-08-23 16:00:00-04:00,7.23,7.27,7.22,7.24,34450
2017-08-24 16:00:00-04:00,7.25,7.25,7.195,7.25,40104
2017-08-25 16:00:00-04:00,7.23,7.23,7.16,7.16,34838
2017-08-28 16:00:00-04:00,7.19,7.213,7.17,7.19,66547
2017-08-29 16:00:00-04:00,7.21,7.29,7.21,7.21,97839
2017-08-30 16:00:00-04:00,7.21,7.25,7.18,7.18,72108
2017-08-31 16:00:00-04:00,7.24,7.25,7.18,7.18,105069
2017-09-01 16:00:00-04:00,7.24,7.24,7.2,7.2,67535
2017-09-05 16:00:00-04:00,7.22,7.22,7.16,7.16,78768
2017-09-06 16:00:00-04:00,7.17,7.21,7.17,7.19,143551
2017-09-07 16:00:00-04:00,7.19,7.22,7.17,7.18,99574
2017-09-08 16:00:00-04:00,7.19,7.21,7.18,7.21,60871
2017-09-11 16:00:00-04:00,7.26,7.26,7.2,7.26,70366
2017-09-12 16:00:00-04:00,7.23,7.24,7.22,7.24,30607
2017-09-13 16:00:00-04:00,7.24,7.27,7.23,7.27,27689
2017-09-14 16:00:00-04:00,7.27,7.27,7.23,7.27,30796
2017-09-15 16:00:00-04:00,7.27,7.27,7.22,7.27,47549
2017-09-18 16:00:00-04:00,7.27,7.27,7.23,7.27,26800
2017-09-19 16:00:00-04:00,7.24,7.269,7.23,7.23,23960
2017-09-20 16:00:00-04:00,7.24,7.255,7.19,7.22,47879
2017-09-21 16:00:00-04:00,7.2,7.22,7.19,7.2,38014
2017-09-22 16:00:00-04:00,7.22,7.25,7.2,7.22,43476
2017-09-25 16:00:00-04:00,7.25,7.25,7.195,7.25,36580
2017-09-26 16:00:00-04:00,7.25,7.26,7.19,7.26,62535
2017-09-27 16:00:00-04:00,7.26,7.26,7.11,7.17,64145
2017-09-28 16:00:00-04:00,7.15,7.19,7.13,7.18,42138
2017-09-29 16:00:00-04:00,7.23,7.23,7.14,7.2,76179
2017-10-02 16:00:00-04:00,7.18,7.21,7.17,7.17,36111
2017-10-03 16:00:00-04:00,7.22,7.22,7.16,7.18,36335
2017-10-04 16:00:00-04:00,7.22,7.23,7.14,7.15,29174
2017-10-05 16:00:00-04:00,7.14,7.158,7.13,7.13,24725
2017-10-06 16:00:00-04:00,7.13,7.13,7.1,7.11,31190
2017-10-09 16:00:00-04:00,7.11,7.15,7.1,7.15,42055
2017-10-10 16:00:00-04:00,7.14,7.14,7.11,7.14,27208
2017-10-11 16:00:00-04:00,7.12,7.131,7.12,7.12,19711
2017-10-12 16:00:00-04:00,7.14,7.19,7.14,7.19,44445
2017-10-13 16:00:00-04:00,7.17,7.21,7.16,7.21,36523
2017-10-16 16:00:00-04:00,7.21,7.21,7.13,7.14,95507
2017-10-17 16:00:00-04:00,7.11,7.15,7.1,7.14,30130
2017-10-18 16:00:00-04:00,7.11,7.13,7.09,7.13,30381
2017-10-19 16:00:00-04:00,7.11,7.17,7.1,7.17,41240
2017-10-20 16:00:00-04:00,7.13,7.15,7.11,7.12,29176
2017-10-23 16:00:00-04:00,7.11,7.11,7.05,7.05,79374
2017-10-24 16:00:00-04:00,7.06,7.065,7.04,7.04,44740
2017-10-25 16:00:00-04:00,7.06,7.06,7.03,7.03,73558
2017-10-26 16:00:00-04:00,7.01,7.03,6.9899,7.02,76433
2017-10-27 16:00:00-04:00,7.02,7.04,6.98,7.02,71026
2017-10-30 16:00:00-04:00,7.01,7.04,7.0,7.04,57886
2017-10-31 16:00:00-04:00,7.02,7.03,6.94,6.96,127579
2017-11-01 16:00:00-04:00,6.97,6.99,6.93,6.99,99690
2017-11-02 16:00:00-04:00,6.97,6.99,6.89,6.89,111489
2017-11-03 16:00:00-04:00,6.87,6.9,6.85,6.9,141972
2017-11-06 16:00:00-05:00,6.87,6.92,6.86,6.91,102494
2017-11-07 16:00:00-05:00,6.9,6.92,6.87,6.9,116797
2017-11-08 16:00:00-05:00,6.91,6.94,6.89,6.9,166732
2017-11-09 16:00:00-05:00,6.9,6.92,6.86,6.87,92473
2017-11-10 16:00:00-05:00,6.86,6.87,6.83,6.87,86682
2017-11-13 16:00:00-05:00,6.87,6.91,6.87,6.89,78716
2017-11-14 16:00:00-05:00,6.83,6.89,6.83,6.88,81937
2017-11-15 16:00:00-05:00,6.87,6.94,6.87,6.9,76281
2017-11-16 16:00:00-05:00,6.89,6.96,6.89,6.94,126939
2017-11-17 16:00:00-05:00,6.93,6.94,6.89,6.9,70794
2017-11-20 16:00:00-05:00,6.9,6.91,6.87,6.91,78919
2017-11-21 16:00:00-05:00,6.89,6.93,6.89,6.9,66724
2017-11-22 16:00:00-05:00,6.9,6.93,6.84,6.87,177088
2017-11-24 13:00:00-05:00,6.87,6.88,6.83,6.86,33173
2017-11-27 16:00:00-05:00,6.89,6.89,6.84,6.87,83374
2017-11-28 16:00:00-05:00,6.87,6.89,6.84,6.86,67746
2017-11-29 16:00:00-05:00,6.84,6.88,6.835,6.88,83752
2017-11-30 16:00:00-05:00,6.86,6.88,6.84,6.87,58854
2017-12-01 16:00:00-05:00,6.88,6.89,6.8399,6.89,82380
2017-12-04 16:00:00-05:00,6.87,6.87,6.82,6.87,111568
2017-12-05 16:00:00-05:00,6.84,6.91,6.82,6.91,115692
2017-12-06 16:00:00-05:00,6.89,6.95,6.89,6.93,88555
2017-12-07 16:00:00-05:00,6.95,6.96,6.9199,6.95,115855
2017-12-08 16:00:00-05:00,6.94,6.95,6.92,6.92,105129
