,Open,High,Low,Close,Volume
2010-06-11 16:00:00-04:00,7.0,7.59,7.0,7.0,1449868
2010-06-14 16:00:00-04:00,7.01,7.08,6.41,6.52,625570
2010-06-15 16:00:00-04:00,6.69,7.0,6.5,6.55,258147
2010-06-16 16:00:00-04:00,6.89,6.89,6.08,6.2,324865
2010-06-17 16:00:00-04:00,6.2,6.26,6.04,6.078,150122
2010-06-18 16:00:00-04:00,6.1,6.44,6.02,6.2,124617
2010-06-21 16:00:00-04:00,6.35,6.79,6.21,6.36,122794
2010-06-22 16:00:00-04:00,6.47,6.47,6.25,6.3,17433
2010-06-23 16:00:00-04:00,6.45,6.5,6.2,6.31,45800
2010-06-24 16:00:00-04:00,6.45,6.6,6.1,6.25,35234
2010-06-25 16:00:00-04:00,6.21,6.43,6.21,6.23,16100
2010-06-28 16:00:00-04:00,6.49,6.69,6.38,6.5,67988
2010-06-29 16:00:00-04:00,6.51,6.51,5.85,6.0,114744
2010-06-30 16:00:00-04:00,6.0,6.0105,5.77,5.85,70627
2010-07-01 16:00:00-04:00,5.75,5.9,5.6203,5.74,48110
2010-07-02 16:00:00-04:00,5.76,5.76,5.4501,5.58,56380
2010-07-06 16:00:00-04:00,5.71,5.71,5.29,5.31,17030
2010-07-07 16:00:00-04:00,5.5,5.98,5.31,5.57,86211
2010-07-08 16:00:00-04:00,5.7,5.7,5.5,5.57,51455
2010-07-09 16:00:00-04:00,5.5,5.7,5.25,5.65,101575
2010-07-12 16:00:00-04:00,5.56,5.6,5.39,5.55,49500
2010-07-13 16:00:00-04:00,5.63,5.77,5.46,5.5,108610
2010-07-14 16:00:00-04:00,5.5,5.5,5.25,5.4,82090
2010-07-15 16:00:00-04:00,5.39,5.39,5.24,5.29,45230
2010-07-16 16:00:00-04:00,5.27,5.42,4.77,4.93,177268
2010-07-19 16:00:00-04:00,4.98,5.0001,4.96,5.0,43910
2010-07-20 16:00:00-04:00,4.96,5.3,4.96,5.3,73930
2010-07-21 16:00:00-04:00,5.39,5.5,4.94,5.21,57994
2010-07-22 16:00:00-04:00,5.45,5.69,5.4,5.5299,139996
2010-07-23 16:00:00-04:00,5.47,5.51,5.33,5.5,66938
2010-07-26 16:00:00-04:00,5.48,6.0,4.8,5.86,259719
2010-07-27 16:00:00-04:00,5.95,5.95,5.73,5.83,88772
2010-07-28 16:00:00-04:00,5.88,5.9,5.67,5.72,44399
2010-07-29 16:00:00-04:00,5.8,6.05,5.72,5.97,183635
2010-07-30 16:00:00-04:00,5.91,6.25,5.91,6.19,87095
2010-08-02 16:00:00-04:00,6.29,6.6,6.23,6.52,240450
2010-08-03 16:00:00-04:00,6.6,7.0,6.53,6.98,226909
2010-08-04 16:00:00-04:00,7.05,7.07,6.88,6.991,251497
2010-08-05 16:00:00-04:00,7.2,7.6,6.9,7.05,425856
2010-08-06 16:00:00-04:00,6.96,7.1,6.8,6.86,142020
2010-08-09 16:00:00-04:00,6.96,7.5,6.65,7.26,473472
2010-08-10 16:00:00-04:00,7.4,7.48,7.14,7.48,287665
2010-08-11 16:00:00-04:00,7.46,7.48,7.0,7.12,223225
2010-08-12 16:00:00-04:00,7.0,8.14,7.0,7.93,807289
2010-08-13 16:00:00-04:00,8.01,8.8,7.95,8.54,912110
2010-08-16 16:00:00-04:00,8.6,8.75,8.03,8.29,481710
2010-08-17 16:00:00-04:00,8.3,9.0,8.1,8.4,774993
2010-08-18 16:00:00-04:00,8.5,9.55,8.33,9.38,1240882
2010-08-19 16:00:00-04:00,9.41,9.94,8.87,9.13,911476
2010-08-20 16:00:00-04:00,9.31,9.6,8.9201,9.24,732007
2010-08-23 16:00:00-04:00,9.32,9.4299,8.2,8.67,771525
2010-08-24 16:00:00-04:00,8.35,8.72,8.1101,8.37,428515
2010-08-25 16:00:00-04:00,8.12,8.45,7.67,8.14,573360
2010-08-26 16:00:00-04:00,8.12,8.35,7.8,7.85,310674
2010-08-27 16:00:00-04:00,7.88,8.3,7.65,8.29,303587
2010-08-30 16:00:00-04:00,8.4,8.605,8.05,8.11,245310
2010-08-31 16:00:00-04:00,8.44,8.5,7.98,8.12,281434
2010-09-01 16:00:00-04:00,8.35,8.42,8.3,8.38,255110
2010-09-02 16:00:00-04:00,8.56,9.91,8.4,9.91,1657648
2010-09-03 16:00:00-04:00,10.23,10.49,9.61,9.92,904825
2010-09-07 16:00:00-04:00,10.08,10.3,9.03,9.22,1055729
2010-09-08 16:00:00-04:00,9.28,10.0,9.2251,9.74,628402
2010-09-09 16:00:00-04:00,9.95,10.1,9.5,9.65,386728
2010-09-10 16:00:00-04:00,9.84,10.66,9.65,10.5,1236931
2010-09-13 16:00:00-04:00,10.85,10.92,10.0701,10.34,1057790
2010-09-14 16:00:00-04:00,10.25,10.25,9.73,9.92,450073
2010-09-15 16:00:00-04:00,9.9,10.5,8.07,8.52,2160192
2010-09-16 16:00:00-04:00,8.5,8.88,8.19,8.29,498045
2010-09-17 16:00:00-04:00,8.5,8.66,8.2106,8.45,448894
2010-09-20 16:00:00-04:00,8.36,8.65,7.5,7.59,1210299
2010-09-21 16:00:00-04:00,7.76,8.93,7.59,8.785,874833
2010-09-22 16:00:00-04:00,8.68,8.77,8.25,8.39,327344
2010-09-23 16:00:00-04:00,8.26,8.5,7.93,8.42,161036
2010-09-24 16:00:00-04:00,8.58,9.08,8.35,8.79,458908
2010-09-27 16:00:00-04:00,9.0,9.7,8.94,9.66,709702
2010-09-28 16:00:00-04:00,9.7,10.1,9.06,9.71,758982
2010-09-29 16:00:00-04:00,9.99,10.21,9.77,10.21,552767
2010-09-30 16:00:00-04:00,10.36,11.6,9.95,11.6,1154833
2010-10-01 16:00:00-04:00,11.6,11.76,10.7,11.07,767007
2010-10-04 16:00:00-04:00,11.07,11.32,10.25,10.43,611625
2010-10-05 16:00:00-04:00,10.45,11.35,10.4,11.08,777466
2010-10-06 16:00:00-04:00,11.29,11.72,10.75,11.22,733573
2010-10-07 16:00:00-04:00,11.76,13.27,11.75,13.15,1729680
2010-10-08 16:00:00-04:00,13.28,16.14,12.8,16.08,2256036
2010-10-11 16:00:00-04:00,16.76,18.94,15.21,16.54,5341874
2010-10-12 16:00:00-04:00,16.49,17.5,15.21,17.3,3994724
2010-10-13 16:00:00-04:00,17.52,18.3,17.06,17.89,1695431
2010-10-14 16:00:00-04:00,18.1,20.5,17.91,19.4,2721299
2010-10-15 16:00:00-04:00,20.41,20.5,17.51,18.55,2251038
2010-10-18 16:00:00-04:00,18.4,19.91,17.66,18.17,1914394
2010-10-19 16:00:00-04:00,17.81,18.99,17.56,18.1,1159703
2010-10-20 16:00:00-04:00,18.55,19.39,18.25,18.8,1099483
2010-10-21 16:00:00-04:00,18.64,19.069,14.01,14.05,4509883
2010-10-22 16:00:00-04:00,14.46,15.98,14.31,15.62,2160947
2010-10-25 16:00:00-04:00,16.31,17.32,16.25,17.1,1556187
2010-10-26 16:00:00-04:00,17.2,17.74,15.5,15.99,2107160
2010-10-27 16:00:00-04:00,15.15,15.75,14.65,15.33,1509809
2010-10-28 16:00:00-04:00,15.5,16.39,15.5,15.8,764146
2010-10-29 16:00:00-04:00,15.82,15.84,14.45,14.63,1215759
2010-11-01 16:00:00-04:00,14.57,14.6999,12.72,13.03,2112014
2010-11-02 16:00:00-04:00,13.04,15.49,13.01,15.17,2007353
2010-11-03 16:00:00-04:00,15.77,16.1,14.5,14.92,1367187
2010-11-04 16:00:00-04:00,15.52,15.6,14.65,15.01,966805
2010-11-05 16:00:00-04:00,15.14,15.25,14.65,14.77,540095
2010-11-08 16:00:00-05:00,15.0,16.97,14.66,16.91,1881448
2010-11-09 16:00:00-05:00,17.0,17.17,14.8,15.24,2187933
2010-11-10 16:00:00-05:00,15.13,15.15,14.14,14.87,865791
2010-11-11 16:00:00-05:00,15.25,15.25,14.16,14.68,606226
2010-11-12 16:00:00-05:00,14.26,14.87,13.99,14.03,651478
2010-11-15 16:00:00-05:00,14.0,15.1,13.95,14.42,1149358
2010-11-16 16:00:00-05:00,14.0,15.05,12.26,12.82,1891055
2010-11-17 16:00:00-05:00,13.0,13.14,11.0808,11.1,1731026
2010-11-18 16:00:00-05:00,11.62,12.56,11.2,12.39,1075594
2010-11-19 16:00:00-05:00,11.77,12.73,11.5,12.31,469352
2010-11-22 16:00:00-05:00,12.05,12.27,11.33,11.75,869483
2010-11-23 16:00:00-05:00,11.53,11.53,11.0,11.01,519964
2010-11-24 16:00:00-05:00,11.24,11.75,11.01,11.12,638236
2010-11-26 13:00:00-05:00,11.12,12.3,10.66,12.23,752748
2010-11-29 16:00:00-05:00,12.28,12.32,11.4,11.62,508473
2010-11-30 16:00:00-05:00,11.6,12.5,11.32,12.4,721820
2010-12-01 16:00:00-05:00,12.76,12.8,11.45,11.76,660808
2010-12-02 16:00:00-05:00,11.74,12.18,11.531,11.88,539998
2010-12-03 16:00:00-05:00,11.67,12.13,11.33,11.54,373234
2010-12-06 16:00:00-05:00,11.41,11.85,11.41,11.77,373398
2010-12-07 16:00:00-05:00,11.86,12.1,10.81,11.22,727492
2010-12-08 16:00:00-05:00,11.33,11.74,10.88,11.0,548900
2010-12-09 16:00:00-05:00,11.19,11.19,9.65,9.9,1397905
2010-12-10 16:00:00-05:00,9.89,10.5,9.5,10.33,704633
2010-12-13 16:00:00-05:00,10.35,10.432,10.0,10.15,302452
2010-12-14 16:00:00-05:00,10.05,11.1,10.05,10.84,526362
2010-12-15 16:00:00-05:00,10.86,11.54,10.85,11.29,558085
2010-12-16 16:00:00-05:00,11.35,11.37,10.84,11.32,395878
2010-12-17 16:00:00-05:00,11.47,11.47,10.9,11.1923,133978
2010-12-20 16:00:00-05:00,11.04,11.27,11.01,11.15,144480
2010-12-21 16:00:00-05:00,11.47,12.25,11.18,12.15,740887
2010-12-22 16:00:00-05:00,12.24,12.55,11.75,12.54,505590
2010-12-23 16:00:00-05:00,12.33,12.78,11.91,11.99,214258
2010-12-27 16:00:00-05:00,11.88,12.15,11.63,11.76,93592
2010-12-28 16:00:00-05:00,11.76,11.93,10.68,10.82,477569
2010-12-29 16:00:00-05:00,10.72,10.97,10.48,10.69,339715
2010-12-30 16:00:00-05:00,10.77,10.84,10.56,10.66,280632
2010-12-31 16:00:00-05:00,10.6,10.63,10.35,10.4,203979
2011-01-03 16:00:00-05:00,10.48,11.0,10.45,10.9,281416
2011-01-04 16:00:00-05:00,10.96,11.0,10.41,10.66,198641
2011-01-05 16:00:00-05:00,10.5,10.8,10.46,10.5,213925
2011-01-06 16:00:00-05:00,10.62,10.68,10.45,10.51,156098
2011-01-07 16:00:00-05:00,10.72,10.85,10.5496,10.77,234059
2011-01-10 16:00:00-05:00,10.92,12.12,10.88,12.02,876087
2011-01-11 16:00:00-05:00,12.14,12.32,11.2,11.51,631261
2011-01-12 16:00:00-05:00,11.82,11.9,11.4,11.88,201727
2011-01-13 16:00:00-05:00,11.98,13.2,11.6,13.12,1372078
2011-01-14 16:00:00-05:00,13.35,13.88,12.8,13.24,1154539
2011-01-18 16:00:00-05:00,13.3,13.3,12.38,13.07,408147
2011-01-19 16:00:00-05:00,13.1,13.74,12.8,13.07,593407
2011-01-20 16:00:00-05:00,12.84,13.0497,11.95,12.75,523269
2011-01-21 16:00:00-05:00,12.84,12.9999,12.25,12.41,285523
2011-01-24 16:00:00-05:00,12.42,14.33,12.42,14.29,1210110
2011-01-25 16:00:00-05:00,13.95,14.38,13.6,14.0,488396
2011-01-26 16:00:00-05:00,14.09,14.34,13.65,13.91,329055
2011-01-27 16:00:00-05:00,14.23,14.23,13.35,13.73,491567
2011-01-28 16:00:00-05:00,13.92,14.75,13.77,14.0,868135
2011-01-31 16:00:00-05:00,14.03,14.499,13.63,13.92,405309
2011-02-01 16:00:00-05:00,14.32,14.32,13.65,14.13,303063
2011-02-02 16:00:00-05:00,14.05,14.3,13.75,14.08,259777
2011-02-03 16:00:00-05:00,14.05,14.05,12.28,13.03,906086
2011-02-04 16:00:00-05:00,12.87,13.09,12.55,12.81,344270
2011-02-07 16:00:00-05:00,12.96,13.1399,12.65,12.72,223778
2011-02-08 16:00:00-05:00,12.68,12.68,12.1,12.62,287052
2011-02-09 16:00:00-05:00,12.51,12.88,12.22,12.86,217814
2011-02-10 16:00:00-05:00,12.61,12.98,12.61,12.89,140747
2011-02-11 16:00:00-05:00,13.03,13.08,12.73,12.85,96023
2011-02-14 16:00:00-05:00,12.76,12.8399,12.47,12.57,105373
2011-02-15 16:00:00-05:00,12.45,12.59,12.12,12.19,152523
2011-02-16 16:00:00-05:00,12.22,12.43,11.43,11.49,437795
2011-02-17 16:00:00-05:00,11.63,12.16,11.6,11.74,240798
2011-02-18 16:00:00-05:00,11.74,11.74,11.3,11.52,206004
2011-02-22 16:00:00-05:00,11.26,11.642,11.0,11.11,214695
2011-02-23 16:00:00-05:00,11.02,11.7,10.85,10.99,236993
2011-02-24 16:00:00-05:00,11.05,12.0,10.93,12.0,211770
2011-02-25 16:00:00-05:00,11.9,12.23,11.62,12.02,234902
2011-02-28 16:00:00-05:00,12.12,12.6599,12.05,12.42,323859
2011-03-01 16:00:00-05:00,12.44,12.48,11.99,12.06,137800
2011-03-02 16:00:00-05:00,12.04,12.1299,11.29,11.87,228539
2011-03-03 16:00:00-05:00,12.5,13.47,12.23,13.25,1004073
2011-03-04 16:00:00-05:00,13.41,13.41,12.82,12.9,302895
2011-03-07 16:00:00-05:00,13.18,13.24,12.0203,12.17,290963
2011-03-08 16:00:00-05:00,12.14,12.1499,11.75,11.85,125281
2011-03-09 16:00:00-05:00,11.76,12.3393,11.4,11.76,158361
2011-03-10 16:00:00-05:00,11.6,11.72,11.25,11.55,125786
2011-03-11 16:00:00-05:00,11.68,11.68,10.95,10.97,173737
2011-03-14 16:00:00-04:00,11.1,11.1,10.35,10.7,243513
2011-03-15 16:00:00-04:00,9.88,10.75,8.8,10.22,943024
2011-03-16 16:00:00-04:00,10.07,11.2,9.865,10.19,558643
2011-03-17 16:00:00-04:00,10.4,10.48,9.9,10.12,177974
2011-03-18 16:00:00-04:00,10.15,10.5,10.1,10.31,178544
2011-03-21 16:00:00-04:00,10.5,10.55,10.1,10.2664,139664
2011-03-22 16:00:00-04:00,10.38,10.38,9.93,10.15,141394
2011-03-23 16:00:00-04:00,10.1,10.1688,9.8801,10.05,127978
2011-03-24 16:00:00-04:00,10.09,10.35,10.05,10.18,136951
2011-03-25 16:00:00-04:00,10.32,10.3599,9.94,9.97,132161
2011-03-28 16:00:00-04:00,9.97,10.34,9.9495,10.09,164072
2011-03-29 16:00:00-04:00,10.09,10.15,9.97,10.07,73848
2011-03-30 16:00:00-04:00,10.5,10.5,10.0,10.41,304309
2011-03-31 16:00:00-04:00,10.5,10.95,10.4,10.86,256328
2011-04-01 16:00:00-04:00,10.86,11.51,10.85,11.28,317611
2011-04-04 16:00:00-04:00,11.28,11.62,11.28,11.51,117296
2011-04-05 16:00:00-04:00,11.45,11.45,11.05,11.17,148495
2011-04-06 16:00:00-04:00,11.2,11.44,10.21,10.6,243500
2011-04-07 16:00:00-04:00,10.72,10.89,10.38,10.56,82219
2011-04-08 16:00:00-04:00,10.6,10.6,10.06,10.26,180650
2011-04-11 16:00:00-04:00,10.21,10.39,10.05,10.28,92476
2011-04-12 16:00:00-04:00,10.35,10.35,9.75,10.1,179723
2011-04-13 16:00:00-04:00,10.08,10.08,9.43,9.56,284490
2011-04-14 16:00:00-04:00,9.5,9.5826,8.6,9.0,527349
2011-04-15 16:00:00-04:00,8.87,9.52,8.67,9.51,305591
2011-04-18 16:00:00-04:00,9.5,9.5101,8.998,9.21,121935
2011-04-19 16:00:00-04:00,9.19,9.19,8.76,8.86,143354
2011-04-20 16:00:00-04:00,8.98,9.5,8.98,9.5,176923
2011-04-21 16:00:00-04:00,9.53,9.53,8.9,9.07,135507
2011-04-25 16:00:00-04:00,8.99,9.25,8.91,9.2,105732
2011-04-26 16:00:00-04:00,9.18,9.3,9.1,9.28,119675
2011-04-27 16:00:00-04:00,9.23,9.39,9.2,9.2501,59841
2011-04-28 16:00:00-04:00,9.54,9.74,9.29,9.3,166776
2011-04-29 16:00:00-04:00,9.3,9.55,9.25,9.33,70828
2011-05-02 16:00:00-04:00,9.34,9.3991,9.16,9.24,70976
2011-05-03 16:00:00-04:00,9.17,9.23,9.1,9.12,127740
2011-05-04 16:00:00-04:00,9.1,9.25,8.86,8.96,49377
2011-05-05 16:00:00-04:00,8.91,9.099,8.86,8.98,41944
2011-05-06 16:00:00-04:00,9.06,9.2,8.86,8.92,39756
2011-05-09 16:00:00-04:00,8.98,9.01,8.7601,9.01,74850
2011-05-10 16:00:00-04:00,9.08,9.1899,8.75,8.82,126777
2011-05-11 16:00:00-04:00,8.92,9.05,8.8,8.86,102409
2011-05-12 16:00:00-04:00,9.39,9.55,9.01,9.54,229184
2011-05-13 16:00:00-04:00,9.65,9.98,9.43,9.55,176954
2011-05-16 16:00:00-04:00,9.79,10.5,9.79,10.05,265215
2011-05-17 16:00:00-04:00,10.35,10.35,9.05,9.41,608965
2011-05-18 16:00:00-04:00,9.45,9.539,9.14,9.23,245829
2011-05-19 16:00:00-04:00,9.23,9.27,8.98,8.99,283945
2011-05-20 16:00:00-04:00,9.0,9.05,8.07,8.25,303018
2011-05-23 16:00:00-04:00,8.24,8.24,6.93,7.1899,569602
2011-05-24 16:00:00-04:00,7.21,7.48,6.698,6.94,409460
2011-05-25 16:00:00-04:00,6.86,7.0,6.7,6.78,185064
2011-05-26 16:00:00-04:00,6.75,6.8,6.12,6.17,343709
2011-05-27 16:00:00-04:00,6.18,6.58,6.18,6.5,243926
2011-05-31 16:00:00-04:00,6.91,7.07,6.46,6.5,146484
2011-06-01 16:00:00-04:00,6.5,6.54,6.11,6.16,181945
2011-06-02 16:00:00-04:00,6.3,6.46,5.96,6.02,124999
2011-06-03 16:00:00-04:00,5.99,5.99,5.65,5.67,333411
2011-06-06 16:00:00-04:00,5.65,5.95,5.05,5.13,312802
2011-06-07 16:00:00-04:00,5.94,5.94,5.0,5.13,382740
2011-06-08 16:00:00-04:00,5.1,5.1499,4.82,4.94,194973
2011-06-09 16:00:00-04:00,4.99,5.0,4.51,4.71,260664
2011-06-10 16:00:00-04:00,4.64,4.64,4.36,4.47,238885
2011-06-13 16:00:00-04:00,4.43,4.6,3.83,3.92,365648
2011-06-14 16:00:00-04:00,4.02,5.39,3.5,4.95,1198291
2011-06-15 16:00:00-04:00,4.98,4.98,4.26,4.49,465279
2011-06-16 16:00:00-04:00,4.37,4.8,4.25,4.43,365430
2011-06-17 16:00:00-04:00,4.46,4.6,4.03,4.3,236732
2011-06-20 16:00:00-04:00,4.29,4.3388,3.9,3.9272,190228
2011-06-21 16:00:00-04:00,4.14,4.9008,4.11,4.74,567266
2011-06-22 16:00:00-04:00,4.93,5.1491,4.74,4.94,457193
2011-06-23 16:00:00-04:00,4.93,4.93,4.33,4.6,335273
2011-06-24 16:00:00-04:00,4.6,4.9104,4.51,4.73,190716
2011-06-27 16:00:00-04:00,4.81,4.87,4.55,4.63,198080
2011-06-28 16:00:00-04:00,4.74,5.33,4.6,5.06,467409
2011-06-29 16:00:00-04:00,5.01,5.33,4.85,5.16,461217
2011-06-30 16:00:00-04:00,5.37,5.48,5.06,5.1,306950
2011-07-01 16:00:00-04:00,5.13,5.26,4.96,5.25,225590
2011-07-05 16:00:00-04:00,5.31,5.94,5.25,5.89,534917
2011-07-06 16:00:00-04:00,6.0,7.3,5.75,6.96,2299965
2011-07-07 16:00:00-04:00,7.24,8.22,7.0335,7.91,2248060
2011-07-08 16:00:00-04:00,7.31,7.59,6.53,7.57,1193650
2011-07-11 16:00:00-04:00,7.48,7.48,7.02,7.1,497312
2011-07-12 16:00:00-04:00,7.25,7.27,6.35,6.77,792777
2011-07-13 16:00:00-04:00,7.1,7.41,6.65,6.67,650320
2011-07-14 16:00:00-04:00,6.67,7.09,6.38,6.97,778963
2011-07-15 16:00:00-04:00,7.03,7.36,6.75,7.08,833524
2011-07-18 16:00:00-04:00,7.03,7.25,6.75,7.0,351239
2011-07-19 16:00:00-04:00,7.04,7.7,7.01,7.21,849963
2011-07-20 16:00:00-04:00,7.36,7.39,7.0,7.23,208200
2011-07-21 16:00:00-04:00,7.3,7.49,7.0,7.12,368757
2011-07-22 16:00:00-04:00,6.95,7.1,6.85,7.04,373016
2011-07-25 16:00:00-04:00,7.0,7.105,6.9,7.01,244173
2011-07-26 16:00:00-04:00,7.0,7.17,6.9675,7.07,132175
2011-07-27 16:00:00-04:00,7.05,7.09,6.99,7.01,279232
2011-07-28 16:00:00-04:00,7.12,7.12,7.0,7.0,118590
2011-07-29 16:00:00-04:00,7.0,7.04,6.85,6.89,443144
2011-08-01 16:00:00-04:00,7.04,7.04,5.75,5.84,851281
2011-08-02 16:00:00-04:00,5.8,6.14,5.51,5.64,275662
2011-08-03 16:00:00-04:00,5.63,5.69,4.8,5.22,475773
2011-08-04 16:00:00-04:00,4.96,5.1188,4.2,4.28,451747
2011-08-05 16:00:00-04:00,4.32,4.7,4.17,4.59,296899
2011-08-08 16:00:00-04:00,4.2,4.45,4.0,4.01,668253
2011-08-09 16:00:00-04:00,4.07,4.65,4.065,4.58,509779
2011-08-10 16:00:00-04:00,4.58,5.25,4.11,4.91,514209
2011-08-11 16:00:00-04:00,4.96,5.16,4.28,4.66,515579
2011-08-12 16:00:00-04:00,4.7,5.12,4.6,4.67,423625
2011-08-15 16:00:00-04:00,4.75,4.8,4.6,4.78,258552
2011-08-16 16:00:00-04:00,4.71,4.77,4.5,4.73,110874
2011-08-17 16:00:00-04:00,4.8,5.0,4.565,4.82,239957
2011-08-18 16:00:00-04:00,4.7,4.73,4.16,4.2,298875
2011-08-19 16:00:00-04:00,4.09,4.3,3.88,4.08,166630
2011-08-22 16:00:00-04:00,4.25,4.31,3.77,3.82,130521
2011-08-23 16:00:00-04:00,3.95,4.89,3.86,4.4,422741
2011-08-24 16:00:00-04:00,4.43,4.59,4.11,4.17,160121
2011-08-25 16:00:00-04:00,4.15,4.2,4.07,4.1,77654
2011-08-26 16:00:00-04:00,4.0001,4.24,3.96,4.24,64913
2011-08-29 16:00:00-04:00,4.36,4.58,4.23,4.37,262242
2011-08-30 16:00:00-04:00,4.4,4.49,4.14,4.34,90146
2011-08-31 16:00:00-04:00,4.43,4.48,4.25,4.32,63606
2011-09-01 16:00:00-04:00,4.29,4.4,3.98,4.029,107800
2011-09-02 16:00:00-04:00,3.87,4.03,3.81,3.96,81997
2011-09-06 16:00:00-04:00,3.77,4.02,3.77,3.9,92094
2011-09-07 16:00:00-04:00,4.0,4.11,3.9,3.9,118771
2011-09-08 16:00:00-04:00,3.9,3.9375,3.85,3.89,106366
2011-09-09 16:00:00-04:00,3.869,3.869,3.7,3.75,109544
2011-09-12 16:00:00-04:00,3.66,3.8,3.59,3.68,106543
2011-09-13 16:00:00-04:00,3.66,3.74,3.58,3.73,95885
2011-09-14 16:00:00-04:00,3.73,3.73,3.55,3.63,115099
2011-09-15 16:00:00-04:00,3.65,3.95,3.61,3.83,209087
2011-09-16 16:00:00-04:00,3.8,3.8,3.63,3.65,109940
2011-09-19 16:00:00-04:00,3.65,3.65,3.55,3.58,157252
2011-09-20 16:00:00-04:00,3.58,3.75,3.58,3.7,88160
2011-09-21 16:00:00-04:00,3.64,3.66,3.51,3.54,135033
2011-09-22 16:00:00-04:00,3.49,3.5526,3.06,3.18,289997
2011-09-23 16:00:00-04:00,3.17,3.18,2.98,3.05,97515
2011-09-26 16:00:00-04:00,3.1,3.9,3.1,3.69,286207
2011-09-27 16:00:00-04:00,3.9,4.8,3.82,4.01,518036
2011-09-28 16:00:00-04:00,4.01,4.143,3.55,3.59,155176
2011-09-29 16:00:00-04:00,3.55,3.73,3.15,3.28,299477
2011-09-30 16:00:00-04:00,3.3,3.4995,3.23,3.27,201935
2011-10-03 16:00:00-04:00,3.28,3.37,2.81,2.94,153442
2011-10-04 16:00:00-04:00,2.95,3.47,2.78,3.47,572274
2011-10-05 16:00:00-04:00,3.42,3.75,3.36,3.49,229033
2011-10-06 16:00:00-04:00,3.57,3.77,3.251,3.64,197673
2011-10-07 16:00:00-04:00,3.59,3.73,3.29,3.42,79626
2011-10-10 16:00:00-04:00,3.59,3.76,3.45,3.61,134886
2011-10-11 16:00:00-04:00,3.55,3.91,3.55,3.75,90690
2011-10-12 16:00:00-04:00,3.86,4.07,3.81,4.0,233354
2011-10-13 16:00:00-04:00,3.89,4.1,3.59,3.81,223815
2011-10-14 16:00:00-04:00,3.85,3.96,3.85,3.9,65508
2011-10-17 16:00:00-04:00,3.92,4.0,3.62,3.95,87283
2011-10-18 16:00:00-04:00,3.97,4.0,3.71,3.96,92101
2011-10-19 16:00:00-04:00,3.96,3.96,3.8,3.929,47132
2011-10-20 16:00:00-04:00,3.87,3.93,3.66,3.79,51820
2011-10-21 16:00:00-04:00,3.91,3.91,3.71,3.77,59868
2011-10-24 16:00:00-04:00,3.77,4.05,3.77,3.95,152003
2011-10-25 16:00:00-04:00,4.02,4.091,3.81,3.92,109617
2011-10-26 16:00:00-04:00,3.95,4.04,3.68,3.75,129642
2011-10-27 16:00:00-04:00,4.0,4.0,3.76,3.9,181938
2011-10-28 16:00:00-04:00,3.93,4.6,3.78,4.59,491379
2011-10-31 16:00:00-04:00,4.51,5.03,4.14,4.35,542299
2011-11-01 16:00:00-04:00,4.03,4.21,3.52,4.06,447225
2011-11-02 16:00:00-04:00,4.24,4.24,4.0,4.05,113893
2011-11-03 16:00:00-04:00,4.081,4.5,3.88,4.29,188476
2011-11-04 16:00:00-04:00,4.19,4.7,4.03,4.25,194327
2011-11-07 16:00:00-05:00,4.2231,4.45,4.2,4.38,102361
2011-11-08 16:00:00-05:00,4.33,4.39,3.69,3.88,402934
2011-11-09 16:00:00-05:00,3.8,3.98,3.71,3.82,151528
2011-11-10 16:00:00-05:00,3.71,3.95,3.71,3.799,95473
2011-11-11 16:00:00-05:00,3.96,4.22,3.85,3.93,249929
2011-11-14 16:00:00-05:00,3.88,3.88,3.63,3.66,181897
2011-11-15 16:00:00-05:00,3.65,3.75,3.37,3.66,160295
2011-11-16 16:00:00-05:00,3.57,3.7,3.5,3.58,60684
2011-11-17 16:00:00-05:00,3.6,3.6,3.51,3.53,45829
2011-11-18 16:00:00-05:00,3.55,3.67,3.45,3.59,109643
2011-11-21 16:00:00-05:00,3.46,3.73,3.2,3.36,159316
2011-11-22 16:00:00-05:00,3.34,3.34,3.2301,3.29,100222
2011-11-23 16:00:00-05:00,3.5,3.69,3.106,3.16,167862
2011-11-25 13:00:00-05:00,3.16,3.29,3.13,3.19,34924
2011-11-28 16:00:00-05:00,3.35,3.37,3.23,3.24,159508
2011-11-29 16:00:00-05:00,3.27,3.28,3.13,3.15,75526
2011-11-30 16:00:00-05:00,3.27,3.29,3.11,3.18,146122
2011-12-01 16:00:00-05:00,3.11,3.35,3.11,3.34,102393
2011-12-02 16:00:00-05:00,3.34,3.62,3.34,3.42,111618
2011-12-05 16:00:00-05:00,3.45,3.64,3.4104,3.57,79625
2011-12-06 16:00:00-05:00,3.62,3.62,3.4,3.45,49628
2011-12-07 16:00:00-05:00,3.5,3.61,3.45,3.51,87551
2011-12-08 16:00:00-05:00,3.44,3.59,3.43,3.51,80954
2011-12-09 16:00:00-05:00,3.5651,3.58,3.48,3.5,30847
2011-12-12 16:00:00-05:00,3.42,3.59,3.42,3.55,37182
2011-12-13 16:00:00-05:00,3.59,3.59,3.42,3.48,113701
2011-12-14 16:00:00-05:00,3.59,3.59,3.27,3.33,63251
2011-12-15 16:00:00-05:00,3.37,3.43,3.27,3.27,56692
2011-12-16 16:00:00-05:00,3.4,3.45,3.3,3.38,22984
2011-12-19 16:00:00-05:00,3.34,3.43,3.17,3.18,102626
2011-12-20 16:00:00-05:00,3.2,3.3597,3.2,3.25,58348
2011-12-21 16:00:00-05:00,3.25,3.349,3.22,3.31,53503
2011-12-22 16:00:00-05:00,3.32,3.38,3.27,3.29,56086
2011-12-23 16:00:00-05:00,3.28,3.31,3.27,3.31,21217
2011-12-27 16:00:00-05:00,3.16,3.34,3.16,3.31,55735
2011-12-28 16:00:00-05:00,3.27,3.27,3.06,3.16,91479
2011-12-29 16:00:00-05:00,3.1,3.29,3.07,3.19,84959
2011-12-30 16:00:00-05:00,3.14,3.3,3.07,3.13,131020
2012-01-03 16:00:00-05:00,3.2,3.48,3.2,3.37,61746
2012-01-04 16:00:00-05:00,3.4,3.52,3.36,3.48,59756
2012-01-05 16:00:00-05:00,3.43,3.43,3.33,3.33,32471
2012-01-06 16:00:00-05:00,3.36,3.49,3.34,3.37,29981
2012-01-09 16:00:00-05:00,3.42,3.46,3.22,3.28,51692
2012-01-10 16:00:00-05:00,3.31,3.4,3.3,3.35,94861
2012-01-11 16:00:00-05:00,3.8,4.46,3.76,4.32,1371222
2012-01-12 16:00:00-05:00,4.42,4.9,4.35,4.47,1324552
2012-01-13 16:00:00-05:00,4.42,4.43,4.0,4.18,281382
2012-01-17 16:00:00-05:00,4.25,4.58,4.18,4.22,323050
2012-01-18 16:00:00-05:00,4.48,4.49,4.08,4.25,212654
2012-01-19 16:00:00-05:00,4.3,4.36,4.13,4.17,157009
2012-01-20 16:00:00-05:00,4.19,4.66,3.95,4.5,481434
2012-01-23 16:00:00-05:00,4.5,4.88,4.4886,4.72,616969
2012-01-24 16:00:00-05:00,4.67,4.78,4.4,4.683,175669
2012-01-25 16:00:00-05:00,4.63,4.81,4.5405,4.77,143236
2012-01-26 16:00:00-05:00,4.85,4.889,4.42,4.52,286446
2012-01-27 16:00:00-05:00,4.47,4.5,4.35,4.43,176728
2012-01-30 16:00:00-05:00,4.4,4.83,4.4,4.74,249442
2012-01-31 16:00:00-05:00,4.82,4.85,4.5,4.51,182510
2012-02-01 16:00:00-05:00,4.57,4.57,4.43,4.52,219982
2012-02-02 16:00:00-05:00,4.58,4.58,4.35,4.41,187420
2012-02-03 16:00:00-05:00,4.4,4.44,4.36,4.39,223403
2012-02-06 16:00:00-05:00,4.36,4.4299,4.25,4.31,113676
2012-02-07 16:00:00-05:00,4.33,4.33,4.02,4.05,177926
2012-02-08 16:00:00-05:00,4.07,4.1499,3.65,4.11,310500
2012-02-09 16:00:00-05:00,4.1,4.15,3.95,3.97,135593
2012-02-10 16:00:00-05:00,3.95,3.97,3.77,3.82,128478
2012-02-13 16:00:00-05:00,3.85,3.98,3.8,3.82,120379
2012-02-14 16:00:00-05:00,3.8,3.8206,3.57,3.6,162511
2012-02-15 16:00:00-05:00,3.58,3.65,3.46,3.47,181757
2012-02-16 16:00:00-05:00,3.49,3.58,3.41,3.55,319683
2012-02-17 16:00:00-05:00,3.62,3.65,3.43,3.49,305093
2012-02-21 16:00:00-05:00,3.55,3.58,3.3,3.32,405612
2012-02-22 16:00:00-05:00,3.31,3.65,3.3,3.57,649253
2012-02-23 16:00:00-05:00,3.64,3.73,3.45,3.51,390783
2012-02-24 16:00:00-05:00,3.58,3.58,3.45,3.45,328622
2012-02-27 16:00:00-05:00,3.46,3.54,3.33,3.5,258130
2012-02-28 16:00:00-05:00,3.51,3.57,3.42,3.47,258745
2012-02-29 16:00:00-05:00,3.5,3.53,3.38,3.39,129941
2012-03-01 16:00:00-05:00,3.44,3.48,3.3712,3.44,158553
2012-03-02 16:00:00-05:00,3.44,3.47,3.38,3.4,156593
2012-03-05 16:00:00-05:00,3.41,3.44,3.31,3.39,169356
2012-03-06 16:00:00-05:00,3.4,3.42,3.31,3.34,350076
2012-03-07 16:00:00-05:00,3.42,3.44,3.26,3.28,509594
2012-03-08 16:00:00-05:00,3.33,3.34,3.25,3.27,131419
2012-03-09 16:00:00-05:00,3.31,3.31,3.1,3.1,385818
2012-03-12 16:00:00-04:00,3.13,3.1301,2.63,2.94,970760
2012-03-13 16:00:00-04:00,2.99,3.039,2.85,2.97,356165
2012-03-14 16:00:00-04:00,3.01,3.02,2.87,2.92,242102
2012-03-15 16:00:00-04:00,2.96,3.0,2.89,3.0,167509
2012-03-16 16:00:00-04:00,3.0,3.06,2.93,2.93,175329
2012-03-19 16:00:00-04:00,2.95,3.0004,2.94,2.99,84617
2012-03-20 16:00:00-04:00,2.94,2.99,2.85,2.88,109840
2012-03-21 16:00:00-04:00,2.88,2.91,2.76,2.8,119315
2012-03-22 16:00:00-04:00,2.82,2.82,2.73,2.77,73580
2012-03-23 16:00:00-04:00,2.8,2.82,2.76,2.79,94705
2012-03-26 16:00:00-04:00,2.93,2.95,2.84,2.86,73185
2012-03-27 16:00:00-04:00,2.9,2.93,2.88,2.89,109216
2012-03-28 16:00:00-04:00,2.94,2.97,2.88,2.91,106279
2012-03-29 16:00:00-04:00,2.97,3.01,2.9,2.92,108005
2012-03-30 16:00:00-04:00,2.97,3.06,2.92,3.02,119964
2012-04-02 16:00:00-04:00,3.04,3.28,2.99,3.14,501855
2012-04-03 16:00:00-04:00,3.16,3.2,3.1,3.18,158816
2012-04-04 16:00:00-04:00,3.15,3.15,3.03,3.07,130206
2012-04-05 16:00:00-04:00,3.05,3.45,3.03,3.21,582255
2012-04-09 16:00:00-04:00,3.17,3.2,3.03,3.08,186941
2012-04-10 16:00:00-04:00,3.06,3.17,2.8,2.91,248835
2012-04-11 16:00:00-04:00,2.91,3.05,2.91,2.96,77642
2012-04-12 16:00:00-04:00,3.0,3.12,2.91,3.03,108815
2012-04-13 16:00:00-04:00,3.0,3.08,2.95,3.03,59950
2012-04-16 16:00:00-04:00,3.02,3.09,3.0,3.01,65746
2012-04-17 16:00:00-04:00,3.0,3.16,2.88,3.01,420208
2012-04-18 16:00:00-04:00,3.02,3.03,2.98,3.0,62240
2012-04-19 16:00:00-04:00,2.97,3.07,2.97,2.99,80186
2012-04-20 16:00:00-04:00,3.0,3.04,2.9814,3.01,48942
2012-04-23 16:00:00-04:00,2.98,3.01,2.98,3.01,90070
2012-04-24 16:00:00-04:00,2.99,3.21,2.99,3.12,196875
2012-04-25 16:00:00-04:00,3.2,3.2,3.08,3.1,66305
2012-04-26 16:00:00-04:00,3.09,3.1805,3.0801,3.15,41187
2012-04-27 16:00:00-04:00,3.15,3.3772,3.15,3.23,180162
2012-04-30 16:00:00-04:00,3.23,3.23,3.07,3.14,54684
2012-05-01 16:00:00-04:00,3.13,3.1593,3.07,3.1,40794
2012-05-02 16:00:00-04:00,3.08,3.2,3.08,3.08,82005
2012-05-03 16:00:00-04:00,3.08,3.08,2.98,3.0,71987
2012-05-04 16:00:00-04:00,3.0,3.105,2.97,3.01,54516
2012-05-07 16:00:00-04:00,2.95,3.02,2.95,2.97,61194
2012-05-08 16:00:00-04:00,2.97,3.03,2.88,2.96,102344
2012-05-09 16:00:00-04:00,2.92,2.96,2.85,2.86,119386
2012-05-10 16:00:00-04:00,2.88,2.9,2.8,2.82,77379
2012-05-11 16:00:00-04:00,2.8,2.889,2.8,2.8,74407
2012-05-14 16:00:00-04:00,2.8,2.81,2.54,2.7,259065
2012-05-15 16:00:00-04:00,2.67,2.9,2.6401,2.83,162706
2012-05-16 16:00:00-04:00,3.23,3.23,2.73,2.78,234303
2012-05-17 16:00:00-04:00,2.75,2.75,2.67,2.72,127399
2012-05-18 16:00:00-04:00,2.74,2.76,2.72,2.73,167206
2012-05-21 16:00:00-04:00,2.71,2.76,2.68,2.72,111614
2012-05-22 16:00:00-04:00,2.76,2.76,2.69,2.69,78458
2012-05-23 16:00:00-04:00,2.7,2.72,2.59,2.71,105361
2012-05-24 16:00:00-04:00,2.7,2.81,2.68,2.72,48415
2012-05-25 16:00:00-04:00,2.69,2.72,2.62,2.64,48226
2012-05-29 16:00:00-04:00,2.63,2.66,2.55,2.5532,91456
2012-05-30 16:00:00-04:00,2.57,2.57,2.35,2.42,77486
2012-05-31 16:00:00-04:00,2.44,2.44,2.27,2.33,124990
2012-06-01 16:00:00-04:00,2.27,2.35,2.11,2.15,132131
2012-06-04 16:00:00-04:00,2.18,2.24,2.12,2.14,59866
2012-06-05 16:00:00-04:00,2.11,2.22,2.031,2.0674,86202
2012-06-06 16:00:00-04:00,2.08,2.19,2.07,2.15,115721
2012-06-07 16:00:00-04:00,2.2,2.36,2.2,2.26,80631
2012-06-08 16:00:00-04:00,2.26,2.33,2.15,2.24,21157
2012-06-11 16:00:00-04:00,2.3,2.3,2.14,2.19,40363
2012-06-12 16:00:00-04:00,2.22,2.3,2.1712,2.29,112806
2012-06-13 16:00:00-04:00,2.3,2.35,2.2,2.25,133512
2012-06-14 16:00:00-04:00,2.22,2.32,2.19,2.27,51009
2012-06-15 16:00:00-04:00,2.24,2.32,2.23,2.26,78307
2012-06-18 16:00:00-04:00,2.25,2.3,2.14,2.14,104855
2012-06-19 16:00:00-04:00,2.14,2.32,2.14,2.2,115463
2012-06-20 16:00:00-04:00,2.22,2.22,2.17,2.17,43567
2012-06-21 16:00:00-04:00,2.16,2.2,2.15,2.16,33056
2012-06-22 16:00:00-04:00,2.14,2.21,2.12,2.12,29207
2012-06-25 16:00:00-04:00,2.1,2.11,1.99,2.0,126861
2012-06-26 16:00:00-04:00,2.0,2.03,2.0,2.01,53766
2012-06-27 16:00:00-04:00,2.0,2.1,1.9999,2.07,55340
2012-06-28 16:00:00-04:00,2.0549,2.09,1.95,2.02,447337
2012-06-29 16:00:00-04:00,2.06,2.12,2.0,2.12,52515
2012-07-02 16:00:00-04:00,2.1199,2.22,2.11,2.2,29325
2012-07-03 13:00:00-04:00,2.2,2.25,2.2,2.21,65339
2012-07-05 16:00:00-04:00,2.21,2.26,2.12,2.16,53656
2012-07-06 16:00:00-04:00,2.11,2.22,2.1,2.17,60415
2012-07-09 16:00:00-04:00,2.2,2.2,2.09,2.14,34530
2012-07-10 16:00:00-04:00,2.14,2.2,2.06,2.1,69368
2012-07-11 16:00:00-04:00,2.12,2.19,2.085,2.19,46055
2012-07-12 16:00:00-04:00,2.15,2.18,2.03,2.11,14602
2012-07-13 16:00:00-04:00,2.11,2.15,2.11,2.15,37907
2012-07-16 16:00:00-04:00,2.16,2.16,2.05,2.14,22914
2012-07-17 16:00:00-04:00,2.17,2.17,2.08,2.09,41989
2012-07-18 16:00:00-04:00,2.05,2.11,2.02,2.06,54037
2012-07-19 16:00:00-04:00,2.09,2.09,1.99,2.01,91680
2012-07-20 16:00:00-04:00,2.0,2.05,1.96,2.01,32148
2012-07-23 16:00:00-04:00,2.0,2.03,1.95,1.97,93427
2012-07-24 16:00:00-04:00,1.97,1.97,1.69,1.77,188665
2012-07-25 16:00:00-04:00,1.7799,1.78,1.72,1.73,50887
2012-07-26 16:00:00-04:00,1.74,1.82,1.7,1.75,64942
2012-07-27 16:00:00-04:00,1.75,1.81,1.75,1.81,42571
2012-07-30 16:00:00-04:00,1.81,1.86,1.76,1.85,50524
2012-07-31 16:00:00-04:00,1.87,1.87,1.79,1.84,79157
2012-08-01 16:00:00-04:00,1.83,1.87,1.81,1.87,29513
2012-08-02 16:00:00-04:00,1.88,1.88,1.7,1.82,104993
2012-08-03 16:00:00-04:00,1.82,1.88,1.8,1.85,30088
2012-08-06 16:00:00-04:00,1.93,2.06,1.91,2.02,118219
2012-08-07 16:00:00-04:00,2.1,2.2199,2.04,2.08,169437
2012-08-08 16:00:00-04:00,2.07,2.0718,2.0,2.04,65629
2012-08-09 16:00:00-04:00,2.0376,2.12,2.02,2.08,67063
2012-08-10 16:00:00-04:00,2.14,2.14,2.02,2.08,23864
2012-08-13 16:00:00-04:00,2.08,2.12,2.08,2.09,36167
2012-08-14 16:00:00-04:00,2.16,2.16,2.05,2.07,31947
2012-08-15 16:00:00-04:00,2.08,2.1,2.0201,2.09,35037
2012-08-16 16:00:00-04:00,2.1,2.12,2.04,2.12,41015
2012-08-17 16:00:00-04:00,2.12,2.15,2.1,2.101,46866
2012-08-20 16:00:00-04:00,2.06,2.16,2.06,2.12,31073
2012-08-21 16:00:00-04:00,2.1,2.14,2.05,2.06,30057
2012-08-22 16:00:00-04:00,2.06,2.12,2.06,2.08,9337
2012-08-23 16:00:00-04:00,2.08,2.1,2.06,2.08,17755
2012-08-24 16:00:00-04:00,2.05,2.12,2.05,2.1,29670
2012-08-27 16:00:00-04:00,2.07,2.12,2.07,2.1,12469
2012-08-28 16:00:00-04:00,2.1,2.1296,2.0899,2.1,28233
2012-08-29 16:00:00-04:00,2.1,2.37,2.08,2.36,211285
2012-08-30 16:00:00-04:00,2.45,2.58,2.41,2.48,199763
2012-08-31 16:00:00-04:00,2.48,2.48,2.22,2.32,62237
2012-09-04 16:00:00-04:00,2.28,2.2845,2.11,2.25,48573
2012-09-05 16:00:00-04:00,2.23,2.25,2.15,2.18,25412
2012-09-06 16:00:00-04:00,2.18,2.32,2.16,2.18,29864
2012-09-07 16:00:00-04:00,2.22,2.36,2.11,2.17,78167
2012-09-10 16:00:00-04:00,2.16,2.21,2.16,2.2,28170
2012-09-11 16:00:00-04:00,2.2,2.25,2.19,2.22,40216
2012-09-12 16:00:00-04:00,2.22,2.23,2.18,2.18,27995
2012-09-13 16:00:00-04:00,2.22,2.26,2.18,2.24,36182
2012-09-14 16:00:00-04:00,2.28,2.4,2.2,2.29,62907
2012-09-17 16:00:00-04:00,2.29,2.31,2.23,2.23,14880
2012-09-18 16:00:00-04:00,2.26,2.33,2.26,2.29,48588
2012-09-19 16:00:00-04:00,2.32,2.39,2.2919,2.39,27556
2012-09-20 16:00:00-04:00,2.39,2.5,2.37,2.48,97051
2012-09-21 16:00:00-04:00,2.46,2.48,2.28,2.47,81773
2012-09-24 16:00:00-04:00,2.46,2.49,2.33,2.4,54424
2012-09-25 16:00:00-04:00,2.38,2.44,2.3,2.32,42532
2012-09-26 16:00:00-04:00,2.3,2.35,2.26,2.3,28248
2012-09-27 16:00:00-04:00,2.34,2.36,2.3,2.3,5249
2012-09-28 16:00:00-04:00,2.3006,2.35,2.3,2.35,9145
2012-10-01 16:00:00-04:00,2.35,2.41,2.27,2.32,17986
2012-10-02 16:00:00-04:00,2.31,2.34,2.2599,2.34,16967
2012-10-03 16:00:00-04:00,2.31,2.31,2.23,2.29,13120
2012-10-04 16:00:00-04:00,2.27,2.33,2.22,2.27,17572
2012-10-05 16:00:00-04:00,2.26,2.27,2.22,2.26,17703
2012-10-08 16:00:00-04:00,2.23,2.3,2.2,2.3,24031
2012-10-09 16:00:00-04:00,2.27,2.3,2.23,2.3,8822
2012-10-10 16:00:00-04:00,2.26,2.33,2.26,2.29,4236
2012-10-11 16:00:00-04:00,2.2948,2.33,2.27,2.27,21326
2012-10-12 16:00:00-04:00,2.29,2.29,2.12,2.15,27124
2012-10-15 16:00:00-04:00,2.14,2.21,2.12,2.13,35503
2012-10-16 16:00:00-04:00,2.16,2.24,2.1501,2.24,26382
2012-10-17 16:00:00-04:00,2.24,2.24,2.14,2.22,28650
2012-10-18 16:00:00-04:00,2.19,2.21,2.14,2.2,18434
2012-10-19 16:00:00-04:00,2.22,2.26,2.13,2.21,28060
2012-10-22 16:00:00-04:00,2.24,2.29,2.21,2.24,21179
2012-10-23 16:00:00-04:00,2.25,2.27,2.17,2.22,27249
2012-10-24 16:00:00-04:00,2.2399,2.2399,2.1,2.16,30628
2012-10-25 16:00:00-04:00,2.16,2.27,2.16,2.25,22350
2012-10-26 16:00:00-04:00,2.22,2.26,2.22,2.24,5984
2012-10-31 16:00:00-04:00,2.2,2.23,2.15,2.23,11320
2012-11-01 16:00:00-04:00,2.2,2.26,2.2,2.25,18378
2012-11-02 16:00:00-04:00,2.29,2.29,2.2,2.27,9853
2012-11-05 16:00:00-05:00,2.24,2.28,2.21,2.27,10684
2012-11-06 16:00:00-05:00,2.26,2.29,2.23,2.26,9588
2012-11-07 16:00:00-05:00,2.2,2.24,2.15,2.24,22885
2012-11-08 16:00:00-05:00,2.21,2.24,2.1,2.13,17469
2012-11-09 16:00:00-05:00,2.15,2.24,2.15,2.17,19812
2012-11-12 16:00:00-05:00,2.19,2.24,2.12,2.16,21399
2012-11-13 16:00:00-05:00,2.18,2.18,2.08,2.1,25464
2012-11-14 16:00:00-05:00,2.09,2.1,2.02,2.06,51289
2012-11-15 16:00:00-05:00,2.06,2.25,2.03,2.23,120261
2012-11-16 16:00:00-05:00,2.0,2.0,1.51,1.75,207037
2012-11-19 16:00:00-05:00,1.74,1.75,1.55,1.66,66995
2012-11-20 16:00:00-05:00,1.585,1.67,1.55,1.58,69175
2012-11-21 16:00:00-05:00,1.72,1.72,1.52,1.65,69125
2012-11-23 13:00:00-05:00,1.63,1.75,1.6201,1.69,33208
2012-11-26 16:00:00-05:00,1.71,1.78,1.7,1.76,54212
2012-11-27 16:00:00-05:00,1.75,1.82,1.71,1.78,33453
2012-11-28 16:00:00-05:00,1.73,1.7454,1.71,1.71,26443
2012-11-29 16:00:00-05:00,1.72,1.75,1.64,1.67,33415
2012-11-30 16:00:00-05:00,1.65,1.78,1.64,1.7,17381
2012-12-03 16:00:00-05:00,1.68,1.78,1.65,1.75,62197
2012-12-04 16:00:00-05:00,1.72,1.75,1.69,1.71,16702
2012-12-05 16:00:00-05:00,1.65,1.71,1.65,1.66,20992
2012-12-06 16:00:00-05:00,1.6664,1.7,1.6664,1.68,16905
2012-12-07 16:00:00-05:00,1.65,1.69,1.62,1.65,17717
2012-12-10 16:00:00-05:00,1.65,1.7,1.65,1.68,32095
2012-12-11 16:00:00-05:00,1.68,1.8,1.68,1.77,61798
2012-12-12 16:00:00-05:00,1.78,1.78,1.74,1.77,31038
2012-12-13 16:00:00-05:00,1.68,1.77,1.68,1.73,13054
2012-12-14 16:00:00-05:00,1.74,1.77,1.7201,1.77,28162
2012-12-17 16:00:00-05:00,1.74,1.77,1.73,1.73,13402
2012-12-18 16:00:00-05:00,1.7105,1.77,1.6888,1.72,26434
2012-12-19 16:00:00-05:00,1.72,1.74,1.69,1.7,13337
2012-12-20 16:00:00-05:00,1.7,1.7399,1.65,1.66,41008
2012-12-21 16:00:00-05:00,1.65,1.69,1.62,1.68,22800
2012-12-24 13:00:00-05:00,1.73,1.73,1.65,1.7,16228
2012-12-26 16:00:00-05:00,1.67,1.69,1.53,1.6333,100110
2012-12-27 16:00:00-05:00,1.6,1.67,1.6,1.66,38900
2012-12-28 16:00:00-05:00,1.67,1.67,1.6,1.66,21400
2012-12-31 16:00:00-05:00,1.67,1.67,1.43,1.54,153465
2013-01-02 16:00:00-05:00,1.52,1.68,1.52,1.68,56252
2013-01-03 16:00:00-05:00,1.64,1.7,1.61,1.67,42014
2013-01-04 16:00:00-05:00,1.68,1.68,1.63,1.68,35422
2013-01-07 16:00:00-05:00,1.65,1.7,1.631,1.67,28587
2013-01-08 16:00:00-05:00,1.67,1.7,1.61,1.65,17948
2013-01-09 16:00:00-05:00,1.65,1.77,1.6,1.72,60433
2013-01-10 16:00:00-05:00,1.72,1.72,1.65,1.71,12414
2013-01-11 16:00:00-05:00,1.71,1.71,1.65,1.68,24157
2013-01-14 16:00:00-05:00,1.67,1.75,1.67,1.74,47757
2013-01-15 16:00:00-05:00,1.7209,1.84,1.7209,1.84,57828
2013-01-16 16:00:00-05:00,1.88,1.95,1.8402,1.93,59331
2013-01-17 16:00:00-05:00,1.97,1.988,1.9,1.9,42023
2013-01-18 16:00:00-05:00,1.9,1.99,1.9,1.98,72605
2013-01-22 16:00:00-05:00,1.99,2.18,1.93,2.18,104345
2013-01-23 16:00:00-05:00,2.08,2.1798,2.0,2.07,84411
2013-01-24 16:00:00-05:00,2.1,2.1,2.02,2.03,40118
2013-01-25 16:00:00-05:00,2.01,2.05,1.8,1.9,66787
2013-01-28 16:00:00-05:00,2.06,2.0688,1.87,1.95,32088
2013-01-29 16:00:00-05:00,1.94,1.99,1.81,1.92,21883
2013-01-30 16:00:00-05:00,1.94,1.94,1.88,1.91,7271
2013-01-31 16:00:00-05:00,1.9,2.0,1.88,1.95,15814
2013-02-01 16:00:00-05:00,1.97,1.97,1.92,1.95,10703
2013-02-04 16:00:00-05:00,1.93,1.93,1.84,1.87,19558
2013-02-05 16:00:00-05:00,1.8701,1.96,1.87,1.95,23588
2013-02-06 16:00:00-05:00,1.98,1.98,1.8101,1.93,11994
2013-02-07 16:00:00-05:00,1.89,1.91,1.79,1.8,20590
2013-02-08 16:00:00-05:00,1.77,1.81,1.65,1.65,113476
2013-02-11 16:00:00-05:00,1.65,1.71,1.65,1.68,20302
2013-02-12 16:00:00-05:00,1.7,1.77,1.69,1.73,39934
2013-02-13 16:00:00-05:00,1.74,1.74,1.6801,1.71,13974
2013-02-14 16:00:00-05:00,1.7799,1.82,1.73,1.82,21105
2013-02-15 16:00:00-05:00,1.79,1.82,1.778,1.82,10039
2013-02-19 16:00:00-05:00,1.82,1.8201,1.71,1.8,25456
2013-02-20 16:00:00-05:00,1.7,1.84,1.7,1.75,7030
2013-02-21 16:00:00-05:00,1.726,1.81,1.68,1.68,10386
2013-02-22 16:00:00-05:00,1.72,1.77,1.72,1.77,6686
2013-02-25 16:00:00-05:00,1.81,1.81,1.68,1.695,18691
2013-02-26 16:00:00-05:00,1.7,1.74,1.69,1.7,1884
2013-02-27 16:00:00-05:00,1.82,1.84,1.68,1.68,54739
2013-02-28 16:00:00-05:00,1.68,1.72,1.655,1.72,30784
2013-03-01 16:00:00-05:00,1.7599,1.7599,1.64,1.71,34762
2013-03-04 16:00:00-05:00,1.67,1.72,1.65,1.68,29732
2013-03-05 16:00:00-05:00,1.67,1.67,1.64,1.66,27627
2013-03-06 16:00:00-05:00,1.69,1.74,1.64,1.73,26003
2013-03-07 16:00:00-05:00,1.74,1.74,1.52,1.55,157095
2013-03-08 16:00:00-05:00,1.59,1.62,1.51,1.52,21439
2013-03-11 16:00:00-04:00,1.56,1.6,1.53,1.6,24847
2013-03-12 16:00:00-04:00,1.6,1.6,1.54,1.554,10717
2013-03-13 16:00:00-04:00,1.56,1.6,1.55,1.6,23038
2013-03-14 16:00:00-04:00,1.6,1.62,1.6,1.6,15514
2013-03-15 16:00:00-04:00,1.6,1.6001,1.52,1.5601,12130
2013-03-18 16:00:00-04:00,1.53,1.58,1.52,1.52,28970
2013-03-19 16:00:00-04:00,1.52,1.6,1.51,1.51,56370
2013-03-20 16:00:00-04:00,1.51,1.51,1.46,1.5,29561
2013-03-21 16:00:00-04:00,1.5201,1.59,1.5001,1.54,15526
2013-03-22 16:00:00-04:00,1.51,1.53,1.45,1.5,1699
2013-03-25 16:00:00-04:00,1.46,1.49,1.44,1.45,17933
2013-03-26 16:00:00-04:00,1.45,1.5,1.41,1.43,36524
2013-03-27 16:00:00-04:00,1.45,1.4695,1.41,1.44,47160
2013-03-28 16:00:00-04:00,1.43,1.45,1.4,1.42,24026
2013-04-01 16:00:00-04:00,1.39,1.5,1.39,1.4,44927
2013-04-02 16:00:00-04:00,1.44,1.44,1.4,1.4,34886
2013-04-03 16:00:00-04:00,1.4,1.42,1.39,1.39,23810
2013-04-04 16:00:00-04:00,1.4,1.44,1.39,1.44,18609
2013-04-05 16:00:00-04:00,1.41,1.44,1.4,1.4,18867
2013-04-08 16:00:00-04:00,1.43,1.44,1.41,1.41,4080
2013-04-09 16:00:00-04:00,1.38,1.44,1.38,1.38,12598
2013-04-10 16:00:00-04:00,1.43,1.43,1.38,1.39,7139
2013-04-11 16:00:00-04:00,1.4,1.43,1.4,1.4081,6237
2013-04-12 16:00:00-04:00,1.4,1.43,1.4,1.42,7152
2013-04-15 16:00:00-04:00,1.42,1.44,1.4,1.4,17185
2013-04-16 16:00:00-04:00,1.43,1.43,1.4,1.4,7932
2013-04-17 16:00:00-04:00,1.37,1.43,1.27,1.31,31075
2013-04-18 16:00:00-04:00,1.3,1.35,1.19,1.19,28644
2013-04-19 16:00:00-04:00,1.22,1.25,1.2,1.23,9374
2013-04-22 16:00:00-04:00,1.24,1.24,1.18,1.2001,14733
2013-04-23 16:00:00-04:00,1.21,1.24,1.15,1.2099,39055
2013-04-24 16:00:00-04:00,1.25,1.25,1.1599,1.19,55110
2013-04-25 16:00:00-04:00,1.19,1.22,1.07,1.15,96318
2013-04-26 16:00:00-04:00,1.12,1.15,1.05,1.13,56275
2013-04-29 16:00:00-04:00,1.13,1.19,1.08,1.11,40205
2013-04-30 16:00:00-04:00,1.11,1.13,1.11,1.11,20226
2013-05-01 16:00:00-04:00,1.11,1.13,1.11,1.13,16163
2013-05-02 16:00:00-04:00,1.15,1.1799,1.12,1.12,74097
2013-05-03 16:00:00-04:00,1.15,1.34,1.15,1.31,109584
2013-05-06 16:00:00-04:00,1.29,1.59,1.29,1.52,208931
2013-05-07 16:00:00-04:00,1.62,1.63,1.51,1.51,158889
2013-05-08 16:00:00-04:00,1.51,1.58,1.5,1.55,40226
2013-05-09 16:00:00-04:00,1.56,1.599,1.53,1.56,25516
2013-05-10 16:00:00-04:00,1.54,1.5401,1.44,1.47,40905
2013-05-13 16:00:00-04:00,1.49,1.498,1.44,1.4799,10732
2013-05-14 16:00:00-04:00,1.5,1.64,1.5,1.61,35296
2013-05-15 16:00:00-04:00,1.6,1.68,1.5,1.66,62507
2013-05-16 16:00:00-04:00,1.65,1.66,1.61,1.63,37271
2013-05-17 16:00:00-04:00,1.66,1.67,1.53,1.54,30840
2013-05-20 16:00:00-04:00,1.55,1.67,1.55,1.6499,48775
2013-05-21 16:00:00-04:00,1.6,1.6,1.45,1.54,98962
2013-05-22 16:00:00-04:00,1.66,1.66,1.55,1.55,45727
2013-05-23 16:00:00-04:00,1.55,1.56,1.52,1.52,49203
2013-05-24 16:00:00-04:00,1.54,1.54,1.44,1.47,44239
2013-05-28 16:00:00-04:00,1.47,1.56,1.44,1.46,21652
2013-05-29 16:00:00-04:00,1.45,1.46,1.38,1.43,27348
2013-05-30 16:00:00-04:00,1.43,1.5,1.41,1.44,22022
2013-05-31 16:00:00-04:00,1.49,1.5,1.39,1.39,15810
2013-06-03 16:00:00-04:00,1.41,1.47,1.38,1.4001,6786
2013-06-04 16:00:00-04:00,1.43,1.44,1.35,1.4,39600
2013-06-05 16:00:00-04:00,1.38,1.42,1.37,1.37,35070
2013-06-06 16:00:00-04:00,1.35,1.361,1.27,1.33,66924
2013-06-07 16:00:00-04:00,1.33,1.345,1.33,1.33,21130
2013-06-10 16:00:00-04:00,1.33,1.35,1.29,1.29,9498
2013-06-11 16:00:00-04:00,1.25,1.4,1.23,1.241,52255
2013-06-12 16:00:00-04:00,1.21,1.27,1.11,1.23,159415
2013-06-13 16:00:00-04:00,1.2,1.24,1.2,1.23,33970
2013-06-14 16:00:00-04:00,1.2199,1.2299,1.21,1.2204,4580
2013-06-17 16:00:00-04:00,1.22,1.28,1.22,1.23,7250
2013-06-18 16:00:00-04:00,1.22,1.22,1.15,1.2,19782
2013-06-19 16:00:00-04:00,1.2,1.21,1.189,1.21,51521
2013-06-20 16:00:00-04:00,1.1899,1.22,1.1631,1.191,28561
2013-06-21 16:00:00-04:00,1.2,1.21,1.1515,1.195,10841
2013-06-24 16:00:00-04:00,1.2,1.201,1.18,1.18,16012
2013-06-25 16:00:00-04:00,1.18,1.2,1.15,1.15,19700
2013-06-26 16:00:00-04:00,1.16,1.21,1.1501,1.1501,20561
2013-06-27 16:00:00-04:00,1.21,1.21,1.17,1.18,21082
2013-06-28 16:00:00-04:00,1.18,1.29,1.18,1.18,65872
2013-07-01 16:00:00-04:00,1.21,1.31,1.21,1.2468,23591
2013-07-02 16:00:00-04:00,1.27,1.37,1.27,1.33,44299
2013-07-03 16:00:00-04:00,1.3,1.3,1.25,1.3,6552
2013-07-05 16:00:00-04:00,1.28,1.31,1.25,1.27,7466
2013-07-08 16:00:00-04:00,1.2523,1.3,1.2523,1.3,11497
2013-07-09 16:00:00-04:00,1.3,1.3,1.21,1.25,13953
2013-07-10 16:00:00-04:00,1.17,1.25,1.15,1.21,13456
2013-07-11 16:00:00-04:00,1.22,1.2296,1.18,1.2101,6241
2013-07-12 16:00:00-04:00,1.21,1.2226,1.21,1.22,4089
2013-07-15 16:00:00-04:00,1.28,1.28,1.2,1.23,36232
2013-07-16 16:00:00-04:00,1.2,1.23,1.2,1.229,3153
2013-07-17 16:00:00-04:00,1.24,1.27,1.22,1.27,14638
2013-07-18 16:00:00-04:00,1.28,1.3499,1.26,1.2655,44822
2013-07-19 16:00:00-04:00,1.28,1.34,1.26,1.28,7140
2013-07-22 16:00:00-04:00,1.28,1.29,1.25,1.26,25966
2013-07-23 16:00:00-04:00,1.27,1.2931,1.23,1.2499,30080
2013-07-24 16:00:00-04:00,1.26,1.33,1.2,1.29,30467
2013-07-25 16:00:00-04:00,1.289,1.289,1.2,1.23,16806
2013-07-26 16:00:00-04:00,1.24,1.26,1.23,1.24,4751
2013-07-29 16:00:00-04:00,1.2408,1.2752,1.231,1.2752,3601
2013-07-30 16:00:00-04:00,1.27,1.3,1.27,1.2999,11921
2013-07-31 16:00:00-04:00,1.275,1.299,1.27,1.28,8587
2013-08-01 16:00:00-04:00,1.3,1.3486,1.28,1.33,8640
2013-08-02 16:00:00-04:00,1.35,1.3595,1.3,1.3,32361
2013-08-05 16:00:00-04:00,1.3,1.34,1.24,1.2801,8527
2013-08-06 16:00:00-04:00,1.24,1.2836,1.23,1.26,3612
2013-08-07 16:00:00-04:00,1.28,1.28,1.23,1.2757,9158
2013-08-08 16:00:00-04:00,1.3,1.3255,1.28,1.3,4124
2013-08-09 16:00:00-04:00,1.31,1.3114,1.2501,1.29,26129
2013-08-12 16:00:00-04:00,1.24,1.35,1.24,1.328,55989
2013-08-13 16:00:00-04:00,1.347,1.48,1.32,1.4501,92989
2013-08-14 16:00:00-04:00,1.5,1.55,1.31,1.4999,139494
2013-08-15 16:00:00-04:00,1.49,1.5,1.37,1.49,100324
2013-08-16 16:00:00-04:00,1.35,1.41,1.3,1.3,68018
2013-08-19 16:00:00-04:00,1.34,1.39,1.2,1.21,96985
2013-08-20 16:00:00-04:00,1.21,1.25,1.2,1.2201,34776
2013-08-21 16:00:00-04:00,1.21,1.49,1.21,1.34,29824
2013-08-22 16:00:00-04:00,1.37,1.37,1.3101,1.33,12294
2013-08-23 16:00:00-04:00,1.25,1.33,1.25,1.29,6645
2013-08-26 16:00:00-04:00,1.3,1.302,1.25,1.27,10626
2013-08-27 16:00:00-04:00,1.25,1.29,1.21,1.21,34421
2013-08-28 16:00:00-04:00,1.21,1.29,1.21,1.24,7620
2013-08-29 16:00:00-04:00,1.23,1.23,1.21,1.23,10206
2013-08-30 16:00:00-04:00,1.26,1.28,1.26,1.28,8775
2013-09-03 16:00:00-04:00,1.2301,1.28,1.23,1.27,6450
2013-09-04 16:00:00-04:00,1.22,1.26,1.21,1.24,6671
2013-09-05 16:00:00-04:00,1.23,1.26,1.22,1.23,16227
2013-09-06 16:00:00-04:00,1.24,1.27,1.23,1.24,13960
2013-09-09 16:00:00-04:00,1.24,1.2799,1.22,1.2799,15927
2013-09-10 16:00:00-04:00,1.25,1.2601,1.23,1.2399,22282
2013-09-11 16:00:00-04:00,1.21,1.24,1.2,1.2,34606
2013-09-12 16:00:00-04:00,1.26,1.26,1.2,1.22,6469
2013-09-13 16:00:00-04:00,0.0,0.0,0.0,1.22,0
2013-09-16 16:00:00-04:00,1.2311,1.26,1.2099,1.22,10668
2013-09-17 16:00:00-04:00,1.21,1.25,1.21,1.24,5546
2013-09-18 16:00:00-04:00,1.24,1.26,1.195,1.23,18150
2013-09-19 16:00:00-04:00,1.21,1.2168,1.19,1.19,25935
2013-09-20 16:00:00-04:00,1.19,1.23,1.18,1.2,14166
2013-09-23 16:00:00-04:00,1.191,1.199,1.19,1.191,3970
2013-09-24 16:00:00-04:00,1.19,1.2,1.19,1.19,8839
2013-09-25 16:00:00-04:00,1.19,1.24,1.19,1.2201,16288
2013-09-26 16:00:00-04:00,1.22,1.24,1.22,1.22,25923
2013-09-27 16:00:00-04:00,1.21,1.28,1.19,1.24,46915
2013-09-30 16:00:00-04:00,1.25,1.35,1.25,1.28,152572
2013-10-01 16:00:00-04:00,1.31,1.35,1.3,1.33,36994
2013-10-02 16:00:00-04:00,1.35,1.4,1.32,1.3299,9750
2013-10-03 16:00:00-04:00,1.36,1.4,1.35,1.3598,40729
2013-10-04 16:00:00-04:00,1.35,1.41,1.29,1.35,23399
2013-10-07 16:00:00-04:00,1.37,1.44,1.35,1.3701,62510
2013-10-08 16:00:00-04:00,1.4,1.49,1.4,1.43,140669
2013-10-09 16:00:00-04:00,1.5,1.5,1.4,1.46,69330
2013-10-10 16:00:00-04:00,1.39,1.48,1.39,1.42,70383
2013-10-11 16:00:00-04:00,1.4,1.4,1.33,1.35,30127
2013-10-14 16:00:00-04:00,1.3899,1.4,1.37,1.37,15850
2013-10-15 16:00:00-04:00,1.39,3.1201,1.39,3.11,6339861
2013-10-16 16:00:00-04:00,3.61,4.4,3.05,3.25,14037488
2013-10-17 16:00:00-04:00,3.16,3.28,2.72,2.73,2677763
2013-10-18 16:00:00-04:00,2.85,2.93,2.4,2.4,1291999
2013-10-21 16:00:00-04:00,2.5,2.629,2.18,2.2,2472735
2013-10-22 16:00:00-04:00,2.32,2.61,2.26,2.45,2675333
2013-10-23 16:00:00-04:00,2.32,2.4,2.12,2.19,942636
2013-10-24 16:00:00-04:00,2.19,2.36,1.9,1.94,958650
2013-10-25 16:00:00-04:00,1.92,2.2,1.8365,1.85,927548
2013-10-28 16:00:00-04:00,1.86,2.06,1.81,1.98,890927
2013-10-29 16:00:00-04:00,2.05,2.17,1.96,1.98,549266
2013-10-30 16:00:00-04:00,1.95,2.06,1.9,1.92,273753
2013-10-31 16:00:00-04:00,1.92,2.04,1.82,1.852,282887
2013-11-01 16:00:00-04:00,1.87,1.98,1.82,1.88,304666
2013-11-04 16:00:00-05:00,1.9,1.9,1.74,1.75,359040
2013-11-05 16:00:00-05:00,1.72,1.8,1.65,1.699,417308
2013-11-06 16:00:00-05:00,1.72,2.15,1.67,2.14,2109625
2013-11-07 16:00:00-05:00,2.05,2.13,1.81,1.88,643413
2013-11-08 16:00:00-05:00,1.94,1.94,1.78,1.78,229450
2013-11-11 16:00:00-05:00,1.78,2.47,1.78,2.15,2264810
2013-11-12 16:00:00-05:00,2.13,2.3099,2.051,2.09,818858
2013-11-13 16:00:00-05:00,2.09,2.29,2.04,2.06,840913
2013-11-14 16:00:00-05:00,2.27,2.53,2.14,2.32,1659951
2013-11-15 16:00:00-05:00,2.35,2.38,2.16,2.22,483587
2013-11-18 16:00:00-05:00,2.18,2.35,2.0,2.06,694492
2013-11-19 16:00:00-05:00,2.07,2.17,1.93,1.97,373835
2013-11-20 16:00:00-05:00,2.0,2.08,1.94,1.97,170072
2013-11-21 16:00:00-05:00,2.04,2.14,1.92,2.04,792847
2013-11-22 16:00:00-05:00,2.02,2.089,1.97,1.9707,106872
2013-11-25 16:00:00-05:00,1.96,2.0294,1.7,1.76,449015
2013-11-26 16:00:00-05:00,1.8,1.8,1.7,1.73,219574
2013-11-27 16:00:00-05:00,1.71,1.8659,1.71,1.83,307555
2013-11-29 16:00:00-05:00,1.79,1.87,1.77,1.81,92251
2013-12-02 16:00:00-05:00,1.77,1.88,1.77,1.78,196141
2013-12-03 16:00:00-05:00,1.81,1.81,1.75,1.75,101927
2013-12-04 16:00:00-05:00,1.751,1.85,1.75,1.82,91699
2013-12-05 16:00:00-05:00,1.81,1.85,1.78,1.83,60847
2013-12-06 16:00:00-05:00,1.84,2.25,1.8001,2.24,1620127
2013-12-09 16:00:00-05:00,2.07,2.15,2.0,2.07,479914
2013-12-10 16:00:00-05:00,2.07,2.15,1.96,2.15,272762
2013-12-11 16:00:00-05:00,2.13,2.47,2.05,2.16,812392
2013-12-12 16:00:00-05:00,2.18,2.26,2.14,2.17,217814
2013-12-13 16:00:00-05:00,2.12,2.35,2.12,2.15,177005
2013-12-16 16:00:00-05:00,2.15,2.25,2.12,2.14,160594
2013-12-17 16:00:00-05:00,2.14,2.18,2.01,2.1099,166833
2013-12-18 16:00:00-05:00,2.04,2.13,2.02,2.11,149364
2013-12-19 16:00:00-05:00,2.1096,2.11,2.06,2.1,87404
2013-12-20 16:00:00-05:00,2.06,2.2,2.01,2.12,229724
2013-12-23 16:00:00-05:00,2.17,2.18,2.018,2.06,136900
2013-12-24 16:00:00-05:00,2.06,2.169,2.06,2.09,71231
2013-12-26 16:00:00-05:00,2.1,2.35,2.1,2.17,606613
2013-12-27 16:00:00-05:00,2.25,2.31,2.1,2.2,409643
2013-12-30 16:00:00-05:00,2.29,3.18,2.2,2.8,6155425
2013-12-31 16:00:00-05:00,2.8,2.81,2.41,2.5,1846502
2014-01-02 16:00:00-05:00,2.52,2.85,2.52,2.69,832033
2014-01-03 16:00:00-05:00,2.8,2.92,2.65,2.66,438715
2014-01-06 16:00:00-05:00,2.76,2.76,2.51,2.63,270886
2014-01-07 16:00:00-05:00,2.65,2.73,2.56,2.64,182609
2014-01-08 16:00:00-05:00,2.66,3.2,2.64,3.12,1958926
2014-01-09 16:00:00-05:00,3.25,3.38,2.85,2.94,1156818
2014-01-10 16:00:00-05:00,2.9,2.92,2.75,2.78,438066
2014-01-13 16:00:00-05:00,2.8,2.98,2.26,2.44,885436
2014-01-14 16:00:00-05:00,2.46,2.77,2.4434,2.55,623648
2014-01-15 16:00:00-05:00,2.5,2.75,2.5,2.63,350757
2014-01-16 16:00:00-05:00,2.7,2.74,2.55,2.65,228324
2014-01-17 16:00:00-05:00,2.72,2.89,2.62,2.66,308088
2014-01-21 16:00:00-05:00,2.78,2.83,2.6201,2.76,214670
2014-01-22 16:00:00-05:00,2.7,3.05,2.69,2.89,437079
2014-01-23 16:00:00-05:00,2.78,2.88,2.6,2.67,436608
2014-01-24 16:00:00-05:00,2.63,2.64,2.35,2.42,492080
2014-01-27 16:00:00-05:00,2.39,2.39,2.25,2.29,246779
2014-01-28 16:00:00-05:00,2.33,2.5,2.33,2.45,216332
2014-01-29 16:00:00-05:00,2.38,2.4349,2.2,2.31,138771
2014-01-30 16:00:00-05:00,2.32,2.4,2.23,2.35,105378
2014-01-31 16:00:00-05:00,2.42,2.42,2.28,2.29,65299
2014-02-03 16:00:00-05:00,2.31,2.31,2.04,2.09,287124
2014-02-04 16:00:00-05:00,2.03,2.29,2.02,2.16,185166
2014-02-05 16:00:00-05:00,2.09,2.1728,2.07,2.07,88411
2014-02-06 16:00:00-05:00,2.08,2.1934,2.08,2.14,90871
2014-02-07 16:00:00-05:00,2.1301,2.205,2.11,2.15,46525
2014-02-10 16:00:00-05:00,2.13,2.25,2.13,2.16,169319
2014-02-11 16:00:00-05:00,2.16,2.25,2.1,2.13,201434
2014-02-12 16:00:00-05:00,2.19,2.19,2.04,2.12,207674
2014-02-13 16:00:00-05:00,2.12,2.32,2.12,2.26,313250
2014-02-14 16:00:00-05:00,2.27,2.4799,2.27,2.37,304911
2014-02-18 16:00:00-05:00,2.37,2.43,2.34,2.37,225984
2014-02-19 16:00:00-05:00,2.37,2.5799,2.301,2.49,395699
2014-02-20 16:00:00-05:00,2.55,2.62,2.49,2.61,182370
2014-02-21 16:00:00-05:00,2.59,2.6,2.53,2.55,188771
2014-02-24 16:00:00-05:00,2.59,2.67,2.57,2.57,166814
2014-02-25 16:00:00-05:00,2.57,2.66,2.47,2.51,250301
2014-02-26 16:00:00-05:00,2.54,2.58,2.4601,2.52,139302
2014-02-27 16:00:00-05:00,2.54,2.65,2.5,2.63,171744
2014-02-28 16:00:00-05:00,2.65,2.86,2.62,2.7199,384588
2014-03-03 16:00:00-05:00,2.75,2.75,2.6,2.73,164220
2014-03-04 16:00:00-05:00,2.79,2.892,2.74,2.87,401932
2014-03-05 16:00:00-05:00,2.86,3.38,2.8069,3.26,1890044
2014-03-06 16:00:00-05:00,4.31,4.31,3.51,3.65,4264578
2014-03-07 16:00:00-05:00,3.6,3.6899,3.35,3.37,879585
2014-03-10 16:00:00-04:00,3.46,3.5,3.21,3.32,285682
2014-03-11 16:00:00-04:00,3.24,3.48,2.9,2.92,725457
2014-03-12 16:00:00-04:00,2.92,3.0495,2.92,2.9704,232839
2014-03-13 16:00:00-04:00,3.09,3.18,2.93,2.96,431583
2014-03-14 16:00:00-04:00,2.96,3.0,2.81,2.83,208812
2014-03-17 16:00:00-04:00,2.82,3.15,2.81,3.09,393195
2014-03-18 16:00:00-04:00,3.04,3.2462,3.0,3.2,240634
2014-03-19 16:00:00-04:00,3.16,3.3255,3.0206,3.17,240910
2014-03-20 16:00:00-04:00,3.11,3.17,3.07,3.12,66614
2014-03-21 16:00:00-04:00,3.13,3.57,3.1,3.57,866977
2014-03-24 16:00:00-04:00,3.6,3.64,3.28,3.35,314153
2014-03-25 16:00:00-04:00,3.36,3.5,3.12,3.25,302306
2014-03-26 16:00:00-04:00,3.27,3.28,3.01,3.04,250097
2014-03-27 16:00:00-04:00,3.04,3.13,2.95,3.1,141982
2014-03-28 16:00:00-04:00,3.11,3.2,3.11,3.16,126215
2014-03-31 16:00:00-04:00,3.17,3.4264,3.11,3.31,320653
2014-04-01 16:00:00-04:00,3.29,3.49,3.29,3.39,248483
2014-04-02 16:00:00-04:00,3.39,3.43,3.14,3.37,192985
2014-04-03 16:00:00-04:00,3.36,3.54,3.2,3.2,290191
2014-04-04 16:00:00-04:00,3.31,3.41,2.95,2.97,354038
2014-04-07 16:00:00-04:00,2.92,3.0,2.62,2.68,434788
2014-04-08 16:00:00-04:00,2.68,2.889,2.65,2.83,145671
2014-04-09 16:00:00-04:00,2.83,2.95,2.75,2.93,190992
2014-04-10 16:00:00-04:00,2.99,2.99,2.82,2.85,59538
2014-04-11 16:00:00-04:00,2.82,2.8299,2.6454,2.69,108308
2014-04-14 16:00:00-04:00,2.71,2.76,2.6,2.67,83383
2014-04-15 16:00:00-04:00,2.72,2.729,2.6,2.68,113044
2014-04-16 16:00:00-04:00,2.69,2.84,2.67,2.81,74559
2014-04-17 16:00:00-04:00,2.74,2.87,2.7,2.87,70335
2014-04-21 16:00:00-04:00,2.9,2.9,2.83,2.86,32610
2014-04-22 16:00:00-04:00,2.9299,2.93,2.85,2.92,64010
2014-04-23 16:00:00-04:00,2.93,2.93,2.87,2.89,27268
2014-04-24 16:00:00-04:00,2.96,2.9601,2.72,2.8,89876
2014-04-25 16:00:00-04:00,2.76,2.76,2.61,2.65,116282
2014-04-28 16:00:00-04:00,2.65,2.73,2.5,2.51,151719
2014-04-29 16:00:00-04:00,2.5565,2.8,2.5,2.6,128713
2014-04-30 16:00:00-04:00,2.58,2.68,2.51,2.6,41913
2014-05-01 16:00:00-04:00,2.62,2.72,2.601,2.63,53922
2014-05-02 16:00:00-04:00,2.66,2.69,2.55,2.58,90534
2014-05-05 16:00:00-04:00,2.57,2.5901,2.55,2.56,83975
2014-05-06 16:00:00-04:00,2.5804,2.85,2.58,2.64,124311
2014-05-07 16:00:00-04:00,2.61,2.64,2.46,2.46,100106
2014-05-08 16:00:00-04:00,2.48,2.58,2.46,2.47,83916
2014-05-09 16:00:00-04:00,2.46,2.4998,2.46,2.46,49564
2014-05-12 16:00:00-04:00,2.5,2.58,2.5,2.54,67348
2014-05-13 16:00:00-04:00,2.54,2.7,2.5399,2.67,128387
2014-05-14 16:00:00-04:00,2.739,2.87,2.66,2.81,131277
2014-05-15 16:00:00-04:00,2.8,2.864,2.64,2.64,156734
2014-05-16 16:00:00-04:00,2.63,2.7699,2.63,2.72,78782
2014-05-19 16:00:00-04:00,2.66,2.9099,2.66,2.87,144536
2014-05-20 16:00:00-04:00,2.9,3.01,2.86,2.94,176386
2014-05-21 16:00:00-04:00,2.96,3.1632,2.96,3.13,304984
2014-05-22 16:00:00-04:00,3.2,3.2,3.11,3.18,251180
2014-05-23 16:00:00-04:00,3.28,3.3,2.75,2.83,798874
2014-05-27 16:00:00-04:00,2.8,2.98,2.8,2.83,163683
2014-05-28 16:00:00-04:00,2.89,2.89,2.74,2.79,147424
2014-05-29 16:00:00-04:00,2.83,2.85,2.76,2.76,105265
2014-05-30 16:00:00-04:00,2.81,2.814,2.65,2.67,199632
2014-06-02 16:00:00-04:00,2.65,2.7996,2.65,2.66,71294
2014-06-03 16:00:00-04:00,2.67,2.72,2.63,2.63,60511
2014-06-04 16:00:00-04:00,2.62,2.63,2.55,2.59,101692
2014-06-05 16:00:00-04:00,2.62,2.65,2.55,2.6,101420
2014-06-06 16:00:00-04:00,2.59,2.65,2.59,2.6,69774
2014-06-09 16:00:00-04:00,2.57,2.67,2.55,2.55,80981
2014-06-10 16:00:00-04:00,2.55,2.62,2.55,2.57,27634
2014-06-11 16:00:00-04:00,2.53,2.74,2.53,2.63,131340
2014-06-12 16:00:00-04:00,2.66,2.68,2.62,2.62,50304
2014-06-13 16:00:00-04:00,2.625,2.64,2.6,2.61,37126
2014-06-16 16:00:00-04:00,2.64,2.69,2.5935,2.68,29027
2014-06-17 16:00:00-04:00,2.68,2.82,2.6701,2.77,123968
2014-06-18 16:00:00-04:00,2.8165,2.85,2.77,2.82,186344
2014-06-19 16:00:00-04:00,2.82,2.8399,2.72,2.8399,35604
2014-06-20 16:00:00-04:00,2.84,2.85,2.68,2.69,53349
2014-06-23 16:00:00-04:00,2.69,2.76,2.68,2.69,24097
2014-06-24 16:00:00-04:00,2.74,2.76,2.62,2.64,55271
2014-06-25 16:00:00-04:00,2.62,2.68,2.62,2.66,22460
2014-06-26 16:00:00-04:00,2.63,2.67,2.63,2.66,7935
2014-06-27 16:00:00-04:00,2.66,2.67,2.63,2.666,23489
2014-06-30 16:00:00-04:00,2.7,2.77,2.69,2.75,67658
2014-07-01 16:00:00-04:00,2.78,2.94,2.751,2.87,477634
2014-07-02 16:00:00-04:00,2.91,3.08,2.84,2.9,604054
2014-07-03 16:00:00-04:00,2.88,2.9922,2.88,2.93,66817
2014-07-07 16:00:00-04:00,2.96,2.96,2.76,2.81,57604
2014-07-08 16:00:00-04:00,2.78,2.81,2.64,2.68,159660
2014-07-09 16:00:00-04:00,2.64,2.68,2.61,2.67,105280
2014-07-10 16:00:00-04:00,2.61,2.64,2.57,2.58,106526
2014-07-11 16:00:00-04:00,2.58,2.69,2.58,2.65,38609
2014-07-14 16:00:00-04:00,2.66,2.73,2.66,2.73,65189
2014-07-15 16:00:00-04:00,2.7299,2.73,2.6701,2.6701,16607
2014-07-16 16:00:00-04:00,2.68,2.73,2.61,2.65,37244
2014-07-17 16:00:00-04:00,2.611,2.6799,2.61,2.61,25306
2014-07-18 16:00:00-04:00,2.61,2.72,2.6,2.69,44112
2014-07-21 16:00:00-04:00,2.71,2.71,2.63,2.66,21663
2014-07-22 16:00:00-04:00,2.72,2.78,2.71,2.78,125587
2014-07-23 16:00:00-04:00,2.8,2.85,2.78,2.81,131487
2014-07-24 16:00:00-04:00,2.82,2.83,2.75,2.78,35605
2014-07-25 16:00:00-04:00,2.75,2.809,2.72,2.76,23923
2014-07-28 16:00:00-04:00,2.8,2.81,2.73,2.75,24176
2014-07-29 16:00:00-04:00,2.8,2.84,2.7404,2.83,80849
2014-07-30 16:00:00-04:00,2.83,2.84,2.75,2.79,59320
2014-07-31 16:00:00-04:00,2.75,2.75,2.61,2.67,98474
2014-08-01 16:00:00-04:00,2.69,2.73,2.64,2.67,52372
2014-08-04 16:00:00-04:00,2.66,2.75,2.64,2.75,48943
2014-08-05 16:00:00-04:00,2.7325,2.79,2.665,2.72,40206
2014-08-06 16:00:00-04:00,2.69,2.73,2.671,2.73,21470
2014-08-07 16:00:00-04:00,2.7,2.73,2.671,2.72,33105
2014-08-08 16:00:00-04:00,2.7,2.85,2.69,2.81,125930
2014-08-11 16:00:00-04:00,2.85,2.94,2.82,2.92,323237
2014-08-12 16:00:00-04:00,2.92,3.05,2.91,3.0,280929
2014-08-13 16:00:00-04:00,3.05,3.12,2.91,2.91,241108
2014-08-14 16:00:00-04:00,2.95,3.09,2.86,2.95,88095
2014-08-15 16:00:00-04:00,2.96,3.04,2.9,2.94,64447
2014-08-18 16:00:00-04:00,2.94,3.0299,2.94,2.96,124487
2014-08-19 16:00:00-04:00,2.99,3.22,2.99,3.1,504413
2014-08-20 16:00:00-04:00,3.12,3.1399,2.86,2.89,310152
2014-08-21 16:00:00-04:00,2.87,2.97,2.8,2.8,424643
2014-08-22 16:00:00-04:00,2.48,2.64,2.25,2.5,847109
2014-08-25 16:00:00-04:00,2.41,2.51,2.22,2.31,342224
2014-08-26 16:00:00-04:00,2.2831,2.35,2.23,2.24,228196
2014-08-27 16:00:00-04:00,2.25,2.34,2.25,2.33,117073
2014-08-28 16:00:00-04:00,2.33,2.33,2.3,2.3,63481
2014-08-29 16:00:00-04:00,2.31,2.35,2.29,2.33,65577
2014-09-02 16:00:00-04:00,2.32,2.34,2.3199,2.34,80899
2014-09-03 16:00:00-04:00,2.34,2.353,2.24,2.24,117992
2014-09-04 16:00:00-04:00,2.29,2.29,2.223,2.27,58743
2014-09-05 16:00:00-04:00,2.23,2.245,2.11,2.14,128479
2014-09-08 16:00:00-04:00,2.08,2.16,2.0601,2.11,97006
2014-09-09 16:00:00-04:00,2.1,2.22,2.1,2.1699,32565
2014-09-10 16:00:00-04:00,2.16,2.2,2.08,2.11,33988
2014-09-11 16:00:00-04:00,2.11,2.11,2.05,2.08,49546
2014-09-12 16:00:00-04:00,2.1294,2.1294,2.02,2.05,92421
2014-09-15 16:00:00-04:00,2.05,2.0693,2.04,2.06,31810
2014-09-16 16:00:00-04:00,2.04,2.07,2.04,2.04,41399
2014-09-17 16:00:00-04:00,2.03,2.04,2.01,2.02,40905
2014-09-18 16:00:00-04:00,2.03,2.03,1.95,1.9501,84958
2014-09-19 16:00:00-04:00,1.95,1.98,1.95,1.96,103689
2014-09-22 16:00:00-04:00,1.96,2.0015,1.86,1.96,147798
2014-09-23 16:00:00-04:00,1.92,1.92,1.8,1.82,164410
2014-09-24 16:00:00-04:00,1.8,1.89,1.79,1.83,59262
2014-09-25 16:00:00-04:00,1.83,1.8799,1.82,1.84,61190
2014-09-26 16:00:00-04:00,1.83,1.85,1.83,1.85,26470
2014-09-29 16:00:00-04:00,1.82,1.88,1.81,1.82,73436
2014-09-30 16:00:00-04:00,1.77,1.8299,1.76,1.78,31147
2014-10-01 16:00:00-04:00,1.78,1.79,1.75,1.76,60197
2014-10-02 16:00:00-04:00,1.75,1.7621,1.54,1.6,138949
2014-10-03 16:00:00-04:00,1.6899,1.6899,1.65,1.6707,26594
2014-10-06 16:00:00-04:00,1.64,1.68,1.6,1.66,36298
2014-10-07 16:00:00-04:00,1.69,1.69,1.65,1.66,24511
2014-10-08 16:00:00-04:00,1.66,1.67,1.61,1.61,28409
2014-10-09 16:00:00-04:00,1.61,1.62,1.55,1.55,15977
2014-10-10 16:00:00-04:00,1.54,1.54,1.45,1.5,115305
2014-10-13 16:00:00-04:00,1.5,1.55,1.47,1.53,31649
2014-10-14 16:00:00-04:00,1.55,1.55,1.45,1.47,42238
2014-10-15 16:00:00-04:00,1.47,1.47,1.43,1.46,40678
2014-10-16 16:00:00-04:00,1.4,1.44,1.36,1.43,66357
2014-10-17 16:00:00-04:00,1.4595,1.64,1.4595,1.57,58694
2014-10-20 16:00:00-04:00,1.59,1.73,1.59,1.63,65899
2014-10-21 16:00:00-04:00,1.67,1.81,1.67,1.76,94213
2014-10-22 16:00:00-04:00,1.78,1.78,1.65,1.67,82482
2014-10-23 16:00:00-04:00,1.68,1.8,1.669,1.75,93304
2014-10-24 16:00:00-04:00,1.718,1.7411,1.718,1.7401,7730
2014-10-27 16:00:00-04:00,1.71,1.74,1.6601,1.7,24983
2014-10-28 16:00:00-04:00,1.7143,1.74,1.703,1.73,23359
2014-10-29 16:00:00-04:00,1.73,1.8,1.72,1.74,21394
2014-10-30 16:00:00-04:00,1.72,1.77,1.68,1.73,17778
2014-10-31 16:00:00-04:00,1.6601,1.78,1.6601,1.75,13306
2014-11-03 16:00:00-05:00,1.73,1.82,1.73,1.82,36091
2014-11-04 16:00:00-05:00,1.82,1.82,1.75,1.76,38680
2014-11-05 16:00:00-05:00,1.75,1.754,1.68,1.7,55847
2014-11-06 16:00:00-05:00,1.78,1.88,1.7,1.86,115917
2014-11-07 16:00:00-05:00,1.51,1.6,1.42,1.48,303901
2014-11-10 16:00:00-05:00,1.54,1.5873,1.47,1.5,93703
2014-11-11 16:00:00-05:00,1.49,1.54,1.48,1.54,42001
2014-11-12 16:00:00-05:00,1.57,1.57,1.5,1.5,34552
2014-11-13 16:00:00-05:00,1.53,1.53,1.48,1.48,46185
2014-11-14 16:00:00-05:00,1.5001,1.55,1.48,1.51,41185
2014-11-17 16:00:00-05:00,1.55,1.55,1.45,1.47,42387
2014-11-18 16:00:00-05:00,1.461,1.51,1.42,1.43,68970
2014-11-19 16:00:00-05:00,1.48,1.52,1.41,1.4295,39314
2014-11-20 16:00:00-05:00,1.44,1.49,1.41,1.41,56796
2014-11-21 16:00:00-05:00,1.42,1.46,1.37,1.4,77024
2014-11-24 16:00:00-05:00,1.455,1.455,1.4,1.42,35984
2014-11-25 16:00:00-05:00,1.44,1.44,1.42,1.42,18695
2014-11-26 16:00:00-05:00,1.4216,1.4216,1.4001,1.4032,14348
2014-11-28 16:00:00-05:00,1.43,1.6197,1.4,1.6197,196427
2014-12-01 16:00:00-05:00,1.7,1.77,1.6,1.6301,181471
2014-12-02 16:00:00-05:00,1.63,1.6444,1.54,1.6,86480
2014-12-03 16:00:00-05:00,1.6,1.64,1.5,1.54,92789
2014-12-04 16:00:00-05:00,1.52,1.56,1.45,1.45,68392
2014-12-05 16:00:00-05:00,1.45,1.56,1.4,1.52,56945
2014-12-08 16:00:00-05:00,1.53,1.53,1.45,1.47,41356
2014-12-09 16:00:00-05:00,1.48,1.57,1.41,1.43,36050
2014-12-10 16:00:00-05:00,1.42,1.55,1.41,1.41,71624
2014-12-11 16:00:00-05:00,1.42,1.5,1.42,1.4499,17218
2014-12-12 16:00:00-05:00,1.46,1.54,1.42,1.47,73077
2014-12-15 16:00:00-05:00,1.44,1.47,1.4,1.43,48020
2014-12-16 16:00:00-05:00,1.39,1.4999,1.39,1.41,58734
2014-12-17 16:00:00-05:00,1.41,1.469,1.36,1.41,46447
2014-12-18 16:00:00-05:00,1.45,1.47,1.41,1.41,17725
2014-12-19 16:00:00-05:00,1.45,1.48,1.38,1.38,119068
2014-12-22 16:00:00-05:00,1.41,1.41,1.36,1.4,47487
2014-12-23 16:00:00-05:00,1.4,1.4,1.36,1.36,42619
2014-12-24 16:00:00-05:00,1.36,1.38,1.36,1.38,41246
2014-12-26 16:00:00-05:00,1.38,1.41,1.37,1.37,30121
2014-12-29 16:00:00-05:00,1.38,1.41,1.32,1.38,157175
2014-12-30 16:00:00-05:00,1.33,1.41,1.25,1.3452,155648
2014-12-31 16:00:00-05:00,1.3501,1.3601,1.2724,1.2832,80198
2015-01-02 16:00:00-05:00,1.3099,1.31,1.196,1.21,126336
2015-01-05 16:00:00-05:00,1.21,1.34,1.16,1.24,113345
2015-01-06 16:00:00-05:00,1.25,1.34,1.25,1.27,31603
2015-01-07 16:00:00-05:00,1.3,1.31,1.2,1.27,69493
2015-01-08 16:00:00-05:00,1.2598,1.33,1.2201,1.2616,47651
2015-01-09 16:00:00-05:00,1.2772,1.28,1.2,1.23,20310
2015-01-12 16:00:00-05:00,1.2,1.238,1.18,1.19,20384
2015-01-13 16:00:00-05:00,1.1947,1.27,1.19,1.2,50945
2015-01-14 16:00:00-05:00,1.2,1.26,1.1,1.17,111039
2015-01-15 16:00:00-05:00,1.15,1.24,1.1,1.1,67197
2015-01-16 16:00:00-05:00,1.164,1.22,1.15,1.21,35607
2015-01-20 16:00:00-05:00,1.23,1.23,1.18,1.2,27406
2015-01-21 16:00:00-05:00,1.198,1.22,1.17,1.1716,18106
2015-01-22 16:00:00-05:00,1.18,1.22,1.17,1.17,30073
2015-01-23 16:00:00-05:00,1.17,1.19,1.1495,1.18,30756
2015-01-26 16:00:00-05:00,1.19,1.23,1.1801,1.23,11319
2015-01-27 16:00:00-05:00,1.2,1.23,1.2,1.21,8001
2015-01-28 16:00:00-05:00,1.18,1.2,1.15,1.15,18807
2015-01-29 16:00:00-05:00,1.16,1.2,1.07,1.18,83322
2015-01-30 16:00:00-05:00,1.18,1.18,1.14,1.14,32448
2015-02-02 16:00:00-05:00,1.1399,1.18,1.12,1.1632,61110
2015-02-03 16:00:00-05:00,1.1717,1.29,1.1717,1.23,25885
2015-02-04 16:00:00-05:00,1.25,1.27,1.23,1.23,14886
2015-02-05 16:00:00-05:00,1.23,1.23,1.148,1.17,38108
2015-02-06 16:00:00-05:00,1.17,1.18,1.14,1.15,63335
2015-02-09 16:00:00-05:00,1.1,1.2,1.1,1.16,65718
2015-02-10 16:00:00-05:00,1.1601,1.2,1.14,1.1499,24003
2015-02-11 16:00:00-05:00,1.1,1.15,1.1,1.15,22182
2015-02-12 16:00:00-05:00,1.15,1.19,1.15,1.18,35991
2015-02-13 16:00:00-05:00,1.17,1.22,1.17,1.22,44940
2015-02-17 16:00:00-05:00,1.24,1.27,1.2399,1.25,35312
2015-02-18 16:00:00-05:00,1.26,1.26,1.2,1.21,27971
2015-02-19 16:00:00-05:00,1.201,1.2229,1.2,1.2,7964
2015-02-20 16:00:00-05:00,1.24,1.24,1.18,1.219,33142
2015-02-23 16:00:00-05:00,1.2401,1.25,1.21,1.21,26587
2015-02-24 16:00:00-05:00,1.2104,1.25,1.17,1.17,34972
2015-02-25 16:00:00-05:00,1.18,1.24,1.15,1.18,61876
2015-02-26 16:00:00-05:00,1.22,1.22,1.1701,1.2,11732
2015-02-27 16:00:00-05:00,1.1901,1.27,1.17,1.26,54186
2015-03-02 16:00:00-05:00,1.28,1.51,1.2601,1.42,530728
2015-03-03 16:00:00-05:00,1.48,1.48,1.36,1.42,89209
2015-03-04 16:00:00-05:00,1.42,1.48,1.31,1.4598,96882
2015-03-05 16:00:00-05:00,1.4497,1.57,1.4,1.55,149791
2015-03-06 16:00:00-05:00,1.2,1.26,1.11,1.23,310549
2015-03-09 16:00:00-04:00,1.16,1.1865,1.1405,1.17,36235
2015-03-10 16:00:00-04:00,1.16,1.22,1.13,1.13,57804
2015-03-11 16:00:00-04:00,1.13,1.2,1.13,1.16,32155
2015-03-12 16:00:00-04:00,1.12,1.17,1.12,1.15,30549
2015-03-13 16:00:00-04:00,1.21,1.21,1.14,1.15,13753
2015-03-16 16:00:00-04:00,1.14,1.16,1.13,1.13,27950
2015-03-17 16:00:00-04:00,1.12,1.17,1.12,1.1436,22334
2015-03-18 16:00:00-04:00,1.15,1.16,1.15,1.16,16468
2015-03-19 16:00:00-04:00,1.14,1.16,1.1201,1.1499,21716
2015-03-20 16:00:00-04:00,1.15,1.17,1.09,1.09,67689
2015-03-23 16:00:00-04:00,1.1,1.18,1.1,1.12,43176
2015-03-24 16:00:00-04:00,1.16,1.19,0.99,1.0,363447
2015-03-25 16:00:00-04:00,1.04,1.1401,1.0,1.12,166889
2015-03-26 16:00:00-04:00,1.14,1.16,1.1,1.16,38399
2015-03-27 16:00:00-04:00,1.141,1.141,1.1,1.1,19913
2015-03-30 16:00:00-04:00,1.15,1.16,1.1001,1.14,23906
2015-03-31 16:00:00-04:00,1.14,1.146,1.1,1.13,7301
2015-04-01 16:00:00-04:00,1.15,1.18,1.12,1.14,48991
2015-04-02 16:00:00-04:00,1.15,1.17,1.1,1.1,22479
2015-04-06 16:00:00-04:00,1.13,1.18,1.03,1.11,83854
2015-04-07 16:00:00-04:00,1.123,1.16,1.1,1.12,20634
2015-04-08 16:00:00-04:00,1.14,1.29,1.12,1.22,377134
2015-04-09 16:00:00-04:00,1.19,1.3399,1.15,1.27,152760
2015-04-10 16:00:00-04:00,1.2734,1.2734,1.2,1.219,50790
2015-04-13 16:00:00-04:00,1.2501,1.251,1.19,1.192,60343
2015-04-14 16:00:00-04:00,1.19,1.23,1.18,1.1916,31310
2015-04-15 16:00:00-04:00,1.2,1.21,1.1348,1.2,74246
2015-04-16 16:00:00-04:00,1.21,1.23,1.16,1.1884,67730
2015-04-17 16:00:00-04:00,1.2,1.21,1.17,1.18,28771
2015-04-20 16:00:00-04:00,1.21,1.23,1.2,1.23,46097
2015-04-21 16:00:00-04:00,1.2399,1.24,1.2,1.22,31529
2015-04-22 16:00:00-04:00,1.2,1.32,1.2,1.23,184494
2015-04-23 16:00:00-04:00,1.26,1.3,1.2352,1.3,71612
2015-04-24 16:00:00-04:00,1.3,1.35,1.285,1.35,129901
2015-04-27 16:00:00-04:00,1.35,1.44,1.3,1.38,216821
2015-04-28 16:00:00-04:00,1.36,1.49,1.36,1.48,151624
2015-04-29 16:00:00-04:00,1.45,1.45,1.38,1.39,108906
2015-04-30 16:00:00-04:00,1.4,1.4301,1.4,1.4,45429
2015-05-01 16:00:00-04:00,1.45,1.45,1.36,1.36,46419
2015-05-04 16:00:00-04:00,1.39,1.45,1.39,1.45,39652
2015-05-05 16:00:00-04:00,1.45,1.45,1.4,1.4,56272
2015-05-06 16:00:00-04:00,1.4,1.42,1.38,1.39,126047
2015-05-07 16:00:00-04:00,1.38,1.4,1.38,1.38,28882
2015-05-08 16:00:00-04:00,1.39,1.3967,1.38,1.38,28746
2015-05-11 16:00:00-04:00,1.38,1.41,1.3745,1.39,27118
2015-05-12 16:00:00-04:00,1.35,1.401,1.29,1.35,72054
2015-05-13 16:00:00-04:00,1.34,1.3917,1.3,1.35,47513
2015-05-14 16:00:00-04:00,1.38,1.391,1.3,1.32,35831
2015-05-15 16:00:00-04:00,1.32,1.35,1.29,1.35,42933
2015-05-18 16:00:00-04:00,1.36,1.371,1.33,1.33,14275
2015-05-19 16:00:00-04:00,1.35,1.36,1.33,1.34,13469
2015-05-20 16:00:00-04:00,1.37,1.39,1.34,1.352,12549
2015-05-21 16:00:00-04:00,1.36,1.39,1.31,1.31,113746
2015-05-22 16:00:00-04:00,1.27,1.2982,1.2,1.21,148720
2015-05-26 16:00:00-04:00,1.2,1.24,1.15,1.16,77500
2015-05-27 16:00:00-04:00,1.21,1.22,1.16,1.2,43166
2015-05-28 16:00:00-04:00,1.24,1.24,1.16,1.2,45274
2015-05-29 16:00:00-04:00,1.155,1.207,1.155,1.2,21841
2015-06-01 16:00:00-04:00,1.24,1.24,1.1699,1.17,20660
2015-06-02 16:00:00-04:00,1.17,1.2101,1.14,1.17,59165
2015-06-03 16:00:00-04:00,1.16,1.25,1.15,1.21,41550
2015-06-04 16:00:00-04:00,1.15,1.25,1.15,1.23,38816
2015-06-05 16:00:00-04:00,1.23,1.23,1.1699,1.2101,25248
2015-06-08 16:00:00-04:00,1.2001,1.25,1.19,1.2401,72042
2015-06-09 16:00:00-04:00,1.237,1.35,1.237,1.33,192225
2015-06-10 16:00:00-04:00,1.3,1.38,1.25,1.31,129068
2015-06-11 16:00:00-04:00,1.32,1.38,1.32,1.38,87825
2015-06-12 16:00:00-04:00,1.364,1.39,1.34,1.35,44432
2015-06-15 16:00:00-04:00,1.35,1.3601,1.31,1.3116,42723
2015-06-16 16:00:00-04:00,1.343,1.343,1.22,1.26,44979
2015-06-17 16:00:00-04:00,1.29,1.3201,1.27,1.3,41133
2015-06-18 16:00:00-04:00,1.27,1.34,1.265,1.29,14229
2015-06-19 16:00:00-04:00,1.2801,1.34,1.25,1.27,35303
2015-06-22 16:00:00-04:00,1.26,1.34,1.26,1.28,25126
2015-06-23 16:00:00-04:00,1.26,1.3,1.26,1.3,12951
2015-06-24 16:00:00-04:00,1.27,1.34,1.26,1.32,48431
2015-06-25 16:00:00-04:00,1.3,1.34,1.3,1.32,15387
2015-06-26 16:00:00-04:00,1.29,1.3101,1.25,1.25,40082
2015-06-29 16:00:00-04:00,1.26,1.27,1.2,1.2,44702
2015-06-30 16:00:00-04:00,1.2,1.22,1.2,1.21,38275
2015-07-01 16:00:00-04:00,1.21,1.23,1.2,1.2,29326
2015-07-02 16:00:00-04:00,1.2,1.23,1.2,1.22,7150
2015-07-06 16:00:00-04:00,1.23,1.23,1.13,1.1397,79037
2015-07-07 16:00:00-04:00,1.12,1.12,1.02,1.0716,159391
2015-07-08 16:00:00-04:00,1.0,1.05,0.96,0.99,91376
2015-07-09 16:00:00-04:00,1.0,1.09,1.0,1.07,63977
2015-07-10 16:00:00-04:00,1.12,1.12,1.08,1.0916,18141
2015-07-13 16:00:00-04:00,1.09,1.1,1.056,1.09,16407
2015-07-14 16:00:00-04:00,1.07,1.08,1.0389,1.07,9445
2015-07-15 16:00:00-04:00,1.01,1.06,1.01,1.05,21597
2015-07-16 16:00:00-04:00,1.04,1.07,1.027,1.04,20694
2015-07-17 16:00:00-04:00,1.02,1.09,1.02,1.09,14084
2015-07-20 16:00:00-04:00,1.11,1.11,1.04,1.06,28508
2015-07-21 16:00:00-04:00,1.05,1.08,1.0,1.0,27928
2015-07-22 16:00:00-04:00,1.03,1.08,1.01,1.01,3502
2015-07-23 16:00:00-04:00,1.07,1.07,1.0201,1.0216,5075
2015-07-24 16:00:00-04:00,1.02,1.17,1.01,1.04,138959
2015-07-27 16:00:00-04:00,1.02,1.03,1.01,1.01,25490
2015-07-28 16:00:00-04:00,1.0499,1.0499,1.01,1.02,24363
2015-07-29 16:00:00-04:00,1.02,1.08,1.01,1.01,9926
2015-07-30 16:00:00-04:00,1.0101,1.05,1.0,1.05,33127
2015-07-31 16:00:00-04:00,1.02,1.04,1.02,1.03,2823
2015-08-03 16:00:00-04:00,1.03,1.07,1.02,1.02,15403
2015-08-04 16:00:00-04:00,1.02,1.08,1.02,1.08,25268
2015-08-05 16:00:00-04:00,1.08,1.08,1.01,1.02,18144
2015-08-06 16:00:00-04:00,1.01,1.08,1.01,1.05,52498
2015-08-07 16:00:00-04:00,1.0603,1.07,1.02,1.02,14915
2015-08-10 16:00:00-04:00,1.01,1.1,1.01,1.09,9405
2015-08-11 16:00:00-04:00,1.08,1.14,1.08,1.1,30332
2015-08-12 16:00:00-04:00,1.2,1.24,1.05,1.11,236949
2015-08-13 16:00:00-04:00,1.09,1.2,1.08,1.13,65108
2015-08-14 16:00:00-04:00,1.19,1.2,1.13,1.14,22359
2015-08-17 16:00:00-04:00,1.16,1.22,1.14,1.1831,46398
2015-08-18 16:00:00-04:00,1.21,1.21,1.15,1.15,12022
2015-08-19 16:00:00-04:00,1.19,1.23,1.15,1.21,51879
2015-08-20 16:00:00-04:00,1.22,1.23,1.1695,1.2,11512
2015-08-21 16:00:00-04:00,1.2,1.2,1.07,1.07,46942
2015-08-24 16:00:00-04:00,1.02,1.03,0.91,1.01,71963
2015-08-25 16:00:00-04:00,0.97,1.0294,0.97,1.0,43735
2015-08-26 16:00:00-04:00,1.06,1.09,1.0,1.0,19990
2015-08-27 16:00:00-04:00,1.07,1.13,1.07,1.1,26001
2015-08-28 16:00:00-04:00,1.12,1.14,1.08,1.09,12824
2015-08-31 16:00:00-04:00,1.11,1.16,1.0299,1.03,31882
2015-09-01 16:00:00-04:00,1.01,1.08,1.01,1.06,6296
2015-09-02 16:00:00-04:00,1.08,1.1464,1.05,1.12,33225
2015-09-03 16:00:00-04:00,1.12,1.15,1.07,1.1,11449
2015-09-04 16:00:00-04:00,1.1,1.14,1.05,1.06,5201
2015-09-08 16:00:00-04:00,1.0999,1.0999,1.05,1.06,3680
2015-09-09 16:00:00-04:00,1.06,1.11,1.05,1.07,3099
2015-09-10 16:00:00-04:00,1.101,1.1018,1.07,1.07,12786
2015-09-11 16:00:00-04:00,1.06,1.08,1.05,1.06,8676
2015-09-14 16:00:00-04:00,1.06,1.1,1.04,1.04,3655
2015-09-15 16:00:00-04:00,1.04,1.11,1.04,1.07,7350
2015-09-16 16:00:00-04:00,1.09,1.1,1.053,1.053,10276
2015-09-17 16:00:00-04:00,1.0202,1.08,1.0202,1.07,1744
2015-09-18 16:00:00-04:00,1.07,1.07,1.04,1.04,343
2015-09-21 16:00:00-04:00,1.08,1.08,1.04,1.08,14260
2015-09-22 16:00:00-04:00,1.07,1.09,1.07,1.07,1587
2015-09-23 16:00:00-04:00,1.05,1.09,1.0499,1.07,17047
2015-09-24 16:00:00-04:00,1.0598,1.071,1.044,1.07,33012
2015-09-25 16:00:00-04:00,1.08,1.09,0.996,1.01,27184
2015-09-28 16:00:00-04:00,1.01,1.03,1.0,1.0,19140
2015-09-29 16:00:00-04:00,1.0,1.0299,0.97,1.0,21701
2015-09-30 16:00:00-04:00,1.0,1.0,0.9601,0.9832,21903
2015-10-01 16:00:00-04:00,0.9999,1.0601,0.9999,1.04,15084
2015-10-02 16:00:00-04:00,1.0,1.04,0.99,1.04,13254
2015-10-05 16:00:00-04:00,1.01,1.05,1.01,1.04,26180
2015-10-06 16:00:00-04:00,1.041,1.08,1.04,1.06,9160
2015-10-07 16:00:00-04:00,1.04,1.0898,1.04,1.06,19728
2015-10-08 16:00:00-04:00,1.05,1.0591,1.02,1.0501,16266
2015-10-09 16:00:00-04:00,1.08,1.1,1.07,1.09,31775
2015-10-12 16:00:00-04:00,1.08,1.1,1.02,1.1,40034
2015-10-13 16:00:00-04:00,0.9127,1.11,0.8627,1.09,24733
2015-10-14 16:00:00-04:00,1.05,1.12,1.04,1.12,29056
2015-10-15 16:00:00-04:00,1.12,1.12,1.1199,1.12,1613
2015-10-16 16:00:00-04:00,1.12,1.12,1.0701,1.08,5050
2015-10-19 16:00:00-04:00,1.06,1.08,1.0599,1.07,22274
2015-10-20 16:00:00-04:00,1.0501,1.09,1.05,1.05,30420
2015-10-21 16:00:00-04:00,1.0799,1.09,1.05,1.05,11804
2015-10-22 16:00:00-04:00,1.06,1.1101,1.06,1.09,29183
2015-10-23 16:00:00-04:00,1.081,1.12,1.06,1.0958,10370
2015-10-26 16:00:00-04:00,1.07,1.1,1.0599,1.07,25596
2015-10-27 16:00:00-04:00,1.06,1.15,1.056,1.15,15052
2015-10-28 16:00:00-04:00,1.11,1.2,1.07,1.15,57872
2015-10-29 16:00:00-04:00,1.16,1.16,1.08,1.0907,13621
2015-10-30 16:00:00-04:00,1.1,1.18,1.0984,1.18,17564
2015-11-02 16:00:00-05:00,1.18,1.18,1.15,1.17,3088
2015-11-03 16:00:00-05:00,1.18,1.18,1.13,1.1699,18926
2015-11-04 16:00:00-05:00,1.12,1.14,1.1,1.12,30554
2015-11-05 16:00:00-05:00,1.15,1.17,1.1074,1.11,8275
2015-11-06 16:00:00-05:00,1.16,1.16,1.11,1.13,9157
2015-11-09 16:00:00-05:00,1.1301,1.17,1.13,1.13,32789
2015-11-10 16:00:00-05:00,1.1375,1.15,1.13,1.13,5546
2015-11-11 16:00:00-05:00,1.13,1.14,1.12,1.13,65774
2015-11-12 16:00:00-05:00,1.16,1.28,1.15,1.2,142311
2015-11-13 16:00:00-05:00,1.26,1.49,1.26,1.36,242509
2015-11-16 16:00:00-05:00,1.38,1.4,1.2699,1.29,41742
2015-11-17 16:00:00-05:00,1.27,1.29,1.09,1.13,152097
2015-11-18 16:00:00-05:00,1.15,1.15,1.11,1.119,53141
2015-11-19 16:00:00-05:00,1.1499,1.15,1.123,1.15,8422
2015-11-20 16:00:00-05:00,1.14,1.1776,1.12,1.13,16891
2015-11-23 16:00:00-05:00,1.2,1.2,1.12,1.15,30569
2015-11-24 16:00:00-05:00,1.23,1.23,1.15,1.19,28577
2015-11-25 16:00:00-05:00,1.2,1.21,1.15,1.21,21489
2015-11-27 16:00:00-05:00,1.161,1.2,1.16,1.2,5228
2015-11-30 16:00:00-05:00,1.18,1.2,1.16,1.18,13098
2015-12-01 16:00:00-05:00,1.18,1.3899,1.17,1.3,105165
2015-12-02 16:00:00-05:00,1.31,1.3625,1.272,1.35,38031
2015-12-03 16:00:00-05:00,1.38,1.3899,1.34,1.34,18374
2015-12-04 16:00:00-05:00,1.33,1.37,1.27,1.2801,16252
2015-12-07 16:00:00-05:00,1.28,1.3,1.22,1.23,21913
2015-12-08 16:00:00-05:00,1.27,1.35,1.23,1.34,46604
2015-12-09 16:00:00-05:00,1.36,1.4,1.32,1.32,59772
2015-12-10 16:00:00-05:00,1.36,1.36,1.3301,1.3554,18630
2015-12-11 16:00:00-05:00,1.324,1.39,1.3156,1.32,11173
2015-12-14 16:00:00-05:00,1.31,1.33,1.3,1.32,12727
2015-12-15 16:00:00-05:00,1.3,1.3,1.23,1.28,35918
2015-12-16 16:00:00-05:00,1.3156,1.32,1.28,1.29,19388
2015-12-17 16:00:00-05:00,1.32,1.4,1.288,1.35,37681
2015-12-18 16:00:00-05:00,1.37,1.38,1.27,1.29,48927
2015-12-21 16:00:00-05:00,1.3372,1.37,1.24,1.32,30438
2015-12-22 16:00:00-05:00,1.28,1.34,1.28,1.33,13995
2015-12-23 16:00:00-05:00,1.3,1.3,1.26,1.3,26435
2015-12-24 16:00:00-05:00,1.29,1.31,1.27,1.31,11213
2015-12-28 16:00:00-05:00,1.3099,1.34,1.2501,1.3384,25429
2015-12-29 16:00:00-05:00,1.36,1.55,1.3101,1.42,328454
2015-12-30 16:00:00-05:00,1.4,1.48,1.37,1.44,67495
2015-12-31 16:00:00-05:00,1.4,1.5,1.4,1.46,73733
2016-01-04 16:00:00-05:00,1.45,1.49,1.36,1.465,93696
2016-01-05 16:00:00-05:00,1.45,1.54,1.45,1.52,43079
2016-01-06 16:00:00-05:00,1.52,1.6,1.51,1.58,195897
2016-01-07 16:00:00-05:00,1.52,1.84,1.52,1.67,520516
2016-01-08 16:00:00-05:00,1.75,1.75,1.577,1.64,127663
2016-01-11 16:00:00-05:00,1.69,1.69,1.35,1.368,112510
2016-01-12 16:00:00-05:00,1.44,1.59,1.404,1.48,80111
2016-01-13 16:00:00-05:00,1.42,1.5,1.4,1.43,70344
2016-01-14 16:00:00-05:00,1.4,1.5,1.35,1.5,41292
2016-01-15 16:00:00-05:00,1.5,1.5,1.43,1.47,11060
2016-01-19 16:00:00-05:00,1.5,1.5,1.39,1.39,27007
2016-01-20 16:00:00-05:00,1.42,1.52,1.35,1.48,157296
2016-01-21 16:00:00-05:00,1.45,1.59,1.408,1.5,82011
2016-01-22 16:00:00-05:00,1.63,1.7,1.63,1.6616,126708
2016-01-25 16:00:00-05:00,1.67,1.73,1.66,1.71,47479
2016-01-26 16:00:00-05:00,1.71,1.83,1.69,1.78,222986
2016-01-27 16:00:00-05:00,1.81,1.8499,1.63,1.6503,77583
2016-01-28 16:00:00-05:00,1.7,1.72,1.59,1.6,37892
2016-01-29 16:00:00-05:00,1.58,1.63,1.51,1.63,60165
2016-02-01 16:00:00-05:00,1.67,1.7025,1.65,1.66,64350
2016-02-02 16:00:00-05:00,1.65,1.69,1.622,1.66,70649
2016-02-03 16:00:00-05:00,1.65,1.69,1.623,1.65,22063
2016-02-04 16:00:00-05:00,1.63,1.65,1.59,1.59,19559
2016-02-05 16:00:00-05:00,1.59,1.64,1.56,1.56,25254
2016-02-08 16:00:00-05:00,1.51,1.59,1.51,1.54,28720
2016-02-09 16:00:00-05:00,1.526,1.57,1.52,1.522,15328
2016-02-10 16:00:00-05:00,1.5604,1.63,1.55,1.57,9690
2016-02-11 16:00:00-05:00,1.53,1.63,1.52,1.55,24190
2016-02-12 16:00:00-05:00,1.57,1.61,1.53,1.55,17250
2016-02-16 16:00:00-05:00,1.57,1.65,1.569,1.63,15306
2016-02-17 16:00:00-05:00,1.65,1.77,1.6425,1.74,65327
2016-02-18 16:00:00-05:00,1.77,1.79,1.72,1.72,55003
2016-02-19 16:00:00-05:00,1.76,1.79,1.72,1.77,30838
2016-02-22 16:00:00-05:00,1.9,1.9,1.7302,1.82,56718
2016-02-23 16:00:00-05:00,1.82,1.85,1.72,1.74,51972
2016-02-24 16:00:00-05:00,1.76,1.76,1.66,1.6875,31312
2016-02-25 16:00:00-05:00,1.7,1.75,1.63,1.64,54360
2016-02-26 16:00:00-05:00,1.73,1.73,1.63,1.69,21393
2016-02-29 16:00:00-05:00,1.67,1.7,1.67,1.68,11634
2016-03-01 16:00:00-05:00,1.7,1.73,1.69,1.7236,26843
2016-03-02 16:00:00-05:00,1.73,1.75,1.65,1.66,57875
2016-03-03 16:00:00-05:00,1.68,1.74,1.67,1.71,23759
2016-03-04 16:00:00-05:00,1.68,1.72,1.65,1.6727,38245
2016-03-07 16:00:00-05:00,1.7,1.771,1.7,1.75,28952
2016-03-08 16:00:00-05:00,1.72,1.77,1.72,1.76,22598
2016-03-09 16:00:00-05:00,1.79,1.79,1.75,1.75,9674
2016-03-10 16:00:00-05:00,1.6608,1.7499,1.6502,1.7,20948
2016-03-11 16:00:00-05:00,1.73,1.73,1.7,1.71,20147
2016-03-14 16:00:00-04:00,1.71,1.7499,1.58,1.62,126039
2016-03-15 16:00:00-04:00,1.7,1.74,1.62,1.64,79227
2016-03-16 16:00:00-04:00,1.65,1.69,1.61,1.63,16256
2016-03-17 16:00:00-04:00,1.6527,1.67,1.63,1.67,14017
2016-03-18 16:00:00-04:00,1.7,1.7,1.57,1.57,65178
2016-03-21 16:00:00-04:00,1.56,1.64,1.5001,1.53,141270
2016-03-22 16:00:00-04:00,1.5,1.5,1.4,1.46,50621
2016-03-23 16:00:00-04:00,1.46,1.46,1.32,1.39,96583
2016-03-24 16:00:00-04:00,1.38,1.486,1.38,1.45,25738
2016-03-28 16:00:00-04:00,1.47,1.49,1.45,1.45,5023
2016-03-29 16:00:00-04:00,1.49,1.49,1.38,1.39,42980
2016-03-30 16:00:00-04:00,1.45,1.5,1.41,1.41,21686
2016-03-31 16:00:00-04:00,1.45,1.45,1.38,1.4,26388
2016-04-01 16:00:00-04:00,1.41,1.44,1.33,1.42,46895
2016-04-04 16:00:00-04:00,1.37,1.5,1.37,1.48,57217
2016-04-05 16:00:00-04:00,1.4,1.55,1.4,1.49,58586
2016-04-06 16:00:00-04:00,1.45,1.55,1.411,1.54,64939
2016-04-07 16:00:00-04:00,1.52,1.56,1.49,1.5,7877
2016-04-08 16:00:00-04:00,1.54,1.7,1.5,1.61,176067
2016-04-11 16:00:00-04:00,1.66,1.7,1.6072,1.6072,43099
2016-04-12 16:00:00-04:00,1.5834,1.6635,1.51,1.6168,58142
2016-04-13 16:00:00-04:00,1.6,1.73,1.5466,1.67,271837
2016-04-14 16:00:00-04:00,1.65,1.65,1.58,1.58,42014
2016-04-15 16:00:00-04:00,1.6,1.6099,1.56,1.58,26690
2016-04-18 16:00:00-04:00,1.5702,1.5702,1.53,1.55,88085
2016-04-19 16:00:00-04:00,1.55,1.55,1.52,1.52,18601
2016-04-20 16:00:00-04:00,1.53,1.55,1.5,1.5001,41284
2016-04-21 16:00:00-04:00,1.52,1.52,1.46,1.46,12601
2016-04-22 16:00:00-04:00,1.47,1.55,1.47,1.51,38972
2016-04-25 16:00:00-04:00,1.5099,1.55,1.4601,1.54,12151
2016-04-26 16:00:00-04:00,1.54,1.54,1.5,1.5,17522
2016-04-27 16:00:00-04:00,1.4709,1.49,1.45,1.4648,18874
2016-04-28 16:00:00-04:00,1.46,1.54,1.45,1.5116,97521
2016-04-29 16:00:00-04:00,1.42,1.47,1.42,1.44,10541
2016-05-02 16:00:00-04:00,1.45,1.47,1.44,1.44,30633
2016-05-03 16:00:00-04:00,1.44,1.5,1.42,1.4248,103835
2016-05-04 16:00:00-04:00,1.45,1.59,1.45,1.59,93250
2016-05-05 16:00:00-04:00,1.55,1.59,1.5201,1.55,39644
2016-05-06 16:00:00-04:00,1.52,1.59,1.52,1.56,63590
2016-05-09 16:00:00-04:00,1.53,1.53,1.45,1.45,47172
2016-05-10 16:00:00-04:00,1.46,1.52,1.46,1.49,14304
2016-05-11 16:00:00-04:00,1.51,1.54,1.4883,1.5,5298
2016-05-12 16:00:00-04:00,1.5,1.5,1.45,1.4632,23321
2016-05-13 16:00:00-04:00,1.45,1.5,1.45,1.48,21891
2016-05-16 16:00:00-04:00,1.49,1.5,1.48,1.4893,11793
2016-05-17 16:00:00-04:00,1.48,1.5,1.46,1.5,24782
2016-05-18 16:00:00-04:00,1.5,1.5,1.4867,1.49,7872
2016-05-19 16:00:00-04:00,1.4801,1.5,1.46,1.48,28930
2016-05-20 16:00:00-04:00,1.46,1.58,1.45,1.58,32707
2016-05-23 16:00:00-04:00,1.57,1.59,1.5,1.59,149389
2016-05-24 16:00:00-04:00,1.6,1.64,1.57,1.6,181489
2016-05-25 16:00:00-04:00,1.59,1.6476,1.59,1.6476,41486
2016-05-26 16:00:00-04:00,1.63,1.65,1.61,1.63,80707
2016-05-27 16:00:00-04:00,1.6,1.68,1.46,1.68,250219
2016-05-31 16:00:00-04:00,1.68,1.68,1.58,1.65,132454
2016-06-01 16:00:00-04:00,1.64,1.66,1.6,1.65,87920
2016-06-02 16:00:00-04:00,1.65,1.66,1.6,1.635,98080
2016-06-03 16:00:00-04:00,1.64,1.65,1.62,1.6201,12851
2016-06-06 16:00:00-04:00,1.6,1.63,1.59,1.5901,13110
2016-06-07 16:00:00-04:00,1.6,1.77,1.6,1.7,112881
2016-06-08 16:00:00-04:00,1.73,1.73,1.63,1.64,52862
2016-06-09 16:00:00-04:00,1.6489,1.65,1.6,1.63,27811
2016-06-10 16:00:00-04:00,1.61,1.61,1.53,1.53,18405
2016-06-13 16:00:00-04:00,1.53,1.58,1.51,1.56,4238
2016-06-14 16:00:00-04:00,1.57,1.63,1.52,1.55,8709
2016-06-15 16:00:00-04:00,1.54,1.62,1.54,1.55,3659
2016-06-16 16:00:00-04:00,1.51,1.5599,1.48,1.5,49047
2016-06-17 16:00:00-04:00,1.5,1.57,1.5,1.51,10303
2016-06-20 16:00:00-04:00,1.51,1.55,1.51,1.54,4774
2016-06-21 16:00:00-04:00,1.53,1.63,1.53,1.58,6726
2016-06-22 16:00:00-04:00,1.62,1.64,1.56,1.5901,15528
2016-06-23 16:00:00-04:00,1.59,1.64,1.54,1.54,38197
2016-06-24 16:00:00-04:00,1.54,1.6,1.536,1.54,3135
2016-06-27 16:00:00-04:00,1.57,1.57,1.49,1.5,18915
2016-06-28 16:00:00-04:00,1.48,1.54,1.48,1.52,27223
2016-06-29 16:00:00-04:00,1.54,1.54,1.49,1.51,7304
2016-06-30 16:00:00-04:00,1.51,1.57,1.5,1.52,41380
2016-07-01 16:00:00-04:00,1.53,1.61,1.53,1.61,27814
2016-07-05 16:00:00-04:00,1.58,1.62,1.58,1.6155,8671
2016-07-06 16:00:00-04:00,1.62,1.62,1.53,1.62,16736
2016-07-07 16:00:00-04:00,1.62,1.62,1.52,1.53,42189
2016-07-08 16:00:00-04:00,1.56,1.6,1.53,1.575,18399
2016-07-11 16:00:00-04:00,1.56,1.62,1.53,1.53,26109
2016-07-12 16:00:00-04:00,1.54,1.5999,1.53,1.59,3879
2016-07-13 16:00:00-04:00,1.58,1.58,1.53,1.54,7832
2016-07-14 16:00:00-04:00,1.54,1.6,1.464,1.55,233944
2016-07-15 16:00:00-04:00,1.52,1.56,1.52,1.54,23377
2016-07-18 16:00:00-04:00,1.5301,1.55,1.53,1.54,3082
2016-07-19 16:00:00-04:00,1.53,1.55,1.5,1.54,44602
2016-07-20 16:00:00-04:00,1.56,1.59,1.51,1.58,36017
2016-07-21 16:00:00-04:00,1.57,1.57,1.49,1.5201,110635
2016-07-22 16:00:00-04:00,1.54,1.75,1.54,1.66,225706
2016-07-25 16:00:00-04:00,1.7,1.75,1.6,1.6,154115
2016-07-26 16:00:00-04:00,1.65,1.66,1.53,1.5608,84722
2016-07-27 16:00:00-04:00,1.55,1.6399,1.55,1.57,36342
2016-07-28 16:00:00-04:00,1.56,1.62,1.56,1.6,25382
2016-07-29 16:00:00-04:00,1.59,1.61,1.56,1.56,27084
2016-08-01 16:00:00-04:00,1.57,1.57,1.52,1.54,19208
2016-08-02 16:00:00-04:00,1.5599,1.57,1.52,1.5699,25730
2016-08-03 16:00:00-04:00,1.57,1.57,1.53,1.56,18143
2016-08-04 16:00:00-04:00,1.56,1.57,1.53,1.5464,11673
2016-08-05 16:00:00-04:00,1.57,1.62,1.5699,1.6,43869
2016-08-08 16:00:00-04:00,1.65,1.65,1.62,1.63,33219
2016-08-09 16:00:00-04:00,1.63,1.63,1.61,1.62,25644
2016-08-10 16:00:00-04:00,1.63,1.65,1.62,1.6301,56783
2016-08-11 16:00:00-04:00,1.6338,1.65,1.6134,1.65,24211
2016-08-12 16:00:00-04:00,1.61,1.65,1.61,1.63,18508
2016-08-15 16:00:00-04:00,1.65,1.65,1.6364,1.64,33196
2016-08-16 16:00:00-04:00,1.65,1.65,1.6382,1.65,26731
2016-08-17 16:00:00-04:00,1.66,1.691,1.66,1.68,96959
2016-08-18 16:00:00-04:00,1.56,1.63,1.45,1.619,238497
2016-08-19 16:00:00-04:00,1.6,1.6,1.5268,1.54,19687
2016-08-22 16:00:00-04:00,1.54,1.54,1.51,1.529,34575
2016-08-23 16:00:00-04:00,1.57,1.57,1.51,1.52,27344
2016-08-24 16:00:00-04:00,1.49,1.54,1.49,1.53,8840
2016-08-25 16:00:00-04:00,1.52,1.55,1.51,1.5301,27521
2016-08-26 16:00:00-04:00,1.53,1.55,1.53,1.55,20633
2016-08-29 16:00:00-04:00,1.55,1.6,1.55,1.6,30631
2016-08-30 16:00:00-04:00,1.57,1.5999,1.53,1.54,58439
2016-08-31 16:00:00-04:00,1.53,1.58,1.52,1.57,34983
2016-09-01 16:00:00-04:00,1.55,1.59,1.5187,1.5301,13965
2016-09-02 16:00:00-04:00,1.58,1.58,1.54,1.57,19060
2016-09-06 16:00:00-04:00,1.53,1.58,1.52,1.56,31706
2016-09-07 16:00:00-04:00,1.56,1.57,1.53,1.5667,19426
2016-09-08 16:00:00-04:00,1.56,1.58,1.56,1.56,7356
2016-09-09 16:00:00-04:00,1.5699,1.58,1.54,1.54,2949
2016-09-12 16:00:00-04:00,1.54,1.56,1.53,1.54,27860
2016-09-13 16:00:00-04:00,1.53,1.55,1.53,1.53,10027
2016-09-14 16:00:00-04:00,1.54,1.57,1.47,1.47,49953
2016-09-15 16:00:00-04:00,1.47,1.51,1.47,1.49,8476
2016-09-16 16:00:00-04:00,1.47,1.5,1.47,1.47,5945
2016-09-19 16:00:00-04:00,1.51,1.51,1.47,1.4886,27649
2016-09-20 16:00:00-04:00,1.49,1.55,1.48,1.49,41378
2016-09-21 16:00:00-04:00,1.48,1.5301,1.48,1.49,38242
2016-09-22 16:00:00-04:00,1.49,1.54,1.49,1.52,18650
2016-09-23 16:00:00-04:00,1.53,1.5499,1.49,1.49,23724
2016-09-26 16:00:00-04:00,1.5,1.51,1.49,1.51,5214
2016-09-27 16:00:00-04:00,1.5087,1.5099,1.42,1.4399,72695
2016-09-28 16:00:00-04:00,1.4484,1.5351,1.44,1.46,93820
2016-09-29 16:00:00-04:00,1.4721,1.5099,1.47,1.5,4901
2016-09-30 16:00:00-04:00,1.51,1.52,1.4601,1.47,50408
2016-10-03 16:00:00-04:00,1.49,1.55,1.48,1.53,42990
2016-10-04 16:00:00-04:00,1.5324,1.65,1.52,1.52,233026
2016-10-05 16:00:00-04:00,1.53,1.59,1.53,1.55,34159
2016-10-06 16:00:00-04:00,1.56,1.58,1.52,1.52,38196
2016-10-07 16:00:00-04:00,1.52,1.56,1.52,1.53,9194
2016-10-10 16:00:00-04:00,1.54,1.57,1.5,1.51,31289
2016-10-11 16:00:00-04:00,1.5,1.52,1.47,1.5,17143
2016-10-12 16:00:00-04:00,1.4977,1.5,1.42,1.5,22312
2016-10-13 16:00:00-04:00,1.5,1.5,1.42,1.47,10728
2016-10-14 16:00:00-04:00,1.46,1.46,1.4,1.4299,30691
2016-10-17 16:00:00-04:00,1.4,1.43,1.4,1.405,13365
2016-10-18 16:00:00-04:00,1.41,1.46,1.41,1.44,26680
2016-10-19 16:00:00-04:00,1.46,1.47,1.44,1.46,2467
2016-10-20 16:00:00-04:00,1.45,1.5,1.45,1.45,2907
2016-10-21 16:00:00-04:00,1.4474,1.49,1.39,1.39,12498
2016-10-24 16:00:00-04:00,1.42,1.45,1.396,1.45,10331
2016-10-25 16:00:00-04:00,1.44,1.472,1.36,1.37,15737
2016-10-26 16:00:00-04:00,1.38,1.4,1.38,1.3913,6965
2016-10-27 16:00:00-04:00,1.37,1.37,1.3621,1.37,7186
2016-10-28 16:00:00-04:00,1.36,1.38,1.31,1.31,28189
2016-10-31 16:00:00-04:00,1.3,1.3,1.18,1.24,49142
2016-11-01 16:00:00-04:00,1.23,1.28,1.21,1.24,60243
2016-11-02 16:00:00-04:00,1.25,1.3299,1.25,1.32,3529
2016-11-03 16:00:00-04:00,1.33,1.38,1.3,1.31,15936
2016-11-04 16:00:00-04:00,1.3,1.32,1.27,1.287,10542
2016-11-07 16:00:00-05:00,1.3099,1.38,1.285,1.3,28711
2016-11-08 16:00:00-05:00,1.31,1.31,1.22,1.25,58980
2016-11-09 16:00:00-05:00,1.27,1.32,1.27,1.3,32242
2016-11-10 16:00:00-05:00,1.29,1.3,1.22,1.3,47276
2016-11-11 16:00:00-05:00,1.29,1.355,1.29,1.35,183708
2016-11-14 16:00:00-05:00,1.5,1.5,1.41,1.4301,224115
2016-11-15 16:00:00-05:00,1.45,1.45,1.3,1.38,78437
2016-11-16 16:00:00-05:00,1.38,1.38,1.36,1.37,24666
2016-11-17 16:00:00-05:00,1.38,1.4399,1.38,1.3986,23949
2016-11-18 16:00:00-05:00,1.41,1.45,1.41,1.43,33191
2016-11-21 16:00:00-05:00,1.47,1.48,1.36,1.4099,162824
2016-11-22 16:00:00-05:00,1.4,1.43,1.37,1.3879,34643
2016-11-23 16:00:00-05:00,1.37,1.45,1.3401,1.42,87192
2016-11-25 13:00:00-05:00,1.43,1.45,1.41,1.44,2154
2016-11-28 16:00:00-05:00,1.45,1.49,1.435,1.435,24954
2016-11-29 16:00:00-05:00,1.45,1.45,1.3931,1.4299,16470
2016-11-30 16:00:00-05:00,1.41,1.43,1.37,1.39,54032
2016-12-01 16:00:00-05:00,1.41,1.41,1.339,1.349,51558
2016-12-02 16:00:00-05:00,1.3499,1.35,1.3301,1.35,7302
2016-12-05 16:00:00-05:00,1.35,1.4,1.35,1.35,56641
2016-12-06 16:00:00-05:00,1.35,1.37,1.34,1.34,55976
2016-12-07 16:00:00-05:00,1.35,1.37,1.34,1.35,41437
2016-12-08 16:00:00-05:00,1.35,1.36,1.34,1.3401,18882
2016-12-09 16:00:00-05:00,1.34,1.36,1.33,1.34,73855
2016-12-12 16:00:00-05:00,1.34,1.35,1.31,1.31,46700
2016-12-13 16:00:00-05:00,1.31,1.33,1.28,1.3,325786
2016-12-14 16:00:00-05:00,1.3,1.33,1.295,1.32,73645
2016-12-15 16:00:00-05:00,1.33,1.4,1.33,1.4,92153
2016-12-16 16:00:00-05:00,1.39,1.47,1.39,1.46,74392
2016-12-19 16:00:00-05:00,1.47,1.47,1.3701,1.45,60160
2016-12-20 16:00:00-05:00,1.45,1.4501,1.43,1.43,32599
2016-12-21 16:00:00-05:00,1.4599,1.47,1.4431,1.4613,24165
2016-12-22 16:00:00-05:00,1.46,1.47,1.44,1.47,32597
2016-12-23 16:00:00-05:00,1.46,1.47,1.3935,1.4,41662
2016-12-27 16:00:00-05:00,1.41,1.41,1.36,1.38,19365
2016-12-28 16:00:00-05:00,1.37,1.4,1.3422,1.37,33130
2016-12-29 16:00:00-05:00,1.36,1.42,1.33,1.34,18767
2016-12-30 16:00:00-05:00,1.34,1.36,1.32,1.34,27859
2017-01-03 16:00:00-05:00,1.33,1.39,1.31,1.33,30293
2017-01-04 16:00:00-05:00,1.36,1.37,1.31,1.35,30802
2017-01-05 16:00:00-05:00,1.37,1.38,1.31,1.35,21515
2017-01-06 16:00:00-05:00,1.35,1.36,1.32,1.34,33134
2017-01-09 16:00:00-05:00,1.33,1.35,1.31,1.34,18229
2017-01-10 16:00:00-05:00,1.35,1.35,1.31,1.35,4154
2017-01-11 16:00:00-05:00,1.37,1.37,1.31,1.33,9590
2017-01-12 16:00:00-05:00,1.34,1.34,1.28,1.31,46383
2017-01-13 16:00:00-05:00,1.3,1.3758,1.2986,1.33,93362
2017-01-17 16:00:00-05:00,1.33,1.38,1.31,1.38,32694
2017-01-18 16:00:00-05:00,1.39,1.39,1.34,1.37,15519
2017-01-19 16:00:00-05:00,1.3668,1.38,1.31,1.37,15797
2017-01-20 16:00:00-05:00,1.34,1.38,1.29,1.31,62313
2017-01-23 16:00:00-05:00,1.32,1.36,1.3,1.3299,18489
2017-01-24 16:00:00-05:00,1.31,1.34,1.3,1.32,13140
2017-01-25 16:00:00-05:00,1.31,1.32,1.29,1.31,39893
2017-01-26 16:00:00-05:00,1.3,1.31,1.26,1.26,100757
2017-01-27 16:00:00-05:00,1.27,1.3,1.27,1.28,16211
2017-01-30 16:00:00-05:00,1.27,1.29,1.25,1.25,26713
2017-01-31 16:00:00-05:00,1.28,1.28,1.25,1.25,21433
2017-02-01 16:00:00-05:00,1.26,1.26,1.23,1.25,40223
2017-02-02 16:00:00-05:00,1.25,1.27,1.25,1.27,10677
2017-02-03 16:00:00-05:00,1.27,1.3,1.27,1.27,5885
2017-02-06 16:00:00-05:00,1.28,1.29,1.27,1.2701,1571
2017-02-07 16:00:00-05:00,1.27,1.29,1.27,1.27,9611
2017-02-08 16:00:00-05:00,1.27,1.2872,1.25,1.2501,15235
2017-02-09 16:00:00-05:00,1.24,1.27,1.23,1.2382,65709
2017-02-10 16:00:00-05:00,1.25,1.27,1.2401,1.26,17305
2017-02-13 16:00:00-05:00,1.25,1.29,1.25,1.28,8363
2017-02-14 16:00:00-05:00,1.27,1.29,1.2601,1.27,20341
2017-02-15 16:00:00-05:00,1.29,1.3,1.23,1.26,18119
2017-02-16 16:00:00-05:00,1.24,1.27,1.24,1.25,6507
2017-02-17 16:00:00-05:00,1.25,1.27,1.24,1.26,7515
2017-02-21 16:00:00-05:00,1.3,1.42,1.24,1.36,114319
2017-02-22 16:00:00-05:00,1.35,1.4,1.34,1.3501,32745
2017-02-23 16:00:00-05:00,1.37,1.37,1.34,1.35,21183
2017-02-24 16:00:00-05:00,1.35,1.36,1.26,1.36,34123
2017-02-27 16:00:00-05:00,1.35,1.35,1.25,1.28,30544
2017-02-28 16:00:00-05:00,1.29,1.29,1.261,1.28,8397
2017-03-01 16:00:00-05:00,1.28,1.29,1.22,1.2401,81682
2017-03-02 16:00:00-05:00,1.23,1.27,1.12,1.1781,124397
2017-03-03 16:00:00-05:00,1.19,1.22,1.1701,1.19,19645
2017-03-06 16:00:00-05:00,1.22,1.22,1.17,1.1899,14926
2017-03-07 16:00:00-05:00,1.22,1.22,1.17,1.19,23776
2017-03-08 16:00:00-05:00,1.18,1.2,1.1687,1.2,17806
2017-03-09 16:00:00-05:00,1.14,1.1475,0.97,1.05,238790
2017-03-10 16:00:00-05:00,1.01,1.07,1.0,1.0699,66535
2017-03-13 16:00:00-04:00,1.07,1.1,1.0699,1.0899,32218
2017-03-14 16:00:00-04:00,1.08,1.0968,1.04,1.07,64363
2017-03-15 16:00:00-04:00,1.06,1.09,1.05,1.0597,29937
2017-03-16 16:00:00-04:00,1.06,1.16,1.06,1.1599,28047
2017-03-17 16:00:00-04:00,1.13,1.15,1.1,1.11,29052
2017-03-20 16:00:00-04:00,1.14,1.15,1.111,1.13,21109
2017-03-21 16:00:00-04:00,1.12,1.15,1.1,1.101,20039
2017-03-22 16:00:00-04:00,1.12,1.12,1.1,1.1001,4404
2017-03-23 16:00:00-04:00,1.09,1.11,1.09,1.1,22457
2017-03-24 16:00:00-04:00,1.11,1.15,1.11,1.13,7307
2017-03-27 16:00:00-04:00,1.12,1.16,1.12,1.16,5499
2017-03-28 16:00:00-04:00,1.1604,1.1604,1.1401,1.1401,9877
2017-03-29 16:00:00-04:00,1.14,1.1772,1.14,1.15,17857
2017-03-30 16:00:00-04:00,1.14,1.18,1.13,1.142,18100
2017-03-31 16:00:00-04:00,1.15,1.18,1.15,1.17,8268
2017-04-03 16:00:00-04:00,1.18,1.18,1.13,1.15,46830
2017-04-04 16:00:00-04:00,1.15,1.15,1.1299,1.15,32299
2017-04-05 16:00:00-04:00,1.15,1.15,1.12,1.12,4118
2017-04-06 16:00:00-04:00,1.14,1.14,1.12,1.13,7868
2017-04-07 16:00:00-04:00,1.13,1.23,1.12,1.16,137560
2017-04-10 16:00:00-04:00,1.17,1.2,1.151,1.181,15761
2017-04-11 16:00:00-04:00,1.19,1.19,1.15,1.17,6538
2017-04-12 16:00:00-04:00,1.17,1.17,1.12,1.16,10352
2017-04-13 16:00:00-04:00,1.1625,1.1625,1.12,1.14,23542
2017-04-17 16:00:00-04:00,1.12,1.1307,1.12,1.1301,3217
2017-04-18 16:00:00-04:00,1.12,1.16,1.12,1.13,11058
2017-04-19 16:00:00-04:00,1.12,1.14,1.12,1.131,14914
2017-04-20 16:00:00-04:00,1.14,1.16,1.1338,1.16,11552
2017-04-21 16:00:00-04:00,1.17,1.17,1.1401,1.16,16045
2017-04-24 16:00:00-04:00,1.17,1.17,1.1308,1.1308,20337
2017-04-25 16:00:00-04:00,1.14,1.17,1.14,1.15,4656
2017-04-26 16:00:00-04:00,1.16,1.1934,1.1586,1.19,13921
2017-04-27 16:00:00-04:00,1.19,1.22,1.19,1.22,14045
2017-04-28 16:00:00-04:00,1.2,1.2,1.18,1.1801,7424
2017-05-01 16:00:00-04:00,1.19,1.2,1.18,1.19,10221
2017-05-02 16:00:00-04:00,1.21,1.21,1.18,1.18,6629
2017-05-03 16:00:00-04:00,1.19,1.2099,1.18,1.18,4297
2017-05-04 16:00:00-04:00,1.17,1.18,1.17,1.17,5617
2017-05-05 16:00:00-04:00,1.17,1.19,1.1628,1.19,2723
2017-05-08 16:00:00-04:00,1.21,1.21,1.15,1.16,10493
2017-05-09 16:00:00-04:00,1.21,1.21,1.16,1.2,19718
2017-05-10 16:00:00-04:00,1.18,1.19,1.16,1.17,6273
2017-05-11 16:00:00-04:00,1.17,1.1749,1.138,1.138,15264
2017-05-12 16:00:00-04:00,1.16,1.16,1.12,1.14,7343
2017-05-15 16:00:00-04:00,1.16,1.18,1.15,1.1601,11001
2017-05-16 16:00:00-04:00,1.15,1.22,1.15,1.21,44548
2017-05-17 16:00:00-04:00,1.21,1.21,1.15,1.18,9721
2017-05-18 16:00:00-04:00,1.17,1.19,1.16,1.18,5168
2017-05-19 16:00:00-04:00,1.18,1.2039,1.16,1.2,17727
2017-05-22 16:00:00-04:00,1.2,1.2,1.17,1.2,36159
2017-05-23 16:00:00-04:00,1.17,1.2,1.15,1.1801,13624
2017-05-24 16:00:00-04:00,1.161,1.26,1.15,1.2242,137452
2017-05-25 16:00:00-04:00,1.23,1.24,1.2108,1.22,30996
2017-05-26 16:00:00-04:00,1.2113,1.2472,1.2088,1.2353,22597
2017-05-30 16:00:00-04:00,1.32,1.74,1.32,1.56,4555696
2017-05-31 16:00:00-04:00,1.59,1.6,1.31,1.36,1550644
2017-06-01 16:00:00-04:00,1.35,1.42,1.3,1.39,349018
2017-06-02 16:00:00-04:00,1.37,1.42,1.31,1.341,148894
2017-06-05 16:00:00-04:00,1.33,1.41,1.3,1.38,102404
2017-06-06 16:00:00-04:00,1.38,1.43,1.35,1.35,101767
2017-06-07 16:00:00-04:00,1.35,1.41,1.35,1.3996,69839
2017-06-08 16:00:00-04:00,1.37,1.3982,1.35,1.35,65639
2017-06-09 16:00:00-04:00,1.35,1.39,1.35,1.39,22061
2017-06-12 16:00:00-04:00,1.39,1.39,1.35,1.36,43036
2017-06-13 16:00:00-04:00,1.35,1.38,1.33,1.36,91137
2017-06-14 16:00:00-04:00,1.36,1.38,1.3474,1.36,27424
2017-06-15 16:00:00-04:00,1.34,1.375,1.331,1.34,40035
2017-06-16 16:00:00-04:00,1.34,1.35,1.33,1.33,66223
2017-06-19 16:00:00-04:00,1.33,1.36,1.32,1.36,44843
2017-06-20 16:00:00-04:00,1.34,1.36,1.34,1.34,16351
2017-06-21 16:00:00-04:00,1.34,1.36,1.32,1.36,48863
2017-06-22 16:00:00-04:00,1.36,1.3899,1.3401,1.36,115287
2017-06-23 16:00:00-04:00,1.35,1.37,1.33,1.3638,26918
2017-06-26 16:00:00-04:00,1.37,1.38,1.34,1.38,33075
2017-06-27 16:00:00-04:00,1.38,1.38,1.36,1.36,28113
2017-06-28 16:00:00-04:00,1.37,1.38,1.35,1.35,21516
2017-06-29 16:00:00-04:00,1.35,1.36,1.34,1.36,24833
2017-06-30 16:00:00-04:00,1.36,1.38,1.34,1.35,23228
2017-07-03 13:00:00-04:00,1.35,1.3686,1.34,1.3401,12405
2017-07-05 16:00:00-04:00,1.34,1.35,1.31,1.34,47224
2017-07-06 16:00:00-04:00,1.327,1.33,1.31,1.31,22949
2017-07-07 16:00:00-04:00,1.32,1.33,1.3,1.32,8506
2017-07-10 16:00:00-04:00,1.32,1.3401,1.31,1.31,19921
2017-07-11 16:00:00-04:00,1.32,1.34,1.31,1.33,14282
2017-07-12 16:00:00-04:00,1.34,1.35,1.31,1.32,11480
2017-07-13 16:00:00-04:00,1.33,1.334,1.3,1.31,27338
2017-07-14 16:00:00-04:00,1.34,1.34,1.32,1.3302,7518
2017-07-17 16:00:00-04:00,1.32,1.34,1.31,1.33,17344
2017-07-18 16:00:00-04:00,1.33,1.35,1.32,1.34,15997
2017-07-19 16:00:00-04:00,1.34,1.358,1.3372,1.34,31695
2017-07-20 16:00:00-04:00,1.33,1.36,1.33,1.33,13571
2017-07-21 16:00:00-04:00,1.34,1.34,1.3254,1.34,674
2017-07-24 16:00:00-04:00,1.31,1.34,1.31,1.33,21584
2017-07-25 16:00:00-04:00,1.36,1.36,1.33,1.33,8393
2017-07-26 16:00:00-04:00,1.33,1.3486,1.32,1.33,16588
2017-07-27 16:00:00-04:00,1.35,1.36,1.321,1.321,3944
2017-07-28 16:00:00-04:00,1.33,1.3386,1.31,1.3201,12969
2017-07-31 16:00:00-04:00,0.0,1.34,0.0,1.32,6075
2017-08-01 16:00:00-04:00,1.35,1.35,1.31,1.31,2691
2017-08-02 16:00:00-04:00,1.31,1.3135,1.3,1.3,17749
2017-08-03 16:00:00-04:00,1.3,1.3146,1.29,1.3146,14092
2017-08-04 16:00:00-04:00,1.32,1.32,1.3,1.3099,3461
2017-08-07 16:00:00-04:00,1.31,1.3176,1.3,1.3099,21838
2017-08-08 16:00:00-04:00,1.31,1.35,1.3099,1.3099,3054
2017-08-09 16:00:00-04:00,1.3,1.33,1.29,1.29,55426
2017-08-10 16:00:00-04:00,1.29,1.3,1.29,1.29,18420
2017-08-11 16:00:00-04:00,1.3,1.3,1.28,1.29,5117
2017-08-14 16:00:00-04:00,1.29,1.3,1.28,1.29,25669
2017-08-15 16:00:00-04:00,1.2907,1.3,1.29,1.29,1402
2017-08-16 16:00:00-04:00,1.29,1.3,1.289,1.2901,21380
2017-08-17 16:00:00-04:00,1.29,1.2986,1.28,1.28,11353
2017-08-18 16:00:00-04:00,1.28,1.35,1.28,1.3,23097
2017-08-21 16:00:00-04:00,1.29,1.35,1.29,1.33,8137
2017-08-22 16:00:00-04:00,1.33,1.42,1.33,1.4099,154769
2017-08-23 16:00:00-04:00,1.45,1.45,1.18,1.26,419779
2017-08-24 16:00:00-04:00,1.25,1.29,1.19,1.2699,81544
2017-08-25 16:00:00-04:00,1.2914,1.2914,1.24,1.25,5551
2017-08-28 16:00:00-04:00,1.25,1.2698,1.21,1.23,11759
2017-08-29 16:00:00-04:00,1.22,1.24,1.22,1.23,19531
2017-08-30 16:00:00-04:00,1.2,1.22,1.2,1.2101,6968
2017-08-31 16:00:00-04:00,1.2,1.21,1.2,1.2001,27398
2017-09-01 16:00:00-04:00,1.21,1.25,1.201,1.24,24262
2017-09-05 16:00:00-04:00,1.24,1.27,1.23,1.26,19388
2017-09-06 16:00:00-04:00,1.27,1.27,1.2372,1.24,10222
2017-09-07 16:00:00-04:00,1.24,1.26,1.22,1.22,7504
2017-09-08 16:00:00-04:00,1.2399,1.24,1.22,1.22,1422
2017-09-11 16:00:00-04:00,1.22,1.25,1.22,1.25,27090
2017-09-12 16:00:00-04:00,1.24,1.27,1.2307,1.25,28854
2017-09-13 16:00:00-04:00,1.26,1.27,1.25,1.2607,27581
2017-09-14 16:00:00-04:00,1.27,1.27,1.2,1.2699,50403
2017-09-15 16:00:00-04:00,1.26,1.27,1.23,1.26,20025
2017-09-18 16:00:00-04:00,1.27,1.27,1.23,1.23,42510
2017-09-19 16:00:00-04:00,1.24,1.27,1.24,1.26,19245
2017-09-20 16:00:00-04:00,1.27,1.29,1.2525,1.27,8499
2017-09-21 16:00:00-04:00,1.29,1.29,1.23,1.29,50352
2017-09-22 16:00:00-04:00,1.27,1.2801,1.27,1.28,6895
2017-09-25 16:00:00-04:00,1.27,1.29,1.2655,1.28,7327
2017-09-26 16:00:00-04:00,1.27,1.27,1.22,1.2401,62548
2017-09-27 16:00:00-04:00,1.2499,1.25,1.2401,1.25,3339
2017-09-28 16:00:00-04:00,1.25,1.25,1.24,1.25,7686
2017-09-29 16:00:00-04:00,1.24,1.2425,1.22,1.23,38120
2017-10-02 16:00:00-04:00,1.23,1.28,1.22,1.28,42797
2017-10-03 16:00:00-04:00,1.28,1.3,1.27,1.28,55484
2017-10-04 16:00:00-04:00,1.29,1.29,1.28,1.2834,7923
2017-10-05 16:00:00-04:00,1.29,1.29,1.27,1.27,36280
2017-10-06 16:00:00-04:00,1.28,1.45,1.27,1.3298,327042
2017-10-09 16:00:00-04:00,1.33,1.335,1.28,1.2946,50005
2017-10-10 16:00:00-04:00,1.31,1.3701,1.31,1.3599,36894
2017-10-11 16:00:00-04:00,1.37,1.39,1.3699,1.38,10447
2017-10-12 16:00:00-04:00,1.35,1.37,1.3301,1.35,27408
2017-10-13 16:00:00-04:00,1.36,1.37,1.33,1.35,20738
2017-10-16 16:00:00-04:00,1.36,1.53,1.36,1.38,368734
2017-10-17 16:00:00-04:00,1.38,1.41,1.3649,1.4,64091
2017-10-18 16:00:00-04:00,1.39,1.41,1.3601,1.38,93223
2017-10-19 16:00:00-04:00,1.39,1.39,1.35,1.38,61517
2017-10-20 16:00:00-04:00,1.41,1.41,1.37,1.3899,14526
2017-10-23 16:00:00-04:00,1.4,1.4,1.3411,1.36,27761
2017-10-24 16:00:00-04:00,1.39,1.39,1.35,1.36,10990
2017-10-25 16:00:00-04:00,1.38,1.38,1.31,1.31,13510
2017-10-26 16:00:00-04:00,1.31,1.35,1.31,1.3492,11886
2017-10-27 16:00:00-04:00,1.35,1.35,1.3208,1.34,6109
2017-10-30 16:00:00-04:00,1.35,1.36,1.32,1.34,30148
2017-10-31 16:00:00-04:00,1.35,1.36,1.33,1.36,6206
2017-11-01 16:00:00-04:00,1.37,1.37,1.33,1.34,7561
2017-11-02 16:00:00-04:00,1.35,1.35,1.33,1.33,6316
2017-11-03 16:00:00-04:00,1.33,1.33,1.29,1.2914,27892
2017-11-06 16:00:00-05:00,1.31,1.33,1.31,1.3237,5091
2017-11-07 16:00:00-05:00,1.35,1.36,1.32,1.3305,24004
2017-11-08 16:00:00-05:00,1.32,1.37,1.32,1.36,27140
2017-11-09 16:00:00-05:00,1.34,1.45,1.2127,1.3001,627462
2017-11-10 16:00:00-05:00,1.3,1.34,1.29,1.3089,75521
2017-11-13 16:00:00-05:00,1.31,1.31,1.27,1.27,43173
2017-11-14 16:00:00-05:00,1.28,1.2825,1.27,1.28,62870
2017-11-15 16:00:00-05:00,1.3,1.3,1.27,1.28,58971
2017-11-16 16:00:00-05:00,1.27,1.34,1.27,1.3,148885
2017-11-17 16:00:00-05:00,1.31,1.31,1.28,1.28,59545
2017-11-20 16:00:00-05:00,1.32,1.44,1.28,1.33,407969
2017-11-21 16:00:00-05:00,1.31,1.39,1.3,1.36,210555
2017-11-22 16:00:00-05:00,1.28,1.3336,1.27,1.29,211101
2017-11-24 13:00:00-05:00,1.29,1.309,1.29,1.2943,12123
2017-11-27 16:00:00-05:00,1.29,1.2902,1.27,1.27,28031
2017-11-28 16:00:00-05:00,1.27,1.3,1.27,1.27,31502
2017-11-29 16:00:00-05:00,1.28,1.29,1.25,1.25,121279
2017-11-30 16:00:00-05:00,1.27,1.27,1.25,1.26,23291
2017-12-01 16:00:00-05:00,1.25,1.26,1.24,1.24,33937
2017-12-04 16:00:00-05:00,1.26,1.26,1.24,1.24,13407
2017-12-05 16:00:00-05:00,1.24,1.25,1.23,1.23,36861
2017-12-06 16:00:00-05:00,1.23,1.25,1.22,1.24,44398
2017-12-07 16:00:00-05:00,1.27,1.27,1.25,1.2599,4269
2017-12-08 16:00:00-05:00,1.25,1.25,1.22,1.23,72323
