,Open,High,Low,Close,Volume
1999-10-19 16:00:00-04:00,0.0,34.0,24.125,25.25,22356000
1999-10-20 16:00:00-04:00,0.0,27.8125,22.5625,23.9375,5330900
1999-10-21 16:00:00-04:00,0.0,23.1875,21.0,21.5,2329900
1999-10-22 16:00:00-04:00,0.0,24.5,20.3125,24.0,1627400
1999-10-25 16:00:00-04:00,0.0,25.125,23.25,23.875,583700
1999-10-26 16:00:00-04:00,0.0,24.25,23.5,24.125,645900
1999-10-27 16:00:00-04:00,0.0,24.25,23.6875,24.0,587100
1999-10-28 16:00:00-04:00,0.0,25.8125,23.875,25.1875,532400
1999-10-29 16:00:00-04:00,0.0,26.0,23.5625,24.125,540700
1999-11-01 16:00:00-05:00,0.0,25.6719,24.125,25.0,362000
1999-11-02 16:00:00-05:00,0.0,25.8125,23.4375,23.875,705400
1999-11-03 16:00:00-05:00,0.0,25.0,22.875,23.0625,756300
1999-11-04 16:00:00-05:00,0.0,23.4375,22.625,22.75,341700
1999-11-05 16:00:00-05:00,0.0,23.125,20.0625,20.75,869600
1999-11-08 16:00:00-05:00,0.0,23.125,20.5,23.0,694900
1999-11-09 16:00:00-05:00,0.0,23.75,22.375,23.25,235700
1999-11-10 16:00:00-05:00,0.0,24.625,22.4375,24.0625,361800
1999-11-11 16:00:00-05:00,0.0,24.875,22.875,23.0,304500
1999-11-12 16:00:00-05:00,0.0,24.4375,22.9375,24.4375,256800
1999-11-15 16:00:00-05:00,0.0,24.875,22.4375,23.0625,321900
1999-11-16 16:00:00-05:00,0.0,23.375,22.375,22.5,349300
1999-11-17 16:00:00-05:00,0.0,22.5,21.5,22.375,225400
1999-11-18 16:00:00-05:00,0.0,22.5,20.625,21.3125,549600
1999-11-19 16:00:00-05:00,0.0,21.4375,20.5,21.375,283100
1999-11-22 16:00:00-05:00,0.0,22.8125,21.3125,22.5625,247200
1999-11-23 16:00:00-05:00,0.0,23.25,22.4375,22.75,165200
1999-11-24 16:00:00-05:00,0.0,22.9375,21.625,22.125,235500
1999-11-26 16:00:00-05:00,0.0,21.8125,20.625,21.0,251900
1999-11-29 16:00:00-05:00,0.0,21.25,20.5,20.9375,543800
1999-11-30 16:00:00-05:00,0.0,20.6875,19.4375,19.9375,370100
1999-12-01 16:00:00-05:00,0.0,20.625,19.4375,19.875,523200
1999-12-02 16:00:00-05:00,0.0,20.0,18.125,18.5,522400
1999-12-03 16:00:00-05:00,0.0,18.625,16.25,17.0625,1358000
1999-12-06 16:00:00-05:00,0.0,17.625,16.625,16.625,319800
1999-12-07 16:00:00-05:00,0.0,19.5,14.8125,19.125,1115900
1999-12-08 16:00:00-05:00,0.0,18.9375,16.625,17.5625,754700
1999-12-09 16:00:00-05:00,0.0,17.875,16.75,16.9375,174800
1999-12-10 16:00:00-05:00,0.0,17.25,16.8125,17.125,320300
1999-12-13 16:00:00-05:00,0.0,17.3125,16.25,16.5,159900
1999-12-14 16:00:00-05:00,0.0,16.75,15.875,16.625,162000
1999-12-15 16:00:00-05:00,0.0,16.75,16.25,16.5625,154800
1999-12-16 16:00:00-05:00,0.0,17.0625,16.25,16.375,217900
1999-12-17 16:00:00-05:00,0.0,16.75,15.5,15.625,111300
1999-12-20 16:00:00-05:00,0.0,15.875,14.0625,14.1875,458300
1999-12-21 16:00:00-05:00,0.0,15.25,14.5,14.9375,334100
1999-12-22 16:00:00-05:00,0.0,15.5625,14.9375,15.5,129100
1999-12-23 16:00:00-05:00,0.0,15.5625,14.5,15.1875,95200
1999-12-27 16:00:00-05:00,0.0,15.1875,14.8125,15.0,183500
1999-12-28 16:00:00-05:00,0.0,15.0,14.125,14.8125,197200
1999-12-29 16:00:00-05:00,0.0,15.25,14.25,14.5625,170900
1999-12-30 16:00:00-05:00,0.0,15.0,14.25,14.375,362500
1999-12-31 16:00:00-05:00,0.0,17.5,14.375,17.25,381000
2000-01-03 16:00:00-05:00,17.125,17.1875,15.9375,16.125,140600
2000-01-04 16:00:00-05:00,16.0,16.1875,14.9375,15.4375,159400
2000-01-05 16:00:00-05:00,15.3125,16.0,15.125,16.0,173000
2000-01-06 16:00:00-05:00,16.0,16.0625,14.75,15.0,63700
2000-01-07 16:00:00-05:00,15.0625,15.8125,14.625,15.0625,80500
2000-01-10 16:00:00-05:00,15.0,15.75,15.0,15.0156,54500
2000-01-11 16:00:00-05:00,15.0625,15.375,14.625,14.8125,68700
2000-01-12 16:00:00-05:00,14.9375,15.0625,14.5,14.5625,117300
2000-01-13 16:00:00-05:00,15.0312,15.0625,14.625,14.75,146600
2000-01-14 16:00:00-05:00,14.7812,14.875,14.6875,14.8125,44300
2000-01-18 16:00:00-05:00,14.75,14.8125,14.25,14.25,58200
2000-01-19 16:00:00-05:00,14.1875,14.9375,14.1875,14.25,60600
2000-01-20 16:00:00-05:00,14.75,15.5,14.375,14.875,98200
2000-01-21 16:00:00-05:00,14.9375,15.125,14.75,15.0,81500
2000-01-24 16:00:00-05:00,14.8125,16.8125,14.75,16.0,439700
2000-01-25 16:00:00-05:00,16.0,16.0,15.4375,15.5,315400
2000-01-26 16:00:00-05:00,15.5,16.625,15.3125,16.5,64700
2000-01-27 16:00:00-05:00,16.0625,16.75,15.75,16.375,80100
2000-01-28 16:00:00-05:00,16.75,16.875,15.25,15.75,74000
2000-01-31 16:00:00-05:00,15.6562,16.0,14.875,15.4375,71100
2000-02-01 16:00:00-05:00,15.625,16.0,15.25,15.25,107600
2000-02-02 16:00:00-05:00,15.5312,16.75,15.0,16.5,217300
2000-02-03 16:00:00-05:00,16.9375,17.875,12.0,12.3125,6161200
2000-02-04 16:00:00-05:00,12.75,12.875,11.25,11.5,1773800
2000-02-07 16:00:00-05:00,12.125,12.125,11.25,11.625,1356800
2000-02-08 16:00:00-05:00,12.0625,12.125,11.125,11.375,817600
2000-02-09 16:00:00-05:00,11.5,11.5,10.5,10.6875,911100
2000-02-10 16:00:00-05:00,10.9375,10.9375,10.125,10.25,539800
2000-02-11 16:00:00-05:00,10.25,10.625,9.75,10.3125,705000
2000-02-14 16:00:00-05:00,10.9375,11.5,10.8125,11.3125,611400
2000-02-15 16:00:00-05:00,11.3125,11.625,11.3125,11.5,836800
2000-02-16 16:00:00-05:00,11.6562,12.375,11.4375,11.875,423600
2000-02-17 16:00:00-05:00,12.125,12.125,11.5,11.5,251000
2000-02-18 16:00:00-05:00,11.625,11.875,11.5,11.625,205900
2000-02-22 16:00:00-05:00,11.625,12.125,11.5625,11.8125,605000
2000-02-23 16:00:00-05:00,12.0,12.0,11.25,11.4375,260000
2000-02-24 16:00:00-05:00,11.5,11.5,11.25,11.3125,237600
2000-02-25 16:00:00-05:00,11.375,12.0,11.3125,11.6875,149300
2000-02-28 16:00:00-05:00,11.875,11.9375,11.375,11.625,102300
2000-02-29 16:00:00-05:00,12.3125,13.5,12.0,13.0,878700
2000-03-01 16:00:00-05:00,0.0,14.5,13.5,13.9375,709800
2000-03-02 16:00:00-05:00,0.0,14.1875,13.75,13.875,261500
2000-03-03 16:00:00-05:00,0.0,14.0,13.5,13.5625,450600
2000-03-06 16:00:00-05:00,0.0,13.875,13.3125,13.5,116600
2000-03-07 16:00:00-05:00,13.375,13.5,12.5,12.625,123600
2000-03-08 16:00:00-05:00,12.75,13.1875,12.25,12.8125,100600
2000-03-09 16:00:00-05:00,12.875,13.5625,12.5625,13.1875,264900
2000-03-10 16:00:00-05:00,13.1875,14.0,13.125,13.75,476500
2000-03-13 16:00:00-05:00,0.0,13.875,13.125,13.375,178100
2000-03-14 16:00:00-05:00,13.5,13.75,12.25,12.625,292600
2000-03-15 16:00:00-05:00,12.875,13.1875,12.3125,13.0,110600
2000-03-16 16:00:00-05:00,13.0625,13.0625,12.25,12.4375,179300
2000-03-17 16:00:00-05:00,13.0,13.0,12.4375,12.875,319900
2000-03-20 16:00:00-05:00,13.0,13.75,12.75,13.5,276700
2000-03-21 16:00:00-05:00,13.6875,14.0625,13.5,13.9375,150100
2000-03-22 16:00:00-05:00,14.125,17.0,13.9375,16.4375,497200
2000-03-23 16:00:00-05:00,16.5625,16.75,14.875,15.9375,262000
2000-03-24 16:00:00-05:00,16.0,16.375,15.4375,16.0625,216600
2000-03-27 16:00:00-05:00,16.625,17.5,16.375,16.75,500600
2000-03-28 16:00:00-05:00,17.125,17.4375,16.375,17.3125,241800
2000-03-29 16:00:00-05:00,18.0,19.6875,17.0,17.375,1377400
2000-03-30 16:00:00-05:00,18.5625,18.75,16.4375,16.9375,373500
2000-03-31 16:00:00-05:00,17.4062,17.9375,16.5,17.7344,323300
2000-04-03 16:00:00-04:00,18.0,18.0,16.0,16.875,209400
2000-04-04 16:00:00-04:00,16.5,16.5,14.0,15.0,346100
2000-04-05 16:00:00-04:00,15.3125,15.375,14.5,15.0,182200
2000-04-06 16:00:00-04:00,15.4375,16.0625,15.25,16.0,119800
2000-04-07 16:00:00-04:00,16.0,16.5,15.75,15.875,102200
2000-04-10 16:00:00-04:00,15.875,15.9375,14.75,14.75,216500
2000-04-11 16:00:00-04:00,14.375,14.4375,14.125,14.1875,158100
2000-04-12 16:00:00-04:00,14.25,14.8125,13.75,13.875,198800
2000-04-13 16:00:00-04:00,14.125,14.5625,13.75,13.875,157500
2000-04-14 16:00:00-04:00,14.0,14.0,13.25,13.3125,172900
2000-04-17 16:00:00-04:00,13.3125,14.375,13.125,13.5625,171400
2000-04-18 16:00:00-04:00,13.625,14.5,13.5,13.75,97800
2000-04-19 16:00:00-04:00,13.75,15.5,13.625,15.375,261700
2000-04-20 16:00:00-04:00,15.125,15.75,15.125,15.625,290200
2000-04-24 16:00:00-04:00,15.625,15.875,15.25,15.6875,223400
2000-04-25 16:00:00-04:00,15.5625,16.0,15.5625,16.0,118900
2000-04-26 16:00:00-04:00,15.75,17.0,15.75,16.5,140400
2000-04-27 16:00:00-04:00,16.375,18.5,15.9375,18.5,345400
2000-04-28 16:00:00-04:00,18.125,18.4375,17.0,17.0625,165700
2000-05-01 16:00:00-04:00,17.125,18.1875,17.0,18.125,110000
2000-05-02 16:00:00-04:00,18.0,18.5,17.625,17.75,150700
2000-05-03 16:00:00-04:00,18.1875,18.25,17.5625,18.0,50100
2000-05-04 16:00:00-04:00,17.9843,17.9844,17.25,17.5,30000
2000-05-05 16:00:00-04:00,17.6875,18.0,17.375,17.625,48700
2000-05-08 16:00:00-04:00,17.4375,17.875,17.25,17.375,38900
2000-05-09 16:00:00-04:00,18.0,18.0,16.8125,17.0,181300
2000-05-10 16:00:00-04:00,17.125,17.3125,16.5,16.5625,233300
2000-05-11 16:00:00-04:00,16.5,17.75,16.5,17.75,83000
2000-05-12 16:00:00-04:00,17.75,18.0,17.125,18.0,57600
2000-05-15 16:00:00-04:00,17.8125,18.125,17.5,17.5,55000
2000-05-16 16:00:00-04:00,17.5,17.9375,17.25,17.5,16900
2000-05-17 16:00:00-04:00,17.25,17.6875,17.1875,17.25,33400
2000-05-18 16:00:00-04:00,17.375,17.75,17.125,17.25,95100
2000-05-19 16:00:00-04:00,17.125,17.375,16.5,16.875,37200
2000-05-22 16:00:00-04:00,16.875,17.25,16.625,17.125,60100
2000-05-23 16:00:00-04:00,17.1875,17.1875,16.625,16.75,25400
2000-05-24 16:00:00-04:00,16.5625,16.75,16.25,16.6875,59300
2000-05-25 16:00:00-04:00,16.625,17.25,16.625,17.0,64000
2000-05-26 16:00:00-04:00,16.8125,17.0,16.75,16.75,58200
2000-05-30 16:00:00-04:00,16.625,17.0,16.5,16.625,41800
2000-05-31 16:00:00-04:00,16.6875,16.6875,16.375,16.375,50700
2000-06-01 16:00:00-04:00,16.9375,17.125,16.4375,16.875,37100
2000-06-02 16:00:00-04:00,16.7812,17.5,16.6875,17.375,98700
2000-06-05 16:00:00-04:00,17.25,17.875,17.25,17.625,84500
2000-06-06 16:00:00-04:00,17.5,17.75,17.25,17.625,76000
2000-06-07 16:00:00-04:00,17.4375,17.5,17.125,17.25,30100
2000-06-08 16:00:00-04:00,17.125,18.0,17.125,17.8125,81300
2000-06-09 16:00:00-04:00,17.8437,18.5,17.625,17.9063,157800
2000-06-12 16:00:00-04:00,17.8125,18.0,17.375,17.625,80400
2000-06-13 16:00:00-04:00,17.625,19.625,17.625,18.125,196900
2000-06-14 16:00:00-04:00,18.5625,18.625,17.625,18.375,91300
2000-06-15 16:00:00-04:00,18.4375,18.5,17.25,17.375,73700
2000-06-16 16:00:00-04:00,17.5,17.875,17.4375,17.4375,63700
2000-06-19 16:00:00-04:00,17.75,17.8125,17.5,17.5625,62100
2000-06-20 16:00:00-04:00,17.8125,17.8125,16.875,16.875,121800
2000-06-21 16:00:00-04:00,17.0,17.0,16.0625,16.125,120200
2000-06-22 16:00:00-04:00,16.5625,16.75,16.375,16.5625,54400
2000-06-23 16:00:00-04:00,16.6562,16.75,16.5625,16.6875,40800
2000-06-26 16:00:00-04:00,16.625,17.0,16.625,17.0,73200
2000-06-27 16:00:00-04:00,17.5,18.375,16.75,18.0625,276600
2000-06-28 16:00:00-04:00,18.4375,19.6875,18.375,18.875,319500
2000-06-29 16:00:00-04:00,18.75,20.375,18.625,19.9375,341900
2000-06-30 16:00:00-04:00,19.9687,21.0625,19.75,20.8125,288400
2000-07-03 16:00:00-04:00,20.4375,20.9375,19.6875,20.25,78400
2000-07-05 16:00:00-04:00,20.0,20.875,19.9375,20.75,89400
2000-07-06 16:00:00-04:00,20.625,20.875,19.9375,20.1875,53900
2000-07-07 16:00:00-04:00,20.3437,20.75,20.0625,20.75,112900
2000-07-10 16:00:00-04:00,20.5,21.875,20.3125,21.0,145300
2000-07-11 16:00:00-04:00,21.0,21.25,20.75,21.0,113000
2000-07-12 16:00:00-04:00,21.1875,22.0,21.125,22.0,166900
2000-07-13 16:00:00-04:00,21.875,22.0,21.75,22.0,109100
2000-07-14 16:00:00-04:00,22.0,22.25,21.375,21.5,110100
2000-07-17 16:00:00-04:00,21.3437,21.6875,20.6875,21.125,139600
2000-07-18 16:00:00-04:00,21.375,22.125,21.0625,21.5,103600
2000-07-19 16:00:00-04:00,21.625,22.0,20.75,21.8125,41500
2000-07-20 16:00:00-04:00,21.75,22.125,21.125,21.9375,190200
2000-07-21 16:00:00-04:00,21.875,21.875,21.0,21.5,93500
2000-07-24 16:00:00-04:00,21.5625,21.625,20.5625,20.625,38900
2000-07-25 16:00:00-04:00,20.9375,21.375,20.625,21.375,27300
2000-07-26 16:00:00-04:00,21.5,22.25,20.8125,22.25,69900
2000-07-27 16:00:00-04:00,21.8437,22.0,21.125,21.125,39100
2000-07-28 16:00:00-04:00,21.375,21.5,20.375,20.8125,54100
2000-07-31 16:00:00-04:00,20.875,21.75,20.5,21.25,40300
2000-08-01 16:00:00-04:00,21.25,21.6875,20.8125,21.375,18700
2000-08-02 16:00:00-04:00,21.375,21.4375,20.875,21.4375,23100
2000-08-03 16:00:00-04:00,21.375,21.375,20.875,21.0,37600
2000-08-04 16:00:00-04:00,20.9375,21.0625,20.8125,21.0469,13700
2000-08-07 16:00:00-04:00,21.0,21.3125,20.5,20.75,43400
2000-08-08 16:00:00-04:00,20.625,20.875,19.8125,20.0,58400
2000-08-09 16:00:00-04:00,20.375,20.375,19.375,19.5625,75700
2000-08-10 16:00:00-04:00,19.4687,19.625,19.3125,19.375,42500
2000-08-11 16:00:00-04:00,19.3125,19.4375,18.5,18.75,81900
2000-08-14 16:00:00-04:00,18.5,19.5,18.5,19.4375,32600
2000-08-15 16:00:00-04:00,19.4062,20.0,19.3125,19.5,56100
2000-08-16 16:00:00-04:00,19.6875,19.875,19.25,19.5,53100
2000-08-17 16:00:00-04:00,19.375,20.0,19.0,20.0,32200
2000-08-18 16:00:00-04:00,19.5,20.0625,19.0,20.0625,45300
2000-08-21 16:00:00-04:00,19.7812,20.0625,19.25,19.3125,17500
2000-08-22 16:00:00-04:00,19.625,19.875,19.25,19.8125,24900
2000-08-23 16:00:00-04:00,19.9375,19.9375,19.25,19.625,19700
2000-08-24 16:00:00-04:00,19.625,19.625,18.9375,19.0625,42900
2000-08-25 16:00:00-04:00,19.3125,19.5,18.375,18.375,131900
2000-08-28 16:00:00-04:00,0.0,19.25,18.375,19.25,303500
2000-08-29 16:00:00-04:00,19.438,20.375,19.25,20.313,180400
2000-08-30 16:00:00-04:00,20.5,20.813,20.125,20.5,293500
2000-08-31 16:00:00-04:00,20.781,21.5,20.688,21.375,278700
2000-09-01 16:00:00-04:00,21.375,22.0,21.25,21.75,151700
2000-09-05 16:00:00-04:00,21.813,22.5,21.625,21.875,134000
2000-09-06 16:00:00-04:00,22.156,22.375,21.25,21.75,112700
2000-09-07 16:00:00-04:00,21.875,22.0,21.0,21.25,44300
2000-09-08 16:00:00-04:00,21.375,21.75,21.313,21.625,130900
2000-09-11 16:00:00-04:00,21.5,21.875,21.125,21.859,28600
2000-09-12 16:00:00-04:00,21.875,21.938,21.25,21.313,20800
2000-09-13 16:00:00-04:00,21.063,22.563,21.063,21.875,85400
2000-09-14 16:00:00-04:00,21.875,22.5,21.75,22.0,44500
2000-09-15 16:00:00-04:00,22.0,22.375,21.813,22.0,66800
2000-09-18 16:00:00-04:00,21.875,22.375,21.813,22.0,59800
2000-09-19 16:00:00-04:00,22.0,22.0,19.125,20.188,221000
2000-09-20 16:00:00-04:00,20.219,20.313,19.313,19.5,120700
2000-09-21 16:00:00-04:00,19.531,19.563,18.188,18.563,86600
2000-09-22 16:00:00-04:00,18.25,19.563,18.0,19.5,137200
2000-09-25 16:00:00-04:00,19.5,19.563,19.375,19.438,78300
2000-09-26 16:00:00-04:00,19.5,20.25,19.063,20.25,168300
2000-09-27 16:00:00-04:00,20.313,20.5,12.75,19.75,71100
2000-09-28 16:00:00-04:00,14.125,16.438,14.063,15.5,741200
2000-09-29 16:00:00-04:00,15.719,16.25,15.0,15.188,300700
2000-10-02 16:00:00-04:00,15.688,15.688,15.125,15.5,213000
2000-10-03 16:00:00-04:00,15.594,15.625,14.75,15.0,331000
2000-10-04 16:00:00-04:00,15.25,15.25,14.25,14.5,169100
2000-10-05 16:00:00-04:00,14.391,14.938,14.375,14.75,75400
2000-10-06 16:00:00-04:00,14.938,15.25,14.563,14.875,64700
2000-10-09 16:00:00-04:00,14.625,15.0,14.5,14.625,43300
2000-10-10 16:00:00-04:00,14.813,15.0,14.438,14.563,96500
2000-10-11 16:00:00-04:00,15.094,15.125,13.938,14.688,296600
2000-10-12 16:00:00-04:00,14.875,14.875,14.438,14.438,64600
2000-10-13 16:00:00-04:00,14.5,14.563,14.438,14.438,35600
2000-10-16 16:00:00-04:00,14.922,14.938,14.438,14.938,43900
2000-10-17 16:00:00-04:00,14.813,15.063,14.813,14.875,64000
2000-10-18 16:00:00-04:00,14.875,15.063,14.25,14.75,34300
2000-10-19 16:00:00-04:00,15.0,15.063,14.75,14.875,162300
2000-10-20 16:00:00-04:00,15.0,15.125,14.875,15.063,22200
2000-10-23 16:00:00-04:00,15.172,15.313,14.875,14.875,47600
2000-10-24 16:00:00-04:00,15.0,15.125,14.875,15.0,84000
2000-10-25 16:00:00-04:00,15.063,15.625,15.063,15.313,108300
2000-10-26 16:00:00-04:00,15.375,15.438,15.0,15.375,91400
2000-10-27 16:00:00-04:00,15.5,15.75,15.438,15.688,124700
2000-10-30 16:00:00-05:00,15.688,15.688,15.063,15.188,143600
2000-10-31 16:00:00-05:00,15.188,15.188,15.0,15.125,49200
2000-11-01 16:00:00-05:00,15.063,15.125,14.875,15.0,44100
2000-11-02 16:00:00-05:00,15.0,15.125,14.875,15.0,38600
2000-11-03 16:00:00-05:00,15.0,15.25,14.813,15.0,20600
2000-11-06 16:00:00-05:00,15.188,16.125,15.125,16.0,50800
2000-11-07 16:00:00-05:00,16.125,16.25,15.563,15.625,30500
2000-11-08 16:00:00-05:00,15.688,15.75,15.5,15.688,16600
2000-11-09 16:00:00-05:00,15.0,15.063,14.438,14.75,46100
2000-11-10 16:00:00-05:00,14.5,14.875,14.0,14.0,20400
2000-11-13 16:00:00-05:00,14.0,14.0,13.5,14.0,24600
2000-11-14 16:00:00-05:00,14.063,14.125,13.813,14.0,87400
2000-11-15 16:00:00-05:00,13.938,14.0,13.813,13.875,62100
2000-11-16 16:00:00-05:00,13.813,13.813,13.188,13.438,58900
2000-11-17 16:00:00-05:00,13.563,13.563,13.313,13.375,19400
2000-11-20 16:00:00-05:00,13.438,13.5,13.063,13.125,39900
2000-11-21 16:00:00-05:00,13.125,13.25,13.0,13.125,46500
2000-11-22 16:00:00-05:00,13.25,13.5,13.0,13.375,218200
2000-11-24 16:00:00-05:00,13.375,14.0,13.313,14.0,19800
2000-11-27 16:00:00-05:00,14.0,14.125,13.75,14.125,58300
2000-11-28 16:00:00-05:00,14.0,15.0,14.0,14.75,135700
2000-11-29 16:00:00-05:00,14.813,14.938,14.375,14.5,30600
2000-11-30 16:00:00-05:00,14.375,14.438,13.438,13.563,52600
2000-12-01 16:00:00-05:00,13.688,13.938,12.938,12.938,46400
2000-12-04 16:00:00-05:00,13.063,13.313,13.063,13.125,34700
2000-12-05 16:00:00-05:00,13.25,13.5,13.188,13.5,25700
2000-12-06 16:00:00-05:00,13.438,14.313,13.25,13.813,37700
2000-12-07 16:00:00-05:00,13.875,14.5,13.875,14.5,60400
2000-12-08 16:00:00-05:00,14.625,15.563,14.625,15.188,83800
2000-12-11 16:00:00-05:00,15.25,15.75,15.25,15.75,30500
2000-12-12 16:00:00-05:00,15.75,16.0,15.5,15.5,58200
2000-12-13 16:00:00-05:00,15.563,15.563,15.25,15.25,29900
2000-12-14 16:00:00-05:00,15.375,15.375,14.875,14.938,14100
2000-12-15 16:00:00-05:00,15.063,15.063,14.625,14.813,47600
2000-12-18 16:00:00-05:00,14.688,14.688,14.0,14.438,30500
2000-12-19 16:00:00-05:00,14.563,14.563,14.0,14.188,23100
2000-12-20 16:00:00-05:00,13.5,13.563,13.063,13.438,112300
2000-12-21 16:00:00-05:00,13.375,13.375,12.75,12.813,283000
2000-12-22 16:00:00-05:00,12.938,13.75,12.938,13.5,81900
2000-12-26 16:00:00-05:00,13.625,14.625,13.563,14.438,91800
2000-12-27 16:00:00-05:00,14.563,15.125,14.375,14.875,138600
2000-12-28 16:00:00-05:00,14.938,15.313,14.813,15.313,157700
2000-12-29 16:00:00-05:00,15.5,16.188,15.0,16.0,230100
2001-01-02 16:00:00-05:00,16.063,16.375,15.5,16.0,73200
2001-01-03 16:00:00-05:00,15.938,17.25,15.75,17.25,98300
2001-01-04 16:00:00-05:00,17.0,17.125,16.75,17.063,65700
2001-01-05 16:00:00-05:00,17.125,18.0,17.125,17.75,163700
2001-01-08 16:00:00-05:00,18.125,18.5,17.375,17.938,111700
2001-01-09 16:00:00-05:00,17.938,18.0,15.875,17.25,83700
2001-01-10 16:00:00-05:00,17.5,17.5,17.25,17.438,64900
2001-01-11 16:00:00-05:00,17.5,17.875,17.438,17.813,90800
2001-01-12 16:00:00-05:00,17.813,17.938,17.625,17.938,43200
2001-01-16 16:00:00-05:00,18.0,19.375,18.0,19.188,304500
2001-01-17 16:00:00-05:00,19.625,19.625,18.875,19.125,240000
2001-01-18 16:00:00-05:00,19.375,20.625,19.375,20.438,154600
2001-01-19 16:00:00-05:00,20.438,20.688,20.25,20.313,84300
2001-01-22 16:00:00-05:00,20.313,20.375,19.0,19.063,132200
2001-01-23 16:00:00-05:00,19.125,19.5,18.625,19.5,78600
2001-01-24 16:00:00-05:00,19.5,20.438,19.25,20.188,222600
2001-01-25 16:00:00-05:00,20.375,20.813,20.25,20.563,100600
2001-01-26 16:00:00-05:00,20.625,20.625,19.5,20.188,124200
2001-01-29 16:00:00-05:00,20.6,20.82,19.9,20.07,330000
2001-01-30 16:00:00-05:00,20.15,20.6,20.15,20.45,150000
2001-01-31 16:00:00-05:00,20.7,22.0,20.65,21.59,489500
2001-02-01 16:00:00-05:00,21.59,21.59,19.85,20.34,353500
2001-02-02 16:00:00-05:00,20.34,20.5,18.3,19.2,546400
2001-02-05 16:00:00-05:00,19.4,19.46,16.55,17.81,470900
2001-02-06 16:00:00-05:00,18.0,18.0,16.0,16.98,264000
2001-02-07 16:00:00-05:00,16.9,17.25,16.55,17.17,175900
2001-02-08 16:00:00-05:00,17.25,17.9,16.8,17.72,154700
2001-02-09 16:00:00-05:00,17.55,17.56,16.85,16.96,124500
2001-02-12 16:00:00-05:00,16.5,16.5,14.75,15.36,433700
2001-02-13 16:00:00-05:00,15.2,15.9,14.9,15.49,136200
2001-02-14 16:00:00-05:00,15.4,15.4,14.4,15.14,111500
2001-02-15 16:00:00-05:00,15.14,16.15,15.14,16.15,327200
2001-02-16 16:00:00-05:00,16.25,16.25,15.41,15.45,107800
2001-02-20 16:00:00-05:00,15.0,15.0,14.42,14.7,147700
2001-02-21 16:00:00-05:00,14.45,15.0,14.3,14.99,152800
2001-02-22 16:00:00-05:00,15.0,15.03,14.75,14.79,46100
2001-02-23 16:00:00-05:00,14.96,14.98,14.41,14.81,76000
2001-02-26 16:00:00-05:00,14.61,14.61,13.5,14.0,234700
2001-02-27 16:00:00-05:00,14.0,14.0,13.55,13.74,111400
2001-02-28 16:00:00-05:00,13.75,14.39,13.5,13.8,179900
2001-03-01 16:00:00-05:00,13.55,14.2,13.55,13.9,128600
2001-03-02 16:00:00-05:00,13.8,13.8,13.41,13.45,76200
2001-03-05 16:00:00-05:00,13.4,13.45,13.21,13.3,93100
2001-03-06 16:00:00-05:00,13.4,13.6,13.3,13.52,251700
2001-03-07 16:00:00-05:00,13.35,13.5,13.15,13.29,119400
2001-03-08 16:00:00-05:00,13.29,13.29,12.21,12.35,195900
2001-03-09 16:00:00-05:00,12.25,12.25,11.51,11.91,154200
2001-03-12 16:00:00-05:00,12.2,12.3,11.93,11.93,104500
2001-03-13 16:00:00-05:00,11.8,12.25,11.6,12.05,271400
2001-03-14 16:00:00-05:00,11.95,12.14,11.61,11.81,57200
2001-03-15 16:00:00-05:00,11.75,11.9,11.61,11.62,47600
2001-03-16 16:00:00-05:00,11.7,11.75,11.55,11.65,41500
2001-03-19 16:00:00-05:00,11.7,12.15,11.54,12.15,53700
2001-03-20 16:00:00-05:00,12.1,13.0,12.04,12.75,138700
2001-03-21 16:00:00-05:00,12.75,13.55,12.65,13.0,191000
2001-03-22 16:00:00-05:00,13.0,13.0,11.8,12.11,129100
2001-03-23 16:00:00-05:00,12.1,12.39,11.87,12.1,71800
2001-03-26 16:00:00-05:00,12.8,13.95,12.75,13.6,189300
2001-03-27 16:00:00-05:00,13.75,14.7,13.75,14.02,142000
2001-03-28 16:00:00-05:00,14.0,14.17,13.4,13.42,79300
2001-03-29 16:00:00-05:00,13.35,13.35,13.05,13.1,65300
2001-03-30 16:00:00-05:00,13.15,13.63,13.1,13.36,36400
2001-04-02 16:00:00-04:00,13.46,14.0,13.2,14.0,70200
2001-04-03 16:00:00-04:00,13.9,13.9,13.25,13.25,37300
2001-04-04 16:00:00-04:00,13.15,13.7,12.8,13.22,57100
2001-04-05 16:00:00-04:00,13.3,13.68,13.13,13.19,44900
2001-04-06 16:00:00-04:00,13.25,13.35,13.13,13.27,36200
2001-04-09 16:00:00-04:00,13.27,13.32,12.56,12.7,27700
2001-04-10 16:00:00-04:00,12.65,13.23,12.61,13.23,25700
2001-04-11 16:00:00-04:00,13.34,13.34,12.84,13.2,27100
2001-04-12 16:00:00-04:00,13.1,13.33,12.95,13.33,21500
2001-04-16 16:00:00-04:00,13.45,13.45,13.12,13.25,26400
2001-04-17 16:00:00-04:00,13.2,13.33,13.12,13.2,43800
2001-04-18 16:00:00-04:00,13.28,13.7,13.275,13.55,41400
2001-04-19 16:00:00-04:00,13.69,13.8,13.3,13.76,39000
2001-04-20 16:00:00-04:00,13.66,13.66,13.21,13.45,20400
2001-04-23 16:00:00-04:00,13.35,13.35,12.6,12.95,22800
2001-04-24 16:00:00-04:00,12.95,13.25,12.91,13.0,12500
2001-04-25 16:00:00-04:00,12.9,13.29,12.9,13.25,26700
2001-04-26 16:00:00-04:00,13.29,13.3,13.01,13.17,31100
2001-04-27 16:00:00-04:00,13.17,13.5,13.05,13.3,38500
2001-04-30 16:00:00-04:00,13.4,13.69,13.4,13.63,36400
2001-05-01 16:00:00-04:00,13.45,13.5,13.1,13.5,21200
2001-05-02 16:00:00-04:00,13.4,13.5,13.15,13.25,43500
2001-05-03 16:00:00-04:00,13.2,13.4,13.12,13.4,20600
2001-05-04 16:00:00-04:00,13.35,13.65,13.02,13.45,38200
2001-05-07 16:00:00-04:00,13.4,13.55,13.3,13.4,31400
2001-05-08 16:00:00-04:00,13.35,13.4,13.03,13.05,13200
2001-05-09 16:00:00-04:00,13.15,13.26,13.02,13.25,13300
2001-05-10 16:00:00-04:00,13.25,13.46,13.15,13.15,28000
2001-05-11 16:00:00-04:00,14.4,14.74,14.18,14.19,199300
2001-05-14 16:00:00-04:00,14.25,14.35,13.71,13.82,36200
2001-05-15 16:00:00-04:00,13.75,13.95,13.6,13.75,20900
2001-05-16 16:00:00-04:00,13.5,13.87,13.39,13.75,59900
2001-05-17 16:00:00-04:00,13.75,13.75,13.4,13.6,36700
2001-05-18 16:00:00-04:00,13.59,13.7,13.25,13.4,31100
2001-05-21 16:00:00-04:00,13.39,13.39,12.6,12.7,140100
2001-05-22 16:00:00-04:00,12.69,14.0,12.62,13.75,72300
2001-05-23 16:00:00-04:00,13.75,13.75,13.27,13.37,23700
2001-05-24 16:00:00-04:00,13.2,13.29,13.19,13.28,21700
2001-05-25 16:00:00-04:00,13.35,13.37,12.0,12.24,256700
2001-05-29 16:00:00-04:00,12.23,12.33,12.15,12.18,87100
2001-05-30 16:00:00-04:00,12.18,12.26,12.0,12.0,32300
2001-05-31 16:00:00-04:00,12.1,12.49,12.1,12.21,63400
2001-06-01 16:00:00-04:00,12.21,12.48,12.15,12.28,111800
2001-06-04 16:00:00-04:00,12.38,12.74,12.38,12.57,58200
2001-06-05 16:00:00-04:00,12.57,12.7,12.5,12.69,41500
2001-06-06 16:00:00-04:00,12.68,12.69,12.4,12.5,40700
2001-06-07 16:00:00-04:00,12.45,12.72,12.45,12.52,71100
2001-06-08 16:00:00-04:00,12.42,12.48,12.28,12.35,42200
2001-06-11 16:00:00-04:00,12.25,12.4,12.1,12.26,47000
2001-06-12 16:00:00-04:00,12.1,12.7,12.06,12.66,169400
2001-06-13 16:00:00-04:00,12.5,12.57,12.3,12.51,70600
2001-06-14 16:00:00-04:00,12.61,12.61,12.18,12.6,13800
2001-06-15 16:00:00-04:00,12.57,12.6,12.26,12.5,33700
2001-06-18 16:00:00-04:00,12.39,12.7,12.35,12.45,23700
2001-06-19 16:00:00-04:00,12.35,12.7,12.29,12.4,28800
2001-06-20 16:00:00-04:00,12.45,12.64,12.3,12.53,23500
2001-06-21 16:00:00-04:00,12.63,12.68,12.5,12.51,32700
2001-06-22 16:00:00-04:00,12.5,12.69,12.4,12.56,24600
2001-06-25 16:00:00-04:00,12.51,12.67,12.42,12.42,36000
2001-06-26 16:00:00-04:00,12.51,12.7,12.46,12.57,18900
2001-06-27 16:00:00-04:00,12.51,13.0,12.51,12.74,36500
2001-06-28 16:00:00-04:00,12.9,13.29,12.9,13.29,68100
2001-06-29 16:00:00-04:00,13.39,13.95,13.39,13.8,52000
2001-07-02 16:00:00-04:00,13.8,14.22,13.72,14.01,58000
2001-07-03 16:00:00-04:00,14.01,15.5,14.01,14.91,62600
2001-07-05 16:00:00-04:00,15.1,15.5,14.71,14.86,41500
2001-07-06 16:00:00-04:00,14.66,14.66,13.9,14.0,28300
2001-07-09 16:00:00-04:00,13.9,14.65,13.8,14.65,67600
2001-07-10 16:00:00-04:00,14.7,15.3,14.6,15.28,55600
2001-07-11 16:00:00-04:00,15.38,15.44,14.65,14.8,40600
2001-07-12 16:00:00-04:00,14.7,15.04,14.35,14.62,94000
2001-07-13 16:00:00-04:00,14.6,14.68,14.25,14.3,34200
2001-07-16 16:00:00-04:00,14.55,14.74,14.1,14.1,92600
2001-07-17 16:00:00-04:00,14.0,14.18,13.97,14.05,42900
2001-07-18 16:00:00-04:00,14.0,14.09,13.9,13.9,21500
2001-07-19 16:00:00-04:00,13.98,13.98,13.56,13.7,14600
2001-07-20 16:00:00-04:00,13.7,13.75,13.3,13.55,56100
2001-07-23 16:00:00-04:00,13.5,13.54,13.1,13.2,103900
2001-07-24 16:00:00-04:00,13.2,13.22,12.85,12.96,21600
2001-07-25 16:00:00-04:00,12.9,12.98,12.8,12.86,25400
2001-07-26 16:00:00-04:00,12.85,13.0,12.55,12.8,63500
2001-07-27 16:00:00-04:00,12.84,12.98,12.51,12.95,38300
2001-07-30 16:00:00-04:00,12.97,12.975,12.5,12.89,44200
2001-07-31 16:00:00-04:00,11.75,11.75,10.5,10.5,335500
2001-08-01 16:00:00-04:00,11.1,11.5,11.0,11.15,399800
2001-08-02 16:00:00-04:00,11.35,11.39,11.1,11.15,125300
2001-08-03 16:00:00-04:00,11.2,11.3,11.11,11.24,64900
2001-08-06 16:00:00-04:00,11.42,11.72,11.26,11.61,75300
2001-08-07 16:00:00-04:00,11.8,11.88,11.45,11.61,111000
2001-08-08 16:00:00-04:00,11.5,11.74,11.35,11.65,60500
2001-08-09 16:00:00-04:00,11.68,12.05,11.55,11.83,29700
2001-08-10 16:00:00-04:00,11.99,11.99,11.78,11.87,23300
2001-08-13 16:00:00-04:00,12.1,12.15,11.99,12.05,44800
2001-08-14 16:00:00-04:00,12.01,12.05,11.87,11.94,61200
2001-08-15 16:00:00-04:00,11.96,12.04,11.96,12.03,35500
2001-08-16 16:00:00-04:00,12.0,12.11,11.96,12.01,52700
2001-08-17 16:00:00-04:00,11.95,12.04,11.6,11.9,152500
2001-08-20 16:00:00-04:00,11.8,12.2,11.8,12.06,26100
2001-08-21 16:00:00-04:00,12.0,12.15,11.95,12.05,58600
2001-08-22 16:00:00-04:00,12.01,12.05,11.7,12.0,31500
2001-08-23 16:00:00-04:00,12.0,12.67,11.9,12.0,170000
2001-08-24 16:00:00-04:00,12.1,12.27,11.7,12.27,91900
2001-08-27 16:00:00-04:00,12.35,12.39,12.04,12.12,84800
2001-08-28 16:00:00-04:00,12.02,12.14,11.7,11.73,107500
2001-08-29 16:00:00-04:00,11.72,11.72,11.34,11.35,156000
2001-08-30 16:00:00-04:00,11.25,11.26,10.77,11.02,227200
2001-08-31 16:00:00-04:00,11.02,11.36,11.02,11.3,26300
2001-09-04 16:00:00-04:00,11.4,12.0,11.25,11.7,36200
2001-09-05 16:00:00-04:00,11.71,11.98,11.62,11.79,27600
2001-09-06 16:00:00-04:00,11.81,11.94,11.55,11.64,30800
2001-09-07 16:00:00-04:00,11.54,11.54,11.21,11.35,29200
2001-09-10 16:00:00-04:00,11.25,11.48,11.21,11.37,48900
2001-09-17 16:00:00-04:00,10.9,11.13,10.31,11.02,70200
2001-09-18 16:00:00-04:00,10.95,11.61,10.85,11.59,48500
2001-09-19 16:00:00-04:00,11.25,11.25,10.7,11.06,203800
2001-09-20 16:00:00-04:00,11.06,11.7,10.85,11.67,572300
2001-09-21 16:00:00-04:00,11.65,11.65,10.8,11.09,140300
2001-09-24 16:00:00-04:00,11.04,11.5,11.04,11.45,158500
2001-09-25 16:00:00-04:00,11.44,11.7,11.4,11.7,98000
2001-09-26 16:00:00-04:00,11.8,11.95,11.52,11.73,55600
2001-09-27 16:00:00-04:00,11.75,11.8,11.52,11.8,253600
2001-09-28 16:00:00-04:00,11.7,13.2,11.6,13.2,180400
2001-10-01 16:00:00-04:00,13.0,13.01,12.26,12.39,67200
2001-10-02 16:00:00-04:00,12.29,12.6,11.88,12.6,82700
2001-10-03 16:00:00-04:00,12.65,12.65,12.25,12.28,274000
2001-10-04 16:00:00-04:00,12.28,12.28,11.93,12.08,68200
2001-10-05 16:00:00-04:00,11.98,12.09,11.65,11.89,89500
2001-10-08 16:00:00-04:00,11.99,11.99,11.42,11.52,46500
2001-10-09 16:00:00-04:00,11.5,11.5,11.05,11.05,134700
2001-10-10 16:00:00-04:00,11.06,11.2,10.86,10.9,26100
2001-10-11 16:00:00-04:00,10.65,11.02,10.65,11.02,238000
2001-10-12 16:00:00-04:00,10.95,11.35,10.92,11.34,375300
2001-10-15 16:00:00-04:00,11.15,11.21,10.75,11.0,47800
2001-10-16 16:00:00-04:00,10.8,11.3,10.76,11.12,124300
2001-10-17 16:00:00-04:00,11.05,11.2,10.94,11.02,39100
2001-10-18 16:00:00-04:00,10.92,11.2,10.86,11.2,35300
2001-10-19 16:00:00-04:00,11.1,11.2,11.0,11.02,29400
2001-10-22 16:00:00-04:00,11.02,11.16,10.85,11.01,20900
2001-10-23 16:00:00-04:00,11.04,11.29,11.04,11.15,29700
2001-10-24 16:00:00-04:00,11.05,11.15,10.95,11.11,23300
2001-10-25 16:00:00-04:00,11.11,11.11,10.85,10.99,31700
2001-10-26 16:00:00-04:00,10.8,11.1,10.76,11.01,31300
2001-10-29 16:00:00-05:00,11.01,11.01,10.6,10.95,32900
2001-10-30 16:00:00-05:00,11.05,11.15,10.655,11.1,54300
2001-10-31 16:00:00-05:00,11.1,11.27,11.01,11.27,66700
2001-11-01 16:00:00-05:00,11.17,11.69,11.17,11.45,21600
2001-11-02 16:00:00-05:00,11.35,11.48,11.01,11.23,141000
2001-11-05 16:00:00-05:00,11.1,11.95,10.88,11.59,60700
2001-11-06 16:00:00-05:00,11.49,11.75,11.09,11.74,59000
2001-11-07 16:00:00-05:00,11.64,11.85,11.5,11.85,58900
2001-11-08 16:00:00-05:00,11.75,11.75,11.5,11.63,47100
2001-11-09 16:00:00-05:00,11.53,11.53,11.03,11.07,201000
2001-11-12 16:00:00-05:00,11.0,11.06,10.76,10.94,41500
2001-11-13 16:00:00-05:00,10.84,11.75,10.78,11.6,70000
2001-11-14 16:00:00-05:00,11.5,12.2,11.24,12.19,50400
2001-11-15 16:00:00-05:00,12.09,12.23,11.75,12.0,34200
2001-11-16 16:00:00-05:00,11.8,12.16,11.8,12.15,22900
2001-11-19 16:00:00-05:00,12.4,12.4,12.1,12.25,50300
2001-11-20 16:00:00-05:00,12.15,12.25,12.02,12.25,49500
2001-11-21 16:00:00-05:00,12.15,12.2,12.0,12.15,103900
2001-11-23 13:00:00-05:00,12.05,12.16,12.0,12.07,16400
2001-11-26 16:00:00-05:00,12.0,13.0,12.0,12.74,69100
2001-11-27 16:00:00-05:00,12.64,12.86,12.42,12.75,61300
2001-11-28 16:00:00-05:00,12.55,12.59,11.87,11.95,43800
2001-11-29 16:00:00-05:00,11.95,12.6,11.65,12.6,36200
2001-11-30 16:00:00-05:00,12.35,12.98,12.35,12.85,108200
2001-12-03 16:00:00-05:00,12.75,12.82,12.31,12.31,45400
2001-12-04 16:00:00-05:00,12.32,12.48,12.15,12.48,40100
2001-12-05 16:00:00-05:00,12.48,13.66,12.48,13.4,137800
2001-12-06 16:00:00-05:00,13.4,13.67,13.16,13.5,25800
2001-12-07 16:00:00-05:00,13.4,13.48,13.0,13.06,17800
2001-12-10 16:00:00-05:00,13.03,13.03,12.51,12.85,29100
2001-12-11 16:00:00-05:00,12.75,12.91,12.55,12.8,49000
2001-12-12 16:00:00-05:00,12.81,13.0,12.81,12.94,23100
2001-12-13 16:00:00-05:00,12.84,13.42,12.84,13.0,20800
2001-12-14 16:00:00-05:00,12.85,13.09,12.85,12.95,19800
2001-12-17 16:00:00-05:00,12.85,13.0,12.8,13.0,20600
2001-12-18 16:00:00-05:00,13.0,13.0,12.53,12.63,32100
2001-12-19 16:00:00-05:00,12.48,12.6,12.33,12.46,27300
2001-12-20 16:00:00-05:00,12.36,12.58,12.32,12.32,30100
2001-12-21 16:00:00-05:00,12.42,12.48,12.23,12.4,51200
2001-12-24 13:00:00-05:00,12.35,12.51,12.35,12.38,14900
2001-12-26 16:00:00-05:00,12.3,12.35,11.82,11.89,33000
2001-12-27 16:00:00-05:00,11.89,12.33,11.88,12.32,62300
2001-12-28 16:00:00-05:00,12.22,13.05,12.22,12.96,95900
2001-12-31 16:00:00-05:00,12.9,13.25,12.87,13.15,51500
2002-01-02 16:00:00-05:00,13.2,13.58,13.0,13.5,30200
2002-01-03 16:00:00-05:00,13.4,13.87,13.4,13.71,43800
2002-01-04 16:00:00-05:00,13.76,13.88,13.65,13.74,25400
2002-01-07 16:00:00-05:00,13.7,13.9,13.6,13.7,48000
2002-01-08 16:00:00-05:00,13.6,13.79,13.25,13.7,25200
2002-01-09 16:00:00-05:00,13.6,13.9,13.55,13.6,17800
2002-01-10 16:00:00-05:00,13.5,13.68,13.45,13.68,27500
2002-01-11 16:00:00-05:00,13.58,13.89,13.47,13.85,72300
2002-01-14 16:00:00-05:00,13.75,13.85,13.35,13.35,71100
2002-01-15 16:00:00-05:00,13.35,13.41,13.0,13.12,15200
2002-01-16 16:00:00-05:00,13.12,13.25,12.95,13.21,14100
2002-01-17 16:00:00-05:00,13.2,13.65,13.2,13.65,24000
2002-01-18 16:00:00-05:00,13.6,13.85,13.6,13.73,21300
2002-01-22 16:00:00-05:00,13.63,14.03,13.63,13.78,95700
2002-01-23 16:00:00-05:00,13.68,14.0,13.66,14.0,64600
2002-01-24 16:00:00-05:00,13.9,14.25,13.55,13.55,23500
2002-01-25 16:00:00-05:00,13.55,13.89,13.55,13.84,4900
2002-01-28 16:00:00-05:00,13.74,14.21,13.7,14.05,21500
2002-01-29 16:00:00-05:00,14.15,14.29,13.86,13.86,31000
2002-01-30 16:00:00-05:00,13.9,14.18,13.61,14.12,46400
2002-01-31 16:00:00-05:00,14.02,14.46,13.67,14.27,57900
2002-02-01 16:00:00-05:00,14.22,14.28,13.68,13.75,20500
2002-02-04 16:00:00-05:00,14.0,14.08,13.6,13.68,36900
2002-02-05 16:00:00-05:00,13.65,13.75,13.51,13.75,13500
2002-02-06 16:00:00-05:00,13.7,13.72,13.52,13.6,17600
2002-02-07 16:00:00-05:00,13.53,13.69,13.52,13.68,11700
2002-02-08 16:00:00-05:00,13.68,13.68,13.06,13.35,67500
2002-02-11 16:00:00-05:00,13.45,13.55,13.41,13.55,16500
2002-02-12 16:00:00-05:00,13.45,13.59,13.16,13.42,20800
2002-02-13 16:00:00-05:00,13.38,13.47,13.3,13.33,14200
2002-02-14 16:00:00-05:00,13.43,13.43,13.22,13.27,12500
2002-02-15 16:00:00-05:00,13.26,13.56,13.2,13.4,14000
2002-02-19 16:00:00-05:00,13.44,13.5,13.27,13.27,26700
2002-02-20 16:00:00-05:00,13.28,13.35,13.2,13.28,17400
2002-02-21 16:00:00-05:00,13.25,13.42,12.81,13.0,43000
2002-02-22 16:00:00-05:00,12.93,13.59,12.91,13.45,19700
2002-02-25 16:00:00-05:00,13.45,13.9,13.45,13.9,22500
2002-02-26 16:00:00-05:00,13.98,13.99,13.8,13.88,21100
2002-02-27 16:00:00-05:00,13.98,13.98,13.09,13.42,29000
2002-02-28 16:00:00-05:00,13.52,13.7,13.41,13.55,32100
2002-03-01 16:00:00-05:00,13.65,13.85,13.25,13.85,45800
2002-03-04 16:00:00-05:00,13.75,14.58,13.65,14.36,84000
2002-03-05 16:00:00-05:00,14.3,14.81,14.15,14.8,58200
2002-03-06 16:00:00-05:00,14.75,15.8,14.75,15.75,187100
2002-03-07 16:00:00-05:00,15.7,15.8,15.45,15.45,68200
2002-03-08 16:00:00-05:00,15.35,15.79,15.3,15.54,32700
2002-03-11 16:00:00-05:00,15.44,15.44,15.11,15.4,12700
2002-03-12 16:00:00-05:00,15.28,15.3,15.09,15.18,12400
2002-03-13 16:00:00-05:00,15.1,15.25,14.77,14.9,24700
2002-03-14 16:00:00-05:00,14.8,15.05,14.55,14.88,22900
2002-03-15 16:00:00-05:00,14.72,15.4,14.72,15.33,54300
2002-03-18 16:00:00-05:00,15.4,15.5,15.17,15.31,37900
2002-03-19 16:00:00-05:00,15.25,15.49,15.25,15.43,7500
2002-03-20 16:00:00-05:00,15.33,15.83,15.26,15.65,41500
2002-03-21 16:00:00-05:00,15.55,15.65,15.35,15.55,51400
2002-03-22 16:00:00-05:00,15.45,15.5,15.45,15.45,11200
2002-03-25 16:00:00-05:00,15.4,15.4,14.55,14.75,70000
2002-03-26 16:00:00-05:00,14.7,14.75,14.4,14.5,26600
2002-03-27 16:00:00-05:00,14.6,15.51,14.56,15.28,38700
2002-03-28 16:00:00-05:00,15.25,15.25,14.44,14.6,46400
2002-04-01 16:00:00-05:00,14.7,14.7,13.81,14.05,64200
2002-04-02 16:00:00-05:00,14.0,14.29,13.92,14.03,33500
2002-04-03 16:00:00-05:00,13.99,14.25,13.55,14.19,27800
2002-04-04 16:00:00-05:00,14.2,14.39,14.2,14.32,6100
2002-04-05 16:00:00-05:00,14.42,14.47,14.3,14.45,24600
2002-04-08 16:00:00-04:00,14.5,14.7,14.5,14.7,28900
2002-04-09 16:00:00-04:00,14.8,14.9,14.45,14.54,10500
2002-04-10 16:00:00-04:00,14.55,14.8,14.55,14.8,14800
2002-04-11 16:00:00-04:00,14.8,15.0,14.8,14.87,16300
2002-04-12 16:00:00-04:00,14.87,15.25,14.87,15.2,23300
2002-04-15 16:00:00-04:00,15.05,15.59,15.05,15.31,97300
2002-04-16 16:00:00-04:00,15.41,15.54,15.28,15.42,15700
2002-04-17 16:00:00-04:00,15.32,15.55,15.12,15.12,11800
2002-04-18 16:00:00-04:00,15.08,15.2,15.01,15.2,8700
2002-04-19 16:00:00-04:00,15.1,15.2,15.0,15.2,16700
2002-04-22 16:00:00-04:00,15.1,15.11,15.0,15.05,11100
2002-04-23 16:00:00-04:00,15.01,15.2,15.01,15.05,11100
2002-04-24 16:00:00-04:00,15.05,15.21,15.01,15.16,15400
2002-04-25 16:00:00-04:00,15.21,15.21,14.98,15.08,34600
2002-04-26 16:00:00-04:00,14.75,14.8,14.68,14.8,23700
2002-04-29 16:00:00-04:00,14.75,14.85,13.9,14.33,36900
2002-04-30 16:00:00-04:00,14.3,14.45,13.98,14.45,48300
2002-05-01 16:00:00-04:00,14.4,15.0,14.4,14.92,26300
2002-05-02 16:00:00-04:00,14.85,15.25,14.82,15.24,22000
2002-05-03 16:00:00-04:00,15.2,15.21,15.05,15.14,23900
2002-05-06 16:00:00-04:00,15.19,15.19,14.85,15.18,23800
2002-05-07 16:00:00-04:00,15.15,15.3,15.0,15.0,61300
2002-05-08 16:00:00-04:00,15.0,15.1,14.9,15.09,13800
2002-05-09 16:00:00-04:00,15.02,15.05,14.9,14.92,14300
2002-05-10 16:00:00-04:00,14.85,15.1,14.69,15.1,23000
2002-05-13 16:00:00-04:00,15.0,15.07,14.91,14.95,7800
2002-05-14 16:00:00-04:00,14.85,15.1,14.85,15.08,12900
2002-05-15 16:00:00-04:00,15.1,15.19,15.0,15.05,12000
2002-05-16 16:00:00-04:00,15.0,15.19,14.95,15.19,25200
2002-05-17 16:00:00-04:00,15.26,15.29,15.15,15.21,9700
2002-05-20 16:00:00-04:00,15.15,15.2,14.9,14.95,19000
2002-05-21 16:00:00-04:00,14.9,15.0,14.7,14.74,13600
2002-05-22 16:00:00-04:00,14.7,14.99,14.65,14.95,19100
2002-05-23 16:00:00-04:00,14.95,14.95,14.38,14.5,31900
2002-05-24 16:00:00-04:00,14.5,14.7,14.4,14.55,46300
2002-05-28 16:00:00-04:00,14.5,14.55,14.3,14.5,33200
2002-05-29 16:00:00-04:00,14.5,14.6,14.35,14.45,12500
2002-05-30 16:00:00-04:00,14.35,14.45,14.01,14.18,25300
2002-05-31 16:00:00-04:00,14.22,14.65,14.2,14.65,36900
2002-06-03 16:00:00-04:00,14.55,14.58,14.2,14.2,13700
2002-06-04 16:00:00-04:00,14.19,14.24,13.15,13.6,85300
2002-06-05 16:00:00-04:00,13.55,13.68,13.34,13.45,18300
2002-06-06 16:00:00-04:00,13.55,14.17,13.35,14.05,36900
2002-06-07 16:00:00-04:00,14.0,14.01,13.65,13.9,34200
2002-06-10 16:00:00-04:00,13.88,14.2,13.85,14.0,10400
2002-06-11 16:00:00-04:00,13.95,14.05,13.8,13.85,24800
2002-06-12 16:00:00-04:00,13.82,13.83,13.1,13.35,49700
2002-06-13 16:00:00-04:00,13.4,13.65,13.24,13.24,25000
2002-06-14 16:00:00-04:00,13.2,14.35,13.0,14.35,105900
2002-06-17 16:00:00-04:00,14.35,14.79,14.28,14.44,72500
2002-06-18 16:00:00-04:00,14.4,14.75,14.12,14.12,54900
2002-06-19 16:00:00-04:00,14.12,14.3,13.5,13.75,48600
2002-06-20 16:00:00-04:00,13.7,13.76,13.2,13.3,79700
2002-06-21 16:00:00-04:00,13.6,13.79,13.45,13.7,31100
2002-06-24 16:00:00-04:00,13.6,13.65,13.2,13.55,52100
2002-06-25 16:00:00-04:00,13.6,13.81,13.55,13.69,39600
2002-06-26 16:00:00-04:00,13.5,14.6,13.5,14.2,106000
2002-06-27 16:00:00-04:00,14.3,14.45,13.15,13.55,82200
2002-06-28 16:00:00-04:00,13.5,14.6,13.45,14.6,117100
2002-07-01 16:00:00-04:00,14.58,14.58,13.98,14.0,79200
2002-07-02 16:00:00-04:00,13.95,14.03,13.0,13.0,94800
2002-07-03 16:00:00-04:00,12.95,13.1,11.6,12.59,160800
2002-07-05 16:00:00-04:00,12.72,13.11,12.7,13.03,37500
2002-07-08 16:00:00-04:00,13.0,13.35,12.87,13.09,27900
2002-07-09 16:00:00-04:00,13.0,13.05,12.5,12.5,46100
2002-07-10 16:00:00-04:00,12.55,12.6,11.25,11.25,102400
2002-07-11 16:00:00-04:00,11.25,12.03,10.9,11.0,299200
2002-07-12 16:00:00-04:00,11.05,11.09,10.5,10.97,111400
2002-07-15 16:00:00-04:00,10.8,11.0,10.42,10.98,35800
2002-07-16 16:00:00-04:00,10.88,10.88,10.6,10.86,39600
2002-07-17 16:00:00-04:00,10.88,11.08,10.8,10.97,119400
2002-07-18 16:00:00-04:00,11.0,11.0,9.96,10.0,91200
2002-07-19 16:00:00-04:00,10.0,10.09,8.9,9.5,162900
2002-07-22 16:00:00-04:00,9.45,9.45,8.49,9.4,101700
2002-07-23 16:00:00-04:00,9.25,9.4,8.65,9.16,177700
2002-07-24 16:00:00-04:00,9.3,10.2,9.2,10.2,146100
2002-07-25 16:00:00-04:00,10.25,10.38,10.15,10.3,214800
2002-07-26 16:00:00-04:00,10.25,10.45,10.13,10.15,284900
2002-07-29 16:00:00-04:00,10.15,10.35,10.15,10.35,121800
2002-07-30 16:00:00-04:00,10.25,10.39,10.1,10.31,178500
2002-07-31 16:00:00-04:00,10.31,10.37,10.15,10.15,71200
2002-08-01 16:00:00-04:00,10.22,10.4,10.15,10.19,99500
2002-08-02 16:00:00-04:00,10.15,10.19,9.87,10.0,55700
2002-08-05 16:00:00-04:00,9.9,10.01,9.72,9.72,64700
2002-08-06 16:00:00-04:00,9.82,10.07,9.77,9.99,104700
2002-08-07 16:00:00-04:00,10.05,10.05,9.72,9.8,20500
2002-08-08 16:00:00-04:00,9.76,10.2,9.6,10.14,277300
2002-08-09 16:00:00-04:00,10.05,10.05,9.8,9.99,109700
2002-08-12 16:00:00-04:00,9.91,10.1,9.85,10.1,121300
2002-08-13 16:00:00-04:00,10.01,10.05,9.8,10.05,152700
2002-08-14 16:00:00-04:00,10.0,10.09,9.66,10.0,170800
2002-08-15 16:00:00-04:00,10.04,10.05,9.85,10.0,63900
2002-08-16 16:00:00-04:00,10.0,10.17,9.85,10.1,191800
2002-08-19 16:00:00-04:00,10.1,10.1,9.76,9.76,62800
2002-08-20 16:00:00-04:00,9.8,9.98,9.8,9.89,39400
2002-08-21 16:00:00-04:00,9.94,10.1,9.9,10.0,55600
2002-08-22 16:00:00-04:00,9.95,10.1,9.71,9.88,97300
2002-08-23 16:00:00-04:00,9.8,9.97,9.6,9.78,80400
2002-08-26 16:00:00-04:00,9.78,10.1,9.76,9.91,68000
2002-08-27 16:00:00-04:00,9.95,10.0,9.81,9.92,112300
2002-08-28 16:00:00-04:00,9.82,9.85,9.62,9.7,25600
2002-08-29 16:00:00-04:00,9.7,9.94,9.7,9.88,39800
2002-08-30 16:00:00-04:00,9.97,9.97,9.7,9.7,35300
2002-09-03 16:00:00-04:00,9.65,9.68,9.5,9.6,10200
2002-09-04 16:00:00-04:00,9.65,9.9,9.59,9.8,13200
2002-09-05 16:00:00-04:00,9.8,9.85,9.45,9.45,9700
2002-09-06 16:00:00-04:00,9.5,9.66,9.32,9.65,17300
2002-09-09 16:00:00-04:00,9.55,9.65,9.48,9.5,16600
2002-09-10 16:00:00-04:00,9.5,9.87,9.44,9.73,25900
2002-09-11 16:00:00-04:00,9.8,9.81,9.65,9.69,19600
2002-09-12 16:00:00-04:00,9.69,9.7,9.55,9.61,27300
2002-09-13 16:00:00-04:00,9.66,9.9,9.64,9.7,118100
2002-09-16 16:00:00-04:00,9.73,9.9,9.7,9.7,59500
2002-09-17 16:00:00-04:00,9.7,9.8,9.52,9.55,44500
2002-09-18 16:00:00-04:00,9.5,9.54,9.3,9.39,32800
2002-09-19 16:00:00-04:00,9.3,9.35,8.9,8.95,30600
2002-09-20 16:00:00-04:00,8.98,9.29,8.98,9.1,26600
2002-09-23 16:00:00-04:00,9.1,9.1,8.75,8.81,12900
2002-09-24 16:00:00-04:00,8.75,8.82,8.17,8.3,44400
2002-09-25 16:00:00-04:00,8.25,8.68,8.2,8.68,39200
2002-09-26 16:00:00-04:00,8.62,8.99,8.55,8.91,26800
2002-09-27 16:00:00-04:00,8.85,8.85,8.5,8.54,19100
2002-09-30 16:00:00-04:00,8.5,8.55,8.35,8.37,27200
2002-10-01 16:00:00-04:00,8.38,8.55,8.1,8.55,37300
2002-10-02 16:00:00-04:00,8.52,8.87,8.48,8.87,48800
2002-10-03 16:00:00-04:00,8.85,8.85,8.25,8.34,34100
2002-10-04 16:00:00-04:00,8.44,8.5,7.97,8.1,33000
2002-10-07 16:00:00-04:00,8.05,8.35,7.92,8.25,41300
2002-10-08 16:00:00-04:00,8.19,8.3,7.98,7.99,54400
2002-10-09 16:00:00-04:00,7.95,7.95,7.55,7.55,83900
2002-10-10 16:00:00-04:00,7.6,7.6,7.21,7.26,40700
2002-10-11 16:00:00-04:00,7.25,7.4,7.2,7.4,28000
2002-10-14 16:00:00-04:00,7.3,7.5,7.3,7.37,121700
2002-10-15 16:00:00-04:00,7.4,7.4,6.89,6.95,129300
2002-10-16 16:00:00-04:00,6.85,7.0,6.76,6.86,102600
2002-10-17 16:00:00-04:00,6.96,7.15,6.85,7.0,79700
2002-10-18 16:00:00-04:00,7.05,7.18,7.0,7.1,61300
2002-10-21 16:00:00-04:00,7.15,7.2,7.03,7.15,27700
2002-10-22 16:00:00-04:00,7.2,7.35,7.16,7.18,11100
2002-10-23 16:00:00-04:00,7.25,7.35,7.17,7.31,26800
2002-10-24 16:00:00-04:00,7.25,7.55,7.1,7.52,109200
2002-10-25 16:00:00-04:00,7.42,7.9,7.35,7.8,49300
2002-10-28 16:00:00-05:00,7.7,7.87,7.7,7.7,13300
2002-10-29 16:00:00-05:00,7.6,7.8,7.53,7.8,12200
2002-10-30 16:00:00-05:00,7.8,8.18,7.8,8.1,78900
2002-10-31 16:00:00-05:00,8.05,8.25,7.81,7.92,80100
2002-11-01 16:00:00-05:00,7.85,8.17,7.75,8.17,52500
2002-11-04 16:00:00-05:00,8.17,8.55,8.17,8.55,27500
2002-11-05 16:00:00-05:00,8.45,8.6,8.38,8.52,31300
2002-11-06 16:00:00-05:00,8.45,8.5,8.14,8.38,59900
2002-11-07 16:00:00-05:00,8.35,8.54,8.1,8.36,28000
2002-11-08 16:00:00-05:00,8.36,8.53,8.31,8.31,59100
2002-11-11 16:00:00-05:00,8.31,8.46,8.1,8.25,23300
2002-11-12 16:00:00-05:00,8.2,8.2,7.9,8.05,76300
2002-11-13 16:00:00-05:00,8.05,8.05,7.8,7.81,50600
2002-11-14 16:00:00-05:00,7.85,8.01,7.85,8.0,24400
2002-11-15 16:00:00-05:00,7.9,8.1,7.84,8.03,12400
2002-11-18 16:00:00-05:00,8.2,8.25,7.93,7.95,48000
2002-11-19 16:00:00-05:00,7.95,8.23,7.95,8.23,38000
2002-11-20 16:00:00-05:00,8.13,8.38,8.01,8.19,23000
2002-11-21 16:00:00-05:00,8.28,8.49,8.15,8.27,27600
2002-11-22 16:00:00-05:00,8.55,8.55,8.29,8.46,34800
2002-11-25 16:00:00-05:00,8.5,8.95,8.49,8.78,43200
2002-11-26 16:00:00-05:00,8.75,8.85,8.47,8.57,12500
2002-11-27 16:00:00-05:00,8.57,9.02,8.57,8.95,46300
2002-11-29 16:00:00-05:00,8.85,8.88,8.6,8.7,13000
2002-12-02 16:00:00-05:00,8.65,8.75,8.6,8.69,18700
2002-12-03 16:00:00-05:00,8.6,8.64,8.27,8.48,16000
2002-12-04 16:00:00-05:00,8.4,8.74,8.4,8.6,17500
2002-12-05 16:00:00-05:00,8.5,8.64,8.41,8.41,14700
2002-12-06 16:00:00-05:00,8.41,8.7,8.4,8.64,18400
2002-12-09 16:00:00-05:00,8.55,8.58,8.26,8.35,20900
2002-12-10 16:00:00-05:00,8.31,8.4,8.01,8.37,13400
2002-12-11 16:00:00-05:00,8.52,8.61,8.42,8.61,16400
2002-12-12 16:00:00-05:00,8.53,8.73,8.53,8.65,19800
2002-12-13 16:00:00-05:00,8.57,8.57,8.33,8.42,13700
2002-12-16 16:00:00-05:00,8.35,8.99,8.35,8.99,97800
2002-12-17 16:00:00-05:00,8.9,8.9,8.61,8.73,52900
2002-12-18 16:00:00-05:00,8.65,8.9,8.6,8.65,56500
2002-12-19 16:00:00-05:00,8.57,8.65,8.15,8.25,64200
2002-12-20 16:00:00-05:00,8.29,8.29,7.98,8.18,33500
2002-12-23 16:00:00-05:00,8.25,8.25,7.96,8.25,20500
2002-12-24 16:00:00-05:00,8.18,8.47,8.18,8.25,21600
2002-12-26 16:00:00-05:00,8.25,8.57,8.25,8.54,13700
2002-12-27 16:00:00-05:00,8.45,8.58,8.21,8.31,11900
2002-12-30 16:00:00-05:00,8.28,8.38,8.21,8.25,23100
2002-12-31 16:00:00-05:00,8.2,8.22,7.6,8.05,61200
2003-01-02 16:00:00-05:00,8.01,8.3,8.0,8.3,18600
2003-01-03 16:00:00-05:00,8.28,8.3,8.15,8.15,24700
2003-01-06 16:00:00-05:00,8.23,8.25,8.05,8.17,11800
2003-01-07 16:00:00-05:00,8.11,8.24,8.0,8.1,23100
2003-01-08 16:00:00-05:00,8.05,8.26,8.04,8.14,25400
2003-01-09 16:00:00-05:00,8.18,8.52,8.15,8.52,37700
2003-01-10 16:00:00-05:00,8.48,8.6,8.36,8.56,35800
2003-01-13 16:00:00-05:00,8.53,8.53,8.2,8.22,12900
2003-01-14 16:00:00-05:00,8.25,8.42,8.2,8.3,13400
2003-01-15 16:00:00-05:00,8.29,8.4,8.05,8.32,10100
2003-01-16 16:00:00-05:00,8.35,8.35,8.02,8.06,21800
2003-01-17 16:00:00-05:00,8.0,8.15,7.95,8.0,68500
2003-01-21 16:00:00-05:00,8.0,8.15,8.0,8.1,101300
2003-01-22 16:00:00-05:00,8.02,8.11,8.0,8.0,12800
2003-01-23 16:00:00-05:00,8.05,8.15,8.0,8.02,40800
2003-01-24 16:00:00-05:00,8.0,8.02,8.0,8.01,16100
2003-01-27 16:00:00-05:00,8.0,8.1,7.99,8.01,40900
2003-01-28 16:00:00-05:00,8.0,8.14,7.97,8.14,43000
2003-01-29 16:00:00-05:00,8.15,8.35,8.06,8.3,38000
2003-01-30 16:00:00-05:00,8.3,8.34,8.11,8.11,19700
2003-01-31 16:00:00-05:00,8.1,8.3,8.0,8.09,18700
2003-02-03 16:00:00-05:00,8.19,8.19,7.96,8.0,12600
2003-02-04 16:00:00-05:00,8.0,8.05,7.95,8.0,24600
2003-02-05 16:00:00-05:00,8.02,8.02,7.91,7.98,16800
2003-02-06 16:00:00-05:00,7.9,8.01,7.85,7.95,12800
2003-02-07 16:00:00-05:00,7.95,8.03,7.91,8.0,12100
2003-02-10 16:00:00-05:00,7.96,8.15,7.96,8.14,19900
2003-02-11 16:00:00-05:00,8.14,8.14,7.95,8.06,67600
2003-02-12 16:00:00-05:00,8.05,8.2,8.05,8.11,12000
2003-02-13 16:00:00-05:00,8.15,8.17,8.11,8.11,5600
2003-02-14 16:00:00-05:00,8.07,8.14,8.06,8.08,3500
2003-02-18 16:00:00-05:00,8.05,8.26,7.96,8.25,35600
2003-02-19 16:00:00-05:00,8.2,8.2,8.15,8.2,13100
2003-02-20 16:00:00-05:00,8.15,8.37,8.15,8.37,21400
2003-02-21 16:00:00-05:00,8.31,8.35,8.31,8.35,6000
2003-02-24 16:00:00-05:00,8.35,8.36,8.16,8.26,9400
2003-02-25 16:00:00-05:00,8.23,8.23,8.1,8.2,21700
2003-02-26 16:00:00-05:00,8.0,8.16,7.88,8.12,60800
2003-02-27 16:00:00-05:00,8.08,8.12,8.0,8.12,11900
2003-02-28 16:00:00-05:00,8.07,8.35,8.07,8.3,18900
2003-03-03 16:00:00-05:00,8.35,8.45,8.1,8.1,34200
2003-03-04 16:00:00-05:00,8.02,8.02,7.8,7.89,45400
2003-03-05 16:00:00-05:00,7.95,8.2,7.86,8.2,27100
2003-03-06 16:00:00-05:00,8.15,8.15,7.85,7.85,16300
2003-03-07 16:00:00-05:00,7.85,8.05,7.8,7.92,20400
2003-03-10 16:00:00-05:00,7.88,7.96,7.83,7.9,16900
2003-03-11 16:00:00-05:00,7.9,7.91,7.86,7.89,12000
2003-03-12 16:00:00-05:00,7.89,7.95,7.87,7.89,40800
2003-03-13 16:00:00-05:00,7.87,8.0,7.85,8.0,28700
2003-03-14 16:00:00-05:00,7.9,8.0,7.8,7.86,66500
2003-03-17 16:00:00-05:00,7.86,8.0,7.86,7.98,45600
2003-03-18 16:00:00-05:00,7.92,8.05,7.87,8.05,52000
2003-03-19 16:00:00-05:00,8.0,8.05,7.85,7.89,61000
2003-03-20 16:00:00-05:00,7.87,7.99,7.81,7.95,13500
2003-03-21 16:00:00-05:00,7.94,7.98,7.9,7.91,42500
2003-03-24 16:00:00-05:00,7.91,7.91,7.7,7.7,206900
2003-03-25 16:00:00-05:00,7.7,7.79,7.63,7.69,43900
2003-03-26 16:00:00-05:00,7.62,7.75,7.6,7.67,37700
2003-03-27 16:00:00-05:00,7.67,7.79,7.59,7.79,167300
2003-03-28 16:00:00-05:00,7.79,7.85,7.7,7.85,26700
2003-03-31 16:00:00-05:00,7.85,7.85,7.66,7.66,59900
2003-04-01 16:00:00-05:00,7.61,7.68,7.45,7.63,64600
2003-04-02 16:00:00-05:00,7.63,7.83,7.6,7.64,120900
2003-04-03 16:00:00-05:00,7.64,8.05,7.61,8.0,295500
2003-04-04 16:00:00-05:00,8.05,8.06,7.78,7.95,8300
2003-04-07 16:00:00-04:00,8.05,8.13,7.86,8.1,20400
2003-04-08 16:00:00-04:00,8.05,8.09,7.96,8.05,3300
2003-04-09 16:00:00-04:00,8.0,8.1,7.89,7.95,8600
2003-04-10 16:00:00-04:00,7.9,7.99,7.43,7.85,11600
2003-04-11 16:00:00-04:00,7.9,8.04,7.9,8.01,8700
2003-04-14 16:00:00-04:00,8.0,8.1,7.9,8.05,43200
2003-04-15 16:00:00-04:00,8.03,8.16,8.01,8.15,6300
2003-04-16 16:00:00-04:00,8.17,8.27,8.05,8.06,16300
2003-04-17 16:00:00-04:00,8.07,8.39,8.0,8.39,16600
2003-04-21 16:00:00-04:00,8.35,8.49,8.27,8.49,15600
2003-04-22 16:00:00-04:00,8.4,8.59,8.4,8.57,4800
2003-04-23 16:00:00-04:00,8.6,8.96,8.6,8.95,27100
2003-04-24 16:00:00-04:00,8.9,9.1,8.85,9.0,26200
2003-04-25 16:00:00-04:00,9.08,9.08,8.85,8.88,12800
2003-04-28 16:00:00-04:00,8.73,9.0,8.68,8.97,23100
2003-04-29 16:00:00-04:00,8.94,9.15,8.94,9.07,5800
2003-04-30 16:00:00-04:00,9.05,9.2,8.97,9.08,12600
2003-05-01 16:00:00-04:00,9.04,9.1,8.86,9.1,7800
2003-05-02 16:00:00-04:00,9.12,9.5,9.04,9.3,12100
2003-05-05 16:00:00-04:00,9.25,9.28,8.96,9.08,34800
2003-05-06 16:00:00-04:00,9.0,9.2,8.95,9.15,26500
2003-05-07 16:00:00-04:00,9.13,9.16,8.89,8.96,24900
2003-05-08 16:00:00-04:00,8.93,9.02,8.9,8.97,12500
2003-05-09 16:00:00-04:00,9.0,9.0,8.89,8.98,8700
2003-05-12 16:00:00-04:00,9.0,9.05,8.95,8.98,16500
2003-05-13 16:00:00-04:00,8.93,9.05,8.85,8.99,32300
2003-05-14 16:00:00-04:00,9.0,9.0,8.9,8.99,10400
2003-05-15 16:00:00-04:00,9.03,9.3,9.03,9.3,9900
2003-05-16 16:00:00-04:00,9.2,9.42,9.15,9.42,10700
2003-05-19 16:00:00-04:00,9.42,9.6,9.38,9.38,9500
2003-05-20 16:00:00-04:00,9.43,9.55,9.4,9.4,2300
2003-05-21 16:00:00-04:00,9.43,9.5,9.34,9.34,13200
2003-05-22 16:00:00-04:00,9.3,9.5,9.25,9.45,5800
2003-05-23 16:00:00-04:00,9.42,9.5,9.2,9.25,5100
2003-05-27 16:00:00-04:00,9.29,9.4,9.19,9.34,21300
2003-05-28 16:00:00-04:00,9.37,9.54,9.35,9.54,9000
2003-05-29 16:00:00-04:00,9.6,9.9,9.55,9.86,18500
2003-05-30 16:00:00-04:00,9.91,10.3,9.91,10.18,16500
2003-06-02 16:00:00-04:00,10.15,10.15,9.82,9.82,13200
2003-06-03 16:00:00-04:00,9.77,9.98,9.55,9.73,16800
2003-06-04 16:00:00-04:00,9.83,10.0,9.83,9.93,14000
2003-06-05 16:00:00-04:00,9.93,10.15,9.86,10.0,23700
2003-06-06 16:00:00-04:00,10.0,10.05,9.45,9.83,22700
2003-06-09 16:00:00-04:00,9.73,9.73,9.25,9.25,20600
2003-06-10 16:00:00-04:00,9.15,9.76,9.1,9.62,17900
2003-06-11 16:00:00-04:00,9.74,9.76,9.56,9.6,11400
2003-06-12 16:00:00-04:00,9.65,9.7,9.57,9.6,7200
2003-06-13 16:00:00-04:00,9.5,9.85,9.26,9.45,42800
2003-06-16 16:00:00-04:00,9.55,10.15,9.55,10.07,24400
2003-06-17 16:00:00-04:00,10.0,10.3,9.7,10.3,18200
2003-06-18 16:00:00-04:00,10.3,10.5,9.97,10.44,62000
2003-06-19 16:00:00-04:00,10.39,10.4,10.05,10.06,17300
2003-06-20 16:00:00-04:00,10.1,10.5,10.1,10.21,16800
2003-06-23 16:00:00-04:00,10.11,10.21,10.03,10.1,16700
2003-06-24 16:00:00-04:00,10.2,10.5,10.1,10.35,13900
2003-06-25 16:00:00-04:00,10.6,10.95,10.44,10.74,35300
2003-06-26 16:00:00-04:00,10.79,11.07,10.6,11.02,32600
2003-06-27 16:00:00-04:00,11.07,11.07,10.65,10.82,23000
2003-06-30 16:00:00-04:00,10.8,10.85,10.29,10.29,100400
2003-07-01 16:00:00-04:00,10.19,10.5,10.19,10.42,75700
2003-07-02 16:00:00-04:00,10.38,10.45,10.25,10.44,31000
2003-07-03 16:00:00-04:00,10.35,10.45,10.26,10.35,56000
2003-07-07 16:00:00-04:00,10.36,10.42,10.2,10.42,19600
2003-07-08 16:00:00-04:00,10.42,10.5,10.23,10.42,12600
2003-07-09 16:00:00-04:00,10.37,10.38,10.15,10.22,26300
2003-07-10 16:00:00-04:00,10.19,10.19,9.88,9.89,19100
2003-07-11 16:00:00-04:00,9.95,10.06,9.875,9.95,18500
2003-07-14 16:00:00-04:00,9.9,9.97,9.69,9.71,14000
2003-07-15 16:00:00-04:00,9.75,9.75,9.51,9.68,12100
2003-07-16 16:00:00-04:00,9.71,9.79,9.31,9.55,48100
2003-07-17 16:00:00-04:00,9.5,9.6,9.4,9.45,24100
2003-07-18 16:00:00-04:00,9.45,9.45,9.15,9.32,13100
2003-07-21 16:00:00-04:00,9.28,9.3,9.15,9.2,11700
2003-07-22 16:00:00-04:00,9.15,9.6,9.06,9.6,15000
2003-07-23 16:00:00-04:00,9.64,9.64,9.14,9.47,21700
2003-07-24 16:00:00-04:00,9.45,9.65,9.45,9.47,13900
2003-07-25 16:00:00-04:00,9.5,9.64,9.46,9.58,10500
2003-07-28 16:00:00-04:00,9.58,9.9,9.58,9.8,10500
2003-07-29 16:00:00-04:00,9.85,9.93,9.66,9.9,8500
2003-07-30 16:00:00-04:00,9.95,10.49,9.1,9.21,147200
2003-07-31 16:00:00-04:00,9.31,9.84,9.3,9.81,33800
2003-08-01 16:00:00-04:00,9.81,9.92,9.5,9.72,22500
2003-08-04 16:00:00-04:00,9.77,9.77,9.56,9.74,9500
2003-08-05 16:00:00-04:00,9.78,9.81,9.6,9.72,18200
2003-08-06 16:00:00-04:00,9.71,9.74,9.4,9.4,13000
2003-08-07 16:00:00-04:00,9.4,9.4,9.15,9.25,9100
2003-08-08 16:00:00-04:00,9.25,9.46,9.18,9.35,11200
2003-08-11 16:00:00-04:00,9.4,9.65,9.4,9.58,8600
2003-08-12 16:00:00-04:00,9.55,9.7,9.47,9.7,6200
2003-08-13 16:00:00-04:00,9.78,9.78,9.5,9.58,8300
2003-08-14 16:00:00-04:00,9.63,9.7,9.51,9.7,3700
2003-08-15 16:00:00-04:00,9.7,9.7,9.47,9.5,6000
2003-08-18 16:00:00-04:00,9.77,9.8,9.5,9.61,25300
2003-08-19 16:00:00-04:00,9.65,9.8,9.5,9.72,45200
2003-08-20 16:00:00-04:00,9.73,9.83,9.55,9.73,13800
2003-08-21 16:00:00-04:00,9.73,9.78,9.61,9.75,6800
2003-08-22 16:00:00-04:00,9.8,9.8,9.62,9.71,13400
2003-08-25 16:00:00-04:00,9.71,9.92,9.7,9.8,13600
2003-08-26 16:00:00-04:00,9.8,10.25,9.8,10.16,35500
2003-08-27 16:00:00-04:00,10.1,10.41,10.05,10.35,27500
2003-08-28 16:00:00-04:00,10.3,10.3,10.05,10.3,15700
2003-08-29 16:00:00-04:00,10.2,10.22,10.05,10.1,8700
2003-09-02 16:00:00-04:00,10.1,10.11,9.93,10.0,151000
2003-09-03 16:00:00-04:00,9.95,10.03,9.9,9.99,52700
2003-09-04 16:00:00-04:00,9.95,10.2,9.9,10.19,13400
2003-09-05 16:00:00-04:00,10.1,10.24,9.94,10.0,16800
2003-09-08 16:00:00-04:00,10.0,10.4,10.0,10.4,7600
2003-09-09 16:00:00-04:00,10.45,10.63,10.4,10.4,15700
2003-09-10 16:00:00-04:00,10.3,10.3,10.0,10.01,9400
2003-09-11 16:00:00-04:00,10.06,10.25,10.02,10.18,9800
2003-09-12 16:00:00-04:00,10.1,10.65,10.01,10.62,12000
2003-09-15 16:00:00-04:00,10.7,10.85,10.53,10.53,18200
2003-09-16 16:00:00-04:00,10.45,10.58,10.42,10.5,7600
2003-09-17 16:00:00-04:00,10.42,10.44,10.21,10.21,12700
2003-09-18 16:00:00-04:00,10.23,10.23,10.23,10.23,0
2003-09-19 16:00:00-04:00,10.22,10.29,10.2,10.22,11900
2003-09-22 16:00:00-04:00,10.18,10.28,10.18,10.23,22800
2003-09-23 16:00:00-04:00,10.19,10.25,10.11,10.15,31700
2003-09-24 16:00:00-04:00,10.1,10.1,9.95,10.0,23300
2003-09-25 16:00:00-04:00,10.02,10.02,10.02,10.02,0
2003-09-26 16:00:00-04:00,9.98,10.25,9.97,10.01,13900
2003-09-29 16:00:00-04:00,10.02,10.15,9.99,10.1,11800
2003-09-30 16:00:00-04:00,10.03,10.33,10.0,10.02,19100
2003-10-01 16:00:00-04:00,10.02,10.6,10.02,10.6,17300
2003-10-02 16:00:00-04:00,10.3,10.3,10.3,10.3,0
2003-10-03 16:00:00-04:00,10.35,10.75,10.35,10.61,12500
2003-10-06 16:00:00-04:00,10.51,10.6,10.32,10.56,7300
2003-10-07 16:00:00-04:00,10.5,10.74,10.4,10.74,6700
2003-10-08 16:00:00-04:00,10.71,10.71,10.34,10.36,10000
2003-10-09 16:00:00-04:00,10.36,10.36,10.36,10.36,0
2003-10-10 16:00:00-04:00,10.35,10.4,10.1,10.4,12100
2003-10-13 16:00:00-04:00,10.45,10.85,10.45,10.71,10200
2003-10-14 16:00:00-04:00,10.75,11.0,10.75,10.95,13500
2003-10-15 16:00:00-04:00,10.9,10.95,10.8,10.86,7800
2003-10-16 16:00:00-04:00,10.93,10.93,10.93,10.93,0
2003-10-17 16:00:00-04:00,10.95,10.95,10.5,10.51,8600
2003-10-20 16:00:00-04:00,10.56,10.62,10.45,10.56,6800
2003-10-21 16:00:00-04:00,10.64,10.79,10.63,10.67,7400
2003-10-22 16:00:00-04:00,10.54,10.54,10.54,10.54,0
2003-10-23 16:00:00-04:00,10.5,10.64,10.5,10.6,14200
2003-10-24 16:00:00-04:00,10.6,10.61,10.53,10.55,11700
2003-10-27 16:00:00-05:00,10.55,10.79,10.55,10.73,4800
2003-10-28 16:00:00-05:00,10.73,10.85,10.61,10.85,7600
2003-10-29 16:00:00-05:00,10.8,11.19,10.8,11.19,11800
2003-10-30 16:00:00-05:00,11.01,11.01,11.01,11.01,0
2003-10-31 16:00:00-05:00,10.95,11.24,10.95,11.19,10100
2003-11-03 16:00:00-05:00,11.24,11.5,11.2,11.48,11351
2003-11-04 16:00:00-05:00,11.58,11.63,11.43,11.53,10700
2003-11-05 16:00:00-05:00,11.5,11.5,11.3,11.32,8800
2003-11-06 16:00:00-05:00,11.6,11.6,11.6,11.6,0
2003-11-07 16:00:00-05:00,11.65,11.75,11.51,11.52,10000
2003-11-10 16:00:00-05:00,11.5,11.5,11.0,11.01,8600
2003-11-11 16:00:00-05:00,11.1,11.1,11.0,11.1,9900
2003-11-12 16:00:00-05:00,11.05,11.1,10.82,11.09,11700
2003-11-13 16:00:00-05:00,11.09,11.09,11.09,11.09,0
2003-11-14 16:00:00-05:00,11.05,11.09,10.8,10.81,16300
2003-11-17 16:00:00-05:00,11.1,11.14,10.97,11.05,55700
2003-11-18 16:00:00-05:00,11.15,11.16,10.94,11.01,35800
2003-11-19 16:00:00-05:00,11.11,11.4,11.05,11.4,21400
2003-11-20 16:00:00-05:00,11.04,11.04,11.04,11.04,0
2003-11-21 16:00:00-05:00,11.1,11.25,11.04,11.21,8500
2003-11-24 16:00:00-05:00,11.75,11.75,11.75,11.75,0
2003-11-25 16:00:00-05:00,11.69,11.9,11.68,11.7,22200
2003-11-26 16:00:00-05:00,11.71,11.8,11.62,11.63,13600
2003-11-28 13:00:00-05:00,11.65,11.74,11.5,11.52,33000
2003-12-01 16:00:00-05:00,11.58,11.84,11.45,11.46,13200
2003-12-02 16:00:00-05:00,11.56,11.76,11.5,11.59,18600
2003-12-03 16:00:00-05:00,11.54,11.54,11.03,11.03,19400
2003-12-04 16:00:00-05:00,11.23,11.23,11.23,11.23,0
2003-12-05 16:00:00-05:00,11.13,11.33,10.96,11.02,12600
2003-12-08 16:00:00-05:00,11.12,11.4,11.07,11.4,22200
2003-12-09 16:00:00-05:00,11.45,11.78,11.25,11.45,20200
2003-12-10 16:00:00-05:00,11.5,11.51,11.23,11.25,8700
2003-12-11 16:00:00-05:00,11.85,11.85,11.85,11.85,0
2003-12-12 16:00:00-05:00,11.92,12.7,11.82,12.54,28300
2003-12-15 16:00:00-05:00,12.85,13.1,12.8,12.8,37800
2003-12-16 16:00:00-05:00,12.6,12.9,12.41,12.86,21400
2003-12-17 16:00:00-05:00,12.87,12.87,12.37,12.71,13800
2003-12-18 16:00:00-05:00,12.9,12.9,12.9,12.9,0
2003-12-19 16:00:00-05:00,12.85,12.95,12.7,12.9,16100
2003-12-22 16:00:00-05:00,12.95,13.0,12.84,13.0,27100
2003-12-23 16:00:00-05:00,13.0,13.83,13.0,13.65,43300
2003-12-24 13:00:00-05:00,13.59,13.59,13.09,13.15,17000
2003-12-26 13:00:00-05:00,13.1,13.17,12.9,12.9,4100
2003-12-29 16:00:00-05:00,12.8,13.4,12.8,13.16,14200
2003-12-30 16:00:00-05:00,13.2,13.2,13.2,13.2,0
2003-12-31 16:00:00-05:00,13.3,13.3,13.1,13.1,33800
2004-01-02 16:00:00-05:00,13.11,13.58,13.11,13.19,9600
2004-01-05 16:00:00-05:00,13.19,13.95,13.19,13.8,25500
2004-01-06 16:00:00-05:00,13.84,14.15,13.83,13.88,48400
2004-01-07 16:00:00-05:00,14.1,14.15,13.7,13.83,45100
2004-01-08 16:00:00-05:00,13.66,13.66,13.66,13.66,0
2004-01-09 16:00:00-05:00,13.6,13.81,13.0,13.0,19200
2004-01-12 16:00:00-05:00,13.1,13.47,13.09,13.3,12200
2004-01-13 16:00:00-05:00,13.4,13.43,13.07,13.43,24700
2004-01-14 16:00:00-05:00,13.5,13.84,13.5,13.7,20900
2004-01-15 16:00:00-05:00,13.7,13.7,13.4,13.66,11000
2004-01-16 16:00:00-05:00,13.76,13.88,13.5,13.65,17400
2004-01-20 16:00:00-05:00,13.65,13.71,13.65,13.7,18700
2004-01-21 16:00:00-05:00,13.55,13.7,13.45,13.68,14500
2004-01-22 16:00:00-05:00,13.68,13.68,13.68,13.68,0
2004-01-23 16:00:00-05:00,13.61,13.72,13.55,13.7,25900
2004-01-26 16:00:00-05:00,13.7,13.7,13.57,13.69,13500
2004-01-27 16:00:00-05:00,13.7,13.7,13.4,13.61,30700
2004-01-28 16:00:00-05:00,13.61,13.77,13.53,13.65,40000
2004-01-29 16:00:00-05:00,13.74,13.74,13.74,13.74,0
2004-01-30 16:00:00-05:00,13.75,13.77,13.3,13.31,16400
2004-02-02 16:00:00-05:00,13.23,13.25,13.05,13.08,10200
2004-02-03 16:00:00-05:00,13.15,13.26,12.8,12.94,14200
2004-02-04 16:00:00-05:00,12.89,12.92,12.4,12.51,24700
2004-02-05 16:00:00-05:00,12.9,12.9,12.9,12.9,0
2004-02-06 16:00:00-05:00,12.8,13.57,12.8,13.49,14100
2004-02-09 16:00:00-05:00,13.54,13.8,13.48,13.69,15900
2004-02-10 16:00:00-05:00,13.59,13.74,13.59,13.7,49400
2004-02-11 16:00:00-05:00,13.7,13.71,13.67,13.7,67900
2004-02-12 16:00:00-05:00,13.69,13.69,13.69,13.69,0
2004-02-13 16:00:00-05:00,13.65,13.84,13.61,13.7,17200
2004-02-17 16:00:00-05:00,13.75,13.83,13.61,13.61,31300
2004-02-18 16:00:00-05:00,13.68,13.79,13.47,13.62,41800
2004-02-19 16:00:00-05:00,13.47,13.47,13.47,13.47,0
2004-02-20 16:00:00-05:00,13.5,13.79,13.36,13.52,12900
2004-02-23 16:00:00-05:00,13.62,13.84,13.28,13.32,14400
2004-02-24 16:00:00-05:00,13.4,13.79,13.4,13.46,12000
2004-02-25 16:00:00-05:00,13.46,13.54,13.38,13.4,10700
2004-02-26 16:00:00-05:00,13.33,13.33,13.33,13.33,0
2004-02-27 16:00:00-05:00,13.4,13.64,13.28,13.55,11800
2004-03-01 16:00:00-05:00,13.59,13.7,13.4,13.69,10400
2004-03-02 16:00:00-05:00,13.69,13.7,13.2,13.2,16700
2004-03-03 16:00:00-05:00,13.3,13.3,13.0,13.22,16500
2004-03-04 16:00:00-05:00,13.25,13.25,13.25,13.25,0
2004-03-05 16:00:00-05:00,13.2,13.7,13.2,13.65,14900
2004-03-08 16:00:00-05:00,13.7,13.7,13.15,13.15,16900
2004-03-09 16:00:00-05:00,13.2,13.52,13.2,13.37,22200
2004-03-10 16:00:00-05:00,13.45,13.62,13.43,13.45,16200
2004-03-11 16:00:00-05:00,13.4,13.4,13.4,13.4,0
2004-03-12 16:00:00-05:00,13.95,13.68,13.5,13.55,19500
2004-03-15 16:00:00-05:00,13.5,13.5,12.6,12.7,35500
2004-03-16 16:00:00-05:00,13.05,13.05,12.35,12.7,54800
2004-03-17 16:00:00-05:00,12.8,13.47,12.8,13.46,19400
2004-03-18 16:00:00-05:00,13.1,13.1,13.1,13.1,0
2004-03-19 16:00:00-05:00,13.35,13.5,13.06,13.31,17400
2004-03-22 16:00:00-05:00,13.41,13.41,12.85,12.9,18500
2004-03-23 16:00:00-05:00,12.9,13.25,12.9,13.06,6600
2004-03-24 16:00:00-05:00,13.25,13.48,13.25,13.31,15900
2004-03-25 16:00:00-05:00,13.48,13.48,13.48,13.48,0
2004-03-26 16:00:00-05:00,13.45,13.54,13.25,13.35,13800
2004-03-29 16:00:00-05:00,13.4,13.7,13.3,13.7,13100
2004-03-30 16:00:00-05:00,13.7,14.4,13.66,14.4,18000
2004-03-31 16:00:00-05:00,14.41,14.48,14.04,14.45,17900
2004-04-01 16:00:00-05:00,14.55,14.55,14.55,14.55,0
2004-04-02 16:00:00-05:00,14.6,15.44,14.59,14.99,62600
2004-04-05 16:00:00-04:00,15.0,15.09,14.91,14.95,27500
2004-04-06 16:00:00-04:00,15.0,15.18,14.85,14.98,28200
2004-04-07 16:00:00-04:00,14.93,15.0,14.82,15.0,32500
2004-04-08 16:00:00-04:00,14.9,14.9,14.9,14.9,0
2004-04-12 16:00:00-04:00,14.92,15.0,14.8,14.84,6800
2004-04-13 16:00:00-04:00,14.88,14.88,14.59,14.59,16200
2004-04-14 16:00:00-04:00,14.5,14.77,14.5,14.7,8400
2004-04-15 16:00:00-04:00,14.85,14.85,14.85,14.85,0
2004-04-16 16:00:00-04:00,14.9,15.24,14.86,15.0,34800
2004-04-19 16:00:00-04:00,14.95,15.05,14.9,15.0,27700
2004-04-20 16:00:00-04:00,14.92,15.05,14.92,14.95,47200
2004-04-21 16:00:00-04:00,14.98,15.0,14.85,15.0,23200
2004-04-22 16:00:00-04:00,15.36,15.36,15.36,15.36,0
2004-04-23 16:00:00-04:00,15.3,15.35,14.89,15.02,10600
2004-04-26 16:00:00-04:00,14.9,15.04,14.7,14.87,28800
2004-04-27 16:00:00-04:00,14.85,15.08,14.85,14.95,23000
2004-04-28 16:00:00-04:00,14.6,14.65,14.3,14.49,40400
2004-04-29 16:00:00-04:00,14.01,14.01,14.01,14.01,0
2004-04-30 16:00:00-04:00,14.01,14.2,13.72,13.76,15800
2004-05-03 16:00:00-04:00,13.84,13.9,13.1,13.15,32600
2004-05-04 16:00:00-04:00,13.15,13.73,13.1,13.58,15200
2004-05-05 16:00:00-04:00,13.55,13.67,13.01,13.01,18000
2004-05-06 16:00:00-04:00,12.8,12.8,12.8,12.8,0
2004-05-07 16:00:00-04:00,12.9,13.02,12.5,12.51,19700
2004-05-10 16:00:00-04:00,12.48,12.7,12.25,12.31,11100
2004-05-11 16:00:00-04:00,12.41,13.4,12.41,13.24,23700
2004-05-12 16:00:00-04:00,13.34,13.8,12.66,13.1,76400
2004-05-13 16:00:00-04:00,12.71,12.71,12.71,12.71,0
2004-05-14 16:00:00-04:00,12.8,12.8,12.1,12.14,48200
2004-05-17 16:00:00-04:00,12.24,12.24,11.75,12.04,46800
2004-05-18 16:00:00-04:00,12.0,12.13,11.95,12.01,44100
2004-05-19 16:00:00-04:00,12.01,12.15,11.8,11.98,72800
2004-05-20 16:00:00-04:00,12.2,12.2,12.2,12.2,0
2004-05-21 16:00:00-04:00,11.75,11.99,11.5,11.5,1456900
2004-05-24 16:00:00-04:00,11.55,11.83,11.52,11.76,234600
2004-05-25 16:00:00-04:00,11.8,11.8,11.6,11.72,102400
2004-05-26 16:00:00-04:00,11.72,12.2,11.675,12.2,186400
2004-05-27 16:00:00-04:00,12.32,12.32,12.32,12.32,0
2004-05-28 16:00:00-04:00,12.25,12.25,11.9,12.14,116200
2004-06-01 16:00:00-04:00,12.14,12.65,12.14,12.63,127600
2004-06-02 16:00:00-04:00,12.63,12.75,12.4,12.63,144900
2004-06-03 16:00:00-04:00,12.73,12.85,12.3,12.5,280200
2004-06-04 16:00:00-04:00,12.5,12.71,12.31,12.39,116900
2004-06-07 16:00:00-04:00,12.6,12.75,12.35,12.4,151000
2004-06-08 16:00:00-04:00,12.3,12.58,12.25,12.44,125900
2004-06-09 16:00:00-04:00,12.45,12.99,12.45,12.99,162400
2004-06-10 16:00:00-04:00,12.8,13.3,12.8,13.28,86700
2004-06-14 16:00:00-04:00,13.2,13.46,13.11,13.23,70800
2004-06-15 16:00:00-04:00,13.2,13.59,13.17,13.55,88200
2004-06-16 16:00:00-04:00,13.52,13.52,12.9,13.2,51600
2004-06-17 16:00:00-04:00,13.2,13.3,12.89,13.3,45600
2004-06-18 16:00:00-04:00,13.3,13.35,12.83,13.05,111200
2004-06-21 16:00:00-04:00,13.05,13.45,12.86,13.4,101400
2004-06-22 16:00:00-04:00,13.2,13.2,12.1,12.5,585800
2004-06-23 16:00:00-04:00,12.51,13.4,12.43,13.17,230800
2004-06-24 16:00:00-04:00,13.05,13.13,12.25,12.75,581100
2004-06-25 16:00:00-04:00,12.7,13.0,12.585,12.73,208100
2004-06-28 16:00:00-04:00,12.8,12.8,12.34,12.45,86300
2004-06-29 16:00:00-04:00,12.45,12.65,12.4,12.51,124600
2004-06-30 16:00:00-04:00,12.45,12.79,12.37,12.75,67000
2004-07-01 16:00:00-04:00,12.7,12.83,12.56,12.75,32800
2004-07-02 16:00:00-04:00,12.8,13.2,12.71,13.2,38100
2004-07-06 16:00:00-04:00,13.19,13.2,12.7,13.15,84500
2004-07-07 16:00:00-04:00,13.1,13.1,12.65,12.9,56400
2004-07-08 16:00:00-04:00,12.7,13.0,12.63,12.88,66600
2004-07-09 16:00:00-04:00,12.87,13.0,12.84,12.89,24200
2004-07-12 16:00:00-04:00,12.85,12.94,12.7,12.8,70500
2004-07-13 16:00:00-04:00,12.71,12.99,12.55,12.9,27100
2004-07-14 16:00:00-04:00,12.8,12.88,12.7,12.8,51600
2004-07-15 16:00:00-04:00,12.8,13.0,12.7,12.82,75900
2004-07-16 16:00:00-04:00,12.82,12.82,12.4,12.41,30900
2004-07-19 16:00:00-04:00,12.4,12.52,12.29,12.38,37600
2004-07-20 16:00:00-04:00,12.38,12.9,12.3,12.9,66000
2004-07-21 16:00:00-04:00,12.85,12.98,12.75,12.81,60500
2004-07-22 16:00:00-04:00,12.71,12.81,12.26,12.81,43400
2004-07-23 16:00:00-04:00,12.8,13.0,12.7,12.8,77800
2004-07-26 16:00:00-04:00,12.7,12.76,12.32,12.38,37200
2004-07-27 16:00:00-04:00,12.35,12.65,12.25,12.42,34800
2004-07-28 16:00:00-04:00,12.35,12.35,12.13,12.2,65700
2004-07-29 16:00:00-04:00,12.2,12.5,12.13,12.44,74600
2004-07-30 16:00:00-04:00,12.4,12.71,12.25,12.71,40200
2004-08-02 16:00:00-04:00,12.65,12.85,12.63,12.75,72400
2004-08-03 16:00:00-04:00,12.72,12.72,12.46,12.46,16500
2004-08-04 16:00:00-04:00,12.43,12.69,12.27,12.41,32900
2004-08-05 16:00:00-04:00,12.38,12.6,12.3,12.45,29700
2004-08-06 16:00:00-04:00,12.35,12.59,12.2,12.48,39400
2004-08-09 16:00:00-04:00,12.5,12.57,12.38,12.39,42300
2004-08-10 16:00:00-04:00,12.42,12.5,12.14,12.24,26500
2004-08-11 16:00:00-04:00,12.24,12.48,12.05,12.24,24700
2004-08-12 16:00:00-04:00,12.2,12.22,11.93,11.99,34100
2004-08-13 16:00:00-04:00,12.01,12.07,11.8,11.96,19000
2004-08-16 16:00:00-04:00,12.05,12.15,12.03,12.1,25400
2004-08-17 16:00:00-04:00,12.15,12.15,11.74,11.9,65600
2004-08-18 16:00:00-04:00,11.85,11.98,11.65,11.74,76200
2004-08-19 16:00:00-04:00,11.76,11.83,11.66,11.77,50500
2004-08-20 16:00:00-04:00,11.75,11.97,11.7,11.9,72700
2004-08-23 16:00:00-04:00,11.75,11.75,11.15,11.66,105500
2004-08-24 16:00:00-04:00,11.36,11.62,11.36,11.47,48100
2004-08-25 16:00:00-04:00,11.47,11.49,11.23,11.43,41800
2004-08-26 16:00:00-04:00,11.43,11.6,11.4,11.5,23400
2004-08-27 16:00:00-04:00,11.45,11.85,11.45,11.85,47300
2004-08-30 16:00:00-04:00,11.89,12.12,11.85,12.12,30700
2004-08-31 16:00:00-04:00,12.05,12.18,11.94,12.01,51500
2004-09-01 16:00:00-04:00,11.96,12.0,11.74,11.94,22900
2004-09-02 16:00:00-04:00,11.9,12.35,11.84,12.35,18900
2004-09-03 16:00:00-04:00,12.4,12.46,12.17,12.34,23000
2004-09-07 16:00:00-04:00,12.34,12.48,12.01,12.22,32300
2004-09-08 16:00:00-04:00,12.27,12.32,11.77,11.8,27200
2004-09-09 16:00:00-04:00,11.7,12.34,11.65,12.07,28600
2004-09-10 16:00:00-04:00,12.1,12.16,11.9,11.93,20900
2004-09-13 16:00:00-04:00,12.03,12.45,12.03,12.35,116400
2004-09-14 16:00:00-04:00,12.3,12.35,12.15,12.21,68700
2004-09-15 16:00:00-04:00,12.15,12.24,11.99,12.14,73200
2004-09-16 16:00:00-04:00,12.17,12.28,12.14,12.2,20100
2004-09-17 16:00:00-04:00,12.2,12.2,11.93,12.05,57400
2004-09-20 16:00:00-04:00,11.95,12.25,11.95,12.2,39700
2004-09-21 16:00:00-04:00,12.24,12.34,12.2,12.3,37000
2004-09-22 16:00:00-04:00,12.24,12.24,11.76,11.89,24800
2004-09-23 16:00:00-04:00,11.99,12.08,11.97,11.99,29800
2004-09-24 16:00:00-04:00,11.95,12.09,11.94,12.05,25200
2004-09-27 16:00:00-04:00,12.25,12.25,12.04,12.05,41500
2004-09-28 16:00:00-04:00,12.02,12.25,12.0,12.22,341200
2004-09-29 16:00:00-04:00,12.23,12.46,12.15,12.42,24300
2004-09-30 16:00:00-04:00,12.42,12.45,12.22,12.22,50500
2004-10-01 16:00:00-04:00,12.24,12.8,12.2,12.78,44900
2004-10-04 16:00:00-04:00,12.78,12.94,12.65,12.69,41800
2004-10-05 16:00:00-04:00,12.6,12.65,12.18,12.35,35300
2004-10-06 16:00:00-04:00,12.3,12.8,12.26,12.77,23900
2004-10-07 16:00:00-04:00,12.77,12.77,12.21,12.21,33200
2004-10-08 16:00:00-04:00,12.21,12.25,12.08,12.08,18300
2004-10-11 16:00:00-04:00,12.0,12.12,12.0,12.09,25500
2004-10-12 16:00:00-04:00,12.01,12.06,11.97,12.02,47000
2004-10-13 16:00:00-04:00,12.02,12.09,11.85,11.95,34300
2004-10-14 16:00:00-04:00,12.01,12.04,11.95,12.0,43000
2004-10-15 16:00:00-04:00,11.99,12.13,11.98,11.98,25600
2004-10-18 16:00:00-04:00,11.98,12.0,11.82,11.85,113900
2004-10-19 16:00:00-04:00,11.88,11.9,11.81,11.85,66000
2004-10-20 16:00:00-04:00,11.83,12.18,11.8,12.1,296200
2004-10-21 16:00:00-04:00,12.1,12.1,12.0,12.05,62400
2004-10-22 16:00:00-04:00,12.02,12.16,12.01,12.1,60400
2004-10-25 16:00:00-04:00,12.05,12.21,12.05,12.16,30400
2004-10-26 16:00:00-04:00,12.2,12.37,12.1,12.35,38900
2004-10-27 16:00:00-04:00,12.32,12.43,12.25,12.33,118800
2004-10-28 16:00:00-04:00,12.3,12.4,12.29,12.35,43200
2004-10-29 16:00:00-04:00,12.32,12.47,12.32,12.4,25400
2004-11-01 16:00:00-05:00,12.45,12.73,12.38,12.62,98000
2004-11-02 16:00:00-05:00,12.55,12.86,12.43,12.5,63800
2004-11-03 16:00:00-05:00,12.55,12.87,12.55,12.87,69600
2004-11-04 16:00:00-05:00,12.87,13.11,12.81,13.11,45700
2004-11-05 16:00:00-05:00,13.13,13.25,12.95,13.18,35700
2004-11-08 16:00:00-05:00,13.1,13.15,12.71,12.76,78600
2004-11-09 16:00:00-05:00,12.69,12.91,12.69,12.78,46500
2004-11-10 16:00:00-05:00,12.72,12.88,12.7,12.76,34400
2004-11-11 16:00:00-05:00,12.82,12.84,12.7,12.75,76700
2004-11-12 16:00:00-05:00,12.7,12.83,12.7,12.75,55200
2004-11-15 16:00:00-05:00,12.8,13.15,12.8,13.13,73900
2004-11-16 16:00:00-05:00,13.03,13.37,13.03,13.2,58500
2004-11-17 16:00:00-05:00,13.25,13.39,13.25,13.34,49700
2004-11-18 16:00:00-05:00,13.25,13.25,12.79,12.9,66700
2004-11-19 16:00:00-05:00,12.85,13.07,12.8,12.88,27500
2004-11-22 16:00:00-05:00,12.8,13.47,12.78,13.4,59900
2004-11-23 16:00:00-05:00,12.5,12.5,11.4,12.04,2197600
2004-11-24 16:00:00-05:00,11.98,12.15,11.67,12.03,213400
2004-11-26 16:00:00-05:00,12.1,12.15,11.83,12.01,111000
2004-11-29 16:00:00-05:00,12.06,12.13,11.95,12.06,427900
2004-11-30 16:00:00-05:00,12.08,12.09,11.85,12.0,155200
2004-12-01 16:00:00-05:00,11.92,12.2,11.92,12.1,523800
2004-12-02 16:00:00-05:00,12.0,12.22,12.0,12.12,353900
2004-12-03 16:00:00-05:00,12.12,12.21,12.1,12.17,382600
2004-12-06 16:00:00-05:00,12.16,12.26,12.1,12.16,199100
2004-12-07 16:00:00-05:00,12.21,12.21,12.12,12.16,160000
2004-12-08 16:00:00-05:00,12.26,12.28,12.15,12.16,90400
2004-12-09 16:00:00-05:00,12.16,12.16,11.9,12.0,439800
2004-12-10 16:00:00-05:00,11.95,12.02,11.81,11.9,90500
2004-12-13 16:00:00-05:00,11.91,11.99,11.79,11.97,405100
2004-12-14 16:00:00-05:00,11.97,12.04,11.87,11.98,68900
2004-12-15 16:00:00-05:00,11.95,12.04,11.89,11.98,365800
2004-12-16 16:00:00-05:00,11.9,11.95,11.68,11.76,204000
2004-12-17 16:00:00-05:00,11.8,11.85,11.27,11.54,397100
2004-12-20 16:00:00-05:00,11.54,11.62,11.26,11.5,193400
2004-12-21 16:00:00-05:00,11.55,11.88,11.45,11.8,219300
2004-12-22 16:00:00-05:00,11.85,11.95,11.74,11.77,244400
2004-12-23 16:00:00-05:00,11.8,12.13,11.76,12.1,380500
2004-12-27 16:00:00-05:00,12.05,12.13,11.84,11.91,86200
2004-12-28 16:00:00-05:00,11.79,12.0,11.79,11.98,65900
2004-12-29 16:00:00-05:00,11.95,12.04,11.93,12.0,227400
2004-12-30 16:00:00-05:00,12.0,12.1,12.0,12.1,367200
2004-12-31 16:00:00-05:00,12.15,12.15,12.01,12.13,71500
2005-01-03 16:00:00-05:00,12.13,12.14,12.0,12.0,86000
2005-01-04 16:00:00-05:00,12.0,12.04,11.85,11.9,89500
2005-01-05 16:00:00-05:00,11.95,12.05,11.71,11.91,176400
2005-01-06 16:00:00-05:00,11.95,12.0,11.85,11.92,53900
2005-01-07 16:00:00-05:00,11.92,12.13,11.92,12.13,119000
2005-01-10 16:00:00-05:00,12.05,12.31,12.0,12.25,310600
2005-01-11 16:00:00-05:00,12.26,12.4,12.2,12.37,191100
2005-01-12 16:00:00-05:00,12.45,12.45,12.27,12.38,95900
2005-01-13 16:00:00-05:00,12.37,12.37,12.25,12.3,90600
2005-01-14 16:00:00-05:00,12.35,12.47,12.25,12.47,154000
2005-01-18 16:00:00-05:00,12.42,12.43,12.28,12.4,65600
2005-01-19 16:00:00-05:00,12.35,12.41,12.15,12.15,114500
2005-01-20 16:00:00-05:00,12.08,12.75,11.92,12.61,230100
2005-01-21 16:00:00-05:00,12.64,12.75,12.55,12.65,58400
2005-01-24 16:00:00-05:00,12.6,12.69,12.43,12.45,119400
2005-01-25 16:00:00-05:00,12.45,12.5,12.32,12.35,171200
2005-01-26 16:00:00-05:00,12.33,12.44,12.26,12.37,122700
2005-01-27 16:00:00-05:00,12.36,12.56,12.36,12.51,122100
2005-01-28 16:00:00-05:00,12.5,12.72,12.32,12.53,143200
2005-01-31 16:00:00-05:00,12.54,12.6,12.36,12.6,108200
2005-02-01 16:00:00-05:00,12.55,12.91,12.52,12.9,147600
2005-02-02 16:00:00-05:00,12.9,12.95,12.71,12.83,59300
2005-02-03 16:00:00-05:00,12.78,12.79,12.5,12.63,117700
2005-02-04 16:00:00-05:00,12.64,12.67,12.56,12.65,106500
2005-02-07 16:00:00-05:00,12.55,12.76,12.55,12.76,77200
2005-02-08 16:00:00-05:00,12.7,12.8,12.59,12.79,71600
2005-02-09 16:00:00-05:00,12.74,12.76,12.41,12.41,110900
2005-02-10 16:00:00-05:00,12.35,12.4,12.1,12.19,88900
2005-02-11 16:00:00-05:00,12.15,12.78,12.15,12.45,110000
2005-02-14 16:00:00-05:00,12.4,12.4,12.25,12.25,62300
2005-02-15 16:00:00-05:00,12.33,12.35,12.0,12.07,117700
2005-02-16 16:00:00-05:00,12.02,12.1,11.88,12.02,163500
2005-02-17 16:00:00-05:00,12.02,12.15,11.97,12.04,59400
2005-02-18 16:00:00-05:00,12.12,12.18,12.06,12.07,56400
2005-02-22 16:00:00-05:00,12.06,12.23,11.46,11.52,185600
2005-02-23 16:00:00-05:00,12.02,12.7,12.02,12.35,170800
2005-02-24 16:00:00-05:00,12.4,12.65,12.08,12.1,126600
2005-02-25 16:00:00-05:00,12.15,12.65,12.15,12.38,99900
2005-02-28 16:00:00-05:00,12.45,12.74,12.22,12.66,82200
2005-03-01 16:00:00-05:00,12.74,12.77,12.44,12.45,83500
2005-03-02 16:00:00-05:00,12.5,12.58,12.43,12.5,92000
2005-03-03 16:00:00-05:00,12.45,12.55,12.4,12.43,42000
2005-03-04 16:00:00-05:00,12.41,12.6,12.41,12.42,56400
2005-03-07 16:00:00-05:00,12.51,12.86,12.51,12.86,290000
2005-03-08 16:00:00-05:00,12.74,12.86,12.71,12.74,40100
2005-03-09 16:00:00-05:00,12.69,12.94,12.6,12.65,69600
2005-03-10 16:00:00-05:00,12.62,12.79,12.6,12.65,60100
2005-03-11 16:00:00-05:00,12.7,12.78,12.18,12.36,121100
2005-03-14 16:00:00-05:00,12.45,12.63,12.38,12.5,51700
2005-03-15 16:00:00-05:00,12.55,12.73,12.41,12.57,34400
2005-03-16 16:00:00-05:00,12.5,12.66,12.26,12.58,53400
2005-03-17 16:00:00-05:00,12.58,12.58,12.25,12.31,23200
2005-03-18 16:00:00-05:00,12.25,12.25,11.64,12.13,171200
2005-03-21 16:00:00-05:00,12.05,12.1,11.95,12.01,62700
2005-03-22 16:00:00-05:00,11.95,11.95,11.81,11.92,49900
2005-03-23 16:00:00-05:00,11.92,11.93,11.76,11.78,48100
2005-03-24 16:00:00-05:00,11.76,12.03,11.74,12.02,87200
2005-03-28 16:00:00-05:00,11.92,11.95,11.7,11.91,101500
2005-03-29 16:00:00-05:00,11.82,11.89,11.57,11.72,97800
2005-03-30 16:00:00-05:00,11.75,12.08,11.75,12.08,35600
2005-03-31 16:00:00-05:00,12.1,12.1,11.65,12.0,125700
2005-04-01 16:00:00-05:00,12.0,12.0,11.68,11.81,45200
2005-04-04 16:00:00-04:00,11.91,12.14,11.9,12.13,111500
2005-04-05 16:00:00-04:00,12.05,12.18,12.04,12.12,201000
2005-04-06 16:00:00-04:00,12.12,12.12,11.98,12.01,120600
2005-04-07 16:00:00-04:00,11.97,12.17,11.88,12.17,60700
2005-04-08 16:00:00-04:00,12.15,12.18,12.06,12.13,59800
2005-04-11 16:00:00-04:00,12.16,12.22,11.93,12.07,58200
2005-04-12 16:00:00-04:00,12.04,12.07,11.8,12.06,78900
2005-04-13 16:00:00-04:00,12.0,12.08,11.98,12.02,64400
2005-04-14 16:00:00-04:00,12.02,12.08,11.8,11.9,59400
2005-04-15 16:00:00-04:00,11.91,12.04,11.55,11.55,38200
2005-04-18 16:00:00-04:00,11.62,11.69,11.5,11.54,40900
2005-04-19 16:00:00-04:00,11.54,11.59,11.35,11.4,60000
2005-04-20 16:00:00-04:00,11.5,11.5,11.12,11.21,89500
2005-04-21 16:00:00-04:00,11.31,11.38,11.12,11.31,69700
2005-04-22 16:00:00-04:00,11.25,11.32,11.0,11.26,123600
2005-04-25 16:00:00-04:00,11.3,11.42,11.25,11.35,73600
2005-04-26 16:00:00-04:00,11.27,11.27,10.97,11.0,153100
2005-04-27 16:00:00-04:00,10.97,10.99,10.5,10.95,187700
2005-04-28 16:00:00-04:00,10.95,10.95,10.68,10.72,37600
2005-04-29 16:00:00-04:00,10.7,10.7,10.45,10.69,141400
2005-05-02 16:00:00-04:00,10.61,10.61,10.19,10.31,160300
2005-05-03 16:00:00-04:00,10.24,10.4,10.14,10.3,137500
2005-05-04 16:00:00-04:00,10.38,10.52,9.91,10.0,117200
2005-05-05 16:00:00-04:00,10.05,10.45,10.05,10.42,97600
2005-05-06 16:00:00-04:00,10.52,10.86,10.35,10.79,87100
2005-05-09 16:00:00-04:00,10.73,10.83,10.6,10.7,67100
2005-05-10 16:00:00-04:00,10.68,10.69,10.46,10.54,67100
2005-05-11 16:00:00-04:00,10.6,10.6,10.21,10.32,244200
2005-05-12 16:00:00-04:00,10.38,10.42,10.2,10.42,82400
2005-05-13 16:00:00-04:00,10.35,10.62,10.25,10.57,86100
2005-05-16 16:00:00-04:00,10.62,10.73,10.5,10.6,111100
2005-05-17 16:00:00-04:00,10.53,10.64,10.43,10.64,76000
2005-05-18 16:00:00-04:00,10.64,10.7,10.38,10.59,111300
2005-05-19 16:00:00-04:00,10.5,10.61,10.43,10.55,41900
2005-05-20 16:00:00-04:00,10.55,10.55,10.25,10.5,52000
2005-05-23 16:00:00-04:00,10.55,10.58,10.3,10.48,85600
2005-05-24 16:00:00-04:00,10.53,10.82,10.44,10.76,84200
2005-05-25 16:00:00-04:00,10.82,10.82,10.34,10.61,65200
2005-05-26 16:00:00-04:00,10.55,10.72,10.54,10.54,20300
2005-05-27 16:00:00-04:00,10.55,10.69,10.45,10.55,43500
2005-05-31 16:00:00-04:00,10.57,10.93,10.56,10.84,96200
2005-06-01 16:00:00-04:00,10.81,10.89,10.46,10.5,59000
2005-06-02 16:00:00-04:00,10.55,10.62,10.41,10.58,77700
2005-06-03 16:00:00-04:00,10.53,10.56,10.29,10.35,40400
2005-06-06 16:00:00-04:00,10.41,10.55,10.4,10.41,31400
2005-06-07 16:00:00-04:00,10.47,10.56,10.45,10.45,35300
2005-06-08 16:00:00-04:00,10.45,10.47,10.23,10.27,57400
2005-06-09 16:00:00-04:00,10.25,10.46,10.25,10.38,36600
2005-06-10 16:00:00-04:00,10.4,10.44,10.31,10.33,14100
2005-06-13 16:00:00-04:00,10.36,10.67,10.36,10.43,88600
2005-06-14 16:00:00-04:00,10.38,10.54,10.37,10.45,47400
2005-06-15 16:00:00-04:00,10.45,10.45,10.35,10.42,71500
2005-06-16 16:00:00-04:00,10.42,10.62,10.36,10.47,70800
2005-06-17 16:00:00-04:00,10.49,10.68,10.4,10.48,98700
2005-06-20 16:00:00-04:00,10.44,10.53,10.31,10.38,67600
2005-06-21 16:00:00-04:00,10.36,10.41,10.26,10.26,78600
2005-06-22 16:00:00-04:00,10.3,10.45,10.25,10.3,85800
2005-06-23 16:00:00-04:00,10.3,10.32,10.1,10.19,83600
2005-06-24 16:00:00-04:00,10.18,10.24,10.0,10.03,295900
2005-06-27 16:00:00-04:00,9.98,10.13,9.98,10.07,50800
2005-06-28 16:00:00-04:00,10.02,10.45,10.0,10.4,138800
2005-06-29 16:00:00-04:00,10.44,10.45,10.2,10.36,106000
2005-06-30 16:00:00-04:00,11.25,11.9,10.86,11.42,511800
2005-07-01 16:00:00-04:00,11.28,11.67,11.28,11.67,221000
2005-07-05 16:00:00-04:00,11.5,11.97,11.46,11.85,200500
2005-07-06 16:00:00-04:00,11.8,11.92,11.7,11.84,118300
2005-07-07 16:00:00-04:00,11.64,12.25,11.56,11.98,138100
2005-07-08 16:00:00-04:00,11.95,12.25,11.85,12.15,102400
2005-07-11 16:00:00-04:00,12.11,12.45,12.07,12.29,107500
2005-07-12 16:00:00-04:00,12.13,12.32,11.93,11.93,96100
2005-07-13 16:00:00-04:00,11.92,12.0,11.7,11.8,54100
2005-07-14 16:00:00-04:00,11.85,11.95,11.51,11.61,63800
2005-07-15 16:00:00-04:00,11.52,11.98,11.52,11.83,41200
2005-07-18 16:00:00-04:00,11.77,11.77,11.45,11.54,89800
2005-07-19 16:00:00-04:00,11.54,12.0,11.54,11.96,67100
2005-07-20 16:00:00-04:00,11.9,12.01,11.59,11.95,76100
2005-07-21 16:00:00-04:00,11.9,11.94,11.6,11.75,96800
2005-07-22 16:00:00-04:00,11.75,12.34,11.75,12.34,100300
2005-07-25 16:00:00-04:00,12.26,12.35,12.15,12.22,62800
2005-07-26 16:00:00-04:00,12.29,12.34,12.03,12.25,67400
2005-07-27 16:00:00-04:00,12.3,12.35,11.94,12.3,59200
2005-07-28 16:00:00-04:00,12.33,12.46,12.09,12.4,57700
2005-07-29 16:00:00-04:00,12.4,12.42,12.16,12.29,49100
2005-08-01 16:00:00-04:00,12.24,12.31,12.12,12.12,56200
2005-08-02 16:00:00-04:00,12.17,12.54,12.17,12.5,125400
2005-08-03 16:00:00-04:00,12.42,12.48,12.2,12.44,138900
2005-08-04 16:00:00-04:00,12.32,12.44,12.23,12.35,47500
2005-08-05 16:00:00-04:00,12.4,12.4,12.15,12.28,65600
2005-08-08 16:00:00-04:00,12.28,12.43,12.28,12.31,28500
2005-08-09 16:00:00-04:00,12.31,12.4,12.29,12.4,119100
2005-08-10 16:00:00-04:00,12.33,12.45,12.3,12.41,56100
2005-08-11 16:00:00-04:00,12.35,12.4,12.22,12.32,56100
2005-08-12 16:00:00-04:00,12.32,12.33,12.2,12.32,44900
2005-08-15 16:00:00-04:00,12.25,12.42,12.21,12.37,61200
2005-08-16 16:00:00-04:00,12.28,12.28,12.12,12.23,77900
2005-08-17 16:00:00-04:00,12.24,12.43,12.12,12.39,32900
2005-08-18 16:00:00-04:00,12.29,12.42,12.19,12.24,60700
2005-08-19 16:00:00-04:00,12.2,12.37,12.17,12.26,29700
2005-08-22 16:00:00-04:00,12.32,12.45,12.25,12.36,45900
2005-08-23 16:00:00-04:00,12.31,12.39,12.1,12.19,46800
2005-08-24 16:00:00-04:00,12.15,12.29,12.064,12.17,34900
2005-08-25 16:00:00-04:00,12.17,12.21,11.84,12.11,49800
2005-08-26 16:00:00-04:00,12.01,12.25,11.9,12.0,46600
2005-08-29 16:00:00-04:00,11.97,12.25,11.89,12.17,37000
2005-08-30 16:00:00-04:00,12.17,12.23,11.93,12.2,21200
2005-08-31 16:00:00-04:00,12.3,12.63,12.14,12.63,100900
2005-09-01 16:00:00-04:00,12.56,12.61,12.25,12.35,67900
2005-09-02 16:00:00-04:00,12.36,12.62,12.24,12.27,23200
2005-09-06 16:00:00-04:00,12.2,12.54,12.2,12.41,51500
2005-09-07 16:00:00-04:00,13.2,13.8,13.0,13.29,393400
2005-09-08 16:00:00-04:00,12.65,13.38,12.42,13.32,174700
2005-09-09 16:00:00-04:00,13.25,13.47,13.1,13.24,105600
2005-09-12 16:00:00-04:00,13.25,13.39,13.05,13.23,61300
2005-09-13 16:00:00-04:00,13.15,13.25,12.73,12.98,120900
2005-09-14 16:00:00-04:00,13.05,13.19,12.77,13.04,70600
2005-09-15 16:00:00-04:00,13.08,13.21,13.02,13.19,38200
2005-09-16 16:00:00-04:00,13.26,13.26,12.88,13.16,158500
2005-09-19 16:00:00-04:00,13.1,13.26,13.08,13.18,48100
2005-09-20 16:00:00-04:00,13.19,13.33,13.02,13.09,106200
2005-09-21 16:00:00-04:00,13.06,13.09,12.68,12.77,69900
2005-09-22 16:00:00-04:00,12.7,12.91,12.65,12.84,63600
2005-09-23 16:00:00-04:00,12.8,13.03,12.6,12.81,44200
2005-09-26 16:00:00-04:00,12.9,13.16,12.8,13.05,99800
2005-09-27 16:00:00-04:00,12.95,13.03,12.6,12.78,108000
2005-09-28 16:00:00-04:00,12.68,12.95,12.59,12.7,97500
2005-09-29 16:00:00-04:00,12.76,13.06,12.52,12.98,57000
2005-09-30 16:00:00-04:00,12.88,13.43,12.72,13.0,286600
2005-10-03 16:00:00-04:00,12.9,13.18,12.89,12.98,131000
2005-10-04 16:00:00-04:00,12.98,13.18,12.68,12.85,82100
2005-10-05 16:00:00-04:00,12.8,12.89,12.59,12.67,87700
2005-10-06 16:00:00-04:00,12.75,12.93,12.43,12.66,112900
2005-10-07 16:00:00-04:00,12.67,12.77,12.62,12.68,61400
2005-10-10 16:00:00-04:00,12.68,12.87,12.56,12.72,71900
2005-10-11 16:00:00-04:00,12.73,12.89,12.57,12.62,70000
2005-10-12 16:00:00-04:00,12.52,12.69,12.25,12.41,105400
2005-10-13 16:00:00-04:00,12.34,12.49,12.2,12.33,41400
2005-10-14 16:00:00-04:00,12.42,12.83,12.34,12.79,87000
2005-10-17 16:00:00-04:00,12.85,13.0,12.54,12.81,84400
2005-10-18 16:00:00-04:00,12.75,12.75,12.37,12.57,71900
2005-10-19 16:00:00-04:00,12.5,12.87,12.37,12.87,76500
2005-10-20 16:00:00-04:00,12.84,12.87,12.51,12.74,74700
2005-10-21 16:00:00-04:00,12.73,12.87,12.51,12.61,46300
2005-10-24 16:00:00-04:00,12.7,12.88,12.67,12.71,52800
2005-10-25 16:00:00-04:00,12.7,12.87,12.49,12.75,62000
2005-10-26 16:00:00-04:00,12.75,12.88,12.4401,12.69,70300
2005-10-27 16:00:00-04:00,12.6,12.69,12.22,12.46,54300
2005-10-28 16:00:00-04:00,12.49,12.58,12.29,12.55,48300
2005-10-31 16:00:00-05:00,12.59,12.87,12.59,12.75,70400
2005-11-01 16:00:00-05:00,12.7,12.9,12.57,12.87,64400
2005-11-02 16:00:00-05:00,12.83,13.19,12.83,12.99,187100
2005-11-03 16:00:00-05:00,13.08,13.3,13.0,13.04,78600
2005-11-04 16:00:00-05:00,12.95,13.23,12.8201,12.98,77700
2005-11-07 16:00:00-05:00,12.96,13.07,12.75,12.81,61200
2005-11-08 16:00:00-05:00,12.75,12.93,12.74,12.81,76800
2005-11-09 16:00:00-05:00,12.78,13.12,12.78,12.99,58900
2005-11-10 16:00:00-05:00,13.0,13.44,12.75,13.3,65800
2005-11-11 16:00:00-05:00,13.3,13.37,13.18,13.26,37700
2005-11-14 16:00:00-05:00,13.25,13.25,12.97,13.08,29500
2005-11-15 16:00:00-05:00,13.07,13.15,12.8,12.84,31800
2005-11-16 16:00:00-05:00,12.84,12.99,12.62,12.83,37800
2005-11-17 16:00:00-05:00,12.78,12.98,12.78,12.88,24300
2005-11-18 16:00:00-05:00,12.88,13.0,12.62,12.93,62400
2005-11-21 16:00:00-05:00,12.87,12.94,12.35,12.89,137100
2005-11-22 16:00:00-05:00,12.82,13.34,12.76,13.26,156400
2005-11-23 16:00:00-05:00,13.16,13.26,13.1,13.23,40300
2005-11-25 16:00:00-05:00,13.2,13.39,13.09,13.39,11600
2005-11-28 16:00:00-05:00,13.36,13.39,13.1,13.11,54200
2005-11-29 16:00:00-05:00,13.2,13.31,13.13,13.18,42500
2005-11-30 16:00:00-05:00,13.15,13.55,13.03,13.51,111800
2005-12-01 16:00:00-05:00,13.81,14.74,13.81,14.59,987200
2005-12-02 16:00:00-05:00,14.51,14.74,14.25,14.62,206800
2005-12-05 16:00:00-05:00,14.67,14.85,14.4,14.69,273200
2005-12-06 16:00:00-05:00,14.79,14.9,14.57,14.63,166100
2005-12-07 16:00:00-05:00,14.63,14.75,14.51,14.7,135900
2005-12-08 16:00:00-05:00,14.74,14.98,14.61,14.74,264100
2005-12-09 16:00:00-05:00,14.7,14.73,14.55,14.7,101900
2005-12-12 16:00:00-05:00,14.7,14.84,14.62,14.71,130500
2005-12-13 16:00:00-05:00,14.69,14.83,14.64,14.78,118300
2005-12-14 16:00:00-05:00,14.75,14.82,14.64,14.7,176300
2005-12-15 16:00:00-05:00,14.75,14.77,14.54,14.7,206400
2005-12-16 16:00:00-05:00,14.7,14.82,14.34,14.43,292400
2005-12-19 16:00:00-05:00,14.02,14.52,14.02,14.39,170100
2005-12-20 16:00:00-05:00,14.45,14.6,14.39,14.43,139800
2005-12-21 16:00:00-05:00,14.49,14.65,14.37,14.48,149800
2005-12-22 16:00:00-05:00,14.48,14.63,14.36,14.47,150100
2005-12-23 16:00:00-05:00,14.48,14.69,14.48,14.5,73700
2005-12-27 16:00:00-05:00,14.6,14.67,14.26,14.42,87800
2005-12-28 16:00:00-05:00,14.28,14.74,14.25,14.72,136400
2005-12-29 16:00:00-05:00,14.72,14.81,14.58,14.67,69300
2005-12-30 16:00:00-05:00,14.57,14.68,14.44,14.68,97200
2006-01-03 16:00:00-05:00,14.78,14.85,14.67,14.82,191600
2006-01-04 16:00:00-05:00,14.83,14.96,14.6,14.9,201800
2006-01-05 16:00:00-05:00,14.8,14.97,14.7,14.84,159600
2006-01-06 16:00:00-05:00,14.98,15.07,14.76,15.0,238400
2006-01-09 16:00:00-05:00,15.0,15.1,14.98,15.0,161300
2006-01-10 16:00:00-05:00,14.91,15.05,14.75,14.9,186400
2006-01-11 16:00:00-05:00,14.87,15.01,14.6,14.92,125300
2006-01-12 16:00:00-05:00,14.95,15.01,14.62,14.86,156500
2006-01-13 16:00:00-05:00,14.9,14.96,14.72,14.81,48200
2006-01-17 16:00:00-05:00,14.81,15.07,14.76,15.02,218300
2006-01-18 16:00:00-05:00,14.97,15.46,14.97,15.38,336800
2006-01-19 16:00:00-05:00,15.1,15.9,15.0,15.31,192600
2006-01-20 16:00:00-05:00,15.15,15.19,14.72,14.78,108200
2006-01-23 16:00:00-05:00,14.73,14.85,14.58,14.64,80400
2006-01-24 16:00:00-05:00,14.65,14.85,14.56,14.7,95600
2006-01-25 16:00:00-05:00,14.78,14.9,14.69,14.9,93600
2006-01-26 16:00:00-05:00,14.9,14.9,14.62,14.75,68200
2006-01-27 16:00:00-05:00,14.7,15.13,14.68,14.73,78200
2006-01-30 16:00:00-05:00,14.66,14.77,14.63,14.74,75100
2006-01-31 16:00:00-05:00,14.69,14.8,14.62,14.65,114600
2006-02-01 16:00:00-05:00,14.6,15.04,14.51,14.96,127000
2006-02-02 16:00:00-05:00,14.94,14.94,14.48,14.8,116600
2006-02-03 16:00:00-05:00,14.8,14.92,14.57,14.88,56600
2006-02-06 16:00:00-05:00,14.77,15.18,14.72,15.01,157200
2006-02-07 16:00:00-05:00,15.08,15.2,14.75,14.82,83700
2006-02-08 16:00:00-05:00,14.88,15.25,14.68,15.25,121600
2006-02-09 16:00:00-05:00,15.2,15.49,15.15,15.47,115800
2006-02-10 16:00:00-05:00,15.48,15.49,15.14,15.23,92700
2006-02-13 16:00:00-05:00,15.25,15.25,14.92,15.18,61900
2006-02-14 16:00:00-05:00,15.18,15.38,14.88,15.02,94300
2006-02-15 16:00:00-05:00,15.05,15.17,14.96,15.04,56200
2006-02-16 16:00:00-05:00,15.03,15.17,14.97,15.17,102100
2006-02-17 16:00:00-05:00,14.22,15.28,14.22,15.08,83900
2006-02-21 16:00:00-05:00,15.02,15.29,14.82,15.11,94700
2006-02-22 16:00:00-05:00,15.13,15.2,15.0,15.18,50300
2006-02-23 16:00:00-05:00,15.19,15.19,14.58,14.58,88800
2006-02-24 16:00:00-05:00,14.65,14.95,14.5,14.72,59000
2006-02-27 16:00:00-05:00,14.81,15.09,14.71,15.04,37500
2006-02-28 16:00:00-05:00,15.03,15.15,14.82,14.95,50800
2006-03-01 16:00:00-05:00,15.0,15.63,14.91,15.47,230000
2006-03-02 16:00:00-05:00,15.95,16.34,15.55,16.13,550000
2006-03-03 16:00:00-05:00,15.26,16.93,16.3,16.31,305200
2006-03-06 16:00:00-05:00,16.2,16.3,15.92,16.13,233900
2006-03-07 16:00:00-05:00,16.08,16.29,15.9,16.01,186600
2006-03-08 16:00:00-05:00,16.0,16.35,15.86,16.25,94200
2006-03-09 16:00:00-05:00,16.35,16.7,16.25,16.5,328100
2006-03-10 16:00:00-05:00,16.5,16.86,16.44,16.8,431700
2006-03-13 16:00:00-05:00,16.88,16.95,16.78,16.79,203600
2006-03-14 16:00:00-05:00,16.81,17.0176,16.68,16.96,206500
2006-03-15 16:00:00-05:00,16.99,17.0,16.7,16.94,181800
2006-03-16 16:00:00-05:00,16.99,17.08,16.83,16.91,220600
2006-03-17 16:00:00-05:00,16.99,17.02,16.81,16.95,342900
2006-03-20 16:00:00-05:00,16.93,17.0,16.59,16.7,202900
2006-03-21 16:00:00-05:00,16.6,16.67,16.38,16.43,155100
2006-03-22 16:00:00-05:00,16.35,16.88,16.23,16.87,109000
2006-03-23 16:00:00-05:00,16.9,16.98,16.59,16.88,110600
2006-03-24 16:00:00-05:00,16.82,16.93,16.55,16.79,108600
2006-03-27 16:00:00-05:00,16.83,17.0,16.71,16.96,79000
2006-03-28 16:00:00-05:00,16.98,17.04,16.79,16.95,178800
2006-03-29 16:00:00-05:00,16.86,17.0,16.8,16.95,179200
2006-03-30 16:00:00-05:00,16.98,16.98,16.63,16.81,159500
2006-03-31 16:00:00-05:00,16.89,16.96,16.75,16.9,163100
2006-04-03 16:00:00-04:00,16.9,17.16,16.56,16.66,155900
2006-04-04 16:00:00-04:00,16.58,16.76,16.3,16.5,123900
2006-04-05 16:00:00-04:00,16.39,17.12,16.39,17.0,243600
2006-04-06 16:00:00-04:00,16.96,17.37,16.91,17.34,295500
2006-04-07 16:00:00-04:00,17.42,17.48,17.03,17.25,216500
2006-04-10 16:00:00-04:00,17.15,17.25,16.67,16.95,477200
2006-04-11 16:00:00-04:00,16.9,17.1,16.7,16.86,153700
2006-04-12 16:00:00-04:00,16.97,17.15,16.85,16.95,200900
2006-04-13 16:00:00-04:00,16.96,17.15,16.75,17.0,363900
2006-04-17 16:00:00-04:00,16.98,17.14,16.85,17.05,204400
2006-04-18 16:00:00-04:00,17.01,17.25,16.91,17.17,329600
2006-04-19 16:00:00-04:00,17.06,17.24,16.94,17.22,209700
2006-04-20 16:00:00-04:00,17.26,17.35,16.88,17.23,395100
2006-04-21 16:00:00-04:00,17.25,17.26,17.03,17.13,339900
2006-04-24 16:00:00-04:00,17.05,17.22,16.93,17.03,176800
2006-04-25 16:00:00-04:00,17.05,17.39,16.95,17.14,358500
2006-04-26 16:00:00-04:00,17.2,17.54,17.1,17.24,265800
2006-04-27 16:00:00-04:00,17.12,17.5,16.94,17.37,165400
2006-04-28 16:00:00-04:00,16.87,17.6,16.87,17.34,181100
2006-05-01 16:00:00-04:00,17.34,17.51,17.15,17.2,190600
2006-05-02 16:00:00-04:00,17.27,17.48,17.1101,17.45,120100
2006-05-03 16:00:00-04:00,17.27,17.57,17.21,17.45,145900
2006-05-04 16:00:00-04:00,17.45,17.47,17.17,17.27,139300
2006-05-05 16:00:00-04:00,17.2,17.52,17.2,17.47,162900
2006-05-08 16:00:00-04:00,17.4,17.93,17.38,17.85,173900
2006-05-09 16:00:00-04:00,17.89,18.05,17.71,17.73,219100
2006-05-10 16:00:00-04:00,17.71,18.01,17.7,17.95,182200
2006-05-11 16:00:00-04:00,18.02,18.1,17.87,17.92,218200
2006-05-12 16:00:00-04:00,17.42,18.05,17.42,18.0,259100
2006-05-15 16:00:00-04:00,18.0,18.09,17.85,17.98,216500
2006-05-16 16:00:00-04:00,18.03,18.25,17.98,18.2,149700
2006-05-17 16:00:00-04:00,18.2,18.24,17.91,18.1,114100
2006-05-18 16:00:00-04:00,18.09,18.2,17.8,17.85,122700
2006-05-19 16:00:00-04:00,17.77,18.02,17.66,17.96,176800
2006-05-22 16:00:00-04:00,17.92,18.23,17.83,17.87,309800
2006-05-23 16:00:00-04:00,17.99,18.16,17.85,17.9,292800
2006-05-24 16:00:00-04:00,17.93,18.0,17.7,17.92,141800
2006-05-25 16:00:00-04:00,18.0,18.25,17.9,18.24,197900
2006-05-26 16:00:00-04:00,18.14,18.46,18.11,18.37,90900
2006-05-30 16:00:00-04:00,18.33,18.33,17.81,17.88,186600
2006-05-31 16:00:00-04:00,17.91,18.14,17.61,17.85,115600
2006-06-01 16:00:00-04:00,17.85,18.15,17.85,18.13,163600
2006-06-02 16:00:00-04:00,18.13,18.54,18.05,18.54,206200
2006-06-05 16:00:00-04:00,18.43,18.44,17.9,18.26,273200
2006-06-06 16:00:00-04:00,18.24,18.24,17.8,18.12,200600
2006-06-07 16:00:00-04:00,18.13,18.29,17.86,17.92,169800
2006-06-08 16:00:00-04:00,17.9,18.0,17.53,17.85,220100
2006-06-09 16:00:00-04:00,17.86,17.9175,17.44,17.56,129000
2006-06-12 16:00:00-04:00,17.53,17.79,16.79,17.0,526600
2006-06-13 16:00:00-04:00,16.75,16.75,15.51,16.23,1056000
2006-06-14 16:00:00-04:00,16.24,16.9,16.06,16.32,445300
2006-06-15 16:00:00-04:00,16.47,17.0,16.46,16.74,368300
2006-06-16 16:00:00-04:00,16.74,16.96,16.6,16.77,392700
2006-06-19 16:00:00-04:00,16.82,16.89,16.43,16.55,202000
2006-06-20 16:00:00-04:00,16.51,16.64,16.23,16.34,165200
2006-06-21 16:00:00-04:00,16.28,16.65,16.28,16.42,225900
2006-06-22 16:00:00-04:00,16.35,16.5,16.23,16.41,198600
2006-06-23 16:00:00-04:00,16.31,16.51,16.21,16.45,160300
2006-06-26 16:00:00-04:00,16.5,16.59,16.39,16.54,188800
2006-06-27 16:00:00-04:00,16.58,16.7,16.27,16.33,232100
2006-06-28 16:00:00-04:00,16.26,16.39,16.02,16.34,172700
2006-06-29 16:00:00-04:00,16.4,17.05,16.27,17.02,168400
2006-06-30 16:00:00-04:00,17.05,17.26,16.75,16.89,433100
2006-07-03 16:00:00-04:00,16.95,17.48,16.81,17.44,110000
2006-07-05 16:00:00-04:00,17.49,17.49,16.87,17.25,256500
2006-07-06 16:00:00-04:00,17.28,17.57,16.92,16.99,122800
2006-07-07 16:00:00-04:00,16.97,17.13,16.81,16.9,103500
2006-07-10 16:00:00-04:00,16.96,17.25,16.94,16.96,159800
2006-07-11 16:00:00-04:00,16.91,17.25,16.62,17.19,98900
2006-07-12 16:00:00-04:00,17.17,17.25,16.62,16.65,93400
2006-07-13 16:00:00-04:00,16.63,16.67,16.25,16.32,83900
2006-07-14 16:00:00-04:00,16.26,16.65,16.0,16.5,165900
2006-07-17 16:00:00-04:00,16.45,16.52,16.01,16.17,128100
2006-07-18 16:00:00-04:00,16.24,16.41,15.89,16.28,75400
2006-07-19 16:00:00-04:00,16.36,16.91,16.29,16.8,121200
2006-07-20 16:00:00-04:00,16.9,16.96,16.43,16.5,111600
2006-07-21 16:00:00-04:00,16.42,16.56,16.1,16.46,145200
2006-07-24 16:00:00-04:00,16.48,16.97,16.48,16.78,120700
2006-07-25 16:00:00-04:00,16.6,16.77,16.44,16.63,162300
2006-07-26 16:00:00-04:00,16.54,16.69,16.3,16.46,72900
2006-07-27 16:00:00-04:00,16.52,16.52,15.94,16.12,105800
2006-07-28 16:00:00-04:00,16.19,16.57,16.19,16.5,90300
2006-07-31 16:00:00-04:00,16.4,16.58,16.2,16.32,90900
2006-08-01 16:00:00-04:00,16.22,16.27,15.89,16.14,104100
2006-08-02 16:00:00-04:00,16.2,16.45,16.1,16.35,141000
2006-08-03 16:00:00-04:00,16.25,16.53,16.1,16.52,92600
2006-08-04 16:00:00-04:00,16.55,16.69,16.07,16.36,82700
2006-08-07 16:00:00-04:00,16.3,16.3,16.0,16.11,105200
2006-08-08 16:00:00-04:00,16.11,16.22,15.81,15.87,189500
2006-08-09 16:00:00-04:00,15.95,16.15,15.63,15.65,106400
2006-08-10 16:00:00-04:00,15.55,15.96,15.5,15.8,135900
2006-08-11 16:00:00-04:00,15.78,15.97,15.64,15.92,77200
2006-08-14 16:00:00-04:00,15.99,16.3,15.99,16.13,142700
2006-08-15 16:00:00-04:00,16.34,16.35,16.12,16.15,109900
2006-08-16 16:00:00-04:00,16.21,16.28,16.05,16.12,235500
2006-08-17 16:00:00-04:00,16.09,16.19,15.79,15.89,325300
2006-08-18 16:00:00-04:00,15.93,16.05,15.84,15.9,280500
2006-08-21 16:00:00-04:00,15.8,15.95,15.76,15.92,91900
2006-08-22 16:00:00-04:00,15.87,15.95,15.82,15.85,186900
2006-08-23 16:00:00-04:00,15.82,15.95,15.63,15.72,134600
2006-08-24 16:00:00-04:00,15.82,15.89,15.59,15.73,147900
2006-08-25 16:00:00-04:00,15.66,15.8,15.49,15.54,110600
2006-08-28 16:00:00-04:00,15.53,15.61,15.36,15.42,282800
2006-08-29 16:00:00-04:00,15.47,15.55,15.35,15.49,257200
2006-08-30 16:00:00-04:00,15.53,15.79,15.4,15.53,134800
2006-08-31 16:00:00-04:00,16.0,17.5048,16.0,17.28,789300
2006-09-01 16:00:00-04:00,17.03,17.45,16.98,17.0,299600
2006-09-05 16:00:00-04:00,17.17,17.2,16.95,17.01,358700
2006-09-06 16:00:00-04:00,17.0,17.15,16.91,16.98,224300
2006-09-07 16:00:00-04:00,16.97,17.36,16.8722,17.29,423200
2006-09-08 16:00:00-04:00,17.45,17.46,17.25,17.3,201200
2006-09-11 16:00:00-04:00,17.28,17.48,17.05,17.1,184700
2006-09-12 16:00:00-04:00,17.1,17.17,16.86,17.02,279800
2006-09-13 16:00:00-04:00,16.9,16.95,16.77,16.81,211600
2006-09-14 16:00:00-04:00,16.86,17.05,16.7,16.77,129100
2006-09-15 16:00:00-04:00,16.85,17.22,16.85,17.0,222100
2006-09-18 16:00:00-04:00,17.01,17.23,16.87,16.93,151700
2006-09-19 16:00:00-04:00,16.87,16.94,16.28,16.61,196700
2006-09-20 16:00:00-04:00,16.67,17.1,16.66,16.84,134800
2006-09-21 16:00:00-04:00,16.88,16.96,16.46,16.6,119000
2006-09-22 16:00:00-04:00,16.55,16.6,16.31,16.57,71900
2006-09-25 16:00:00-04:00,16.61,16.93,16.51,16.78,97500
2006-09-26 16:00:00-04:00,16.66,16.8,16.52,16.75,114600
2006-09-27 16:00:00-04:00,16.6,16.64,16.38,16.61,102100
2006-09-28 16:00:00-04:00,16.61,16.82,16.44,16.69,81700
2006-09-29 16:00:00-04:00,16.63,16.82,16.43,16.43,183600
2006-10-02 16:00:00-04:00,16.47,16.59,16.34,16.41,118000
2006-10-03 16:00:00-04:00,16.33,16.43,16.1,16.37,137100
2006-10-04 16:00:00-04:00,16.36,16.53,16.04,16.42,173900
2006-10-05 16:00:00-04:00,16.49,16.86,16.45,16.83,138400
2006-10-06 16:00:00-04:00,16.83,16.83,16.57,16.65,152400
2006-10-09 16:00:00-04:00,16.59,16.73,16.51,16.65,34900
2006-10-10 16:00:00-04:00,16.72,16.78,16.6201,16.75,60500
2006-10-11 16:00:00-04:00,16.71,16.71,16.25,16.49,74500
2006-10-12 16:00:00-04:00,16.57,16.9,16.57,16.89,82300
2006-10-13 16:00:00-04:00,16.9,17.24,16.85,17.11,217100
2006-10-16 16:00:00-04:00,17.1,17.19,16.89,16.95,88100
2006-10-17 16:00:00-04:00,16.75,16.8146,16.59,16.68,92500
2006-10-18 16:00:00-04:00,16.78,16.82,16.41,16.48,100000
2006-10-19 16:00:00-04:00,16.48,17.02,16.38,17.01,156800
2006-10-20 16:00:00-04:00,17.3,17.6,17.19,17.19,255400
2006-10-23 16:00:00-04:00,17.33,17.38,16.99,17.0,181400
2006-10-24 16:00:00-04:00,16.99,17.15,16.69,16.82,103400
2006-10-25 16:00:00-04:00,16.72,17.03,16.7,16.82,64600
2006-10-26 16:00:00-04:00,16.9,16.93,16.67,16.86,86500
2006-10-27 16:00:00-04:00,16.8,17.14,16.72,16.75,92300
2006-10-30 16:00:00-05:00,16.67,17.0,16.6,16.95,85700
2006-10-31 16:00:00-05:00,17.0,17.0,16.53,16.67,155600
2006-11-01 16:00:00-05:00,16.76,16.76,16.25,16.29,157500
2006-11-02 16:00:00-05:00,16.19,16.23,15.96,16.04,125400
2006-11-03 16:00:00-05:00,16.08,16.2,15.95,16.2,81900
2006-11-06 16:00:00-05:00,16.27,16.33,16.01,16.31,99200
2006-11-07 16:00:00-05:00,16.28,16.61,16.22,16.4,117600
2006-11-08 16:00:00-05:00,16.31,16.64,16.2,16.45,86500
2006-11-09 16:00:00-05:00,16.49,16.49,16.02,16.07,85500
2006-11-10 16:00:00-05:00,16.03,16.2197,15.91,16.18,75300
2006-11-13 16:00:00-05:00,16.22,16.22,15.9,16.0,116000
2006-11-14 16:00:00-05:00,16.0,16.18,15.75,16.1,136800
2006-11-15 16:00:00-05:00,16.1,16.22,15.91,16.15,155800
2006-11-16 16:00:00-05:00,16.15,16.15,15.96,16.05,137700
2006-11-17 16:00:00-05:00,16.02,16.1,15.7,15.82,193800
2006-11-20 16:00:00-05:00,15.76,16.11,15.76,16.0,83400
2006-11-21 16:00:00-05:00,15.99,16.05,15.8,15.94,70100
2006-11-22 16:00:00-05:00,15.94,15.96,15.81,15.93,112900
2006-11-24 16:00:00-05:00,15.92,16.03,15.85,15.94,24300
2006-11-27 16:00:00-05:00,15.86,15.92,15.65,15.9,310400
2006-11-28 16:00:00-05:00,15.88,16.0,15.7,15.93,194300
2006-11-29 16:00:00-05:00,16.0,16.13,15.85,15.98,97500
2006-11-30 16:00:00-05:00,15.96,16.05,15.8,15.94,149200
2006-12-01 16:00:00-05:00,15.98,16.05,15.75,15.99,155300
2006-12-04 16:00:00-05:00,16.08,16.21,15.9488,16.14,230500
2006-12-05 16:00:00-05:00,16.65,17.2,16.28,17.0,883700
2006-12-06 16:00:00-05:00,16.9,16.95,16.31,16.36,229200
2006-12-07 16:00:00-05:00,16.42,16.65,16.4,16.56,245200
2006-12-08 16:00:00-05:00,16.57,16.8,16.56,16.73,185200
2006-12-11 16:00:00-05:00,16.85,17.09,16.7,17.0,168500
2006-12-12 16:00:00-05:00,17.0,17.15,16.8,16.91,199700
2006-12-13 16:00:00-05:00,16.94,16.94,16.64,16.69,315700
2006-12-14 16:00:00-05:00,16.66,16.85,16.66,16.71,305300
2006-12-15 16:00:00-05:00,16.67,16.8,16.59,16.69,254800
2006-12-18 16:00:00-05:00,16.75,16.85,16.35,16.47,186800
2006-12-19 16:00:00-05:00,16.42,16.45,16.28,16.41,274400
2006-12-20 16:00:00-05:00,16.44,16.67,16.42,16.54,239000
2006-12-21 16:00:00-05:00,16.54,16.61,16.29,16.49,142000
2006-12-22 16:00:00-05:00,16.48,16.54,16.07,16.36,197600
2006-12-26 16:00:00-05:00,16.35,16.56,16.17,16.37,306300
2006-12-27 16:00:00-05:00,16.45,16.57,16.41,16.45,113200
2006-12-28 16:00:00-05:00,16.4,16.51,16.33,16.44,123700
2006-12-29 16:00:00-05:00,16.37,16.46,16.19,16.3,207200
2007-01-03 16:00:00-05:00,16.32,16.45,16.08,16.18,159300
2007-01-04 16:00:00-05:00,16.19,16.34,16.05,16.29,123000
2007-01-05 16:00:00-05:00,16.17,16.29,16.05,16.09,149100
2007-01-08 16:00:00-05:00,16.15,16.32,16.0,16.19,197000
2007-01-09 16:00:00-05:00,16.28,16.28,16.01,16.08,185500
2007-01-10 16:00:00-05:00,16.01,16.11,15.85,15.99,206000
2007-01-11 16:00:00-05:00,15.99,16.39,15.91,16.36,227500
2007-01-12 16:00:00-05:00,16.3,16.63,16.25,16.45,246700
2007-01-16 16:00:00-05:00,16.5,16.66,16.25,16.33,120800
2007-01-17 16:00:00-05:00,16.28,16.57,16.28,16.34,321600
2007-01-18 16:00:00-05:00,16.3,16.36,16.05,16.14,216200
2007-01-19 16:00:00-05:00,16.2,16.41,16.11,16.39,158000
2007-01-22 16:00:00-05:00,16.4,16.4,16.21,16.32,89100
2007-01-23 16:00:00-05:00,16.24,16.32,16.05,16.09,181500
2007-01-24 16:00:00-05:00,16.08,16.28,16.08,16.2,51800
2007-01-25 16:00:00-05:00,16.26,16.3,16.08,16.2,117900
2007-01-26 16:00:00-05:00,16.25,16.26,15.84,15.93,253700
2007-01-29 16:00:00-05:00,15.95,16.19,15.93,15.98,91100
2007-01-30 16:00:00-05:00,16.05,16.13,16.03,16.08,78700
2007-01-31 16:00:00-05:00,16.08,16.15,15.93,16.08,85200
2007-02-01 16:00:00-05:00,16.09,16.17,15.98,16.01,75200
2007-02-02 16:00:00-05:00,16.1,16.22,16.0904,16.19,55100
2007-02-05 16:00:00-05:00,16.16,16.21,15.96,16.02,153300
2007-02-06 16:00:00-05:00,16.14,16.28,16.1103,16.22,233900
2007-02-07 16:00:00-05:00,16.27,16.29,16.1,16.2,159000
2007-02-08 16:00:00-05:00,16.17,16.3,16.1,16.18,80200
2007-02-09 16:00:00-05:00,16.12,16.27,16.11,16.14,85700
2007-02-12 16:00:00-05:00,16.23,16.45,16.2,16.4,121789
2007-02-13 16:00:00-05:00,16.31,16.5,16.015,16.05,225620
2007-02-14 16:00:00-05:00,16.15,16.3,16.1,16.11,173675
2007-02-15 16:00:00-05:00,16.11,16.19,16.02,16.07,184500
2007-02-16 16:00:00-05:00,16.07,16.2,15.99,16.07,120500
2007-02-20 16:00:00-05:00,15.95,16.33,15.85,16.22,184500
2007-02-21 16:00:00-05:00,16.13,16.28,16.04,16.2,133300
2007-02-22 16:00:00-05:00,16.22,16.4,16.14,16.33,121900
2007-02-23 16:00:00-05:00,16.29,16.48,16.26,16.32,139000
2007-02-26 16:00:00-05:00,16.29,16.42,16.19,16.2,167584
2007-02-27 16:00:00-05:00,16.19,16.2,15.9,16.02,179900
2007-02-28 16:00:00-05:00,16.02,16.12,15.8,15.9,210300
2007-03-01 16:00:00-05:00,15.8,16.25,15.77,15.94,231300
2007-03-02 16:00:00-05:00,15.89,16.0,15.79,15.81,159300
2007-03-05 16:00:00-05:00,15.72,16.02,15.71,15.82,228900
2007-03-06 16:00:00-05:00,15.93,16.18,15.82,16.01,166500
2007-03-07 16:00:00-05:00,16.03,16.07,15.9,16.05,182900
2007-03-08 16:00:00-05:00,16.12,16.22,16.02,16.1,115000
2007-03-09 16:00:00-05:00,16.2,16.21,15.85,15.93,280000
2007-03-12 16:00:00-04:00,15.86,16.21,15.86,16.05,164900
2007-03-13 16:00:00-04:00,15.88,15.8899,15.53,15.58,201900
2007-03-14 16:00:00-04:00,15.55,15.84,15.55,15.7,244000
2007-03-15 16:00:00-04:00,15.67,15.86,15.59,15.66,131900
2007-03-16 16:00:00-04:00,15.67,15.73,15.5,15.6,402700
2007-03-19 16:00:00-04:00,15.75,15.8,15.53,15.68,182000
2007-03-20 16:00:00-04:00,15.64,15.7,15.51,15.59,225200
2007-03-21 16:00:00-04:00,15.56,15.82,15.56,15.75,264500
2007-03-22 16:00:00-04:00,15.75,15.8,15.61,15.76,131600
2007-03-23 16:00:00-04:00,15.76,15.78,15.65,15.69,115900
2007-03-26 16:00:00-04:00,15.73,16.0,15.71,15.9,242800
2007-03-27 16:00:00-04:00,15.9,16.0,15.6,15.82,193800
2007-03-28 16:00:00-04:00,15.77,15.98,15.76,15.94,260600
2007-03-29 16:00:00-04:00,16.11,16.6,16.072,16.52,589900
2007-03-30 16:00:00-04:00,16.58,16.6,16.05,16.3,393500
2007-04-02 16:00:00-04:00,16.33,16.48,16.15,16.23,285800
2007-04-03 16:00:00-04:00,16.29,16.57,16.29,16.37,164900
2007-04-04 16:00:00-04:00,16.41,16.41,16.12,16.18,134900
2007-04-05 16:00:00-04:00,16.15,16.15,16.04,16.08,142200
2007-04-09 16:00:00-04:00,16.04,16.12,16.01,16.08,102700
2007-04-10 16:00:00-04:00,16.07,16.18,16.0,16.15,109700
2007-04-11 16:00:00-04:00,16.65,16.93,16.47,16.82,730000
2007-04-12 16:00:00-04:00,16.9,16.94,16.66,16.88,286500
2007-04-13 16:00:00-04:00,16.9,16.9,16.55,16.61,455500
2007-04-16 16:00:00-04:00,16.69,16.7299,16.14,16.34,730400
2007-04-17 16:00:00-04:00,16.32,16.44,16.18,16.4,277500
2007-04-18 16:00:00-04:00,16.34,16.49,16.3,16.42,117900
2007-04-19 16:00:00-04:00,16.36,16.53,16.35,16.45,132300
2007-04-20 16:00:00-04:00,16.61,16.95,16.46,16.87,204100
2007-04-23 16:00:00-04:00,16.82,17.03,16.78,17.0,219900
2007-04-24 16:00:00-04:00,17.0,17.16,17.0,17.12,238400
2007-04-25 16:00:00-04:00,17.18,17.25,17.1,17.12,198300
2007-04-26 16:00:00-04:00,17.1,17.25,17.09,17.11,143400
2007-04-27 16:00:00-04:00,17.07,17.18,17.03,17.12,172500
2007-04-30 16:00:00-04:00,17.11,17.16,16.98,17.01,277800
2007-05-01 16:00:00-04:00,16.99,17.04,16.85,17.03,173900
2007-05-02 16:00:00-04:00,17.0,17.3,16.98,17.05,174800
2007-05-03 16:00:00-04:00,17.98,18.6,17.82,18.47,847500
2007-05-04 16:00:00-04:00,18.45,18.45,18.03,18.22,393200
2007-05-07 16:00:00-04:00,18.16,18.16,17.51,17.75,293600
2007-05-08 16:00:00-04:00,17.66,17.9,17.5,17.9,327800
2007-05-09 16:00:00-04:00,17.88,18.48,17.73,18.38,342700
2007-05-10 16:00:00-04:00,18.32,18.32,17.83,17.99,208100
2007-05-11 16:00:00-04:00,18.07,18.28,17.97,18.18,136100
2007-05-14 16:00:00-04:00,18.25,18.38,18.19,18.28,175700
2007-05-15 16:00:00-04:00,18.19,18.45,17.77,17.83,237700
2007-05-16 16:00:00-04:00,17.85,18.1,17.7,18.01,105000
2007-05-17 16:00:00-04:00,17.94,18.1,17.81,17.95,103700
2007-05-18 16:00:00-04:00,18.01,18.1901,17.9,18.09,104600
2007-05-21 16:00:00-04:00,18.1,18.4,17.95,18.34,101600
2007-05-22 16:00:00-04:00,18.4,18.4,18.02,18.14,132900
2007-05-23 16:00:00-04:00,18.22,18.23,17.93,17.95,94600
2007-05-24 16:00:00-04:00,17.99,18.06,17.6,17.65,159500
2007-05-25 16:00:00-04:00,17.75,17.89,17.68,17.81,99900
2007-05-29 16:00:00-04:00,17.8,17.99,17.73,17.75,137200
2007-05-30 16:00:00-04:00,17.61,17.77,17.55,17.66,210500
2007-05-31 16:00:00-04:00,17.75,17.86,17.47,17.51,279400
2007-06-01 16:00:00-04:00,17.62,17.87,17.57,17.69,186200
2007-06-04 16:00:00-04:00,17.71,18.04,17.55,18.04,205400
2007-06-05 16:00:00-04:00,17.99,18.025,17.73,17.89,90300
2007-06-06 16:00:00-04:00,17.86,17.94,17.66,17.89,110900
2007-06-07 16:00:00-04:00,17.89,18.01,17.69,17.72,132700
2007-06-08 16:00:00-04:00,17.74,17.9,17.64,17.85,75400
2007-06-11 16:00:00-04:00,17.85,17.9,17.63,17.7,98700
2007-06-12 16:00:00-04:00,17.6,17.62,17.35,17.4,192500
2007-06-13 16:00:00-04:00,17.35,17.375,16.91,17.09,176213
2007-06-14 16:00:00-04:00,17.07,17.1,16.92,17.04,107100
2007-06-15 16:00:00-04:00,17.3,17.36,17.08,17.21,177900
2007-06-18 16:00:00-04:00,17.22,17.5,17.09,17.38,138900
2007-06-19 16:00:00-04:00,17.29,17.38,17.11,17.27,103900
2007-06-20 16:00:00-04:00,17.43,17.43,16.77,16.89,215000
2007-06-21 16:00:00-04:00,16.9,16.9,16.51,16.71,250600
2007-06-22 16:00:00-04:00,16.68,16.68,16.4,16.43,186000
2007-06-25 16:00:00-04:00,16.33,16.73,16.07,16.38,220000
2007-06-26 16:00:00-04:00,16.43,16.4532,16.05,16.07,245500
2007-06-27 16:00:00-04:00,15.98,16.01,15.58,15.95,815200
2007-06-28 16:00:00-04:00,15.89,16.27,15.75,16.26,447200
2007-06-29 16:00:00-04:00,16.2,16.4,15.89,15.99,338200
2007-07-02 16:00:00-04:00,15.95,16.12,15.85,16.11,261400
2007-07-03 16:00:00-04:00,16.14,16.14,16.04,16.11,184900
2007-07-05 16:00:00-04:00,16.11,16.32,16.1,16.31,276200
2007-07-06 16:00:00-04:00,16.32,16.6,16.3,16.52,235500
2007-07-09 16:00:00-04:00,16.59,16.629,16.48,16.53,162000
2007-07-10 16:00:00-04:00,16.5,16.69,16.36,16.51,253400
2007-07-11 16:00:00-04:00,16.47,16.55,16.27,16.44,274500
2007-07-12 16:00:00-04:00,16.52,16.53,16.37,16.48,153600
2007-07-13 16:00:00-04:00,16.43,16.48,16.34,16.47,135300
2007-07-16 16:00:00-04:00,16.44,16.47,16.3,16.41,132600
2007-07-17 16:00:00-04:00,16.44,16.54,16.39,16.47,83500
2007-07-18 16:00:00-04:00,16.33,16.45,16.27,16.45,113600
2007-07-19 16:00:00-04:00,16.58,16.58,16.36,16.44,65400
2007-07-20 16:00:00-04:00,16.4,16.4,16.0,16.01,533000
2007-07-23 16:00:00-04:00,16.0,16.24,15.85,16.15,164100
2007-07-24 16:00:00-04:00,16.01,16.14,15.77,15.97,410600
2007-07-25 16:00:00-04:00,16.17,16.1899,15.77,15.84,149900
2007-07-26 16:00:00-04:00,15.61,15.74,15.08,15.33,243700
2007-07-27 16:00:00-04:00,15.24,15.33,15.0,15.01,162100
2007-07-30 16:00:00-04:00,15.0,15.07,14.59,14.92,226100
2007-07-31 16:00:00-04:00,15.04,15.23,14.84,15.0,237300
2007-08-01 16:00:00-04:00,14.87,15.05,14.52,14.52,567200
2007-08-02 16:00:00-04:00,15.6,15.9,14.8,14.8,592600
2007-08-03 16:00:00-04:00,14.97,15.26,14.44,14.49,488600
2007-08-06 16:00:00-04:00,14.57,14.9,14.42,14.8,385800
2007-08-07 16:00:00-04:00,14.76,14.76,14.31,14.64,230600
2007-08-08 16:00:00-04:00,14.78,14.8,14.31,14.59,838400
2007-08-09 16:00:00-04:00,14.58,14.78,14.12,14.36,649303
2007-08-10 16:00:00-04:00,14.17,15.0,14.11,14.88,325200
2007-08-13 16:00:00-04:00,15.05,15.16,14.48,14.5,336700
2007-08-14 16:00:00-04:00,14.45,14.5,14.03,14.06,269400
2007-08-15 16:00:00-04:00,14.0,14.18,13.8775,13.89,273500
2007-08-16 16:00:00-04:00,13.84,14.2,13.49,14.2,299000
2007-08-17 16:00:00-04:00,14.57,14.65,14.24,14.42,239300
2007-08-20 16:00:00-04:00,14.42,14.62,14.1,14.55,357800
2007-08-21 16:00:00-04:00,14.48,14.61,14.42,14.56,350800
2007-08-22 16:00:00-04:00,14.68,14.95,14.68,14.92,223700
2007-08-23 16:00:00-04:00,14.95,15.08,14.91,14.94,141100
2007-08-24 16:00:00-04:00,14.93,14.93,14.78,14.84,125100
2007-08-27 16:00:00-04:00,14.85,14.93,14.76,14.8,191800
2007-08-28 16:00:00-04:00,14.66,15.16,14.52,14.81,388700
2007-08-29 16:00:00-04:00,14.9,15.06,14.82,15.01,180000
2007-08-30 16:00:00-04:00,14.85,15.13,14.75,14.8,241800
2007-08-31 16:00:00-04:00,14.99,15.35,14.94,15.15,266000
2007-09-04 16:00:00-04:00,15.04,15.25,14.99,15.23,225800
2007-09-05 16:00:00-04:00,15.11,15.28,15.06,15.18,153500
2007-09-06 16:00:00-04:00,15.26,15.5,15.21,15.46,124900
2007-09-07 16:00:00-04:00,15.24,15.41,14.81,15.15,533700
2007-09-10 16:00:00-04:00,15.26,15.32,14.73,14.95,230000
2007-09-11 16:00:00-04:00,14.97,15.07,14.77,14.83,168400
2007-09-12 16:00:00-04:00,14.7,14.76,13.9,13.97,564000
2007-09-13 16:00:00-04:00,14.02,14.12,13.97,14.05,221200
2007-09-14 16:00:00-04:00,14.07,14.21,13.96,14.21,180400
2007-09-17 16:00:00-04:00,14.13,14.2,14.07,14.09,129800
2007-09-18 16:00:00-04:00,14.17,14.61,14.09,14.56,284900
2007-09-19 16:00:00-04:00,14.5,14.83,14.34,14.35,328500
2007-09-20 16:00:00-04:00,14.3,15.25,14.27,15.11,733800
2007-09-21 16:00:00-04:00,15.33,15.59,15.22,15.5,462300
2007-09-24 16:00:00-04:00,15.45,15.45,14.99,15.03,172100
2007-09-25 16:00:00-04:00,15.0,15.03,14.81,14.83,89800
2007-09-26 16:00:00-04:00,14.93,15.11,14.8501,15.02,126200
2007-09-27 16:00:00-04:00,15.09,15.17,14.99,15.08,139600
2007-09-28 16:00:00-04:00,15.1,15.16,14.99,15.08,146600
2007-10-01 16:00:00-04:00,15.03,15.69,15.02,15.57,227900
2007-10-02 16:00:00-04:00,15.64,15.82,15.56,15.76,120700
2007-10-03 16:00:00-04:00,15.64,15.7,15.29,15.36,109200
2007-10-04 16:00:00-04:00,15.44,15.52,15.3,15.35,117100
2007-10-05 16:00:00-04:00,15.49,15.65,15.34,15.59,100500
2007-10-08 16:00:00-04:00,15.54,15.7,15.49,15.57,43100
2007-10-09 16:00:00-04:00,15.55,15.6,15.34,15.42,91400
2007-10-10 16:00:00-04:00,15.43,15.72,15.35,15.4,95900
2007-10-11 16:00:00-04:00,15.37,15.52,15.15,15.21,74300
2007-10-12 16:00:00-04:00,15.19,15.358,14.87,14.95,361200
2007-10-15 16:00:00-04:00,14.92,15.01,14.81,14.93,276700
2007-10-16 16:00:00-04:00,14.89,14.92,14.76,14.85,176900
2007-10-17 16:00:00-04:00,15.01,15.04,14.88,14.95,153000
2007-10-18 16:00:00-04:00,14.91,15.12,14.85,15.12,238400
2007-10-19 16:00:00-04:00,15.08,15.2,14.63,14.77,200800
2007-10-22 16:00:00-04:00,14.66,15.29,14.65,15.25,262100
2007-10-23 16:00:00-04:00,15.34,15.43,15.15,15.3,167400
2007-10-24 16:00:00-04:00,15.19,15.48,15.14,15.4,247600
2007-10-25 16:00:00-04:00,15.42,15.57,15.13,15.17,99100
2007-10-26 16:00:00-04:00,15.35,15.39,15.05,15.24,101600
2007-10-29 16:00:00-04:00,15.29,15.34,14.94,14.99,102400
2007-10-30 16:00:00-04:00,14.94,15.22,14.94,15.22,160400
2007-10-31 16:00:00-04:00,15.27,15.32,15.01,15.2,166500
2007-11-01 16:00:00-04:00,15.3,15.3,14.81,14.83,259400
2007-11-02 16:00:00-04:00,15.06,15.06,14.75,14.92,157900
2007-11-05 16:00:00-05:00,14.75,14.97,14.7,14.85,127200
2007-11-06 16:00:00-05:00,14.78,15.15,14.71,15.12,129000
2007-11-07 16:00:00-05:00,14.93,14.93,14.62,14.65,150500
2007-11-08 16:00:00-05:00,14.76,14.8,14.538,14.75,86600
2007-11-09 16:00:00-05:00,14.62,15.0,14.41,14.89,131800
2007-11-12 16:00:00-05:00,14.84,15.53,14.84,15.24,137955
2007-11-13 16:00:00-05:00,15.37,15.45,15.13,15.34,124600
2007-11-14 16:00:00-05:00,15.4,15.42,15.09,15.21,111800
2007-11-15 16:00:00-05:00,15.11,15.15,14.77,14.9,92400
2007-11-16 16:00:00-05:00,14.96,15.24,14.75,15.24,204401
2007-11-19 16:00:00-05:00,15.11,15.11,14.5,14.6,335226
2007-11-20 16:00:00-05:00,14.56,14.83,14.4,14.76,223100
2007-11-21 16:00:00-05:00,14.69,15.06,14.46,15.02,318000
2007-11-23 16:00:00-05:00,15.11,15.28,14.9,15.18,80801
2007-11-26 16:00:00-05:00,15.17,15.31,14.85,15.31,197530
2007-11-27 16:00:00-05:00,15.33,15.42,15.0,15.34,136520
2007-11-28 16:00:00-05:00,15.5,15.75,15.42,15.64,126300
2007-11-29 16:00:00-05:00,15.55,15.7,15.5,15.58,82200
2007-11-30 16:00:00-05:00,15.82,15.82,15.62,15.76,124400
2007-12-03 16:00:00-05:00,15.84,15.84,15.51,15.64,97970
2007-12-04 16:00:00-05:00,15.49,15.49,15.1,15.11,196800
2007-12-05 16:00:00-05:00,15.37,15.37,14.98,15.12,121036
2007-12-06 16:00:00-05:00,15.12,15.22,14.95,15.17,208717
2007-12-07 16:00:00-05:00,15.25,15.25,15.09,15.2,197505
2007-12-10 16:00:00-05:00,15.2,15.32,15.12,15.3,88100
2007-12-11 16:00:00-05:00,15.35,15.53,14.95,14.97,119200
2007-12-12 16:00:00-05:00,15.25,15.34,14.48,14.71,148100
2007-12-13 16:00:00-05:00,14.55,14.72,14.4,14.72,135500
2007-12-14 16:00:00-05:00,14.53,14.61,14.12,14.21,166700
2007-12-17 16:00:00-05:00,14.09,14.28,13.95,13.95,154000
2007-12-18 16:00:00-05:00,14.22,14.76,14.19,14.74,211200
2007-12-19 16:00:00-05:00,14.66,14.83,14.57,14.72,118800
2007-12-20 16:00:00-05:00,14.84,14.93,14.48,14.6,247311
2007-12-21 16:00:00-05:00,14.79,14.9,14.48,14.69,314100
2007-12-24 16:00:00-05:00,14.57,15.33,14.57,15.25,171200
2007-12-26 16:00:00-05:00,15.13,15.42,15.02,15.31,111700
2007-12-27 16:00:00-05:00,15.34,15.4,14.68,14.68,107750
2007-12-28 16:00:00-05:00,14.88,15.13,14.75,14.9,82200
2007-12-31 16:00:00-05:00,14.93,14.95,14.68,14.76,100170
2008-01-02 16:00:00-05:00,14.73,14.82,14.36,14.66,110500
2008-01-03 16:00:00-05:00,14.83,14.83,14.351,14.41,122600
2008-01-04 16:00:00-05:00,14.4,14.59,14.2,14.25,122800
2008-01-07 16:00:00-05:00,14.33,14.67,14.25,14.45,96800
2008-01-08 16:00:00-05:00,14.46,14.5,14.04,14.29,169659
2008-01-09 16:00:00-05:00,14.2,14.25,13.72,14.06,90400
2008-01-10 16:00:00-05:00,13.94,14.17,13.78,14.13,93500
2008-01-11 16:00:00-05:00,14.07,14.11,13.79,13.92,105200
2008-01-14 16:00:00-05:00,14.04,14.1,13.8,13.8,109600
2008-01-15 16:00:00-05:00,13.65,14.11,13.35,14.11,158860
2008-01-16 16:00:00-05:00,14.02,15.01,13.9901,14.67,228425
2008-01-17 16:00:00-05:00,14.75,14.75,14.39,14.44,92600
2008-01-18 16:00:00-05:00,14.22,14.32,13.63,13.93,202900
2008-01-22 16:00:00-05:00,13.4,14.62,13.38,14.25,153000
2008-01-23 16:00:00-05:00,13.99,14.52,13.76,14.51,169700
2008-01-24 16:00:00-05:00,14.51,14.56,13.66,13.73,272337
2008-01-25 16:00:00-05:00,13.95,14.15,13.67,13.97,119670
2008-01-28 16:00:00-05:00,13.97,14.35,13.76,14.35,129100
2008-01-29 16:00:00-05:00,14.42,14.75,14.26,14.75,118275
2008-01-30 16:00:00-05:00,14.6,14.79,14.4,14.7,235300
2008-01-31 16:00:00-05:00,14.55,15.1,14.5,14.98,189600
2008-02-01 16:00:00-05:00,15.0,15.44,14.99,15.4,135500
2008-02-04 16:00:00-05:00,15.33,15.8,15.33,15.6,244200
2008-02-05 16:00:00-05:00,15.41,15.54,15.14,15.16,121300
2008-02-06 16:00:00-05:00,15.3,15.5,15.06,15.09,72700
2008-02-07 16:00:00-05:00,15.02,15.53,14.97,15.3,151200
2008-02-08 16:00:00-05:00,15.19,15.42,14.99,15.32,74500
2008-02-11 16:00:00-05:00,15.25,15.5,15.11,15.31,112100
2008-02-12 16:00:00-05:00,16.59,16.93,16.25,16.29,616700
2008-02-13 16:00:00-05:00,16.73,16.84,16.2512,16.83,401570
2008-02-14 16:00:00-05:00,16.84,17.25,16.82,17.01,668406
2008-02-15 16:00:00-05:00,16.92,17.13,16.7515,16.84,228650
2008-02-19 16:00:00-05:00,17.03,17.5,16.98,17.2,488800
2008-02-20 16:00:00-05:00,17.1,17.15,16.96,16.99,357900
2008-02-21 16:00:00-05:00,17.08,17.23,16.99,17.06,410217
2008-02-22 16:00:00-05:00,17.12,17.78,17.12,17.78,544350
2008-02-25 16:00:00-05:00,17.53,17.85,17.53,17.8,309700
2008-02-26 16:00:00-05:00,17.87,18.09,17.63,17.66,613151
2008-02-27 16:00:00-05:00,17.55,17.95,17.5,17.59,349300
2008-02-28 16:00:00-05:00,17.59,17.84,17.25,17.75,235323
2008-02-29 16:00:00-05:00,17.62,17.93,17.56,17.7,323500
2008-03-03 16:00:00-05:00,17.8,17.84,17.44,17.57,264700
2008-03-04 16:00:00-05:00,17.42,17.95,17.33,17.86,266100
2008-03-05 16:00:00-05:00,17.86,17.87,17.61,17.77,328056
2008-03-06 16:00:00-05:00,17.71,17.8,17.32,17.33,169800
2008-03-07 16:00:00-05:00,17.2,17.9,17.2,17.6,564165
2008-03-10 16:00:00-04:00,17.6,18.0,17.44,17.48,272900
2008-03-11 16:00:00-04:00,17.8,18.34,17.7,18.16,949900
2008-03-12 16:00:00-04:00,18.63,18.85,18.47,18.6,1121427
2008-03-13 16:00:00-04:00,18.49,18.65,18.16,18.58,610887
2008-03-14 16:00:00-04:00,18.67,18.67,17.97,18.16,452564
2008-03-17 16:00:00-04:00,18.07,18.55,17.65,18.3,350540
2008-03-18 16:00:00-04:00,18.76,18.81,18.14,18.72,386349
2008-03-19 16:00:00-04:00,19.19,19.19,18.78,18.78,390526
2008-03-20 16:00:00-04:00,18.91,19.16,18.52,18.61,618532
2008-03-24 16:00:00-04:00,18.79,19.38,18.79,19.38,625589
2008-03-25 16:00:00-04:00,19.44,19.48,18.74,18.8,635955
2008-03-26 16:00:00-04:00,18.95,18.95,18.55,18.83,442330
2008-03-27 16:00:00-04:00,19.1,19.1,18.2,18.25,522260
2008-03-28 16:00:00-04:00,18.5,18.66,18.25,18.26,354643
2008-03-31 16:00:00-04:00,18.25,18.86,18.25,18.61,251000
2008-04-01 16:00:00-04:00,18.71,18.89,18.6,18.74,316571
2008-04-02 16:00:00-04:00,18.68,19.16,18.43,18.53,356201
2008-04-03 16:00:00-04:00,18.5,18.81,18.38,18.51,307584
2008-04-04 16:00:00-04:00,18.56,18.64,18.24,18.44,267596
2008-04-07 16:00:00-04:00,18.96,19.33,18.9,19.22,725009
2008-04-08 16:00:00-04:00,19.41,19.77,19.08,19.76,701606
2008-04-09 16:00:00-04:00,19.66,19.86,19.22,19.24,529866
2008-04-10 16:00:00-04:00,19.28,19.3,18.98,19.0,347520
2008-04-11 16:00:00-04:00,18.9,19.33,18.89,18.91,208361
2008-04-14 16:00:00-04:00,18.98,19.11,18.94,18.98,172593
2008-04-15 16:00:00-04:00,19.07,19.07,18.65,18.99,376664
2008-04-16 16:00:00-04:00,19.15,19.2,18.75,19.0,238787
2008-04-17 16:00:00-04:00,18.9,18.95,18.66,18.78,163671
2008-04-18 16:00:00-04:00,18.98,19.08,18.73,18.97,290893
2008-04-21 16:00:00-04:00,18.97,18.98,18.6,18.75,216263
2008-04-22 16:00:00-04:00,18.65,18.65,18.02,18.13,595766
2008-04-23 16:00:00-04:00,18.25,18.25,17.79,17.98,545392
2008-04-24 16:00:00-04:00,17.98,18.06,17.6,17.81,377294
2008-04-25 16:00:00-04:00,17.93,17.95,17.63,17.69,333808
2008-04-28 16:00:00-04:00,17.78,18.03,17.57,17.59,346098
2008-04-29 16:00:00-04:00,17.67,17.91,17.565,17.86,384995
2008-04-30 16:00:00-04:00,17.82,17.96,17.55,17.65,385934
2008-05-01 16:00:00-04:00,17.55,17.91,17.55,17.7,207483
2008-05-02 16:00:00-04:00,17.97,18.09,17.8,18.08,228332
2008-05-05 16:00:00-04:00,17.91,18.41,17.9,18.37,385141
2008-05-06 16:00:00-04:00,18.26,18.75,16.89,16.92,1464469
2008-05-07 16:00:00-04:00,17.36,17.45,16.2,16.3,1673769
2008-05-08 16:00:00-04:00,16.5,16.62,15.88,16.11,1271895
2008-05-09 16:00:00-04:00,16.11,16.16,15.91,16.09,681301
2008-05-12 16:00:00-04:00,16.12,17.09,15.98,16.93,1233655
2008-05-13 16:00:00-04:00,17.04,17.04,16.46,16.5,675237
2008-05-14 16:00:00-04:00,16.6,16.63,16.21,16.25,554191
2008-05-15 16:00:00-04:00,16.28,16.28,16.0,16.15,676983
2008-05-16 16:00:00-04:00,16.18,16.37,16.06,16.37,580681
2008-05-19 16:00:00-04:00,16.51,16.65,16.24,16.32,571141
2008-05-20 16:00:00-04:00,16.34,16.63,16.31,16.46,360005
2008-05-21 16:00:00-04:00,16.58,16.86,16.46,16.62,452708
2008-05-22 16:00:00-04:00,16.54,16.7,16.54,16.66,261429
2008-05-23 16:00:00-04:00,16.58,16.58,16.31,16.45,276748
2008-05-27 16:00:00-04:00,16.56,16.56,16.05,16.27,548270
2008-05-28 16:00:00-04:00,16.31,16.49,16.19,16.25,380107
2008-05-29 16:00:00-04:00,16.18,16.77,16.16,16.74,693129
2008-05-30 16:00:00-04:00,16.72,16.78,16.41,16.65,473768
2008-06-02 16:00:00-04:00,16.51,16.65,16.25,16.34,352616
2008-06-03 16:00:00-04:00,16.31,16.74,16.2,16.49,471429
2008-06-04 16:00:00-04:00,16.37,16.64,16.33,16.38,226583
2008-06-05 16:00:00-04:00,16.56,16.67,16.39,16.62,330041
2008-06-06 16:00:00-04:00,16.51,16.54,16.23,16.23,311246
2008-06-09 16:00:00-04:00,16.38,16.43,16.01,16.13,310374
2008-06-10 16:00:00-04:00,16.05,16.34,16.05,16.26,352274
2008-06-11 16:00:00-04:00,16.13,16.13,15.63,15.63,520873
2008-06-12 16:00:00-04:00,15.65,16.0,15.31,15.35,658866
2008-06-13 16:00:00-04:00,15.3,15.39,14.97,15.17,587698
2008-06-16 16:00:00-04:00,15.25,16.08,15.25,16.03,444862
2008-06-17 16:00:00-04:00,16.01,16.03,15.33,15.63,437789
2008-06-18 16:00:00-04:00,15.53,15.7,15.18,15.39,363857
2008-06-19 16:00:00-04:00,15.35,16.04,15.35,15.98,473688
2008-06-20 16:00:00-04:00,15.8,16.31,15.66,15.77,791641
2008-06-23 16:00:00-04:00,15.8,15.95,15.32,15.36,261811
2008-06-24 16:00:00-04:00,15.11,15.34,15.11,15.25,401201
2008-06-25 16:00:00-04:00,15.26,15.8,15.25,15.47,316295
2008-06-26 16:00:00-04:00,15.26,15.35,15.12,15.25,420705
2008-06-27 16:00:00-04:00,15.19,15.3825,15.04,15.36,391931
2008-06-30 16:00:00-04:00,15.3,15.59,15.11,15.47,531064
2008-07-01 16:00:00-04:00,15.48,15.5,15.1,15.29,370660
2008-07-02 16:00:00-04:00,15.31,15.45,15.17,15.3,616451
2008-07-03 16:00:00-04:00,15.28,15.45,15.12,15.3,285339
2008-07-07 16:00:00-04:00,15.36,15.46,15.12,15.33,465509
2008-07-08 16:00:00-04:00,15.25,15.69,15.24,15.68,337120
2008-07-09 16:00:00-04:00,15.79,15.79,15.34,15.37,193213
2008-07-10 16:00:00-04:00,15.38,15.53,15.13,15.41,271066
2008-07-11 16:00:00-04:00,15.19,15.2,13.94,14.87,1127299
2008-07-14 16:00:00-04:00,15.11,15.65,15.01,15.5,627244
2008-07-15 16:00:00-04:00,15.66,15.66,15.1,15.22,436122
2008-07-16 16:00:00-04:00,15.22,16.18,15.05,16.17,331936
2008-07-17 16:00:00-04:00,16.17,16.35,15.79,16.29,236958
2008-07-18 16:00:00-04:00,16.35,16.4,16.14,16.27,206999
2008-07-21 16:00:00-04:00,16.35,16.35,15.79,16.19,162498
2008-07-22 16:00:00-04:00,16.02,16.65,16.01,16.62,210682
2008-07-23 16:00:00-04:00,16.7,16.84,16.5,16.74,236811
2008-07-24 16:00:00-04:00,16.84,16.97,16.52,16.82,232592
2008-07-25 16:00:00-04:00,16.85,16.9,16.5585,16.64,267752
2008-07-28 16:00:00-04:00,16.66,16.74,16.5,16.7,147988
2008-07-29 16:00:00-04:00,16.76,16.95,16.57,16.88,157083
2008-07-30 16:00:00-04:00,16.79,16.94,16.24,16.25,250129
2008-07-31 16:00:00-04:00,16.18,16.46,15.95,16.39,369807
2008-08-01 16:00:00-04:00,16.5,16.71,16.28,16.56,227152
2008-08-04 16:00:00-04:00,16.66,17.13,16.51,16.96,402475
2008-08-05 16:00:00-04:00,16.2,16.2,15.0,15.59,1371813
2008-08-06 16:00:00-04:00,15.45,15.58,15.18,15.38,302155
2008-08-07 16:00:00-04:00,15.3,15.47,15.1,15.46,363309
2008-08-08 16:00:00-04:00,15.5,15.65,15.08,15.6,512478
2008-08-11 16:00:00-04:00,15.63,15.93,15.3699,15.6,331302
2008-08-12 16:00:00-04:00,15.48,15.79,15.47,15.73,246445
2008-08-13 16:00:00-04:00,15.75,16.06,15.62,15.92,196579
2008-08-14 16:00:00-04:00,15.99,16.13,15.81,16.02,121192
2008-08-15 16:00:00-04:00,16.13,16.35,15.96,16.22,205334
2008-08-18 16:00:00-04:00,16.14,16.28,16.04,16.14,140780
2008-08-19 16:00:00-04:00,16.05,16.21,16.04,16.18,197969
2008-08-20 16:00:00-04:00,16.29,16.99,16.27,16.55,347753
2008-08-21 16:00:00-04:00,16.55,16.63,16.27,16.45,221300
2008-08-22 16:00:00-04:00,16.49,16.96,16.44,16.81,270838
2008-08-25 16:00:00-04:00,16.78,16.79,16.14,16.29,133330
2008-08-26 16:00:00-04:00,16.31,16.61,16.2,16.39,124434
2008-08-27 16:00:00-04:00,16.36,16.58,16.01,16.33,184020
2008-08-28 16:00:00-04:00,16.36,16.45,15.86,15.95,519064
2008-08-29 16:00:00-04:00,15.91,16.4,15.88,16.27,191859
2008-09-02 16:00:00-04:00,16.26,16.55,16.26,16.42,151092
2008-09-03 16:00:00-04:00,16.34,16.61,16.24,16.49,223852
2008-09-04 16:00:00-04:00,16.36,16.49,16.16,16.28,263467
2008-09-05 16:00:00-04:00,16.36,16.36,15.83,16.06,270936
2008-09-08 16:00:00-04:00,16.37,16.69,16.16,16.53,268635
2008-09-09 16:00:00-04:00,16.29,16.66,16.23,16.23,321811
2008-09-10 16:00:00-04:00,16.11,16.4,16.01,16.17,460905
2008-09-11 16:00:00-04:00,15.83,15.86,15.01,15.17,460368
2008-09-12 16:00:00-04:00,15.16,15.49,15.025,15.29,245029
2008-09-15 16:00:00-04:00,15.29,15.45,14.8,15.19,211317
2008-09-16 16:00:00-04:00,15.0,15.5,15.0,15.42,350067
2008-09-17 16:00:00-04:00,15.53,15.54,15.01,15.37,578529
2008-09-18 16:00:00-04:00,15.38,16.38,15.38,16.38,845055
2008-09-19 16:00:00-04:00,16.42,16.63,16.2,16.63,494530
2008-09-22 16:00:00-04:00,16.5,16.75,15.76,15.88,337846
2008-09-23 16:00:00-04:00,15.86,15.88,15.32,15.4,326417
2008-09-24 16:00:00-04:00,15.44,15.508,15.06,15.06,189218
2008-09-25 16:00:00-04:00,15.16,15.3,15.11,15.2,410076
2008-09-26 16:00:00-04:00,15.2,15.35,15.0,15.23,213309
2008-09-29 16:00:00-04:00,15.04,15.45,15.04,15.18,221834
2008-09-30 16:00:00-04:00,15.15,15.67,15.03,15.46,345966
2008-10-01 16:00:00-04:00,15.36,15.5,15.1,15.33,262455
2008-10-02 16:00:00-04:00,15.3,15.4,15.08,15.16,251359
2008-10-03 16:00:00-04:00,15.17,15.512,14.99,14.99,219674
2008-10-06 16:00:00-04:00,14.85,15.03,13.91,14.48,381950
2008-10-07 16:00:00-04:00,14.44,14.68,14.15,14.24,335312
2008-10-08 16:00:00-04:00,14.05,14.4,13.6,13.64,404965
2008-10-09 16:00:00-04:00,13.77,14.1,12.8,13.0,370148
2008-10-10 16:00:00-04:00,12.65,13.64,12.5,13.35,663810
2008-10-13 16:00:00-04:00,13.72,14.88,13.56,14.82,382777
2008-10-14 16:00:00-04:00,14.97,15.45,14.9,15.24,461786
2008-10-15 16:00:00-04:00,14.99,15.26,14.0,14.42,294063
2008-10-16 16:00:00-04:00,14.53,15.99,14.37,15.93,358607
2008-10-17 16:00:00-04:00,14.89,15.75,14.36,14.36,420907
2008-10-20 16:00:00-04:00,14.29,14.93,14.01,14.92,200239
2008-10-21 16:00:00-04:00,14.69,15.104,14.62,14.81,157066
2008-10-22 16:00:00-04:00,14.73,15.25,14.36,14.51,239799
2008-10-23 16:00:00-04:00,14.57,14.79,14.0,14.2,296487
2008-10-24 16:00:00-04:00,13.57,14.25,13.43,13.77,291471
2008-10-27 16:00:00-04:00,13.62,14.01,13.39,13.39,356702
2008-10-28 16:00:00-04:00,13.36,14.1,13.01,14.1,435636
2008-10-29 16:00:00-04:00,14.05,14.18,13.8,13.84,212812
2008-10-30 16:00:00-04:00,14.09,14.21,13.38,14.0,357903
2008-10-31 16:00:00-04:00,13.89,14.24,13.63,14.24,373058
2008-11-03 16:00:00-05:00,14.16,14.3,13.95,14.11,170581
2008-11-04 16:00:00-05:00,14.23,14.25,13.6,13.87,257436
2008-11-05 16:00:00-05:00,13.86,14.1,13.77,13.8,260269
2008-11-06 16:00:00-05:00,13.5,13.7,12.7,13.15,319609
2008-11-07 16:00:00-05:00,13.25,13.33,12.79,13.08,391093
2008-11-10 16:00:00-05:00,13.38,13.57,12.61,12.89,270629
2008-11-11 16:00:00-05:00,12.7,12.9,12.5,12.65,174755
2008-11-12 16:00:00-05:00,12.58,12.84,12.42,12.43,226138
2008-11-13 16:00:00-05:00,12.45,12.72,11.8,12.72,352728
2008-11-14 16:00:00-05:00,12.52,12.99,12.4,12.42,226490
2008-11-17 16:00:00-05:00,12.4,12.62,12.13,12.14,219463
2008-11-18 16:00:00-05:00,12.22,12.29,11.5,11.73,253329
2008-11-19 16:00:00-05:00,11.71,11.71,10.33,10.33,402201
2008-11-20 16:00:00-05:00,10.16,10.16,9.25,9.31,363857
2008-11-21 16:00:00-05:00,9.57,9.59,8.76,9.59,471791
2008-11-24 16:00:00-05:00,9.74,10.34,9.72,10.25,307659
2008-11-25 16:00:00-05:00,10.36,10.69,10.28,10.69,283580
2008-11-26 16:00:00-05:00,10.73,11.4,10.5,11.3,329140
2008-11-28 16:00:00-05:00,11.21,11.63,11.11,11.63,122063
2008-12-01 16:00:00-05:00,11.5,11.63,10.6,10.62,280988
2008-12-02 16:00:00-05:00,10.71,11.11,10.5,11.05,242657
2008-12-03 16:00:00-05:00,10.8,11.33,10.75,11.23,208235
2008-12-04 16:00:00-05:00,11.09,11.68,10.89,11.17,186950
2008-12-05 16:00:00-05:00,11.12,11.64,10.654,11.6,245885
2008-12-08 16:00:00-05:00,11.78,12.22,11.5,12.04,235977
2008-12-09 16:00:00-05:00,11.99,12.5,11.65,11.85,189932
2008-12-10 16:00:00-05:00,11.97,12.4,11.9,12.34,204467
2008-12-11 16:00:00-05:00,11.98,12.0,10.91,11.08,224952
2008-12-12 16:00:00-05:00,11.01,11.99,10.76,11.73,276824
2008-12-15 16:00:00-05:00,11.69,11.95,11.45,11.57,210044
2008-12-16 16:00:00-05:00,11.66,11.9,11.41,11.87,167732
2008-12-17 16:00:00-05:00,11.74,12.0,11.5,11.74,126828
2008-12-18 16:00:00-05:00,11.71,11.97,11.5,11.78,276365
2008-12-19 16:00:00-05:00,11.86,12.25,11.46,11.88,312190
2008-12-22 16:00:00-05:00,11.77,11.91,10.2,10.51,445230
2008-12-23 16:00:00-05:00,10.67,10.75,10.42,10.63,180187
2008-12-24 16:00:00-05:00,10.61,10.75,10.33,10.37,97173
2008-12-26 16:00:00-05:00,10.45,10.728,10.3,10.66,114274
2008-12-29 16:00:00-05:00,10.62,10.73,10.54,10.64,141462
2008-12-30 16:00:00-05:00,10.7,10.88,10.64,10.77,170010
2008-12-31 16:00:00-05:00,10.73,11.11,10.45,11.08,290638
2009-01-02 16:00:00-05:00,11.01,11.31,10.96,11.26,101021
2009-01-05 16:00:00-05:00,11.28,11.42,11.01,11.39,167831
2009-01-06 16:00:00-05:00,11.44,11.9,11.41,11.57,154952
2009-01-07 16:00:00-05:00,11.55,11.57,11.0,11.1,180331
2009-01-08 16:00:00-05:00,11.11,11.11,10.8,11.06,161693
2009-01-09 16:00:00-05:00,11.01,11.14,10.49,10.51,238905
2009-01-12 16:00:00-05:00,10.66,10.66,10.3,10.43,188120
2009-01-13 16:00:00-05:00,10.43,10.49,10.26,10.33,161602
2009-01-14 16:00:00-05:00,10.3,10.41,10.01,10.22,210276
2009-01-15 16:00:00-05:00,10.26,10.56,10.01,10.52,183992
2009-01-16 16:00:00-05:00,10.61,10.61,10.05,10.33,170683
2009-01-20 16:00:00-05:00,10.27,10.33,9.97,9.97,199180
2009-01-21 16:00:00-05:00,10.03,10.28,10.0,10.28,205924
2009-01-22 16:00:00-05:00,10.23,10.23,9.96,10.01,151011
2009-01-23 16:00:00-05:00,9.94,10.19,9.94,10.09,154367
2009-01-26 16:00:00-05:00,10.08,10.26,9.89,10.03,135274
2009-01-27 16:00:00-05:00,9.93,10.54,9.93,10.23,166213
2009-01-28 16:00:00-05:00,10.27,10.37,10.13,10.2,478608
2009-01-29 16:00:00-05:00,10.25,10.25,9.7,9.92,385636
2009-01-30 16:00:00-05:00,9.93,10.04,9.7,9.74,281711
2009-02-02 16:00:00-05:00,9.55,9.99,9.32,9.7,339883
2009-02-03 16:00:00-05:00,9.66,9.85,9.5,9.81,204240
2009-02-04 16:00:00-05:00,9.78,10.02,9.65,9.66,215444
2009-02-05 16:00:00-05:00,9.63,9.63,9.18,9.36,386465
2009-02-06 16:00:00-05:00,9.32,9.42,9.2,9.25,472127
2009-02-09 16:00:00-05:00,9.22,9.31,9.2,9.25,392238
2009-02-10 16:00:00-05:00,9.23,9.45,9.05,9.12,169101
2009-02-11 16:00:00-05:00,9.19,9.4,8.98,9.24,274738
2009-02-12 16:00:00-05:00,9.14,9.33,9.05,9.29,263095
2009-02-13 16:00:00-05:00,9.34,9.4,9.07,9.24,411059
2009-02-17 16:00:00-05:00,9.0,9.37,9.0,9.26,260181
2009-02-18 16:00:00-05:00,9.31,9.6,9.31,9.49,271901
2009-02-19 16:00:00-05:00,9.5,9.69,9.4,9.47,237318
2009-02-20 16:00:00-05:00,9.3,9.75,9.25,9.54,284369
2009-02-23 16:00:00-05:00,9.58,10.02,9.27,9.32,833094
2009-02-24 16:00:00-05:00,9.62,9.79,9.26,9.73,234704
2009-02-25 16:00:00-05:00,9.57,9.9,9.27,9.67,396119
2009-02-26 16:00:00-05:00,9.72,10.25,9.71,9.91,255062
2009-02-27 16:00:00-05:00,9.71,9.93,9.55,9.7,217246
2009-03-02 16:00:00-05:00,9.57,9.75,9.28,9.3,286916
2009-03-03 16:00:00-05:00,9.42,9.49,9.02,9.2,318101
2009-03-04 16:00:00-05:00,9.2,9.64,9.03,9.45,239068
2009-03-05 16:00:00-05:00,9.28,9.54,9.16,9.22,228632
2009-03-06 16:00:00-05:00,9.33,9.55,9.07,9.53,417542
2009-03-09 16:00:00-04:00,9.46,9.69,9.195,9.31,294144
2009-03-10 16:00:00-04:00,9.5,10.25,9.5,10.21,465153
2009-03-11 16:00:00-04:00,10.02,10.25,9.62,9.83,440522
2009-03-12 16:00:00-04:00,9.83,10.12,9.64,10.11,299580
2009-03-13 16:00:00-04:00,10.19,10.45,10.1,10.32,236436
2009-03-16 16:00:00-04:00,10.33,10.81,10.33,10.38,191506
2009-03-17 16:00:00-04:00,10.35,11.0,10.35,11.0,155971
2009-03-18 16:00:00-04:00,10.96,11.19,10.74,11.02,206320
2009-03-19 16:00:00-04:00,11.01,11.1,10.52,10.84,139394
2009-03-20 16:00:00-04:00,10.9,10.96,10.37,10.72,283398
2009-03-23 16:00:00-04:00,10.8,11.76,10.8,11.76,289284
2009-03-24 16:00:00-04:00,11.61,11.76,11.17,11.25,177586
2009-03-25 16:00:00-04:00,11.3,12.0,11.3,11.92,222025
2009-03-26 16:00:00-04:00,12.04,12.22,11.83,12.08,258871
2009-03-27 16:00:00-04:00,11.92,12.0,11.73,11.74,215193
2009-03-30 16:00:00-04:00,11.51,11.68,11.25,11.46,177336
2009-03-31 16:00:00-04:00,11.61,11.89,11.48,11.54,175627
2009-04-01 16:00:00-04:00,11.45,12.06,11.26,11.99,183877
2009-04-02 16:00:00-04:00,12.07,12.6,11.98,12.46,301048
2009-04-03 16:00:00-04:00,12.48,12.99,12.3,12.96,246790
2009-04-06 16:00:00-04:00,12.85,12.85,11.96,12.06,331173
2009-04-07 16:00:00-04:00,11.92,12.13,11.61,11.76,192635
2009-04-08 16:00:00-04:00,11.87,11.892,11.37,11.49,282879
2009-04-09 16:00:00-04:00,11.66,11.8798,11.56,11.71,147931
2009-04-13 16:00:00-04:00,11.68,11.78,11.35,11.58,218807
2009-04-14 16:00:00-04:00,11.46,11.59,11.0201,11.27,194962
2009-04-15 16:00:00-04:00,11.23,11.25,10.91,11.08,234469
2009-04-16 16:00:00-04:00,11.13,11.19,10.963,11.15,321376
2009-04-17 16:00:00-04:00,11.19,11.22,10.82,10.99,247305
2009-04-20 16:00:00-04:00,10.82,10.9199,10.34,10.45,209608
2009-04-21 16:00:00-04:00,10.45,10.98,10.43,10.86,172139
2009-04-22 16:00:00-04:00,10.81,11.1,10.73,10.89,228390
2009-04-23 16:00:00-04:00,10.89,11.05,10.75,10.95,233698
2009-04-24 16:00:00-04:00,10.94,11.21,10.72,10.94,196412
2009-04-27 16:00:00-04:00,10.78,10.88,10.53,10.62,185421
2009-04-28 16:00:00-04:00,10.56,10.9,10.54,10.61,182850
2009-04-29 16:00:00-04:00,10.66,11.08,10.66,10.89,132565
2009-04-30 16:00:00-04:00,10.96,11.06,10.7,10.7,202343
2009-05-01 16:00:00-04:00,10.7,11.05,10.67,10.81,221149
2009-05-04 16:00:00-04:00,10.83,11.29,10.83,11.29,166971
2009-05-05 16:00:00-04:00,11.26,11.51,11.07,11.47,171375
2009-05-06 16:00:00-04:00,11.55,11.76,11.5,11.72,219589
2009-05-07 16:00:00-04:00,11.99,11.99,10.9,11.0,335371
2009-05-08 16:00:00-04:00,11.22,11.65,11.1805,11.65,298060
2009-05-11 16:00:00-04:00,11.47,11.47,11.14,11.28,197643
2009-05-12 16:00:00-04:00,11.31,11.35,11.08,11.28,155914
2009-05-13 16:00:00-04:00,11.17,11.3,11.02,11.04,147816
2009-05-14 16:00:00-04:00,11.05,11.38,11.04,11.35,202830
2009-05-15 16:00:00-04:00,11.35,11.49,11.22,11.29,109864
2009-05-18 16:00:00-04:00,11.31,11.86,11.24,11.85,197944
2009-05-19 16:00:00-04:00,11.84,11.84,11.5,11.69,190005
2009-05-20 16:00:00-04:00,11.84,11.93,11.7,11.74,141706
2009-05-21 16:00:00-04:00,11.63,11.93,11.51,11.91,161572
2009-05-22 16:00:00-04:00,11.94,11.99,11.75,11.79,95744
2009-05-26 16:00:00-04:00,11.8,12.38,11.74,12.35,186473
2009-05-27 16:00:00-04:00,12.29,12.29,12.0501,12.16,116414
2009-05-28 16:00:00-04:00,12.25,12.3,11.9,12.23,93697
2009-05-29 16:00:00-04:00,12.26,12.48,12.12,12.48,125210
2009-06-01 16:00:00-04:00,12.55,12.93,12.55,12.9,171884
2009-06-02 16:00:00-04:00,12.78,13.2,12.78,13.03,224006
2009-06-03 16:00:00-04:00,12.95,13.07,12.9,13.07,223771
2009-06-04 16:00:00-04:00,13.1,13.6,13.1,13.49,158930
2009-06-05 16:00:00-04:00,13.65,13.95,13.5228,13.89,196532
2009-06-08 16:00:00-04:00,13.9,14.25,13.81,14.02,189936
2009-06-09 16:00:00-04:00,14.05,14.185,13.84,13.85,392718
2009-06-10 16:00:00-04:00,14.0,14.04,13.8,14.01,237121
2009-06-11 16:00:00-04:00,13.69,13.83,13.5,13.52,144256
2009-06-12 16:00:00-04:00,13.46,13.59,13.14,13.59,121354
2009-06-15 16:00:00-04:00,13.5,13.55,12.9,13.06,168382
2009-06-16 16:00:00-04:00,13.13,13.24,12.18,12.6,329545
2009-06-17 16:00:00-04:00,12.61,13.03,12.6,12.71,136370
2009-06-18 16:00:00-04:00,12.75,13.02,12.65,12.88,100555
2009-06-19 16:00:00-04:00,13.01,13.15,12.39,12.42,237742
2009-06-22 16:00:00-04:00,12.38,12.53,12.24,12.24,115523
2009-06-23 16:00:00-04:00,12.36,12.5299,12.07,12.15,93655
2009-06-24 16:00:00-04:00,12.28,12.4994,12.15,12.21,132076
2009-06-25 16:00:00-04:00,12.16,12.61,12.15,12.58,138770
2009-06-26 16:00:00-04:00,12.46,12.94,12.31,12.88,392550
2009-06-29 16:00:00-04:00,12.88,13.0,12.53,12.85,151237
2009-06-30 16:00:00-04:00,12.9,12.98,12.27,12.56,378399
2009-07-01 16:00:00-04:00,12.79,13.0,12.63,12.74,126711
2009-07-02 16:00:00-04:00,12.5,12.57,12.11,12.11,108598
2009-07-06 16:00:00-04:00,12.19,12.3,12.0,12.15,102771
2009-07-07 16:00:00-04:00,12.12,12.24,11.93,11.95,114790
2009-07-08 16:00:00-04:00,11.96,12.42,11.93,12.32,169176
2009-07-09 16:00:00-04:00,12.42,12.42,12.21,12.29,98435
2009-07-10 16:00:00-04:00,12.28,12.38,12.14,12.37,83458
2009-07-13 16:00:00-04:00,12.5,12.83,12.38,12.69,143837
2009-07-14 16:00:00-04:00,12.71,12.83,12.54,12.79,73546
2009-07-15 16:00:00-04:00,12.87,13.35,12.8,13.33,128040
2009-07-16 16:00:00-04:00,13.3,13.66,13.13,13.61,140814
2009-07-17 16:00:00-04:00,13.59,13.72,13.17,13.37,188268
2009-07-20 16:00:00-04:00,13.4,13.54,13.08,13.46,115744
2009-07-21 16:00:00-04:00,13.5,13.55,13.16,13.36,105961
2009-07-22 16:00:00-04:00,13.22,13.688,13.22,13.44,92948
2009-07-23 16:00:00-04:00,13.37,13.7,13.33,13.43,164875
2009-07-24 16:00:00-04:00,13.37,13.49,12.82,13.23,124829
2009-07-27 16:00:00-04:00,13.24,13.36,12.96,13.13,92387
2009-07-28 16:00:00-04:00,13.0,13.25,12.91,13.21,180671
2009-07-29 16:00:00-04:00,13.1,13.38,13.1,13.3,112774
2009-07-30 16:00:00-04:00,13.46,13.68,13.27,13.34,130815
2009-07-31 16:00:00-04:00,13.34,13.54,13.11,13.13,94435
2009-08-03 16:00:00-04:00,13.32,13.72,13.15,13.72,202766
2009-08-04 16:00:00-04:00,13.63,13.74,13.31,13.62,181018
2009-08-05 16:00:00-04:00,13.72,13.72,13.18,13.41,166720
2009-08-06 16:00:00-04:00,13.84,13.9,13.16,13.53,162330
2009-08-07 16:00:00-04:00,13.74,14.56,13.61,14.49,328382
2009-08-10 16:00:00-04:00,14.37,15.25,14.25,14.73,372622
2009-08-11 16:00:00-04:00,14.49,14.79,13.97,14.57,277642
2009-08-12 16:00:00-04:00,14.71,15.06,14.502,14.85,249356
2009-08-13 16:00:00-04:00,14.86,14.97,14.5,14.86,192577
2009-08-14 16:00:00-04:00,14.5,14.67,14.2,14.37,179279
2009-08-17 16:00:00-04:00,14.11,14.261,13.95,13.97,220622
2009-08-18 16:00:00-04:00,14.09,14.1358,13.87,13.97,176746
2009-08-19 16:00:00-04:00,13.84,14.216,13.84,14.18,108520
2009-08-20 16:00:00-04:00,14.12,14.5,13.95,14.25,116671
2009-08-21 16:00:00-04:00,14.42,14.47,14.28,14.35,185370
2009-08-24 16:00:00-04:00,14.4,14.45,14.0,14.18,174929
2009-08-25 16:00:00-04:00,14.25,14.55,14.07,14.33,233361
2009-08-26 16:00:00-04:00,14.32,14.62,14.32,14.54,132340
2009-08-27 16:00:00-04:00,14.52,14.61,14.2,14.56,73879
2009-08-28 16:00:00-04:00,14.63,14.65,14.1,14.32,138988
2009-08-31 16:00:00-04:00,14.24,14.3399,14.13,14.26,140686
2009-09-01 16:00:00-04:00,14.3,14.6,13.81,14.08,335139
2009-09-02 16:00:00-04:00,14.03,14.06,13.723,13.86,364773
2009-09-03 16:00:00-04:00,13.97,14.09,13.67,14.08,196050
2009-09-04 16:00:00-04:00,14.01,14.34,13.89,14.31,110373
2009-09-08 16:00:00-04:00,14.38,14.5,14.27,14.44,101909
2009-09-09 16:00:00-04:00,14.49,14.55,14.25,14.53,233492
2009-09-10 16:00:00-04:00,14.66,14.66,14.39,14.51,242884
2009-09-11 16:00:00-04:00,14.08,14.18,13.91,14.17,191510
2009-09-14 16:00:00-04:00,14.1,14.25,13.9801,14.2,109690
2009-09-15 16:00:00-04:00,14.25,14.25,14.06,14.24,114898
2009-09-16 16:00:00-04:00,14.24,14.36,14.1,14.26,122089
2009-09-17 16:00:00-04:00,14.21,14.39,14.18,14.23,107635
2009-09-18 16:00:00-04:00,14.27,14.3,14.12,14.13,289215
2009-09-21 16:00:00-04:00,14.05,14.28,14.05,14.23,95194
2009-09-22 16:00:00-04:00,14.28,14.33,14.19,14.31,98144
2009-09-23 16:00:00-04:00,14.3,14.32,14.09,14.09,80444
2009-09-24 16:00:00-04:00,14.08,14.23,13.85,13.87,131950
2009-09-25 16:00:00-04:00,13.94,13.98,13.78,13.82,73684
2009-09-28 16:00:00-04:00,13.85,14.16,13.85,14.05,100122
2009-09-29 16:00:00-04:00,14.1,14.16,14.0,14.03,94932
2009-09-30 16:00:00-04:00,14.08,14.1,13.9,14.01,138773
2009-10-01 16:00:00-04:00,13.98,13.98,13.61,13.7,174964
2009-10-02 16:00:00-04:00,13.65,13.83,13.39,13.56,193070
2009-10-05 16:00:00-04:00,13.59,14.18,13.51,13.78,147008
2009-10-06 16:00:00-04:00,13.87,13.97,13.59,13.7,125157
2009-10-07 16:00:00-04:00,13.7,13.83,13.67,13.81,73825
2009-10-08 16:00:00-04:00,13.93,14.0,13.77,13.95,143485
2009-10-09 16:00:00-04:00,13.91,13.95,13.63,13.65,102069
2009-10-12 16:00:00-04:00,13.81,13.86,13.64,13.71,98979
2009-10-13 16:00:00-04:00,13.7,13.81,13.6,13.81,184220
2009-10-14 16:00:00-04:00,13.93,13.93,13.56,13.67,183167
2009-10-15 16:00:00-04:00,13.57,13.65,13.44,13.49,259350
2009-10-16 16:00:00-04:00,13.39,13.83,13.39,13.77,162916
2009-10-19 16:00:00-04:00,13.84,14.16,13.77,14.14,199401
2009-10-20 16:00:00-04:00,14.17,14.17,13.88,14.11,142853
2009-10-21 16:00:00-04:00,14.11,14.4,14.0,14.03,153433
2009-10-22 16:00:00-04:00,14.08,14.36,14.04,14.34,130587
2009-10-23 16:00:00-04:00,14.34,14.39,13.9,14.04,169298
2009-10-26 16:00:00-04:00,13.97,14.21,13.812,13.89,99972
2009-10-27 16:00:00-04:00,13.95,14.24,13.86,14.03,89412
2009-10-28 16:00:00-04:00,14.01,14.09,13.6,13.63,116711
2009-10-29 16:00:00-04:00,13.64,13.75,13.5,13.71,97899
2009-10-30 16:00:00-04:00,13.61,13.7085,13.2,13.28,464414
2009-11-02 16:00:00-05:00,13.43,13.589,13.09,13.51,300556
2009-11-03 16:00:00-05:00,13.39,13.61,13.22,13.52,194272
2009-11-04 16:00:00-05:00,13.63,13.8,13.5,13.54,156930
2009-11-05 16:00:00-05:00,13.65,14.51,13.65,14.51,346580
2009-11-06 16:00:00-05:00,14.47,14.75,14.39,14.53,285299
2009-11-09 16:00:00-05:00,14.7,15.24,14.57,15.23,323692
2009-11-10 16:00:00-05:00,15.16,15.77,15.16,15.3,272891
2009-11-11 16:00:00-05:00,15.39,15.77,15.36,15.68,270728
2009-11-12 16:00:00-05:00,15.66,15.72,15.27,15.29,166830
2009-11-13 16:00:00-05:00,15.4,15.67,15.2,15.49,126569
2009-11-16 16:00:00-05:00,15.63,16.0,15.46,15.99,178572
2009-11-17 16:00:00-05:00,15.99,16.1,15.81,15.95,182585
2009-11-18 16:00:00-05:00,15.91,16.3,15.78,16.26,204410
2009-11-19 16:00:00-05:00,16.39,16.47,16.07,16.37,292161
2009-11-20 16:00:00-05:00,16.3,16.3,15.9,16.09,283929
2009-11-23 16:00:00-05:00,16.19,16.33,15.84,15.9,286614
2009-11-24 16:00:00-05:00,15.94,15.98,15.7,15.83,189502
2009-11-25 16:00:00-05:00,16.19,16.19,15.82,15.88,210466
2009-11-27 13:00:00-05:00,15.74,15.95,15.74,15.81,162541
2009-11-30 16:00:00-05:00,16.07,16.09,15.76,16.07,261346
2009-12-01 16:00:00-05:00,16.24,16.24,15.81,15.86,347699
2009-12-02 16:00:00-05:00,15.92,16.18,15.91,16.07,163840
2009-12-03 16:00:00-05:00,16.18,16.26,15.96,15.97,181396
2009-12-04 16:00:00-05:00,16.21,16.4,16.06,16.39,176505
2009-12-07 16:00:00-05:00,16.43,16.59,16.32,16.54,234073
2009-12-08 16:00:00-05:00,16.53,16.5381,16.39,16.46,152239
2009-12-09 16:00:00-05:00,16.46,16.53,15.91,16.41,407419
2009-12-10 16:00:00-05:00,16.49,16.5,16.05,16.17,302577
2009-12-11 16:00:00-05:00,15.99,15.99,15.31,15.79,394656
2009-12-14 16:00:00-05:00,15.9,15.91,15.41,15.46,250653
2009-12-15 16:00:00-05:00,15.51,15.51,15.13,15.19,255357
2009-12-16 16:00:00-05:00,15.2,15.43,15.15,15.2,148292
2009-12-17 16:00:00-05:00,15.21,15.27,14.79,15.25,381082
2009-12-18 16:00:00-05:00,15.35,15.48,15.2,15.42,281604
2009-12-21 16:00:00-05:00,15.51,15.57,15.18,15.22,148571
2009-12-22 16:00:00-05:00,15.22,15.29,15.01,15.22,150534
2009-12-23 16:00:00-05:00,15.29,15.46,15.22,15.4,170153
2009-12-24 13:00:00-05:00,15.49,15.58,15.35,15.4,79892
2009-12-28 16:00:00-05:00,15.55,15.57,15.25,15.28,201821
2009-12-29 16:00:00-05:00,15.26,15.64,15.26,15.57,111342
2009-12-30 16:00:00-05:00,15.58,15.6,15.48,15.6,148674
2009-12-31 16:00:00-05:00,15.64,15.64,15.33,15.33,105906
2010-01-04 16:00:00-05:00,15.59,15.74,15.52,15.6,159758
2010-01-05 16:00:00-05:00,15.58,16.09,15.47,15.93,354580
2010-01-06 16:00:00-05:00,15.87,16.21,15.87,16.05,236577
2010-01-07 16:00:00-05:00,16.11,16.3,15.95,16.28,234410
2010-01-08 16:00:00-05:00,16.27,16.35,16.2,16.3,150837
2010-01-11 16:00:00-05:00,16.38,16.43,15.96,15.98,224699
2010-01-12 16:00:00-05:00,15.91,16.1324,15.88,15.97,135808
2010-01-13 16:00:00-05:00,16.0,16.16,15.91,16.08,123194
2010-01-14 16:00:00-05:00,16.15,16.16,16.0,16.03,95072
2010-01-15 16:00:00-05:00,16.04,16.12,15.78,15.99,169960
2010-01-19 16:00:00-05:00,16.09,16.27,15.99,16.1,159368
2010-01-20 16:00:00-05:00,16.06,16.29,15.8,16.25,160323
2010-01-21 16:00:00-05:00,16.23,16.25,15.75,15.84,199919
2010-01-22 16:00:00-05:00,15.87,15.92,15.61,15.71,186298
2010-01-25 16:00:00-05:00,15.95,16.19,15.93,16.1,202697
2010-01-26 16:00:00-05:00,16.06,16.4506,16.0,16.34,291799
2010-01-27 16:00:00-05:00,16.34,16.48,16.26,16.36,127232
2010-01-28 16:00:00-05:00,16.38,16.44,16.01,16.21,115206
2010-01-29 16:00:00-05:00,16.31,16.39,16.0,16.0,161320
2010-02-01 16:00:00-05:00,16.17,16.3,16.03,16.2,185207
2010-02-02 16:00:00-05:00,16.3,16.39,16.14,16.31,138372
2010-02-03 16:00:00-05:00,16.29,16.4,16.2,16.33,217416
2010-02-04 16:00:00-05:00,16.26,16.3,15.88,15.94,161783
2010-02-05 16:00:00-05:00,16.09,16.16,15.8,16.1,259966
2010-02-08 16:00:00-05:00,16.16,16.26,15.98,16.0,149674
2010-02-09 16:00:00-05:00,16.13,16.22,15.96,16.05,141720
2010-02-10 16:00:00-05:00,16.09,16.3,15.97,16.26,127371
2010-02-11 16:00:00-05:00,16.11,16.26,15.91,16.07,287937
2010-02-12 16:00:00-05:00,15.96,16.18,15.95,16.08,241064
2010-02-16 16:00:00-05:00,16.18,16.25,15.99,16.1,156613
2010-02-17 16:00:00-05:00,16.11,16.23,16.1,16.16,274089
2010-02-18 16:00:00-05:00,16.11,16.4,16.09,16.34,154683
2010-02-19 16:00:00-05:00,16.35,16.48,16.29,16.44,114585
2010-02-22 16:00:00-05:00,16.5,16.51,16.26,16.28,183050
2010-02-23 16:00:00-05:00,16.28,16.44,16.21,16.27,317451
2010-02-24 16:00:00-05:00,16.34,16.43,16.28,16.43,124481
2010-02-25 16:00:00-05:00,16.35,17.01,16.3,17.01,289573
2010-02-26 16:00:00-05:00,17.04,17.17,16.89,17.05,362189
2010-03-01 16:00:00-05:00,17.13,17.52,17.08,17.44,464197
2010-03-02 16:00:00-05:00,17.52,17.75,17.44,17.75,293907
2010-03-03 16:00:00-05:00,17.83,17.91,17.55,17.68,167623
2010-03-04 16:00:00-05:00,17.78,17.8,17.39,17.52,187825
2010-03-05 16:00:00-05:00,17.56,17.98,17.56,17.95,256856
2010-03-08 16:00:00-05:00,17.97,18.0,17.74,17.84,250295
2010-03-09 16:00:00-05:00,17.84,18.0,17.76,17.86,307789
2010-03-10 16:00:00-05:00,17.95,18.11,17.7,18.04,344746
2010-03-11 16:00:00-05:00,17.87,17.87,17.61,17.78,432157
2010-03-12 16:00:00-05:00,17.79,17.87,17.21,17.27,367207
2010-03-15 16:00:00-04:00,17.14,17.53,17.14,17.35,257720
2010-03-16 16:00:00-04:00,17.45,17.45,17.17,17.24,209085
2010-03-17 16:00:00-04:00,17.31,17.31,17.11,17.12,120943
2010-03-18 16:00:00-04:00,17.15,17.2,17.041,17.11,138595
2010-03-19 16:00:00-04:00,17.03,17.24,17.0,17.19,399241
2010-03-22 16:00:00-04:00,17.08,17.32,17.0,17.22,189585
2010-03-23 16:00:00-04:00,17.25,17.34,17.15,17.24,279781
2010-03-24 16:00:00-04:00,17.21,17.5,17.21,17.39,242663
2010-03-25 16:00:00-04:00,17.45,17.85,17.45,17.56,278012
2010-03-26 16:00:00-04:00,17.72,17.79,17.56,17.6,234829
2010-03-29 16:00:00-04:00,17.78,17.78,17.28,17.36,151834
2010-03-30 16:00:00-04:00,17.42,17.54,17.28,17.42,141798
2010-03-31 16:00:00-04:00,17.36,17.54,17.25,17.3,202893
2010-04-01 16:00:00-04:00,17.31,17.45,17.0,17.02,306976
2010-04-05 16:00:00-04:00,17.12,17.46,17.1,17.43,147643
2010-04-06 16:00:00-04:00,17.34,17.45,17.21,17.25,171906
2010-04-07 16:00:00-04:00,17.25,17.25,17.03,17.18,238059
2010-04-08 16:00:00-04:00,17.2,17.21,17.11,17.11,133214
2010-04-09 16:00:00-04:00,17.12,17.24,17.11,17.2,163886
2010-04-12 16:00:00-04:00,17.27,17.27,17.12,17.22,136492
2010-04-13 16:00:00-04:00,17.18,17.5,17.18,17.48,140516
2010-04-14 16:00:00-04:00,17.52,17.61,17.3801,17.56,173241
2010-04-15 16:00:00-04:00,17.55,17.75,17.55,17.66,111303
2010-04-16 16:00:00-04:00,17.65,17.8,17.5,17.58,149509
2010-04-19 16:00:00-04:00,17.64,17.64,17.4105,17.56,121510
2010-04-20 16:00:00-04:00,17.58,18.25,17.58,18.25,343356
2010-04-21 16:00:00-04:00,18.34,18.5,18.2205,18.5,224058
2010-04-22 16:00:00-04:00,18.4,18.71,18.31,18.64,270832
2010-04-23 16:00:00-04:00,18.71,18.75,18.45,18.67,329939
2010-04-26 16:00:00-04:00,18.61,18.95,18.61,18.88,272786
2010-04-27 16:00:00-04:00,18.8,18.9,18.55,18.77,170734
2010-04-28 16:00:00-04:00,18.75,18.905,18.54,18.73,208691
2010-04-29 16:00:00-04:00,18.84,18.91,18.5,18.5,165557
2010-04-30 16:00:00-04:00,18.5,18.68,18.21,18.25,176508
2010-05-03 16:00:00-04:00,18.34,18.47,18.12,18.4,170414
2010-05-04 16:00:00-04:00,18.22,18.28,17.76,18.22,180228
2010-05-05 16:00:00-04:00,18.07,18.2,17.67,17.7,167614
2010-05-06 16:00:00-04:00,17.65,18.0,12.86,16.21,904802
2010-05-07 16:00:00-04:00,16.34,16.77,15.99,16.41,505797
2010-05-10 16:00:00-04:00,16.96,17.56,16.78,16.97,476860
2010-05-11 16:00:00-04:00,17.02,17.49,16.38,17.29,241301
2010-05-12 16:00:00-04:00,16.8,16.892,16.42,16.42,812414
2010-05-13 16:00:00-04:00,16.53,17.13,16.45,16.9,284639
2010-05-14 16:00:00-04:00,16.82,17.0,16.66,16.78,199559
2010-05-17 16:00:00-04:00,16.81,17.32,16.71,17.27,263351
2010-05-18 16:00:00-04:00,17.42,17.57,16.82,16.98,173104
2010-05-19 16:00:00-04:00,16.52,16.73,16.08,16.41,336767
2010-05-20 16:00:00-04:00,16.3,16.31,15.7,15.87,375605
2010-05-21 16:00:00-04:00,15.64,16.4,15.33,16.35,348523
2010-05-24 16:00:00-04:00,16.36,16.61,16.11,16.13,177038
2010-05-25 16:00:00-04:00,15.98,16.05,15.68,16.01,357455
2010-05-26 16:00:00-04:00,16.1,16.6,16.1,16.28,211396
2010-05-27 16:00:00-04:00,16.55,16.89,16.55,16.89,177803
2010-05-28 16:00:00-04:00,16.89,16.96,16.51,16.57,139425
2010-06-01 16:00:00-04:00,16.37,17.0,16.37,16.65,317185
2010-06-02 16:00:00-04:00,16.72,16.78,16.51,16.76,213340
2010-06-03 16:00:00-04:00,16.74,17.21,16.68,16.75,246208
2010-06-04 16:00:00-04:00,16.56,16.5875,16.24,16.29,289320
2010-06-07 16:00:00-04:00,16.52,16.55,16.07,16.09,198865
2010-06-08 16:00:00-04:00,16.18,16.3089,15.92,16.04,192854
2010-06-09 16:00:00-04:00,16.22,16.53,16.01,16.19,268062
2010-06-10 16:00:00-04:00,16.47,16.72,16.44,16.71,216833
2010-06-11 16:00:00-04:00,16.14,16.53,16.05,16.49,141882
2010-06-14 16:00:00-04:00,16.68,16.68,16.1,16.29,483462
2010-06-15 16:00:00-04:00,16.31,16.56,16.2164,16.24,220298
2010-06-16 16:00:00-04:00,16.22,16.41,16.07,16.38,254447
2010-06-17 16:00:00-04:00,16.43,16.44,16.18,16.29,127575
2010-06-18 16:00:00-04:00,16.25,16.52,16.25,16.49,169522
2010-06-21 16:00:00-04:00,16.49,16.55,16.11,16.21,201589
2010-06-22 16:00:00-04:00,16.25,16.5,16.22,16.23,136208
2010-06-23 16:00:00-04:00,16.22,16.35,16.13,16.2,153329
2010-06-24 16:00:00-04:00,16.1,16.34,16.04,16.05,119699
2010-06-25 16:00:00-04:00,16.1,16.46,16.04,16.26,472402
2010-06-28 16:00:00-04:00,16.32,16.41,16.0,16.08,161793
2010-06-29 16:00:00-04:00,16.02,16.11,15.42,15.58,301091
2010-06-30 16:00:00-04:00,15.53,15.94,15.52,15.56,120302
2010-07-01 16:00:00-04:00,15.6,15.6,15.01,15.46,253411
2010-07-02 16:00:00-04:00,15.57,15.68,15.29,15.32,120112
2010-07-06 16:00:00-04:00,15.51,15.78,15.355,15.52,240281
2010-07-07 16:00:00-04:00,15.62,16.1,15.55,16.1,216812
2010-07-08 16:00:00-04:00,16.06,16.4,15.85,16.01,169579
2010-07-09 16:00:00-04:00,16.03,16.18,15.95,16.04,119962
2010-07-12 16:00:00-04:00,16.0,16.14,15.8,15.86,180674
2010-07-13 16:00:00-04:00,16.08,16.45,15.99,16.42,155841
2010-07-14 16:00:00-04:00,16.35,16.51,16.19,16.28,89090
2010-07-15 16:00:00-04:00,16.34,16.351,15.9295,16.08,105664
2010-07-16 16:00:00-04:00,16.03,16.08,15.7,15.72,153628
2010-07-19 16:00:00-04:00,15.72,15.96,15.69,15.91,98510
2010-07-20 16:00:00-04:00,15.8,16.11,15.78,16.08,101359
2010-07-21 16:00:00-04:00,16.12,16.2,15.75,15.78,132542
2010-07-22 16:00:00-04:00,15.97,16.04,15.85,16.0,202645
2010-07-23 16:00:00-04:00,16.0,16.32,15.81,16.29,196755
2010-07-26 16:00:00-04:00,16.3,16.42,16.23,16.36,129551
2010-07-27 16:00:00-04:00,16.4,16.4,16.05,16.06,178628
2010-07-28 16:00:00-04:00,16.06,16.35,16.06,16.15,145508
2010-07-29 16:00:00-04:00,16.28,16.37,15.95,16.2,112251
2010-07-30 16:00:00-04:00,16.06,16.37,15.94,16.04,183412
2010-08-02 16:00:00-04:00,16.3,16.3,16.01,16.24,169272
2010-08-03 16:00:00-04:00,16.13,16.41,16.02,16.36,122851
2010-08-04 16:00:00-04:00,16.39,16.59,16.31,16.55,157264
2010-08-05 16:00:00-04:00,15.75,16.1,15.12,15.69,768828
2010-08-06 16:00:00-04:00,15.55,15.6525,15.15,15.38,585395
2010-08-09 16:00:00-04:00,15.5,15.51,15.0,15.03,329918
2010-08-10 16:00:00-04:00,14.98,14.98,14.5,14.64,405604
2010-08-11 16:00:00-04:00,14.4,14.68,14.4,14.63,437054
2010-08-12 16:00:00-04:00,14.42,14.58,14.32,14.4,283511
2010-08-13 16:00:00-04:00,14.36,14.42,14.1,14.13,250190
2010-08-16 16:00:00-04:00,14.05,14.13,13.95,14.01,362748
2010-08-17 16:00:00-04:00,14.17,14.17,13.95,14.04,244219
2010-08-18 16:00:00-04:00,14.07,14.43,13.98,14.29,213135
2010-08-19 16:00:00-04:00,14.27,14.27,13.95,13.98,216473
2010-08-20 16:00:00-04:00,14.09,14.15,13.85,14.05,242212
2010-08-23 16:00:00-04:00,14.11,14.33,13.82,13.85,242161
2010-08-24 16:00:00-04:00,13.8,13.85,13.59,13.59,315161
2010-08-25 16:00:00-04:00,13.59,13.87,13.5,13.83,216761
2010-08-26 16:00:00-04:00,13.92,13.97,13.79,13.83,212835
2010-08-27 16:00:00-04:00,13.96,14.23,13.72,14.2,229695
2010-08-30 16:00:00-04:00,14.19,14.2,13.9,13.9,221675
2010-08-31 16:00:00-04:00,13.9,14.15,13.85,14.02,322259
2010-09-01 16:00:00-04:00,14.15,14.34,14.15,14.27,251298
2010-09-02 16:00:00-04:00,14.25,14.3,13.99,14.12,222682
2010-09-03 16:00:00-04:00,14.21,14.2901,14.09,14.23,290129
2010-09-07 16:00:00-04:00,14.29,14.44,14.17,14.25,254586
2010-09-08 16:00:00-04:00,14.34,14.48,14.2,14.29,333145
2010-09-09 16:00:00-04:00,14.39,14.448,14.34,14.42,175407
2010-09-10 16:00:00-04:00,14.45,14.58,14.43,14.56,453554
2010-09-13 16:00:00-04:00,14.49,14.5,13.8,14.01,446362
2010-09-14 16:00:00-04:00,13.92,13.95,13.69,13.72,405655
2010-09-15 16:00:00-04:00,13.65,13.88,13.61,13.8,203644
2010-09-16 16:00:00-04:00,13.74,13.82,13.65,13.78,186473
2010-09-17 16:00:00-04:00,13.88,13.95,13.71,13.94,299665
2010-09-20 16:00:00-04:00,14.0,14.1775,13.89,14.01,274979
2010-09-21 16:00:00-04:00,14.04,14.05,13.81,13.81,230928
2010-09-22 16:00:00-04:00,13.84,13.96,13.68,13.69,227935
2010-09-23 16:00:00-04:00,13.65,13.97,13.59,13.77,220274
2010-09-24 16:00:00-04:00,13.89,13.99,13.71,13.83,278640
2010-09-27 16:00:00-04:00,13.9,13.93,13.72,13.75,157168
2010-09-28 16:00:00-04:00,13.84,13.85,13.65,13.81,251616
2010-09-29 16:00:00-04:00,13.8,13.92,13.71,13.9,152000
2010-09-30 16:00:00-04:00,13.96,13.98,13.79,13.91,170283
2010-10-01 16:00:00-04:00,13.98,13.98,13.81,13.97,129147
2010-10-04 16:00:00-04:00,13.74,13.81,13.45,13.62,464194
2010-10-05 16:00:00-04:00,13.63,13.74,13.24,13.3,580268
2010-10-06 16:00:00-04:00,13.26,13.51,13.26,13.48,293076
2010-10-07 16:00:00-04:00,13.56,13.63,13.51,13.56,149669
2010-10-08 16:00:00-04:00,13.61,13.77,13.52,13.73,205983
2010-10-11 16:00:00-04:00,13.72,13.79,13.65,13.72,139248
2010-10-12 16:00:00-04:00,13.68,13.84,13.58,13.79,174615
2010-10-13 16:00:00-04:00,13.87,14.0,13.78,13.92,272733
2010-10-14 16:00:00-04:00,13.95,14.0,13.87,13.96,261026
2010-10-15 16:00:00-04:00,14.03,14.03,13.81,13.92,193760
2010-10-18 16:00:00-04:00,13.92,14.01,13.92,14.01,160578
2010-10-19 16:00:00-04:00,13.9,14.0301,13.77,13.84,170417
2010-10-20 16:00:00-04:00,13.91,13.99,13.8,13.86,136284
2010-10-21 16:00:00-04:00,13.92,14.04,13.78,13.89,180646
2010-10-22 16:00:00-04:00,13.92,14.05,13.8,14.01,244534
2010-10-25 16:00:00-04:00,14.05,14.05,13.89,13.92,158412
2010-10-26 16:00:00-04:00,13.9,14.05,13.9,14.02,142089
2010-10-27 16:00:00-04:00,14.0,14.0,13.79,13.86,219616
2010-10-28 16:00:00-04:00,13.93,13.93,13.69,13.72,158647
2010-10-29 16:00:00-04:00,13.66,13.9,13.66,13.84,133676
2010-11-01 16:00:00-04:00,13.93,14.03,13.77,13.84,286060
2010-11-02 16:00:00-04:00,13.95,14.03,13.78,13.8,243565
2010-11-03 16:00:00-04:00,13.84,13.87,13.6,13.66,339896
2010-11-04 16:00:00-04:00,13.82,14.14,13.77,13.96,478982
2010-11-05 16:00:00-04:00,13.95,14.12,13.9,14.07,360573
2010-11-08 16:00:00-05:00,14.05,14.14,13.97,14.01,250709
2010-11-09 16:00:00-05:00,14.0,14.14,13.79,13.79,356517
2010-11-10 16:00:00-05:00,13.8,13.99,13.77,13.95,332421
2010-11-11 16:00:00-05:00,13.95,13.98,13.75,13.77,361601
2010-11-12 16:00:00-05:00,13.72,13.89,13.6,13.62,298449
2010-11-15 16:00:00-05:00,13.65,13.83,13.65,13.73,192693
2010-11-16 16:00:00-05:00,13.69,13.81,13.51,13.6,284865
2010-11-17 16:00:00-05:00,13.61,13.85,13.58,13.77,193916
2010-11-18 16:00:00-05:00,13.89,13.94,13.8,13.84,184015
2010-11-19 16:00:00-05:00,13.85,13.88,13.79,13.84,138297
2010-11-22 16:00:00-05:00,13.8,13.94,13.77,13.89,153357
2010-11-23 16:00:00-05:00,13.78,13.97,13.76,13.9,209978
2010-11-24 16:00:00-05:00,13.97,14.03,13.9,14.03,232172
2010-11-26 13:00:00-05:00,13.94,14.0382,13.92,14.02,75060
2010-11-29 16:00:00-05:00,14.02,14.14,13.88,14.02,200675
2010-11-30 16:00:00-05:00,13.9,14.09,13.9,14.02,230219
2010-12-01 16:00:00-05:00,14.18,14.18,13.88,13.93,297043
2010-12-02 16:00:00-05:00,13.95,14.05,13.93,14.0,236129
2010-12-03 16:00:00-05:00,13.93,14.04,13.9,14.0,350354
2010-12-06 16:00:00-05:00,14.02,14.04,13.94,14.0,238514
2010-12-07 16:00:00-05:00,14.14,14.33,14.02,14.17,474100
2010-12-08 16:00:00-05:00,14.17,14.3,14.1,14.25,254025
2010-12-09 16:00:00-05:00,14.33,14.39,14.25,14.36,330205
2010-12-10 16:00:00-05:00,14.4,14.9,14.4,14.84,693846
2010-12-13 16:00:00-05:00,14.24,14.5,14.1,14.28,491411
2010-12-14 16:00:00-05:00,14.3,14.5,14.25,14.45,356522
2010-12-15 16:00:00-05:00,14.39,14.44,14.17,14.25,256539
2010-12-16 16:00:00-05:00,14.24,14.25,14.15,14.21,258607
2010-12-17 16:00:00-05:00,14.25,14.3,14.03,14.28,511839
2010-12-20 16:00:00-05:00,14.3,14.37,14.2338,14.3,214870
2010-12-21 16:00:00-05:00,14.32,14.49,14.3,14.47,222080
2010-12-22 16:00:00-05:00,14.56,14.69,14.47,14.49,282054
2010-12-23 16:00:00-05:00,14.49,14.5337,14.33,14.36,125388
2010-12-27 16:00:00-05:00,14.37,14.58,14.37,14.5,145699
2010-12-28 16:00:00-05:00,14.53,14.5399,14.4,14.45,133058
2010-12-29 16:00:00-05:00,14.46,14.54,14.3,14.35,204777
2010-12-30 16:00:00-05:00,14.32,14.33,14.15,14.29,257863
2010-12-31 16:00:00-05:00,14.22,14.35,14.22,14.24,162646
2011-01-03 16:00:00-05:00,14.38,14.39,14.24,14.36,176748
2011-01-04 16:00:00-05:00,14.36,14.37,14.13,14.13,298272
2011-01-05 16:00:00-05:00,14.13,14.31,14.11,14.29,248268
2011-01-06 16:00:00-05:00,14.33,14.345,14.1,14.1,234395
2011-01-07 16:00:00-05:00,14.16,14.21,14.0,14.21,272592
2011-01-10 16:00:00-05:00,14.22,14.25,14.05,14.08,375435
2011-01-11 16:00:00-05:00,14.13,14.15,13.97,14.02,254334
2011-01-12 16:00:00-05:00,14.2,14.37,14.1,14.11,454626
2011-01-13 16:00:00-05:00,14.15,14.2,13.93,13.94,441835
2011-01-14 16:00:00-05:00,14.0,14.12,13.98,14.03,239424
2011-01-18 16:00:00-05:00,14.04,14.12,13.88,13.91,385972
2011-01-19 16:00:00-05:00,13.95,14.0,13.71,13.72,317046
2011-01-20 16:00:00-05:00,13.74,13.93,13.74,13.83,221433
2011-01-21 16:00:00-05:00,13.88,13.91,13.4,13.5,436327
2011-01-24 16:00:00-05:00,12.12,12.7,11.5,12.51,1463424
2011-01-25 16:00:00-05:00,12.42,12.55,12.15,12.3,700674
2011-01-26 16:00:00-05:00,12.3,12.39,11.75,11.76,1082148
2011-01-27 16:00:00-05:00,11.72,12.1099,11.65,12.06,613806
2011-01-28 16:00:00-05:00,12.13,12.13,11.811,11.97,362530
2011-01-31 16:00:00-05:00,12.02,12.14,11.88,12.05,316094
2011-02-01 16:00:00-05:00,12.01,12.09,11.86,12.03,323742
2011-02-02 16:00:00-05:00,12.07,12.14,11.9419,11.99,293293
2011-02-03 16:00:00-05:00,11.92,12.13,11.92,12.1,338268
2011-02-04 16:00:00-05:00,12.15,12.19,11.99,12.02,400008
2011-02-07 16:00:00-05:00,12.1,12.27,12.08,12.24,501121
2011-02-08 16:00:00-05:00,12.26,12.57,12.26,12.49,427173
2011-02-09 16:00:00-05:00,12.55,12.55,12.31,12.42,379822
2011-02-10 16:00:00-05:00,12.31,12.44,12.0,12.13,652363
2011-02-11 16:00:00-05:00,12.2,12.22,12.0,12.09,507416
2011-02-14 16:00:00-05:00,12.15,12.31,12.115,12.2,302958
2011-02-15 16:00:00-05:00,12.25,12.36,12.15,12.17,406268
2011-02-16 16:00:00-05:00,12.24,12.3,12.17,12.25,262537
2011-02-17 16:00:00-05:00,12.25,12.29,12.2,12.27,236398
2011-02-18 16:00:00-05:00,12.28,12.36,12.26,12.33,254345
2011-02-22 16:00:00-05:00,12.37,12.37,12.21,12.22,326221
2011-02-23 16:00:00-05:00,12.21,12.36,12.21,12.31,269425
2011-02-24 16:00:00-05:00,12.33,12.41,12.26,12.35,315328
2011-02-25 16:00:00-05:00,12.43,12.7,12.43,12.7,305062
2011-02-28 16:00:00-05:00,12.77,12.95,12.76,12.91,384041
2011-03-01 16:00:00-05:00,13.03,13.05,12.77,12.78,333283
2011-03-02 16:00:00-05:00,12.76,12.97,12.76,12.97,346791
2011-03-03 16:00:00-05:00,13.1,13.25,13.0,13.14,438678
2011-03-04 16:00:00-05:00,13.17,13.25,13.1,13.18,405726
2011-03-07 16:00:00-05:00,13.3,13.32,13.1,13.24,519890
2011-03-08 16:00:00-05:00,13.29,13.39,13.23,13.39,351147
2011-03-09 16:00:00-05:00,13.44,13.74,13.4,13.68,448482
2011-03-10 16:00:00-05:00,13.67,14.1,13.51,13.58,993873
2011-03-11 16:00:00-05:00,13.03,13.16,12.64,12.67,699641
2011-03-14 16:00:00-04:00,12.6,12.64,12.34,12.43,446900
2011-03-15 16:00:00-04:00,12.22,12.5,12.11,12.3,594025
2011-03-16 16:00:00-04:00,12.34,12.39,12.06,12.06,520187
2011-03-17 16:00:00-04:00,12.12,12.25,12.0,12.01,476516
2011-03-18 16:00:00-04:00,12.05,12.18,12.0,12.01,505578
2011-03-21 16:00:00-04:00,12.2,12.21,11.99,12.05,421575
2011-03-22 16:00:00-04:00,12.1,12.14,12.05,12.13,263651
2011-03-23 16:00:00-04:00,12.12,12.21,12.05,12.17,188971
2011-03-24 16:00:00-04:00,12.25,12.41,12.15,12.33,246173
2011-03-25 16:00:00-04:00,12.49,12.58,12.3,12.55,381302
2011-03-28 16:00:00-04:00,12.63,12.88,12.56,12.74,466779
2011-03-29 16:00:00-04:00,12.75,12.78,12.51,12.58,337802
2011-03-30 16:00:00-04:00,12.69,12.7,12.48,12.58,326703
2011-03-31 16:00:00-04:00,12.6,12.65,12.51,12.57,174102
2011-04-01 16:00:00-04:00,12.62,12.64,12.49,12.52,232345
2011-04-04 16:00:00-04:00,12.58,12.58,12.27,12.32,418950
2011-04-05 16:00:00-04:00,12.3,12.52,12.27,12.42,327845
2011-04-06 16:00:00-04:00,12.48,12.69,12.46,12.65,251202
2011-04-07 16:00:00-04:00,12.7,12.93,12.7,12.79,337819
2011-04-08 16:00:00-04:00,12.78,12.912,12.49,12.5,365687
2011-04-11 16:00:00-04:00,12.45,12.48,11.99,12.0,964816
2011-04-12 16:00:00-04:00,11.94,12.03,11.78,11.81,520287
2011-04-13 16:00:00-04:00,11.9,11.9,11.59,11.68,554961
2011-04-14 16:00:00-04:00,11.63,11.6799,11.28,11.31,693203
2011-04-15 16:00:00-04:00,11.27,11.51,11.19,11.26,732196
2011-04-18 16:00:00-04:00,11.2,11.32,10.79,11.31,484442
2011-04-19 16:00:00-04:00,11.37,11.37,11.11,11.13,215741
2011-04-20 16:00:00-04:00,11.19,11.33,11.19,11.27,284928
2011-04-21 16:00:00-04:00,11.33,11.41,11.28,11.32,196796
2011-04-25 16:00:00-04:00,11.38,11.48,11.3,11.44,213549
2011-04-26 16:00:00-04:00,11.49,11.62,11.44,11.53,209998
2011-04-27 16:00:00-04:00,11.5,11.5699,11.27,11.32,356150
2011-04-28 16:00:00-04:00,11.35,11.49,11.34,11.43,247786
2011-04-29 16:00:00-04:00,10.43,10.89,9.99,10.51,3087410
2011-05-02 16:00:00-04:00,10.45,10.95,10.45,10.76,948157
2011-05-03 16:00:00-04:00,10.71,10.81,10.51,10.75,756224
2011-05-04 16:00:00-04:00,10.72,10.85,10.66,10.69,723619
2011-05-05 16:00:00-04:00,10.67,10.85,10.59,10.7,308551
2011-05-06 16:00:00-04:00,10.75,10.91,10.69,10.72,398702
2011-05-09 16:00:00-04:00,10.72,10.72,10.42,10.48,397339
2011-05-10 16:00:00-04:00,10.49,10.54,10.35,10.51,218096
2011-05-11 16:00:00-04:00,10.46,10.5,10.25,10.26,342095
2011-05-12 16:00:00-04:00,10.31,10.35,10.16,10.33,350881
2011-05-13 16:00:00-04:00,10.31,10.34,10.23,10.3,151705
2011-05-16 16:00:00-04:00,10.23,10.38,10.2,10.34,239366
2011-05-17 16:00:00-04:00,10.28,10.48,10.24,10.34,377366
2011-05-18 16:00:00-04:00,10.33,10.35,10.09,10.17,435538
2011-05-19 16:00:00-04:00,10.17,10.31,10.15,10.26,404324
2011-05-20 16:00:00-04:00,10.21,10.35,10.12,10.32,357671
2011-05-23 16:00:00-04:00,10.21,10.26,10.12,10.15,202230
2011-05-24 16:00:00-04:00,10.17,10.23,10.0,10.01,318916
2011-05-25 16:00:00-04:00,10.0,10.08,10.0,10.02,238241
2011-05-26 16:00:00-04:00,10.06,10.22,10.02,10.2,191937
2011-05-27 16:00:00-04:00,10.2,10.41,10.19,10.38,198660
2011-05-31 16:00:00-04:00,10.47,10.48,10.24,10.4,325912
2011-06-01 16:00:00-04:00,10.34,10.4,10.15,10.15,297107
2011-06-02 16:00:00-04:00,10.15,10.22,10.1,10.16,264345
2011-06-03 16:00:00-04:00,10.11,10.19,10.01,10.16,186527
2011-06-06 16:00:00-04:00,10.11,10.24,9.88,9.95,354841
2011-06-07 16:00:00-04:00,9.98,10.08,9.94,10.01,157744
2011-06-08 16:00:00-04:00,10.01,10.03,9.69,9.7,305811
2011-06-09 16:00:00-04:00,9.68,9.705,9.44,9.63,271622
2011-06-10 16:00:00-04:00,9.62,9.62,9.33,9.39,312139
2011-06-13 16:00:00-04:00,9.23,9.28,8.88,9.13,410444
2011-06-14 16:00:00-04:00,9.15,9.39,9.12,9.3,306938
2011-06-15 16:00:00-04:00,9.27,9.32,9.21,9.25,138731
2011-06-16 16:00:00-04:00,9.25,9.54,9.2,9.53,215469
2011-06-17 16:00:00-04:00,9.62,9.73,9.4,9.57,703278
2011-06-20 16:00:00-04:00,9.51,9.62,9.5,9.52,181518
2011-06-21 16:00:00-04:00,9.55,9.61,9.49,9.52,139372
2011-06-22 16:00:00-04:00,9.53,9.87,9.5,9.76,208389
2011-06-23 16:00:00-04:00,9.69,9.76,9.55,9.72,192488
2011-06-24 16:00:00-04:00,9.71,9.74,9.6,9.64,346402
2011-06-27 16:00:00-04:00,9.63,9.85,9.48,9.51,185022
2011-06-28 16:00:00-04:00,9.55,9.66,9.52,9.61,229268
2011-06-29 16:00:00-04:00,9.6,9.62,9.47,9.51,229578
2011-06-30 16:00:00-04:00,9.55,9.7,9.5,9.53,169939
2011-07-01 16:00:00-04:00,9.49,9.81,9.49,9.8,189386
2011-07-05 16:00:00-04:00,9.76,9.8,9.52,9.64,184841
2011-07-06 16:00:00-04:00,9.59,9.77,9.45,9.73,177433
2011-07-07 16:00:00-04:00,9.78,9.98,9.74,9.93,210571
2011-07-08 16:00:00-04:00,9.89,9.89,9.75,9.84,127782
2011-07-11 16:00:00-04:00,9.81,9.9,9.73,9.77,226196
2011-07-12 16:00:00-04:00,9.73,9.85,9.7,9.75,170396
2011-07-13 16:00:00-04:00,9.77,9.87,9.73,9.79,185913
2011-07-14 16:00:00-04:00,9.77,9.87,9.68,9.78,179721
2011-07-15 16:00:00-04:00,9.81,9.95,9.751,9.85,234320
2011-07-18 16:00:00-04:00,9.82,9.9,9.74,9.85,272936
2011-07-19 16:00:00-04:00,9.91,10.0,9.8,9.99,149523
2011-07-20 16:00:00-04:00,10.0,10.14,9.9229,10.07,141466
2011-07-21 16:00:00-04:00,10.09,10.33,10.031,10.29,149080
2011-07-22 16:00:00-04:00,10.25,10.31,10.15,10.26,143145
2011-07-25 16:00:00-04:00,10.18,10.24,10.09,10.09,154320
2011-07-26 16:00:00-04:00,10.07,10.2,9.98,10.1,173229
2011-07-27 16:00:00-04:00,10.07,10.08,9.89,9.91,205980
2011-07-28 16:00:00-04:00,9.94,10.0399,9.85,9.9,182053
2011-07-29 16:00:00-04:00,9.82,10.15,9.776,10.07,201227
2011-08-01 16:00:00-04:00,10.15,10.18,9.73,9.82,478321
2011-08-02 16:00:00-04:00,9.77,9.9599,9.61,9.66,576300
2011-08-03 16:00:00-04:00,9.65,9.75,9.52,9.63,298819
2011-08-04 16:00:00-04:00,9.56,10.0,9.5,9.5,432366
2011-08-05 16:00:00-04:00,9.54,9.89,9.48,9.64,327608
2011-08-08 16:00:00-04:00,9.5,9.64,9.25,9.28,754392
2011-08-09 16:00:00-04:00,9.3,9.89,9.18,9.88,454519
2011-08-10 16:00:00-04:00,9.75,9.8785,9.1,9.13,225488
2011-08-11 16:00:00-04:00,9.2,9.7,9.14,9.58,290306
2011-08-12 16:00:00-04:00,9.62,9.68,9.37,9.44,149240
2011-08-15 16:00:00-04:00,9.56,9.6,9.27,9.46,152904
2011-08-16 16:00:00-04:00,9.42,9.54,9.36,9.5,127033
2011-08-17 16:00:00-04:00,9.52,9.58,9.4,9.52,149427
2011-08-18 16:00:00-04:00,9.25,9.4,9.05,9.09,213553
2011-08-19 16:00:00-04:00,9.05,9.09,8.75,8.82,284072
2011-08-22 16:00:00-04:00,9.0,9.07,8.68,8.79,158610
2011-08-23 16:00:00-04:00,8.82,9.05,8.7,8.95,261371
2011-08-24 16:00:00-04:00,8.95,9.32,8.85,9.28,190683
2011-08-25 16:00:00-04:00,9.34,9.4586,8.94,8.99,136927
2011-08-26 16:00:00-04:00,8.96,9.1499,8.91,9.06,95421
2011-08-29 16:00:00-04:00,9.16,9.6,9.16,9.59,239708
2011-08-30 16:00:00-04:00,9.52,9.67,9.36,9.6,144728
2011-08-31 16:00:00-04:00,9.61,9.69,9.47,9.58,210207
2011-09-01 16:00:00-04:00,9.6,9.71,9.3,9.34,174934
2011-09-02 16:00:00-04:00,9.2,9.36,9.01,9.04,191905
2011-09-06 16:00:00-04:00,8.83,8.93,8.75,8.83,227591
2011-09-07 16:00:00-04:00,8.9,9.35,8.9,9.33,203849
2011-09-08 16:00:00-04:00,9.31,9.39,9.13,9.19,163814
2011-09-09 16:00:00-04:00,9.14,9.19,8.97,9.1,171551
2011-09-12 16:00:00-04:00,8.98,9.07,8.84,8.99,251814
2011-09-13 16:00:00-04:00,8.94,9.14,8.88,9.02,193905
2011-09-14 16:00:00-04:00,9.09,9.28,8.9095,9.15,173342
2011-09-15 16:00:00-04:00,9.19,9.37,9.12,9.18,114026
2011-09-16 16:00:00-04:00,9.2,9.34,9.08,9.31,168138
2011-09-19 16:00:00-04:00,9.22,9.3,9.02,9.16,78680
2011-09-20 16:00:00-04:00,9.2,9.36,9.0,9.0,97495
2011-09-21 16:00:00-04:00,9.04,9.16,8.81,8.83,236356
2011-09-22 16:00:00-04:00,8.67,9.0,8.67,8.93,242446
2011-09-23 16:00:00-04:00,8.91,9.18,8.77,9.1,228588
2011-09-26 16:00:00-04:00,9.2,9.35,9.12,9.28,226446
2011-09-27 16:00:00-04:00,9.4,9.6,9.25,9.41,260216
2011-09-28 16:00:00-04:00,9.38,9.42,9.22,9.22,181686
2011-09-29 16:00:00-04:00,9.36,9.3982,9.1,9.29,174331
2011-09-30 16:00:00-04:00,9.14,9.39,8.86,8.91,288972
2011-10-03 16:00:00-04:00,8.83,9.09,8.82,8.82,244088
2011-10-04 16:00:00-04:00,8.75,9.52,8.7,9.47,321229
2011-10-05 16:00:00-04:00,9.43,9.6,9.31,9.53,126314
2011-10-06 16:00:00-04:00,9.48,9.64,9.37,9.62,152497
2011-10-07 16:00:00-04:00,9.62,9.64,9.23,9.31,133011
2011-10-10 16:00:00-04:00,9.4,9.69,9.37,9.69,148313
2011-10-11 16:00:00-04:00,9.65,9.83,9.6,9.79,100882
2011-10-12 16:00:00-04:00,9.82,10.0,9.72,9.88,161070
2011-10-13 16:00:00-04:00,9.82,10.0,9.71,10.0,70493
2011-10-14 16:00:00-04:00,10.02,10.02,9.84,9.92,113999
2011-10-17 16:00:00-04:00,9.91,9.98,9.69,9.71,112922
2011-10-18 16:00:00-04:00,9.71,10.12,9.66,10.1,142857
2011-10-19 16:00:00-04:00,10.05,10.22,9.9829,10.04,134960
2011-10-20 16:00:00-04:00,10.07,10.17,9.76,9.93,91002
2011-10-21 16:00:00-04:00,10.08,10.62,10.08,10.62,190379
2011-10-24 16:00:00-04:00,10.6,10.76,10.5,10.72,189106
2011-10-25 16:00:00-04:00,10.63,10.6694,10.35,10.39,143434
2011-10-26 16:00:00-04:00,10.49,10.58,10.11,10.51,113566
2011-10-27 16:00:00-04:00,10.66,10.73,10.46,10.53,241441
2011-10-28 16:00:00-04:00,10.47,10.7,10.296,10.4,155724
2011-10-31 16:00:00-04:00,10.29,10.64,10.12,10.51,109882
2011-11-01 16:00:00-04:00,10.23,10.52,10.07,10.12,134869
2011-11-02 16:00:00-04:00,10.3,10.4,10.14,10.31,113625
2011-11-03 16:00:00-04:00,10.07,10.7,10.07,10.66,197900
2011-11-04 16:00:00-04:00,10.62,10.7,10.48,10.58,122026
2011-11-07 16:00:00-05:00,10.5,10.56,10.2,10.46,82566
2011-11-08 16:00:00-05:00,10.46,10.56,10.25,10.53,104881
2011-11-09 16:00:00-05:00,10.31,10.41,10.08,10.1,119959
2011-11-10 16:00:00-05:00,10.31,10.35,10.1,10.19,88194
2011-11-11 16:00:00-05:00,10.25,10.3,10.17,10.22,118057
2011-11-14 16:00:00-05:00,10.13,10.147,9.88,9.99,140143
2011-11-15 16:00:00-05:00,10.0,10.07,9.86,9.99,114320
2011-11-16 16:00:00-05:00,9.92,10.04,9.82,9.82,134370
2011-11-17 16:00:00-05:00,9.8,9.92,9.62,9.67,120833
2011-11-18 16:00:00-05:00,9.67,9.77,9.52,9.59,137538
2011-11-21 16:00:00-05:00,9.58,9.58,9.29,9.31,173181
2011-11-22 16:00:00-05:00,9.35,9.47,9.21,9.25,116185
2011-11-23 16:00:00-05:00,9.17,9.3,9.06,9.18,192240
2011-11-25 13:00:00-05:00,9.15,9.31,9.13,9.14,98687
2011-11-28 16:00:00-05:00,9.42,9.5502,9.11,9.25,145501
2011-11-29 16:00:00-05:00,9.25,9.38,9.09,9.11,86176
2011-11-30 16:00:00-05:00,9.38,9.68,9.33,9.62,195609
2011-12-01 16:00:00-05:00,9.57,9.73,9.37,9.55,138662
2011-12-02 16:00:00-05:00,9.68,9.91,9.64,9.88,137933
2011-12-05 16:00:00-05:00,10.0,10.09,9.81,9.98,133177
2011-12-06 16:00:00-05:00,9.95,10.48,9.88,10.37,234091
2011-12-07 16:00:00-05:00,10.31,10.8,10.13,10.53,487888
2011-12-08 16:00:00-05:00,10.46,10.46,10.17,10.24,175395
2011-12-09 16:00:00-05:00,10.3,10.53,10.2216,10.47,231555
2011-12-12 16:00:00-05:00,10.36,10.36,10.05,10.17,334827
2011-12-13 16:00:00-05:00,10.12,10.2,9.88,9.93,172332
2011-12-14 16:00:00-05:00,9.9,9.95,9.68,9.7,166406
2011-12-15 16:00:00-05:00,9.79,9.83,9.6,9.64,136591
2011-12-16 16:00:00-05:00,9.74,9.82,9.38,9.55,319070
2011-12-19 16:00:00-05:00,9.58,9.75,9.32,9.35,126822
2011-12-20 16:00:00-05:00,9.48,9.77,9.431,9.74,199287
2011-12-21 16:00:00-05:00,9.67,9.7,9.49,9.58,144467
2011-12-22 16:00:00-05:00,9.57,9.66,9.4106,9.43,118751
2011-12-23 16:00:00-05:00,9.43,9.5,9.29,9.43,123505
2011-12-27 16:00:00-05:00,9.4,9.49,9.32,9.34,131408
2011-12-28 16:00:00-05:00,9.31,9.33,9.15,9.22,160091
2011-12-29 16:00:00-05:00,9.21,9.4,9.2,9.33,192760
2011-12-30 16:00:00-05:00,9.29,9.39,9.19,9.32,202537
2012-01-03 16:00:00-05:00,9.42,9.6,9.39,9.46,174302
2012-01-04 16:00:00-05:00,9.42,9.5,9.32,9.34,151162
2012-01-05 16:00:00-05:00,9.34,9.56,9.286,9.5,136705
2012-01-06 16:00:00-05:00,9.52,9.74,9.41,9.64,141492
2012-01-09 16:00:00-05:00,9.72,9.73,9.47,9.53,104299
2012-01-10 16:00:00-05:00,9.59,9.89,9.55,9.84,155470
2012-01-11 16:00:00-05:00,9.82,9.87,9.6,9.65,168976
2012-01-12 16:00:00-05:00,9.65,9.75,9.6,9.75,83071
2012-01-13 16:00:00-05:00,9.66,9.73,9.5,9.51,86944
2012-01-17 16:00:00-05:00,9.58,9.75,9.44,9.46,114888
2012-01-18 16:00:00-05:00,9.45,9.59,9.41,9.59,84089
2012-01-19 16:00:00-05:00,9.6,9.6,9.4,9.44,95811
2012-01-20 16:00:00-05:00,9.46,9.63,9.37,9.62,118101
2012-01-23 16:00:00-05:00,9.58,9.73,9.54,9.58,119218
2012-01-24 16:00:00-05:00,9.55,9.7,9.51,9.63,121677
2012-01-25 16:00:00-05:00,9.64,9.71,9.58,9.65,69101
2012-01-26 16:00:00-05:00,9.7,9.71,9.5,9.53,136590
2012-01-27 16:00:00-05:00,9.5,9.72,9.5,9.71,84866
2012-01-30 16:00:00-05:00,9.68,9.69,9.45,9.46,134911
2012-01-31 16:00:00-05:00,9.63,9.64,9.42,9.49,88770
2012-02-01 16:00:00-05:00,9.56,9.72,9.36,9.68,167079
2012-02-02 16:00:00-05:00,9.69,9.7,9.5,9.7,117523
2012-02-03 16:00:00-05:00,9.78,9.95,9.78,9.91,166292
2012-02-06 16:00:00-05:00,9.88,9.95,9.75,9.78,67872
2012-02-07 16:00:00-05:00,9.74,9.82,9.63,9.68,96224
2012-02-08 16:00:00-05:00,9.69,9.83,9.65,9.76,75316
2012-02-09 16:00:00-05:00,9.8,9.8,9.68,9.75,168056
2012-02-10 16:00:00-05:00,9.65,9.74,9.65,9.71,75583
2012-02-13 16:00:00-05:00,9.75,9.7892,9.65,9.75,127679
2012-02-14 16:00:00-05:00,9.75,9.82,9.57,9.81,320124
2012-02-15 16:00:00-05:00,9.85,9.85,9.68,9.69,125594
2012-02-16 16:00:00-05:00,9.73,9.79,9.69,9.73,106546
2012-02-17 16:00:00-05:00,9.75,9.82,9.69,9.69,131350
2012-02-21 16:00:00-05:00,9.73,9.75,9.51,9.56,241005
2012-02-22 16:00:00-05:00,9.56,9.65,9.51,9.56,436704
2012-02-23 16:00:00-05:00,9.45,9.55,9.32,9.4,373099
2012-02-24 16:00:00-05:00,9.4,9.45,9.15,9.15,247988
2012-02-27 16:00:00-05:00,9.09,9.23,9.02,9.09,172522
2012-02-28 16:00:00-05:00,9.12,9.41,9.05,9.36,376761
2012-02-29 16:00:00-05:00,9.36,9.4271,9.13,9.14,393602
2012-03-01 16:00:00-05:00,9.15,9.425,9.14,9.35,261923
2012-03-02 16:00:00-05:00,9.32,9.35,9.04,9.05,173959
2012-03-05 16:00:00-05:00,9.09,9.14,9.0,9.06,308804
2012-03-06 16:00:00-05:00,9.0,9.07,8.9,8.91,189232
2012-03-07 16:00:00-05:00,8.81,8.88,8.75,8.79,296137
2012-03-08 16:00:00-05:00,8.87,8.94,8.77,8.87,245348
2012-03-09 16:00:00-05:00,8.85,9.08,8.85,9.02,395802
2012-03-12 16:00:00-04:00,8.99,9.05,8.87,9.01,261806
2012-03-13 16:00:00-04:00,8.98,8.98,8.78,8.96,310426
2012-03-14 16:00:00-04:00,8.97,9.0,8.84,8.9,207531
2012-03-15 16:00:00-04:00,8.91,8.9199,8.76,8.83,179372
2012-03-16 16:00:00-04:00,8.81,8.84,8.7,8.8,325047
2012-03-19 16:00:00-04:00,8.82,8.83,8.72,8.82,268470
2012-03-20 16:00:00-04:00,8.75,8.82,8.69,8.72,183914
2012-03-21 16:00:00-04:00,8.72,8.83,8.69,8.78,400063
2012-03-22 16:00:00-04:00,8.7,8.8,8.67,8.76,135541
2012-03-23 16:00:00-04:00,8.78,8.86,8.7,8.79,219936
2012-03-26 16:00:00-04:00,8.84,9.02,8.84,8.99,313087
2012-03-27 16:00:00-04:00,9.04,9.05,8.95,8.98,261178
2012-03-28 16:00:00-04:00,8.95,9.01,8.85,8.96,142094
2012-03-29 16:00:00-04:00,8.94,8.96,8.78,8.84,252226
2012-03-30 16:00:00-04:00,8.91,8.9199,8.8,8.87,233100
2012-04-02 16:00:00-04:00,8.96,8.96,8.78,8.88,302994
2012-04-03 16:00:00-04:00,8.83,8.88,8.73,8.76,272304
2012-04-04 16:00:00-04:00,8.7,8.74,8.55,8.56,221186
2012-04-05 16:00:00-04:00,8.55,8.56,8.27,8.33,504517
2012-04-09 16:00:00-04:00,8.24,8.24,8.12,8.21,444973
2012-04-10 16:00:00-04:00,8.2,8.27,8.15,8.22,413366
2012-04-11 16:00:00-04:00,8.3,8.31,8.15,8.24,208161
2012-04-12 16:00:00-04:00,8.22,8.25,8.15,8.16,188715
2012-04-13 16:00:00-04:00,8.15,8.17,8.08,8.11,225882
2012-04-16 16:00:00-04:00,8.11,8.14,8.02,8.02,234077
2012-04-17 16:00:00-04:00,8.05,8.18,8.05,8.06,203065
2012-04-18 16:00:00-04:00,8.04,8.09,7.95,7.96,237679
2012-04-19 16:00:00-04:00,7.97,7.97,7.77,7.83,295632
2012-04-20 16:00:00-04:00,7.88,8.0,7.77,7.99,367694
2012-04-23 16:00:00-04:00,7.91,7.99,7.82,7.91,280249
2012-04-24 16:00:00-04:00,7.89,7.93,7.82,7.88,325089
2012-04-25 16:00:00-04:00,7.96,8.0,7.85,7.92,302037
2012-04-26 16:00:00-04:00,7.88,7.97,7.84,7.9,244334
2012-04-27 16:00:00-04:00,7.89,7.94,7.77,7.93,246074
2012-04-30 16:00:00-04:00,7.92,7.94,7.87,7.88,210919
2012-05-01 16:00:00-04:00,7.86,7.95,7.78,7.85,294429
2012-05-02 16:00:00-04:00,7.78,7.85,7.77,7.84,188745
2012-05-03 16:00:00-04:00,8.35,8.91,8.16,8.9,1036111
2012-05-04 16:00:00-04:00,8.88,9.03,8.74,8.75,506910
2012-05-07 16:00:00-04:00,8.71,8.92,8.62,8.91,335692
2012-05-08 16:00:00-04:00,8.82,9.04,8.82,8.95,249994
2012-05-09 16:00:00-04:00,8.9,8.99,8.83,8.93,247248
2012-05-10 16:00:00-04:00,8.96,8.96,8.78,8.84,196099
2012-05-11 16:00:00-04:00,8.82,8.89,8.74,8.79,197192
2012-05-14 16:00:00-04:00,8.76,8.77,8.67,8.7,142592
2012-05-15 16:00:00-04:00,8.7,8.86,8.7,8.76,200401
2012-05-16 16:00:00-04:00,8.77,8.85,8.66,8.66,102929
2012-05-17 16:00:00-04:00,8.64,8.72,8.39,8.39,290959
2012-05-18 16:00:00-04:00,8.38,8.48,8.18,8.24,236119
2012-05-21 16:00:00-04:00,8.19,8.19,8.01,8.08,266898
2012-05-22 16:00:00-04:00,8.05,8.13,7.99,8.03,181107
2012-05-23 16:00:00-04:00,7.99,8.03,7.91,7.99,205366
2012-05-24 16:00:00-04:00,7.97,8.05,7.91,8.03,142255
2012-05-25 16:00:00-04:00,8.01,8.03,7.94,7.98,85840
2012-05-29 16:00:00-04:00,8.03,8.05,7.9,7.96,94184
2012-05-30 16:00:00-04:00,7.91,7.93,7.8,7.85,135449
2012-05-31 16:00:00-04:00,7.9,7.93,7.8,7.88,142927
2012-06-01 16:00:00-04:00,7.77,7.83,7.58,7.64,211822
2012-06-04 16:00:00-04:00,7.69,7.8,7.59,7.78,161114
2012-06-05 16:00:00-04:00,7.73,7.86,7.7,7.7,105974
2012-06-06 16:00:00-04:00,7.72,7.79,7.638,7.76,117631
2012-06-07 16:00:00-04:00,7.84,7.96,7.83,7.84,188850
2012-06-08 16:00:00-04:00,7.8,7.962,7.8,7.91,139073
2012-06-11 16:00:00-04:00,7.99,8.03,7.72,7.73,195804
2012-06-12 16:00:00-04:00,7.73,7.86,7.7,7.81,146988
2012-06-13 16:00:00-04:00,7.7,7.79,7.61,7.65,253966
2012-06-14 16:00:00-04:00,7.63,7.79,7.56,7.68,191324
2012-06-15 16:00:00-04:00,7.66,7.68,7.48,7.49,346107
2012-06-18 16:00:00-04:00,7.46,7.61,7.44,7.59,184051
2012-06-19 16:00:00-04:00,7.59,7.76,7.5,7.75,154924
2012-06-20 16:00:00-04:00,7.75,7.89,7.68,7.75,86351
2012-06-21 16:00:00-04:00,7.72,7.85,7.515,7.6,255448
2012-06-22 16:00:00-04:00,7.64,7.64,7.5299,7.55,208319
2012-06-25 16:00:00-04:00,7.6,7.72,7.55,7.65,110820
2012-06-26 16:00:00-04:00,7.65,7.72,7.51,7.62,113180
2012-06-27 16:00:00-04:00,7.66,7.71,7.58,7.66,92448
2012-06-28 16:00:00-04:00,7.59,7.64,7.47,7.62,159837
2012-06-29 16:00:00-04:00,7.71,7.85,7.57,7.82,161743
2012-07-02 16:00:00-04:00,7.8,7.84,7.6275,7.78,138916
2012-07-03 13:00:00-04:00,7.75,8.06,7.75,8.05,242004
2012-07-05 16:00:00-04:00,8.02,8.04,7.8901,7.91,175728
2012-07-06 16:00:00-04:00,7.8,7.88,7.78,7.81,83978
2012-07-09 16:00:00-04:00,7.78,7.83,7.75,7.78,132753
2012-07-10 16:00:00-04:00,7.79,7.87,7.64,7.66,90946
2012-07-11 16:00:00-04:00,7.67,7.91,7.6,7.86,153844
2012-07-12 16:00:00-04:00,7.84,7.84,7.66,7.71,124062
2012-07-13 16:00:00-04:00,7.77,7.91,7.76,7.81,107284
2012-07-16 16:00:00-04:00,7.82,7.87,7.7,7.72,45167
2012-07-17 16:00:00-04:00,7.74,7.83,7.66,7.76,124688
2012-07-18 16:00:00-04:00,7.8,7.87,7.76,7.8,146774
2012-07-19 16:00:00-04:00,7.81,7.89,7.74,7.76,129152
2012-07-20 16:00:00-04:00,7.7,7.84,7.6804,7.75,97527
2012-07-23 16:00:00-04:00,7.67,7.71,7.57,7.59,173142
2012-07-24 16:00:00-04:00,7.65,7.72,7.56,7.63,194738
2012-07-25 16:00:00-04:00,7.61,7.72,7.61,7.66,102301
2012-07-26 16:00:00-04:00,7.71,7.73,7.64,7.64,79175
2012-07-27 16:00:00-04:00,7.63,7.901,7.63,7.86,201111
2012-07-30 16:00:00-04:00,7.83,7.95,7.74,7.79,112946
2012-07-31 16:00:00-04:00,7.77,7.88,7.73,7.75,188992
2012-08-01 16:00:00-04:00,7.77,7.87,7.56,7.56,283590
2012-08-02 16:00:00-04:00,7.54,7.83,7.54,7.82,267363
2012-08-03 16:00:00-04:00,7.8,8.09,7.75,8.02,320176
2012-08-06 16:00:00-04:00,8.05,8.445,8.05,8.41,165405
2012-08-07 16:00:00-04:00,8.42,8.5,8.3,8.43,154404
2012-08-08 16:00:00-04:00,8.43,8.46,8.3,8.42,137494
2012-08-09 16:00:00-04:00,8.39,8.45,8.3305,8.44,106228
2012-08-10 16:00:00-04:00,8.44,8.44,8.32,8.36,128384
2012-08-13 16:00:00-04:00,8.38,8.46,8.31,8.46,68709
2012-08-14 16:00:00-04:00,8.5,8.5,8.31,8.42,99837
2012-08-15 16:00:00-04:00,8.39,8.4899,8.35,8.45,144711
2012-08-16 16:00:00-04:00,8.43,8.48,8.35,8.46,85664
2012-08-17 16:00:00-04:00,8.44,8.58,8.44,8.56,80240
2012-08-20 16:00:00-04:00,8.58,8.63,8.51,8.6,108891
2012-08-21 16:00:00-04:00,8.61,8.77,8.53,8.57,136341
2012-08-22 16:00:00-04:00,8.57,8.57,8.19,8.2,115132
2012-08-23 16:00:00-04:00,8.21,8.21,7.94,8.0,171467
2012-08-24 16:00:00-04:00,8.02,8.15,7.99,8.04,75914
2012-08-27 16:00:00-04:00,8.07,8.25,8.04,8.25,119352
2012-08-28 16:00:00-04:00,8.25,8.46,8.2075,8.44,109733
2012-08-29 16:00:00-04:00,8.42,8.49,8.27,8.34,130577
2012-08-30 16:00:00-04:00,8.51,8.79,8.49,8.53,412905
2012-08-31 16:00:00-04:00,8.6,8.96,8.6,8.88,265203
2012-09-04 16:00:00-04:00,8.78,8.8699,8.56,8.77,178943
2012-09-05 16:00:00-04:00,8.74,8.78,8.65,8.72,130569
2012-09-06 16:00:00-04:00,8.75,8.8,8.699,8.8,128371
2012-09-07 16:00:00-04:00,8.77,8.85,8.76,8.85,93003
2012-09-10 16:00:00-04:00,8.84,8.85,8.64,8.67,162093
2012-09-11 16:00:00-04:00,8.65,8.7799,8.59,8.63,168573
2012-09-12 16:00:00-04:00,8.6,8.66,8.56,8.66,140085
2012-09-13 16:00:00-04:00,8.72,8.87,8.61,8.84,218705
2012-09-14 16:00:00-04:00,8.85,8.9638,8.7,8.9,158296
2012-09-17 16:00:00-04:00,8.91,8.91,8.86,8.88,139345
2012-09-18 16:00:00-04:00,8.91,8.91,8.78,8.84,139460
2012-09-19 16:00:00-04:00,8.85,8.87,8.68,8.71,217332
2012-09-20 16:00:00-04:00,8.72,8.81,8.61,8.71,152781
2012-09-21 16:00:00-04:00,8.8,8.83,8.6,8.6,247534
2012-09-24 16:00:00-04:00,8.57,8.62,8.29,8.38,269849
2012-09-25 16:00:00-04:00,8.41,8.4799,8.26,8.27,172140
2012-09-26 16:00:00-04:00,8.26,8.34,8.08,8.2,214466
2012-09-27 16:00:00-04:00,8.2,8.3,8.05,8.19,170155
2012-09-28 16:00:00-04:00,8.15,8.215,8.04,8.05,138118
2012-10-01 16:00:00-04:00,8.07,8.21,8.0,8.01,190378
2012-10-02 16:00:00-04:00,8.01,8.17,8.0,8.17,176209
2012-10-03 16:00:00-04:00,8.15,8.18,8.09,8.11,197812
2012-10-04 16:00:00-04:00,8.11,8.22,8.06,8.21,165477
2012-10-05 16:00:00-04:00,8.21,8.37,8.1505,8.25,127784
2012-10-08 16:00:00-04:00,8.28,8.39,8.2,8.37,98425
2012-10-09 16:00:00-04:00,8.41,8.41,8.23,8.29,152428
2012-10-10 16:00:00-04:00,8.26,8.39,8.26,8.33,108749
2012-10-11 16:00:00-04:00,8.39,8.39,8.3,8.33,114689
2012-10-12 16:00:00-04:00,8.42,8.475,8.2,8.22,92876
2012-10-15 16:00:00-04:00,8.26,8.29,8.17,8.28,110824
2012-10-16 16:00:00-04:00,8.26,8.41,8.26,8.39,87885
2012-10-17 16:00:00-04:00,8.49,8.49,8.35,8.36,88144
2012-10-18 16:00:00-04:00,8.39,8.48,8.16,8.17,128355
2012-10-19 16:00:00-04:00,8.13,8.15,7.97,8.06,145873
2012-10-22 16:00:00-04:00,8.05,8.14,8.02,8.13,158584
2012-10-23 16:00:00-04:00,8.09,8.13,8.03,8.11,139951
2012-10-24 16:00:00-04:00,8.14,8.17,8.06,8.12,77836
2012-10-25 16:00:00-04:00,8.1,8.17,8.05,8.14,184304
2012-10-26 16:00:00-04:00,8.11,8.22,8.01,8.15,132479
2012-10-31 16:00:00-04:00,8.01,8.09,8.01,8.09,85935
2012-11-01 16:00:00-04:00,8.12,8.88,8.12,8.8,373492
2012-11-02 16:00:00-04:00,8.77,8.79,8.17,8.25,322922
2012-11-05 16:00:00-05:00,8.25,8.26,8.1,8.14,208635
2012-11-06 16:00:00-05:00,8.14,8.25,8.09,8.16,213208
2012-11-07 16:00:00-05:00,8.14,8.14,7.98,8.03,198389
2012-11-08 16:00:00-05:00,8.05,8.129,8.0,8.0,182695
2012-11-09 16:00:00-05:00,8.02,8.07,7.95,8.01,119546
2012-11-12 16:00:00-05:00,8.01,8.05,7.82,7.9,154582
2012-11-13 16:00:00-05:00,7.86,7.89,7.81,7.85,69456
2012-11-14 16:00:00-05:00,7.84,7.9075,7.56,7.57,177387
2012-11-15 16:00:00-05:00,7.53,7.62,7.5,7.59,136971
2012-11-16 16:00:00-05:00,7.56,7.746,7.53,7.71,145629
2012-11-19 16:00:00-05:00,7.75,7.92,7.75,7.87,99520
2012-11-20 16:00:00-05:00,7.83,7.92,7.81,7.92,77955
2012-11-21 16:00:00-05:00,7.9,7.93,7.79,7.84,106184
2012-11-23 13:00:00-05:00,7.88,7.97,7.8201,7.97,56274
2012-11-26 16:00:00-05:00,7.92,8.08,7.87,8.08,72798
2012-11-27 16:00:00-05:00,8.04,8.11,7.92,7.92,86264
2012-11-28 16:00:00-05:00,7.86,8.08,7.83,8.08,202300
2012-11-29 16:00:00-05:00,8.16,8.19,8.05,8.08,114808
2012-11-30 16:00:00-05:00,8.1,8.1,7.95,8.07,164072
2012-12-03 16:00:00-05:00,8.1,8.1,7.96,8.0,94471
2012-12-04 16:00:00-05:00,7.98,8.05,7.91,8.01,81890
2012-12-05 16:00:00-05:00,8.02,8.12,7.98,8.06,87947
2012-12-06 16:00:00-05:00,8.03,8.1298,8.0,8.07,143825
2012-12-07 16:00:00-05:00,8.1,8.13,7.99,8.01,125662
2012-12-10 16:00:00-05:00,8.0,8.1,7.97,8.08,78736
2012-12-11 16:00:00-05:00,8.08,8.15,8.02,8.13,142342
2012-12-12 16:00:00-05:00,7.99,8.14,7.99,8.1,131786
2012-12-13 16:00:00-05:00,8.09,8.15,8.03,8.08,96366
2012-12-14 16:00:00-05:00,8.03,8.12,7.99,8.03,87591
2012-12-17 16:00:00-05:00,8.02,8.12,7.99,8.08,124665
2012-12-18 16:00:00-05:00,8.1,8.14,8.06,8.14,127980
2012-12-19 16:00:00-05:00,8.12,8.14,8.09,8.14,80211
2012-12-20 16:00:00-05:00,8.12,8.14,7.99,8.03,188884
2012-12-21 16:00:00-05:00,7.91,8.0,7.91,7.98,372323
2012-12-24 13:00:00-05:00,7.96,8.0,7.91,7.95,89470
2012-12-26 16:00:00-05:00,7.92,7.97,7.81,7.88,271944
2012-12-27 16:00:00-05:00,7.89,7.92,7.76,7.81,145755
2012-12-28 16:00:00-05:00,7.76,7.81,7.675,7.72,240569
2012-12-31 16:00:00-05:00,7.68,7.965,7.67,7.89,234108
2013-01-02 16:00:00-05:00,7.99,8.1099,7.95,8.03,197452
2013-01-03 16:00:00-05:00,8.04,8.08,7.98,8.02,116279
2013-01-04 16:00:00-05:00,8.05,8.15,8.05,8.09,91488
2013-01-07 16:00:00-05:00,8.02,8.11,8.0,8.06,91560
2013-01-08 16:00:00-05:00,8.03,8.08,8.01,8.03,107265
2013-01-09 16:00:00-05:00,8.01,8.08,7.91,8.04,146469
2013-01-10 16:00:00-05:00,8.04,8.07,7.97,8.01,82311
2013-01-11 16:00:00-05:00,8.04,8.05,7.93,8.03,71806
2013-01-14 16:00:00-05:00,8.0,8.15,8.0,8.06,150280
2013-01-15 16:00:00-05:00,8.04,8.1,8.01,8.02,169871
2013-01-16 16:00:00-05:00,8.02,8.08,7.99,8.06,146279
2013-01-17 16:00:00-05:00,8.1,8.24,8.06,8.19,170877
2013-01-18 16:00:00-05:00,8.23,8.31,8.211,8.25,120841
2013-01-22 16:00:00-05:00,8.23,8.29,8.21,8.25,136704
2013-01-23 16:00:00-05:00,8.27,8.3,8.23,8.3,93385
2013-01-24 16:00:00-05:00,8.26,8.35,8.26,8.3,67763
2013-01-25 16:00:00-05:00,8.35,8.35,8.29,8.35,101485
2013-01-28 16:00:00-05:00,8.32,8.45,8.29,8.41,127090
2013-01-29 16:00:00-05:00,8.38,8.46,8.3502,8.41,93613
2013-01-30 16:00:00-05:00,8.38,8.46,8.37,8.43,109784
2013-01-31 16:00:00-05:00,8.44,8.66,8.38,8.56,189610
2013-02-01 16:00:00-05:00,8.57,8.655,8.48,8.57,147203
2013-02-04 16:00:00-05:00,8.55,8.57,8.48,8.5,114190
2013-02-05 16:00:00-05:00,8.51,8.61,8.49,8.51,66708
2013-02-06 16:00:00-05:00,8.47,8.57,8.44,8.53,160073
2013-02-07 16:00:00-05:00,8.55,8.55,8.37,8.45,85175
2013-02-08 16:00:00-05:00,8.43,8.495,8.35,8.48,69492
2013-02-11 16:00:00-05:00,8.5,8.57,8.44,8.56,81190
2013-02-12 16:00:00-05:00,8.54,8.59,8.49,8.55,38743
2013-02-13 16:00:00-05:00,8.52,8.64,8.52,8.64,65619
2013-02-14 16:00:00-05:00,8.6,8.6442,8.5622,8.62,40384
2013-02-15 16:00:00-05:00,8.66,8.68,8.57,8.66,100633
2013-02-19 16:00:00-05:00,8.71,8.84,8.7018,8.82,280378
2013-02-20 16:00:00-05:00,8.82,8.84,8.512,8.52,110194
2013-02-21 16:00:00-05:00,8.53,8.57,8.43,8.46,114472
2013-02-22 16:00:00-05:00,8.53,8.62,8.4701,8.59,59031
2013-02-25 16:00:00-05:00,8.61,8.62,8.42,8.42,78260
2013-02-26 16:00:00-05:00,8.48,8.55,8.32,8.39,70501
2013-02-27 16:00:00-05:00,8.4,8.57,8.351,8.52,97949
2013-02-28 16:00:00-05:00,8.49,8.56,8.26,8.33,177465
2013-03-01 16:00:00-05:00,8.22,8.63,8.2,8.58,138641
2013-03-04 16:00:00-05:00,8.54,8.63,8.47,8.6,118810
2013-03-05 16:00:00-05:00,8.66,8.72,8.585,8.72,180073
2013-03-06 16:00:00-05:00,8.75,8.8,8.651,8.78,86343
2013-03-07 16:00:00-05:00,8.74,8.82,8.54,8.74,128338
2013-03-08 16:00:00-05:00,8.74,8.77,8.7,8.77,85403
2013-03-11 16:00:00-04:00,8.79,8.9,8.75,8.88,144259
2013-03-12 16:00:00-04:00,8.86,8.86,8.57,8.68,179837
2013-03-13 16:00:00-04:00,8.54,8.615,8.43,8.51,150484
2013-03-14 16:00:00-04:00,8.5,8.61,8.48,8.55,115092
2013-03-15 16:00:00-04:00,8.51,8.65,8.5001,8.55,177731
2013-03-18 16:00:00-04:00,8.46,8.47,8.37,8.4,85635
2013-03-19 16:00:00-04:00,8.39,8.68,8.37,8.65,134781
2013-03-20 16:00:00-04:00,8.65,8.69,8.52,8.61,178547
2013-03-21 16:00:00-04:00,8.54,8.65,8.54,8.63,96152
2013-03-22 16:00:00-04:00,8.64,8.72,8.6001,8.7,228808
2013-03-25 16:00:00-04:00,8.75,8.79,8.62,8.73,163096
2013-03-26 16:00:00-04:00,8.75,8.76,8.57,8.66,113583
2013-03-27 16:00:00-04:00,8.62,8.75,8.56,8.73,88755
2013-03-28 16:00:00-04:00,8.75,8.82,8.7001,8.82,108888
2013-04-01 16:00:00-04:00,8.76,8.78,8.56,8.75,127137
2013-04-02 16:00:00-04:00,8.78,8.83,8.72,8.77,130405
2013-04-03 16:00:00-04:00,8.76,8.87,8.73,8.85,168717
2013-04-04 16:00:00-04:00,8.88,8.92,8.82,8.91,195063
2013-04-05 16:00:00-04:00,8.77,8.85,8.75,8.77,74056
2013-04-08 16:00:00-04:00,8.78,8.84,8.76,8.83,80031
2013-04-09 16:00:00-04:00,8.86,8.86,8.77,8.78,72581
2013-04-10 16:00:00-04:00,8.76,8.98,8.76,8.96,137435
2013-04-11 16:00:00-04:00,8.96,9.15,8.915,9.1,168491
2013-04-12 16:00:00-04:00,9.1,9.16,8.99,9.1,103691
2013-04-15 16:00:00-04:00,9.03,9.03,8.73,8.74,131100
2013-04-16 16:00:00-04:00,8.77,8.8699,8.71,8.84,118372
2013-04-17 16:00:00-04:00,8.8,8.88,8.68,8.81,161086
2013-04-18 16:00:00-04:00,8.8,8.8725,8.65,8.68,130378
2013-04-19 16:00:00-04:00,8.73,8.73,8.61,8.67,128223
2013-04-22 16:00:00-04:00,8.69,8.8,8.56,8.8,134173
2013-04-23 16:00:00-04:00,8.85,9.01,8.8,9.01,130343
2013-04-24 16:00:00-04:00,8.98,9.13,8.975,9.09,121840
2013-04-25 16:00:00-04:00,9.09,9.23,9.01,9.15,112760
2013-04-26 16:00:00-04:00,9.2,9.2,9.1001,9.17,67729
2013-04-29 16:00:00-04:00,9.18,9.18,9.04,9.15,72065
2013-04-30 16:00:00-04:00,9.1,9.2,9.1,9.18,92546
2013-05-01 16:00:00-04:00,9.12,9.15,8.97,9.0,127453
2013-05-02 16:00:00-04:00,9.0,9.24,8.94,9.12,147750
2013-05-03 16:00:00-04:00,9.23,9.3901,9.09,9.3,225102
2013-05-06 16:00:00-04:00,9.26,9.26,9.12,9.16,156452
2013-05-07 16:00:00-04:00,9.18,9.24,9.14,9.23,178914
2013-05-08 16:00:00-04:00,9.24,9.3,9.18,9.3,130814
2013-05-09 16:00:00-04:00,9.26,9.3,9.23,9.29,66597
2013-05-10 16:00:00-04:00,9.25,9.44,9.24,9.39,120102
2013-05-13 16:00:00-04:00,9.35,9.35,9.2,9.28,131676
2013-05-14 16:00:00-04:00,9.28,9.44,9.24,9.44,120990
2013-05-15 16:00:00-04:00,9.32,9.36,9.12,9.16,221164
2013-05-16 16:00:00-04:00,9.11,9.2,9.05,9.17,121491
2013-05-17 16:00:00-04:00,9.18,9.25,9.07,9.25,135235
2013-05-20 16:00:00-04:00,9.2,9.22,9.11,9.22,128340
2013-05-21 16:00:00-04:00,9.19,9.24,9.1014,9.16,102868
2013-05-22 16:00:00-04:00,9.14,9.2,8.96,9.04,148452
2013-05-23 16:00:00-04:00,9.0,9.17,9.0,9.16,78765
2013-05-24 16:00:00-04:00,9.14,9.3,9.03,9.28,141794
2013-05-28 16:00:00-04:00,9.34,9.5,9.31,9.48,220312
2013-05-29 16:00:00-04:00,9.46,9.62,9.395,9.52,190809
2013-05-30 16:00:00-04:00,9.52,9.68,9.52,9.67,160969
2013-05-31 16:00:00-04:00,9.65,9.83,9.64,9.74,170183
2013-06-03 16:00:00-04:00,9.75,9.83,9.55,9.83,319718
2013-06-04 16:00:00-04:00,9.83,9.851,9.67,9.81,134499
2013-06-05 16:00:00-04:00,9.8,9.87,9.64,9.64,103648
2013-06-06 16:00:00-04:00,9.67,9.715,9.55,9.64,107425
2013-06-07 16:00:00-04:00,9.72,9.86,9.65,9.83,133174
2013-06-10 16:00:00-04:00,9.87,9.99,9.79,9.93,163448
2013-06-11 16:00:00-04:00,9.89,9.91,9.69,9.79,158369
2013-06-12 16:00:00-04:00,9.76,9.87,9.67,9.72,143310
2013-06-13 16:00:00-04:00,9.66,9.95,9.64,9.94,168488
2013-06-14 16:00:00-04:00,9.9,9.93,9.85,9.91,92021
2013-06-17 16:00:00-04:00,9.98,10.05,9.893,9.94,108001
2013-06-18 16:00:00-04:00,9.98,10.08,9.95,10.06,108965
2013-06-19 16:00:00-04:00,10.03,10.1,9.95,9.98,65838
2013-06-20 16:00:00-04:00,9.88,10.02,9.78,9.86,564967
2013-06-21 16:00:00-04:00,9.86,10.04,9.8,9.84,177444
2013-06-24 16:00:00-04:00,9.8,9.85,9.65,9.79,89625
2013-06-25 16:00:00-04:00,9.9,9.95,9.77,9.92,105949
2013-06-26 16:00:00-04:00,10.0,10.0,9.75,9.78,128091
2013-06-27 16:00:00-04:00,9.81,9.97,9.77,9.96,101207
2013-06-28 16:00:00-04:00,9.97,10.33,9.96,10.31,941995
2013-07-01 16:00:00-04:00,10.28,10.43,10.21,10.33,200955
2013-07-02 16:00:00-04:00,10.33,10.47,10.21,10.32,127929
2013-07-03 16:00:00-04:00,10.21,10.48,10.21,10.47,100127
2013-07-05 16:00:00-04:00,10.5,10.61,10.37,10.61,155583
2013-07-08 16:00:00-04:00,10.65,10.74,10.59,10.67,121393
2013-07-09 16:00:00-04:00,10.68,10.71,10.59,10.63,94755
2013-07-10 16:00:00-04:00,10.61,10.68,10.5,10.65,115138
2013-07-11 16:00:00-04:00,10.75,10.88,10.68,10.87,227224
2013-07-12 16:00:00-04:00,10.86,11.04,10.817,11.01,118907
2013-07-15 16:00:00-04:00,11.07,11.16,10.93,11.16,154312
2013-07-16 16:00:00-04:00,11.18,11.28,11.07,11.21,190018
2013-07-17 16:00:00-04:00,11.28,11.33,11.09,11.16,71995
2013-07-18 16:00:00-04:00,11.18,11.28,11.15,11.2,59753
2013-07-19 16:00:00-04:00,11.2,11.2,11.14,11.16,107078
2013-07-22 16:00:00-04:00,11.14,11.16,11.0,11.06,99414
2013-07-23 16:00:00-04:00,11.06,11.12,10.95,11.01,96908
2013-07-24 16:00:00-04:00,11.06,11.06,10.765,10.8,133175
2013-07-25 16:00:00-04:00,10.76,10.9,10.71,10.87,113226
2013-07-26 16:00:00-04:00,10.78,10.88,10.7,10.84,65905
2013-07-29 16:00:00-04:00,10.8,10.91,10.67,10.77,71475
2013-07-30 16:00:00-04:00,10.77,10.81,10.62,10.7,94599
2013-07-31 16:00:00-04:00,10.75,10.84,10.59,10.64,140860
2013-08-01 16:00:00-04:00,10.64,10.7,10.2,10.33,498772
2013-08-02 16:00:00-04:00,10.26,10.41,10.25,10.4,207725
2013-08-05 16:00:00-04:00,10.36,10.46,10.32,10.46,175090
2013-08-06 16:00:00-04:00,10.46,10.47,10.3,10.39,102191
2013-08-07 16:00:00-04:00,10.34,10.43,10.3,10.32,137218
2013-08-08 16:00:00-04:00,10.35,10.43,10.13,10.29,195553
2013-08-09 16:00:00-04:00,10.18,10.34,10.1,10.2,192882
2013-08-12 16:00:00-04:00,10.15,10.28,10.12,10.27,92325
2013-08-13 16:00:00-04:00,10.31,10.34,10.2,10.24,56208
2013-08-14 16:00:00-04:00,10.2,10.26,10.12,10.15,143965
2013-08-15 16:00:00-04:00,10.08,10.12,10.0,10.0,157087
2013-08-16 16:00:00-04:00,10.0,10.05,9.91,9.91,118600
2013-08-19 16:00:00-04:00,9.9,10.005,9.8609,9.9,116017
2013-08-20 16:00:00-04:00,9.88,10.03,9.87,10.01,112741
2013-08-21 16:00:00-04:00,9.94,10.0,9.9,9.92,74783
2013-08-22 16:00:00-04:00,9.98,10.08,9.98,10.06,60617
2013-08-23 16:00:00-04:00,10.05,10.11,10.0,10.08,75462
2013-08-26 16:00:00-04:00,10.11,10.19,10.02,10.04,78074
2013-08-27 16:00:00-04:00,9.97,9.97,9.83,9.83,134761
2013-08-28 16:00:00-04:00,9.8,9.91,9.75,9.78,80113
2013-08-29 16:00:00-04:00,9.8004,9.92,9.77,9.83,47452
2013-08-30 16:00:00-04:00,9.8,9.82,9.65,9.77,116254
2013-09-03 16:00:00-04:00,9.85,9.98,9.76,9.9,146443
2013-09-04 16:00:00-04:00,10.08,10.26,9.92,10.2,238078
2013-09-05 16:00:00-04:00,10.23,10.3,10.16,10.24,102401
2013-09-06 16:00:00-04:00,10.25,10.29,10.0,10.2,121539
2013-09-09 16:00:00-04:00,10.2,10.3,10.14,10.26,77228
2013-09-10 16:00:00-04:00,10.3,10.39,10.21,10.38,180130
2013-09-11 16:00:00-04:00,10.3,10.3,10.13,10.16,64322
2013-09-12 16:00:00-04:00,10.13,10.21,10.07,10.14,48740
2013-09-13 16:00:00-04:00,10.18,10.19,10.07,10.16,50073
2013-09-16 16:00:00-04:00,10.11,10.11,9.73,9.79,305349
2013-09-17 16:00:00-04:00,9.79,9.92,9.76,9.83,121627
2013-09-18 16:00:00-04:00,9.85,9.8683,9.73,9.81,90272
2013-09-19 16:00:00-04:00,9.8,9.81,9.69,9.75,82744
2013-09-20 16:00:00-04:00,9.75,9.86,9.69,9.7,199833
2013-09-23 16:00:00-04:00,9.66,9.89,9.62,9.86,255868
2013-09-24 16:00:00-04:00,9.84,10.0,9.78,9.96,125948
2013-09-25 16:00:00-04:00,9.93,10.13,9.88,10.05,102848
2013-09-26 16:00:00-04:00,10.07,10.16,10.03,10.12,102244
2013-09-27 16:00:00-04:00,10.04,10.2,10.01,10.07,154606
2013-09-30 16:00:00-04:00,9.96,10.2,9.93,10.17,122141
2013-10-01 16:00:00-04:00,10.22,10.78,10.15,10.77,294145
2013-10-02 16:00:00-04:00,10.69,10.99,10.69,10.93,377267
2013-10-03 16:00:00-04:00,10.88,10.96,10.82,10.88,267309
2013-10-04 16:00:00-04:00,10.85,10.95,10.82,10.91,143735
2013-10-07 16:00:00-04:00,10.81,10.93,10.81,10.89,146650
2013-10-08 16:00:00-04:00,10.87,10.92,10.74,10.78,234945
2013-10-09 16:00:00-04:00,10.78,10.83,10.68,10.8,154405
2013-10-10 16:00:00-04:00,10.9,10.92,10.83,10.9,242740
2013-10-11 16:00:00-04:00,10.96,11.15,10.89,11.09,152095
2013-10-14 16:00:00-04:00,11.0,11.15,10.79,11.12,99854
2013-10-15 16:00:00-04:00,11.07,11.11,10.99,11.06,71969
2013-10-16 16:00:00-04:00,11.07,11.25,11.07,11.24,124511
2013-10-17 16:00:00-04:00,11.23,11.55,11.23,11.53,177595
2013-10-18 16:00:00-04:00,11.58,11.63,11.43,11.53,99563
2013-10-21 16:00:00-04:00,11.51,11.55,11.41,11.42,73874
2013-10-22 16:00:00-04:00,11.44,11.63,11.44,11.54,79619
2013-10-23 16:00:00-04:00,11.49,11.74,11.46,11.67,110540
2013-10-24 16:00:00-04:00,11.65,11.9,11.61,11.85,90429
2013-10-25 16:00:00-04:00,11.89,11.94,11.77,11.91,84200
2013-10-28 16:00:00-04:00,11.9,11.92,11.8,11.85,84021
2013-10-29 16:00:00-04:00,11.85,12.05,11.85,12.05,110098
2013-10-30 16:00:00-04:00,12.08,12.09,11.75,11.84,138454
2013-10-31 16:00:00-04:00,12.0,13.14,11.88,12.95,745065
2013-11-01 16:00:00-04:00,12.91,13.31,12.6874,13.26,438564
2013-11-04 16:00:00-05:00,13.22,13.26,12.9,12.96,227268
2013-11-05 16:00:00-05:00,12.94,13.04,12.66,12.95,191109
2013-11-06 16:00:00-05:00,13.04,13.04,12.65,12.72,245913
2013-11-07 16:00:00-05:00,12.73,12.7699,12.57,12.62,146150
2013-11-08 16:00:00-05:00,12.69,13.14,12.67,12.94,221508
2013-11-11 16:00:00-05:00,12.96,13.15,12.87,13.13,128641
2013-11-12 16:00:00-05:00,13.06,13.12,12.95,13.05,114337
2013-11-13 16:00:00-05:00,12.98,13.23,12.98,13.21,108998
2013-11-14 16:00:00-05:00,13.25,13.26,13.09,13.2,85903
2013-11-15 16:00:00-05:00,13.18,13.37,13.16,13.32,115161
2013-11-18 16:00:00-05:00,13.4,13.75,13.346,13.6,171967
2013-11-19 16:00:00-05:00,13.63,13.8,13.36,13.43,144002
2013-11-20 16:00:00-05:00,13.45,14.23,13.37,14.2,543691
2013-11-21 16:00:00-05:00,14.25,14.39,14.1,14.39,176838
2013-11-22 16:00:00-05:00,14.4,14.48,14.26,14.42,131392
2013-11-25 16:00:00-05:00,14.43,14.85,14.3801,14.64,225471
2013-11-26 16:00:00-05:00,14.62,14.85,14.6,14.78,134243
2013-11-27 16:00:00-05:00,14.75,15.15,14.72,15.12,266549
2013-11-29 16:00:00-05:00,15.12,15.41,14.9,15.31,212264
2013-12-02 16:00:00-05:00,15.3,15.47,14.27,14.39,490401
2013-12-03 16:00:00-05:00,14.36,14.66,14.3,14.58,205550
2013-12-04 16:00:00-05:00,14.51,14.78,14.1601,14.36,146831
2013-12-05 16:00:00-05:00,14.31,14.6,14.17,14.49,191559
2013-12-06 16:00:00-05:00,14.64,14.65,14.31,14.45,151941
2013-12-09 16:00:00-05:00,14.38,14.5,14.05,14.28,195868
2013-12-10 16:00:00-05:00,14.31,14.6,14.25,14.58,250869
2013-12-11 16:00:00-05:00,14.45,14.61,14.044,14.17,242223
2013-12-12 16:00:00-05:00,14.2,14.36,13.97,14.3,153074
2013-12-13 16:00:00-05:00,14.31,14.43,14.29,14.31,104313
2013-12-16 16:00:00-05:00,14.31,14.52,14.2055,14.33,198030
2013-12-17 16:00:00-05:00,14.3,15.06,14.23,14.99,537496
2013-12-18 16:00:00-05:00,14.99,15.2,14.97,15.11,292791
2013-12-19 16:00:00-05:00,15.0055,15.15,14.924,15.06,224440
2013-12-20 16:00:00-05:00,15.1,15.42,15.09,15.4,462261
2013-12-23 16:00:00-05:00,15.41,15.89,15.37,15.76,257614
2013-12-24 16:00:00-05:00,15.86,16.11,15.76,15.83,175086
2013-12-26 16:00:00-05:00,15.93,16.33,15.86,16.19,278170
2013-12-27 16:00:00-05:00,16.25,16.25,15.83,16.08,177867
2013-12-30 16:00:00-05:00,15.94,16.76,15.94,16.59,386567
2013-12-31 16:00:00-05:00,16.55,16.94,16.55,16.58,269425
2014-01-02 16:00:00-05:00,16.55,16.55,15.96,16.01,335749
2014-01-03 16:00:00-05:00,16.0,16.29,15.82,15.9,304650
2014-01-06 16:00:00-05:00,15.9,15.9,15.31,15.48,343598
2014-01-07 16:00:00-05:00,15.56,15.89,15.47,15.82,392372
2014-01-08 16:00:00-05:00,15.87,16.3,15.55,16.22,758796
2014-01-09 16:00:00-05:00,16.9,16.9,16.2,16.67,534530
2014-01-10 16:00:00-05:00,16.63,17.22,16.23,17.03,801026
2014-01-13 16:00:00-05:00,17.25,17.25,16.75,16.87,566574
2014-01-14 16:00:00-05:00,16.87,17.71,16.74,17.5,1165634
2014-01-15 16:00:00-05:00,17.48,18.6,17.2,18.35,1485299
2014-01-16 16:00:00-05:00,18.23,19.02,18.06,19.0,865564
2014-01-17 16:00:00-05:00,19.01,20.475,18.83,19.55,1571028
2014-01-21 16:00:00-05:00,19.59,19.87,19.08,19.61,664685
2014-01-22 16:00:00-05:00,19.67,20.47,19.59,20.38,1013903
2014-01-23 16:00:00-05:00,20.84,20.9,19.96,20.75,907400
2014-01-24 16:00:00-05:00,20.65,21.05,20.35,20.84,772581
2014-01-27 16:00:00-05:00,20.84,21.98,20.611,21.41,1590399
2014-01-28 16:00:00-05:00,21.33,21.97,21.11,21.96,893189
2014-01-29 16:00:00-05:00,21.84,21.89,21.2922,21.43,767635
2014-01-30 16:00:00-05:00,22.1,23.88,22.0,23.22,1714576
2014-01-31 16:00:00-05:00,22.95,24.82,22.7,24.19,1865563
2014-02-03 16:00:00-05:00,24.3,24.42,22.64,24.07,2116873
2014-02-04 16:00:00-05:00,24.11,24.69,22.8432,22.99,1572846
2014-02-05 16:00:00-05:00,22.74,23.41,21.78,22.86,1292398
2014-02-06 16:00:00-05:00,22.93,23.2,22.45,22.7,425503
2014-02-07 16:00:00-05:00,22.71,23.23,22.31,23.14,766103
2014-02-10 16:00:00-05:00,23.08,23.08,22.04,22.32,741197
2014-02-11 16:00:00-05:00,22.36,22.945,22.04,22.87,509580
2014-02-12 16:00:00-05:00,22.85,22.92,22.51,22.77,304958
2014-02-13 16:00:00-05:00,22.7,23.05,22.47,22.9,389098
2014-02-14 16:00:00-05:00,22.99,23.51,22.23,23.5,858759
2014-02-18 16:00:00-05:00,23.5,24.69,22.59,23.24,2736618
2014-02-19 16:00:00-05:00,23.17,23.36,22.71,23.0,861643
2014-02-20 16:00:00-05:00,22.49,24.96,21.9,24.74,1533295
2014-02-21 16:00:00-05:00,24.75,24.789,23.84,24.67,1084920
2014-02-24 16:00:00-05:00,24.73,24.95,23.99,23.99,894501
2014-02-25 16:00:00-05:00,24.0,24.32,23.55,23.71,634429
2014-02-26 16:00:00-05:00,23.67,23.72,22.9175,22.96,806546
2014-02-27 16:00:00-05:00,22.98,23.48,22.35,22.74,1305457
2014-02-28 16:00:00-05:00,22.85,23.76,22.68,22.92,1745024
2014-03-03 16:00:00-05:00,22.78,23.39,22.6,23.2,787462
2014-03-04 16:00:00-05:00,23.38,26.49,23.35,26.24,2795630
2014-03-05 16:00:00-05:00,26.14,27.4282,25.88,27.1,1656297
2014-03-06 16:00:00-05:00,27.13,30.0,26.9,29.8,3397008
2014-03-07 16:00:00-05:00,29.99,31.9,29.22,29.64,4790806
2014-03-10 16:00:00-04:00,29.46,30.18,28.82,30.09,1186894
2014-03-11 16:00:00-04:00,30.12,30.71,29.33,29.92,1015022
2014-03-12 16:00:00-04:00,29.65,30.22,29.18,29.67,843101
2014-03-13 16:00:00-04:00,29.82,31.98,28.83,29.75,2514101
2014-03-14 16:00:00-04:00,29.71,31.11,29.65,30.94,1552391
2014-03-17 16:00:00-04:00,31.14,31.179,30.0,30.37,1410836
2014-03-18 16:00:00-04:00,30.32,30.92,29.91,30.9,1031362
2014-03-19 16:00:00-04:00,30.83,31.49,30.55,31.14,1423090
2014-03-20 16:00:00-04:00,31.0,31.63,30.8,31.39,821765
2014-03-21 16:00:00-04:00,31.64,31.69,30.7,30.83,1529477
2014-03-24 16:00:00-04:00,31.0,31.03,29.6,30.05,874196
2014-03-25 16:00:00-04:00,30.14,30.45,28.91,29.71,1140401
2014-03-26 16:00:00-04:00,29.86,29.95,27.39,27.53,2639310
2014-03-27 16:00:00-04:00,27.39,27.39,26.28,27.35,1760511
2014-03-28 16:00:00-04:00,27.41,28.35,27.05,27.52,794453
2014-03-31 16:00:00-04:00,27.6,28.95,27.54,28.88,1310646
2014-04-01 16:00:00-04:00,28.88,30.39,28.64,29.6,1909428
2014-04-02 16:00:00-04:00,29.7,29.8,28.74,29.04,1324847
2014-04-03 16:00:00-04:00,29.24,29.24,28.01,28.41,1192782
2014-04-04 16:00:00-04:00,28.7,28.99,27.25,28.02,2059639
2014-04-07 16:00:00-04:00,27.0,27.04,21.73,23.9,8942061
2014-04-08 16:00:00-04:00,23.96,24.0499,22.04,22.21,2989279
2014-04-09 16:00:00-04:00,22.25,22.87,22.13,22.75,1617371
2014-04-10 16:00:00-04:00,22.67,22.77,21.08,21.12,2031038
2014-04-11 16:00:00-04:00,20.65,21.22,19.63,20.29,2320671
2014-04-14 16:00:00-04:00,20.41,20.87,19.94,19.99,1201938
2014-04-15 16:00:00-04:00,20.3,21.55,19.98,20.75,2522590
2014-04-16 16:00:00-04:00,21.69,22.01,20.82,21.97,1402559
2014-04-17 16:00:00-04:00,22.0,22.05,21.31,21.57,943523
2014-04-21 16:00:00-04:00,21.44,23.19,21.212,22.72,1930046
2014-04-22 16:00:00-04:00,22.86,23.1,22.53,22.59,1205028
2014-04-23 16:00:00-04:00,22.43,22.7,21.9799,22.1,729018
2014-04-24 16:00:00-04:00,22.27,22.36,21.1601,22.21,762104
2014-04-25 16:00:00-04:00,22.05,22.05,19.22,20.29,2495361
2014-04-28 16:00:00-04:00,20.41,20.53,18.82,19.51,2022207
2014-04-29 16:00:00-04:00,19.53,19.95,19.34,19.75,652338
2014-04-30 16:00:00-04:00,19.56,19.75,19.09,19.5,753039
2014-05-01 16:00:00-04:00,19.94,20.86,19.587,20.33,1161622
2014-05-02 16:00:00-04:00,20.34,20.36,18.28,18.83,2263233
2014-05-05 16:00:00-04:00,18.8,19.03,18.3,18.71,1426897
2014-05-06 16:00:00-04:00,18.59,19.16,18.05,18.12,1255301
2014-05-07 16:00:00-04:00,18.02,18.13,17.32,17.83,1381434
2014-05-08 16:00:00-04:00,17.89,18.5,17.3,17.32,1017785
2014-05-09 16:00:00-04:00,17.32,17.84,17.14,17.26,873022
2014-05-12 16:00:00-04:00,17.35,18.29,17.25,18.22,915930
2014-05-13 16:00:00-04:00,18.01,18.53,17.78,18.4,1175299
2014-05-14 16:00:00-04:00,18.47,19.9,17.69,19.35,4194399
2014-05-15 16:00:00-04:00,19.34,20.65,18.58,19.93,3230255
2014-05-16 16:00:00-04:00,10.55,11.93,10.55,11.27,40965128
2014-05-19 16:00:00-04:00,11.73,11.91,10.77,10.96,14232493
2014-05-20 16:00:00-04:00,10.96,11.09,10.75,10.93,3765197
2014-05-21 16:00:00-04:00,10.91,11.15,10.61,10.85,3472912
2014-05-22 16:00:00-04:00,10.94,11.04,10.75,10.81,3171298
2014-05-23 16:00:00-04:00,10.85,11.35,10.81,11.17,3351866
2014-05-27 16:00:00-04:00,11.39,11.61,11.29,11.35,2012029
2014-05-28 16:00:00-04:00,11.49,11.6,11.3,11.31,1117585
2014-05-29 16:00:00-04:00,11.35,11.65,11.14,11.27,2179318
2014-05-30 16:00:00-04:00,11.24,11.34,11.1,11.28,682989
2014-06-02 16:00:00-04:00,11.34,11.37,11.08,11.21,918382
2014-06-03 16:00:00-04:00,11.13,11.2,11.0,11.02,930700
2014-06-04 16:00:00-04:00,10.98,11.15,10.89,11.12,814117
2014-06-05 16:00:00-04:00,11.16,11.338,11.05,11.18,871235
2014-06-06 16:00:00-04:00,11.26,11.3,11.01,11.18,660053
2014-06-09 16:00:00-04:00,11.11,11.39,11.1,11.27,758704
2014-06-10 16:00:00-04:00,11.26,11.34,11.13,11.28,869984
2014-06-11 16:00:00-04:00,11.16,11.3073,11.1,11.25,1109535
2014-06-12 16:00:00-04:00,11.18,11.49,11.18,11.33,1280230
2014-06-13 16:00:00-04:00,11.45,11.5,11.22,11.4,856789
2014-06-16 16:00:00-04:00,11.35,11.84,11.33,11.74,2412914
2014-06-17 16:00:00-04:00,11.66,12.29,11.58,12.13,2488466
2014-06-18 16:00:00-04:00,12.13,12.2,11.66,11.75,1465389
2014-06-19 16:00:00-04:00,11.78,11.87,11.32,11.6,1342037
2014-06-20 16:00:00-04:00,11.73,11.76,11.32,11.66,1332996
2014-06-23 16:00:00-04:00,11.61,11.91,11.5,11.86,1189318
2014-06-24 16:00:00-04:00,11.84,11.96,11.6,11.65,1047849
2014-06-25 16:00:00-04:00,11.62,11.83,11.5,11.71,1061926
2014-06-26 16:00:00-04:00,11.69,11.78,11.5,11.56,816145
2014-06-27 16:00:00-04:00,11.55,11.64,11.37,11.59,1527759
2014-06-30 16:00:00-04:00,11.65,11.94,11.6,11.93,1328725
2014-07-01 16:00:00-04:00,11.96,12.05,11.69,11.75,907404
2014-07-02 16:00:00-04:00,11.75,12.01,11.75,11.87,724960
2014-07-03 16:00:00-04:00,11.9,12.02,11.83,12.0,391304
2014-07-07 16:00:00-04:00,11.96,12.16,11.81,11.88,866714
2014-07-08 16:00:00-04:00,11.89,11.89,11.411,11.6,1121360
2014-07-09 16:00:00-04:00,11.6,11.63,11.45,11.58,811118
2014-07-10 16:00:00-04:00,11.42,11.7,11.4,11.52,576391
2014-07-11 16:00:00-04:00,11.56,11.82,11.52,11.78,727964
2014-07-14 16:00:00-04:00,11.87,12.16,11.7868,12.08,1200337
2014-07-15 16:00:00-04:00,12.05,12.15,11.82,11.93,682718
2014-07-16 16:00:00-04:00,12.0,12.09,11.83,11.88,563714
2014-07-17 16:00:00-04:00,11.84,13.0,11.84,12.6,4617067
2014-07-18 16:00:00-04:00,12.61,13.08,12.47,12.55,1482918
2014-07-21 16:00:00-04:00,12.5,12.61,12.25,12.47,952878
2014-07-22 16:00:00-04:00,12.48,12.89,12.4,12.66,2828731
2014-07-23 16:00:00-04:00,12.66,12.72,12.42,12.64,965097
2014-07-24 16:00:00-04:00,12.62,12.82,12.51,12.62,784917
2014-07-25 16:00:00-04:00,12.55,12.6,12.25,12.39,809713
2014-07-28 16:00:00-04:00,12.35,12.46,12.09,12.33,620134
2014-07-29 16:00:00-04:00,12.77,12.9,12.35,12.47,984475
2014-07-30 16:00:00-04:00,12.47,12.69,11.96,12.09,1920886
2014-07-31 16:00:00-04:00,12.32,13.4,12.32,12.48,4410859
2014-08-01 16:00:00-04:00,12.53,13.07,12.3,13.03,1592277
2014-08-04 16:00:00-04:00,13.09,13.44,13.09,13.42,1161655
2014-08-05 16:00:00-04:00,13.3,13.99,13.2,13.97,1974156
2014-08-06 16:00:00-04:00,13.86,14.64,13.73,14.1,1599053
2014-08-07 16:00:00-04:00,14.16,14.21,13.6,13.68,929946
2014-08-08 16:00:00-04:00,13.68,13.9,13.56,13.75,833867
2014-08-11 16:00:00-04:00,13.8,14.1397,13.66,13.7,805392
2014-08-12 16:00:00-04:00,13.9,14.05,13.62,13.71,896779
2014-08-13 16:00:00-04:00,13.76,13.94,13.72,13.83,360404
2014-08-14 16:00:00-04:00,13.85,13.93,13.7,13.9,516411
2014-08-15 16:00:00-04:00,14.0,14.03,13.765,13.86,583606
2014-08-18 16:00:00-04:00,13.91,14.15,13.82,14.06,654901
2014-08-19 16:00:00-04:00,14.14,14.4697,14.11,14.39,534112
2014-08-20 16:00:00-04:00,14.32,14.9,14.21,14.51,837192
2014-08-21 16:00:00-04:00,14.54,14.6,14.33,14.44,451470
2014-08-22 16:00:00-04:00,14.46,14.71,14.2706,14.64,410955
2014-08-25 16:00:00-04:00,14.73,14.99,14.66,14.89,548116
2014-08-26 16:00:00-04:00,14.94,15.0,14.75,14.83,658049
2014-08-27 16:00:00-04:00,14.8,14.8599,14.551,14.64,454145
2014-08-28 16:00:00-04:00,14.55,14.56,14.31,14.47,647872
2014-08-29 16:00:00-04:00,14.44,14.56,14.38,14.54,297662
2014-09-02 16:00:00-04:00,14.58,14.69,14.2,14.61,575312
2014-09-03 16:00:00-04:00,14.68,14.68,14.31,14.46,535183
2014-09-04 16:00:00-04:00,14.43,14.75,14.37,14.61,402456
2014-09-05 16:00:00-04:00,14.6,14.76,14.48,14.76,241497
2014-09-08 16:00:00-04:00,14.73,14.95,14.7,14.9,311328
2014-09-09 16:00:00-04:00,14.85,14.93,14.5401,14.62,381557
2014-09-10 16:00:00-04:00,14.59,14.91,14.55,14.74,652095
2014-09-11 16:00:00-04:00,14.6,15.38,14.6,15.15,865374
2014-09-12 16:00:00-04:00,15.75,15.88,15.0,15.19,1867940
2014-09-15 16:00:00-04:00,15.17,15.41,14.97,15.01,1121236
2014-09-16 16:00:00-04:00,14.96,15.14,14.78,14.8,1057065
2014-09-17 16:00:00-04:00,14.81,15.08,14.5,14.62,985272
2014-09-18 16:00:00-04:00,14.82,15.0,14.72,14.98,349918
2014-09-19 16:00:00-04:00,14.99,15.14,14.53,14.69,531199
2014-09-22 16:00:00-04:00,14.62,14.6499,13.67,13.69,694138
2014-09-23 16:00:00-04:00,13.6,14.06,13.3801,13.77,839473
2014-09-24 16:00:00-04:00,13.73,13.89,13.39,13.63,529930
2014-09-25 16:00:00-04:00,13.57,13.91,13.43,13.84,454346
2014-09-26 16:00:00-04:00,13.89,14.265,13.84,14.18,416332
2014-09-29 16:00:00-04:00,14.0,14.0,13.73,13.8,678306
2014-09-30 16:00:00-04:00,13.74,13.87,13.6,13.77,762631
2014-10-01 16:00:00-04:00,13.77,13.77,13.31,13.37,785150
2014-10-02 16:00:00-04:00,13.36,13.81,13.2,13.79,832057
2014-10-03 16:00:00-04:00,13.92,14.1,13.84,14.08,551948
2014-10-06 16:00:00-04:00,14.07,14.1078,13.79,13.83,669862
2014-10-07 16:00:00-04:00,13.71,14.2,13.61,13.91,528486
2014-10-08 16:00:00-04:00,13.92,14.37,13.7,14.3,534741
2014-10-09 16:00:00-04:00,14.3,14.44,13.79,13.82,785277
2014-10-10 16:00:00-04:00,13.75,14.02,13.51,13.56,408997
2014-10-13 16:00:00-04:00,13.51,13.7,13.4,13.61,734664
2014-10-14 16:00:00-04:00,13.6,13.98,13.6,13.84,685294
2014-10-15 16:00:00-04:00,13.69,14.09,13.43,14.03,667272
2014-10-16 16:00:00-04:00,13.8,14.27,13.78,13.99,542685
2014-10-17 16:00:00-04:00,14.19,14.19,13.55,13.67,551465
2014-10-20 16:00:00-04:00,13.56,14.51,13.48,14.45,618679
2014-10-21 16:00:00-04:00,14.45,14.68,13.71,13.82,1272132
2014-10-22 16:00:00-04:00,13.82,13.83,12.72,12.84,1252884
2014-10-23 16:00:00-04:00,12.93,13.35,12.87,13.34,697515
2014-10-24 16:00:00-04:00,13.32,13.62,13.163,13.27,504449
2014-10-27 16:00:00-04:00,13.15,13.63,13.15,13.5,444245
2014-10-28 16:00:00-04:00,13.5,13.75,13.49,13.74,540433
2014-10-29 16:00:00-04:00,13.68,13.88,13.11,13.27,958800
2014-10-30 16:00:00-04:00,13.03,13.17,12.07,12.51,1988896
2014-10-31 16:00:00-04:00,12.59,12.696,12.26,12.35,856652
2014-11-03 16:00:00-05:00,12.35,13.4,12.35,13.04,1456491
2014-11-04 16:00:00-05:00,13.01,13.68,12.95,13.39,793060
2014-11-05 16:00:00-05:00,13.51,13.52,13.06,13.12,372471
2014-11-06 16:00:00-05:00,13.12,13.46,13.12,13.23,681751
2014-11-07 16:00:00-05:00,13.19,13.4,13.12,13.27,672746
2014-11-10 16:00:00-05:00,13.25,13.35,13.07,13.15,408901
2014-11-11 16:00:00-05:00,13.08,13.44,13.0,13.3,553431
2014-11-12 16:00:00-05:00,13.26,13.36,12.78,12.79,2006279
2014-11-13 16:00:00-05:00,12.83,12.88,12.05,12.13,1424028
2014-11-14 16:00:00-05:00,12.1,12.17,11.76,11.94,880964
2014-11-17 16:00:00-05:00,11.96,12.02,11.57,11.65,631689
2014-11-18 16:00:00-05:00,11.7,12.14,11.7,11.92,741407
2014-11-19 16:00:00-05:00,12.09,12.27,11.697,11.72,793896
2014-11-20 16:00:00-05:00,11.7,11.94,11.67,11.78,514308
2014-11-21 16:00:00-05:00,11.99,12.0,11.72,11.84,727823
2014-11-24 16:00:00-05:00,11.94,11.95,11.61,11.67,877812
2014-11-25 16:00:00-05:00,11.63,11.8128,11.41,11.63,630263
2014-11-26 16:00:00-05:00,11.65,11.75,11.58,11.68,328744
2014-11-28 16:00:00-05:00,11.62,11.7999,11.45,11.51,488157
2014-12-01 16:00:00-05:00,11.53,11.61,11.05,11.12,952886
2014-12-02 16:00:00-05:00,11.18,11.63,11.15,11.62,720217
2014-12-03 16:00:00-05:00,11.65,11.985,11.6,11.88,718712
2014-12-04 16:00:00-05:00,11.84,11.92,11.455,11.47,395739
2014-12-05 16:00:00-05:00,11.43,11.75,11.43,11.73,374287
2014-12-08 16:00:00-05:00,11.7,11.7,11.15,11.24,525089
2014-12-09 16:00:00-05:00,11.15,11.45,10.92,11.42,681906
2014-12-10 16:00:00-05:00,11.38,11.63,11.28,11.51,1378359
2014-12-11 16:00:00-05:00,11.15,11.6,11.14,11.39,990260
2014-12-12 16:00:00-05:00,11.29,11.37,10.93,11.23,513176
2014-12-15 16:00:00-05:00,11.22,11.25,10.76,10.83,761927
2014-12-16 16:00:00-05:00,10.89,11.13,10.76,10.89,537196
2014-12-17 16:00:00-05:00,10.91,11.165,10.79,11.02,437430
2014-12-18 16:00:00-05:00,11.13,11.23,11.0,11.08,413146
2014-12-19 16:00:00-05:00,11.14,11.668,11.04,11.4,684829
2014-12-22 16:00:00-05:00,11.4,11.81,11.38,11.79,479959
2014-12-23 16:00:00-05:00,11.89,12.22,11.86,11.95,517899
2014-12-24 16:00:00-05:00,11.96,12.35,11.95,12.12,311893
2014-12-26 16:00:00-05:00,12.23,12.56,12.15,12.53,348978
2014-12-29 16:00:00-05:00,12.49,12.69,12.48,12.62,452177
2014-12-30 16:00:00-05:00,12.62,12.73,12.44,12.49,416522
2014-12-31 16:00:00-05:00,12.48,12.54,12.3,12.34,453474
2015-01-02 16:00:00-05:00,12.4,12.46,11.83,12.03,476954
2015-01-05 16:00:00-05:00,11.98,12.18,11.8,11.81,587073
2015-01-06 16:00:00-05:00,11.89,12.15,11.73,11.84,506678
2015-01-07 16:00:00-05:00,11.89,11.92,11.15,11.35,1077016
2015-01-08 16:00:00-05:00,11.46,11.49,11.11,11.22,662027
2015-01-09 16:00:00-05:00,11.21,11.23,10.8,10.93,724616
2015-01-12 16:00:00-05:00,10.87,11.05,10.63,10.87,644784
2015-01-13 16:00:00-05:00,10.89,11.03,10.68,10.84,751388
2015-01-14 16:00:00-05:00,10.73,10.85,10.565,10.72,435629
2015-01-15 16:00:00-05:00,10.72,10.838,10.2399,10.3,693484
2015-01-16 16:00:00-05:00,10.25,10.45,10.19,10.29,529364
2015-01-20 16:00:00-05:00,10.25,10.29,9.8202,10.05,706139
2015-01-21 16:00:00-05:00,9.97,10.18,9.92,10.13,624196
2015-01-22 16:00:00-05:00,10.21,10.3639,10.11,10.36,580785
2015-01-23 16:00:00-05:00,10.39,10.6,10.27,10.52,556085
2015-01-26 16:00:00-05:00,10.72,10.72,10.45,10.48,429925
2015-01-27 16:00:00-05:00,10.4,12.86,10.18,12.5,5147269
2015-01-28 16:00:00-05:00,12.41,12.58,11.47,12.09,1728633
2015-01-29 16:00:00-05:00,12.1,12.54,11.6801,12.47,994080
2015-01-30 16:00:00-05:00,12.37,12.67,12.09,12.11,656755
2015-02-02 16:00:00-05:00,12.13,12.34,11.8101,12.31,423500
2015-02-03 16:00:00-05:00,12.3,12.6,12.248,12.41,653503
2015-02-04 16:00:00-05:00,12.38,12.78,12.32,12.5,518061
2015-02-05 16:00:00-05:00,12.46,12.94,12.24,12.76,687525
2015-02-06 16:00:00-05:00,13.16,13.63,12.84,13.23,1058804
2015-02-09 16:00:00-05:00,13.15,13.42,12.99,13.09,346549
2015-02-10 16:00:00-05:00,13.13,13.2,12.71,13.13,539129
2015-02-11 16:00:00-05:00,13.07,13.52,12.88,13.37,942194
2015-02-12 16:00:00-05:00,14.25,14.6648,13.5,14.36,1666646
2015-02-13 16:00:00-05:00,14.39,17.0,14.36,16.59,3248511
2015-02-17 16:00:00-05:00,16.65,17.47,16.59,17.35,1434543
2015-02-18 16:00:00-05:00,17.44,17.55,15.93,15.98,1104048
2015-02-19 16:00:00-05:00,15.98,16.65,15.95,16.52,581756
2015-02-20 16:00:00-05:00,16.52,16.6604,16.006,16.17,526372
2015-02-23 16:00:00-05:00,16.16,16.4292,15.867,16.28,384614
2015-02-24 16:00:00-05:00,16.34,16.93,16.31,16.62,373610
2015-02-25 16:00:00-05:00,16.68,17.2,16.47,16.77,400234
2015-02-26 16:00:00-05:00,16.78,16.97,16.59,16.76,349743
2015-02-27 16:00:00-05:00,16.72,16.9038,16.37,16.44,290879
2015-03-02 16:00:00-05:00,16.42,17.4801,16.42,17.25,762632
2015-03-03 16:00:00-05:00,17.25,17.9099,17.11,17.26,602612
2015-03-04 16:00:00-05:00,17.32,17.74,16.91,17.16,681885
2015-03-05 16:00:00-05:00,17.25,17.41,16.89,17.09,272188
2015-03-06 16:00:00-05:00,17.12,17.361,16.92,17.17,276884
2015-03-09 16:00:00-04:00,17.15,17.16,16.52,16.89,330237
2015-03-10 16:00:00-04:00,16.75,16.85,16.51,16.71,237151
2015-03-11 16:00:00-04:00,16.68,16.78,16.11,16.35,442630
2015-03-12 16:00:00-04:00,16.53,17.265,16.33,17.11,451151
2015-03-13 16:00:00-04:00,16.98,17.08,16.48,16.68,406917
2015-03-16 16:00:00-04:00,16.8,16.8,16.41,16.53,258248
2015-03-17 16:00:00-04:00,16.47,16.48,15.88,16.07,571457
2015-03-18 16:00:00-04:00,16.06,16.27,15.83,15.85,609748
2015-03-19 16:00:00-04:00,15.83,16.355,15.41,16.32,834243
2015-03-20 16:00:00-04:00,16.35,16.79,16.16,16.49,449791
2015-03-23 16:00:00-04:00,16.49,16.88,16.33,16.57,254750
2015-03-24 16:00:00-04:00,16.52,16.7499,16.47,16.55,336770
2015-03-25 16:00:00-04:00,16.49,16.59,16.04,16.09,477456
2015-03-26 16:00:00-04:00,16.0,16.74,15.96,16.35,669823
2015-03-27 16:00:00-04:00,16.44,16.88,16.105,16.52,979445
2015-03-30 16:00:00-04:00,16.78,17.4399,13.75,14.09,7008444
2015-03-31 16:00:00-04:00,14.12,14.22,13.75,14.01,1518838
2015-04-01 16:00:00-04:00,14.02,14.08,13.4,13.6,1308039
2015-04-02 16:00:00-04:00,13.75,13.91,13.41,13.73,873655
2015-04-06 16:00:00-04:00,13.73,13.78,13.01,13.38,1126405
2015-04-07 16:00:00-04:00,13.32,13.67,13.1601,13.4,1140246
2015-04-08 16:00:00-04:00,13.4,13.85,13.4,13.8,505809
2015-04-09 16:00:00-04:00,13.84,13.99,13.59,13.72,367838
2015-04-10 16:00:00-04:00,13.83,13.886,13.35,13.42,397675
2015-04-13 16:00:00-04:00,13.4,13.879,13.4,13.64,554922
2015-04-14 16:00:00-04:00,13.69,13.88,13.45,13.55,445326
2015-04-15 16:00:00-04:00,13.6,13.7321,13.38,13.61,511063
2015-04-16 16:00:00-04:00,13.53,14.1,13.52,14.05,665332
2015-04-17 16:00:00-04:00,13.93,13.998,13.69,13.84,441834
2015-04-20 16:00:00-04:00,13.87,14.14,13.62,14.03,422899
2015-04-21 16:00:00-04:00,14.11,14.27,13.98,14.15,433683
2015-04-22 16:00:00-04:00,14.15,14.28,13.81,14.19,353647
2015-04-23 16:00:00-04:00,14.13,14.68,14.02,14.66,593491
2015-04-24 16:00:00-04:00,14.6,14.89,14.345,14.48,439279
2015-04-27 16:00:00-04:00,14.49,14.58,14.1768,14.34,419721
2015-04-28 16:00:00-04:00,14.35,14.4,13.48,13.93,806025
2015-04-29 16:00:00-04:00,13.98,14.51,13.72,14.36,906221
2015-04-30 16:00:00-04:00,15.14,15.443,13.2545,13.42,2374693
2015-05-01 16:00:00-04:00,13.77,13.77,13.32,13.5,745320
2015-05-04 16:00:00-04:00,13.53,13.85,13.42,13.66,559836
2015-05-05 16:00:00-04:00,13.6,13.798,13.37,13.66,320611
2015-05-06 16:00:00-04:00,13.77,13.77,13.26,13.44,290912
2015-05-07 16:00:00-04:00,13.38,13.695,13.18,13.53,495593
2015-05-08 16:00:00-04:00,13.63,13.68,13.28,13.38,296592
2015-05-11 16:00:00-04:00,13.37,13.63,13.29,13.44,236606
2015-05-12 16:00:00-04:00,13.37,13.72,13.19,13.57,442831
2015-05-13 16:00:00-04:00,13.52,13.81,13.52,13.66,228087
2015-05-14 16:00:00-04:00,13.68,13.91,13.56,13.69,240259
2015-05-15 16:00:00-04:00,13.71,13.89,13.64,13.67,340503
2015-05-18 16:00:00-04:00,13.67,14.08,13.65,13.91,353217
2015-05-19 16:00:00-04:00,13.86,13.9546,13.66,13.83,257318
2015-05-20 16:00:00-04:00,13.78,13.7901,13.52,13.71,275112
2015-05-21 16:00:00-04:00,13.71,13.79,13.5,13.66,502898
2015-05-22 16:00:00-04:00,13.67,13.69,13.15,13.5,662051
2015-05-26 16:00:00-04:00,13.46,13.82,13.33,13.79,387608
2015-05-27 16:00:00-04:00,13.85,14.18,13.68,14.04,425605
2015-05-28 16:00:00-04:00,14.05,14.34,13.89,14.3,226536
2015-05-29 16:00:00-04:00,14.25,14.4,14.06,14.3,301479
2015-06-01 16:00:00-04:00,14.36,14.37,13.64,13.86,580154
2015-06-02 16:00:00-04:00,13.75,13.89,13.7,13.77,436076
2015-06-03 16:00:00-04:00,13.84,14.43,13.84,14.42,364376
2015-06-04 16:00:00-04:00,14.3,15.0,14.2,14.8,754887
2015-06-05 16:00:00-04:00,14.83,14.99,14.67,14.88,438264
2015-06-08 16:00:00-04:00,14.78,15.6,14.78,15.56,716216
2015-06-09 16:00:00-04:00,15.63,15.887,15.35,15.71,420456
2015-06-10 16:00:00-04:00,15.82,16.21,15.7401,15.97,569183
2015-06-11 16:00:00-04:00,15.77,15.83,15.31,15.37,284493
2015-06-12 16:00:00-04:00,15.22,15.61,14.9,15.56,307020
2015-06-15 16:00:00-04:00,15.47,15.67,15.25,15.63,187416
2015-06-16 16:00:00-04:00,15.58,15.88,15.46,15.81,323785
2015-06-17 16:00:00-04:00,16.3,17.18,16.13,16.45,969756
2015-06-18 16:00:00-04:00,16.54,16.7,16.27,16.41,449876
2015-06-19 16:00:00-04:00,16.48,16.48,16.14,16.32,296520
2015-06-22 16:00:00-04:00,16.34,16.4,16.09,16.25,325321
2015-06-23 16:00:00-04:00,16.3,16.93,16.2501,16.77,496124
2015-06-24 16:00:00-04:00,16.74,17.53,16.64,17.32,617633
2015-06-25 16:00:00-04:00,17.35,17.7999,17.3,17.53,462439
2015-06-26 16:00:00-04:00,17.53,17.73,17.27,17.49,458753
2015-06-29 16:00:00-04:00,17.33,17.39,16.4,16.44,501660
2015-06-30 16:00:00-04:00,16.5,16.74,16.25,16.5,668840
2015-07-01 16:00:00-04:00,16.59,17.08,16.54,16.65,703528
2015-07-02 16:00:00-04:00,16.65,16.76,16.18,16.53,340920
2015-07-06 16:00:00-04:00,16.35,16.73,16.1601,16.31,275216
2015-07-07 16:00:00-04:00,16.3,16.4,15.42,15.57,648081
2015-07-08 16:00:00-04:00,16.07,16.31,15.4,15.49,567668
2015-07-09 16:00:00-04:00,16.16,16.96,15.76,16.63,1007171
2015-07-10 16:00:00-04:00,16.81,17.08,16.22,16.46,378127
2015-07-13 16:00:00-04:00,16.5,16.7399,16.15,16.22,300006
2015-07-14 16:00:00-04:00,16.39,17.0,16.26,16.85,437367
2015-07-15 16:00:00-04:00,16.91,17.49,16.8,16.96,272648
2015-07-16 16:00:00-04:00,16.92,17.24,16.92,17.06,324601
2015-07-17 16:00:00-04:00,17.02,17.17,16.77,16.93,214200
2015-07-20 16:00:00-04:00,16.98,17.0,16.77,16.89,267637
2015-07-21 16:00:00-04:00,16.9,17.46,16.83,17.23,389976
2015-07-22 16:00:00-04:00,17.22,17.64,17.04,17.61,403463
2015-07-23 16:00:00-04:00,17.73,17.9499,17.1925,17.23,335230
2015-07-24 16:00:00-04:00,17.32,17.64,16.59,16.6,550983
2015-07-27 16:00:00-04:00,16.6,16.6,15.97,16.01,555052
2015-07-28 16:00:00-04:00,16.02,16.56,15.6,16.43,361387
2015-07-29 16:00:00-04:00,16.36,16.59,15.9,16.48,462027
2015-07-30 16:00:00-04:00,18.16,20.5,18.16,19.36,3638823
2015-07-31 16:00:00-04:00,19.4,20.0,19.2001,19.57,936237
2015-08-03 16:00:00-04:00,19.54,20.32,19.48,20.17,914587
2015-08-04 16:00:00-04:00,20.23,22.3,20.23,22.23,1950215
2015-08-05 16:00:00-04:00,22.19,23.0799,22.15,23.01,1184978
2015-08-06 16:00:00-04:00,23.08,23.63,21.065,21.92,1245910
2015-08-07 16:00:00-04:00,21.7,22.37,21.4901,21.97,514120
2015-08-10 16:00:00-04:00,22.21,22.22,21.15,21.26,534088
2015-08-11 16:00:00-04:00,20.94,21.19,20.37,20.8,550761
2015-08-12 16:00:00-04:00,20.63,20.94,20.5412,20.81,395963
2015-08-13 16:00:00-04:00,20.81,21.21,20.58,21.01,318342
2015-08-14 16:00:00-04:00,20.96,21.59,20.95,21.37,504016
2015-08-17 16:00:00-04:00,21.11,21.61,20.88,21.49,378561
2015-08-18 16:00:00-04:00,21.4,21.53,20.8925,21.19,444243
2015-08-19 16:00:00-04:00,21.36,21.83,20.96,21.69,470365
2015-08-20 16:00:00-04:00,21.35,21.44,20.68,20.75,505421
2015-08-21 16:00:00-04:00,20.45,21.34,20.0,20.54,770224
2015-08-24 16:00:00-04:00,19.45,20.04,19.0,19.11,986264
2015-08-25 16:00:00-04:00,19.65,20.0,19.28,19.34,387298
2015-08-26 16:00:00-04:00,19.79,19.9316,19.09,19.87,322036
2015-08-27 16:00:00-04:00,20.0,20.7,19.94,20.0,470706
2015-08-28 16:00:00-04:00,19.94,20.22,19.28,19.49,487833
2015-08-31 16:00:00-04:00,19.68,20.8499,19.41,20.06,916486
2015-09-01 16:00:00-04:00,19.75,20.0,17.32,18.22,3109420
2015-09-02 16:00:00-04:00,18.47,18.87,18.0,18.86,467149
2015-09-03 16:00:00-04:00,18.85,19.66,18.66,19.44,504865
2015-09-04 16:00:00-04:00,19.15,19.47,18.5,18.83,379913
2015-09-08 16:00:00-04:00,19.17,19.93,19.09,19.59,639193
2015-09-09 16:00:00-04:00,19.86,19.89,19.45,19.48,514212
2015-09-10 16:00:00-04:00,19.47,19.97,19.41,19.55,313009
2015-09-11 16:00:00-04:00,19.28,19.92,19.23,19.82,356459
2015-09-14 16:00:00-04:00,19.81,19.99,19.46,19.93,321532
2015-09-15 16:00:00-04:00,20.0,20.3,18.95,19.14,634305
2015-09-16 16:00:00-04:00,19.07,19.56,18.74,19.05,561508
2015-09-17 16:00:00-04:00,19.03,19.5,18.95,19.05,546140
2015-09-18 16:00:00-04:00,18.84,19.0,18.18,18.21,811695
2015-09-21 16:00:00-04:00,18.51,18.89,18.06,18.16,769644
2015-09-22 16:00:00-04:00,18.0,18.26,17.69,17.88,468098
2015-09-23 16:00:00-04:00,17.88,18.36,17.41,17.6,384860
2015-09-24 16:00:00-04:00,17.42,17.76,17.32,17.65,379405
2015-09-25 16:00:00-04:00,17.9,17.99,17.11,17.13,438598
2015-09-28 16:00:00-04:00,17.0,17.08,16.35,16.53,434673
2015-09-29 16:00:00-04:00,16.58,16.89,16.1501,16.61,419477
2015-09-30 16:00:00-04:00,16.91,17.001,16.5,16.9,347850
2015-10-01 16:00:00-04:00,16.88,17.34,16.73,17.18,564826
2015-10-02 16:00:00-04:00,16.92,17.31,16.5901,17.3,292809
2015-10-05 16:00:00-04:00,17.5,18.1,17.25,17.95,408568
2015-10-06 16:00:00-04:00,17.9,18.22,17.7601,17.97,294294
2015-10-07 16:00:00-04:00,18.01,18.98,17.9,18.77,645357
2015-10-08 16:00:00-04:00,18.77,19.58,18.66,19.55,456917
2015-10-09 16:00:00-04:00,19.5,19.91,19.37,19.69,345294
2015-10-12 16:00:00-04:00,19.78,20.17,19.6,19.94,330538
2015-10-13 16:00:00-04:00,19.84,20.51,19.72,20.15,721497
2015-10-14 16:00:00-04:00,20.07,20.19,18.48,19.36,719451
2015-10-15 16:00:00-04:00,19.35,19.88,19.05,19.79,507568
2015-10-16 16:00:00-04:00,19.9,20.15,19.55,19.6,360616
2015-10-19 16:00:00-04:00,19.57,19.87,19.42,19.78,369509
2015-10-20 16:00:00-04:00,19.77,20.42,19.74,20.31,501936
2015-10-21 16:00:00-04:00,20.41,20.42,18.9,18.95,408544
2015-10-22 16:00:00-04:00,19.01,19.59,18.89,19.24,266012
2015-10-23 16:00:00-04:00,19.89,21.33,19.41,20.82,795021
2015-10-26 16:00:00-04:00,20.84,21.33,20.68,20.81,521477
2015-10-27 16:00:00-04:00,20.78,20.98,20.2,20.32,629351
2015-10-28 16:00:00-04:00,20.42,20.62,19.63,19.95,1155404
2015-10-29 16:00:00-04:00,18.98,18.98,17.21,17.39,1756984
2015-10-30 16:00:00-04:00,17.36,18.09,17.2201,17.83,849564
2015-11-02 16:00:00-05:00,17.77,17.91,16.71,17.13,1207633
2015-11-03 16:00:00-05:00,17.2,17.2,16.52,16.96,502488
2015-11-04 16:00:00-05:00,17.05,17.68,16.92,17.55,864878
2015-11-05 16:00:00-05:00,17.55,17.67,17.22,17.45,640242
2015-11-06 16:00:00-05:00,17.52,17.84,17.23,17.53,627507
2015-11-09 16:00:00-05:00,17.47,17.783,17.07,17.1,521391
2015-11-10 16:00:00-05:00,17.11,17.13,16.6,17.0,444282
2015-11-11 16:00:00-05:00,16.94,17.18,16.7,17.05,267524
2015-11-12 16:00:00-05:00,16.87,16.98,16.3,16.38,660789
2015-11-13 16:00:00-05:00,16.34,17.0,16.134,16.38,411218
2015-11-16 16:00:00-05:00,16.34,16.77,16.14,16.74,256746
2015-11-17 16:00:00-05:00,16.81,17.13,16.52,16.7,448847
2015-11-18 16:00:00-05:00,16.73,17.45,16.65,17.44,389040
2015-11-19 16:00:00-05:00,17.39,17.39,16.86,17.12,251145
2015-11-20 16:00:00-05:00,17.33,17.39,17.13,17.25,173675
2015-11-23 16:00:00-05:00,17.26,17.36,17.06,17.22,199954
2015-11-24 16:00:00-05:00,17.07,17.18,16.67,16.85,389842
2015-11-25 16:00:00-05:00,16.85,17.177,16.83,17.1,180583
2015-11-27 16:00:00-05:00,17.14,17.87,16.91,17.38,307207
2015-11-30 16:00:00-05:00,17.04,17.23,16.75,16.99,827078
2015-12-01 16:00:00-05:00,17.08,17.87,16.88,17.05,3231237
2015-12-02 16:00:00-05:00,17.14,17.585,17.07,17.43,345925
2015-12-03 16:00:00-05:00,17.48,17.6,17.15,17.32,295978
2015-12-04 16:00:00-05:00,17.35,17.48,17.16,17.18,371934
2015-12-07 16:00:00-05:00,17.14,17.25,16.67,16.76,390643
2015-12-08 16:00:00-05:00,16.67,17.085,16.52,16.85,305781
2015-12-09 16:00:00-05:00,16.88,17.13,16.56,16.71,468380
2015-12-10 16:00:00-05:00,16.69,16.86,16.1,16.16,550745
2015-12-11 16:00:00-05:00,15.79,16.565,15.52,15.87,592775
2015-12-14 16:00:00-05:00,15.84,16.3,15.82,16.09,292207
2015-12-15 16:00:00-05:00,16.21,16.94,16.11,16.71,354769
2015-12-16 16:00:00-05:00,16.86,17.68,16.85,17.47,481267
2015-12-17 16:00:00-05:00,17.48,17.77,17.2,17.45,347693
2015-12-18 16:00:00-05:00,17.4,17.65,17.2,17.2,414085
2015-12-21 16:00:00-05:00,17.22,17.4,16.87,17.26,296822
2015-12-22 16:00:00-05:00,17.3,18.11,17.26,17.83,368653
2015-12-23 16:00:00-05:00,17.91,19.01,17.91,18.52,613869
2015-12-24 16:00:00-05:00,18.5,18.9,18.31,18.77,239961
2015-12-28 16:00:00-05:00,18.7,19.26,18.2,18.65,442509
2015-12-29 16:00:00-05:00,18.76,19.0,18.46,18.71,332416
2015-12-30 16:00:00-05:00,18.66,18.81,18.17,18.54,487643
2015-12-31 16:00:00-05:00,18.44,18.64,17.83,17.84,493313
2016-01-04 16:00:00-05:00,17.44,18.29,17.31,17.61,681986
2016-01-05 16:00:00-05:00,17.69,17.85,17.18,17.23,356266
2016-01-06 16:00:00-05:00,16.96,17.4,16.6,16.67,534282
2016-01-07 16:00:00-05:00,16.5,16.79,16.31,16.32,545284
2016-01-08 16:00:00-05:00,16.44,16.5099,16.0,16.3,600411
2016-01-11 16:00:00-05:00,16.37,16.64,16.215,16.43,498618
2016-01-12 16:00:00-05:00,16.68,16.825,16.485,16.78,364573
2016-01-13 16:00:00-05:00,17.18,17.18,15.78,16.1,437320
2016-01-14 16:00:00-05:00,16.84,17.24,16.26,16.83,1472555
2016-01-15 16:00:00-05:00,16.15,17.06,16.15,16.8,798315
2016-01-19 16:00:00-05:00,16.97,17.21,16.32,16.59,1007787
2016-01-20 16:00:00-05:00,16.38,16.67,16.15,16.53,4998806
2016-01-21 16:00:00-05:00,16.53,16.55,15.83,15.95,1153135
2016-01-22 16:00:00-05:00,16.21,16.755,16.12,16.74,691245
2016-01-25 16:00:00-05:00,16.71,17.66,16.5701,17.29,470031
2016-01-26 16:00:00-05:00,17.79,18.42,17.7,18.0,920006
2016-01-27 16:00:00-05:00,18.02,18.02,17.04,17.57,542403
2016-01-28 16:00:00-05:00,17.75,18.04,17.53,17.82,446157
2016-01-29 16:00:00-05:00,17.91,18.38,17.74,17.9,686136
2016-02-01 16:00:00-05:00,17.63,18.0,17.27,17.8,732775
2016-02-02 16:00:00-05:00,17.68,17.68,16.67,17.08,581323
2016-02-03 16:00:00-05:00,17.16,17.27,16.15,16.63,457690
2016-02-04 16:00:00-05:00,16.97,17.14,16.49,17.01,350523
2016-02-05 16:00:00-05:00,17.22,17.22,16.38,16.57,497266
2016-02-08 16:00:00-05:00,16.41,16.69,15.76,16.49,859980
2016-02-09 16:00:00-05:00,16.2,17.12,16.13,16.47,732040
2016-02-10 16:00:00-05:00,16.41,16.55,15.66,15.75,1279914
2016-02-11 16:00:00-05:00,16.45,16.45,14.2,14.94,1760378
2016-02-12 16:00:00-05:00,14.7,15.13,14.265,14.65,1015034
2016-02-16 16:00:00-05:00,15.01,15.64,14.91,15.36,673357
2016-02-17 16:00:00-05:00,15.42,15.78,15.18,15.47,693090
2016-02-18 16:00:00-05:00,15.5,15.593,15.18,15.24,621044
2016-02-19 16:00:00-05:00,15.19,15.5297,15.0,15.35,369751
2016-02-22 16:00:00-05:00,15.54,16.64,15.44,16.35,931656
2016-02-23 16:00:00-05:00,16.38,16.76,16.27,16.43,390674
2016-02-24 16:00:00-05:00,16.17,16.36,15.86,16.33,509727
2016-02-25 16:00:00-05:00,16.33,17.2,16.33,16.63,402377
2016-02-26 16:00:00-05:00,16.69,17.07,16.59,16.82,444265
2016-02-29 16:00:00-05:00,16.8,17.15,16.625,16.72,373681
2016-03-01 16:00:00-05:00,16.82,17.09,16.68,16.85,535676
2016-03-02 16:00:00-05:00,16.85,17.32,16.7706,17.31,843300
2016-03-03 16:00:00-05:00,17.3,17.97,17.23,17.69,554480
2016-03-04 16:00:00-05:00,17.71,18.2875,17.49,17.59,485347
2016-03-07 16:00:00-05:00,17.48,18.05,17.45,18.03,283257
2016-03-08 16:00:00-05:00,17.91,18.72,17.9092,18.0,403237
2016-03-09 16:00:00-05:00,18.07,18.79,17.76,17.85,654396
2016-03-10 16:00:00-05:00,17.86,17.97,17.4,17.48,357164
2016-03-11 16:00:00-05:00,17.48,17.87,17.42,17.75,360494
2016-03-14 16:00:00-04:00,17.73,18.05,17.69,17.93,225474
2016-03-15 16:00:00-04:00,17.92,17.92,17.48,17.77,356351
2016-03-16 16:00:00-04:00,17.66,18.03,17.5,17.87,395026
2016-03-17 16:00:00-04:00,17.86,18.931,17.86,18.74,633991
2016-03-18 16:00:00-04:00,18.89,18.89,17.76,18.0,774786
2016-03-21 16:00:00-04:00,17.91,18.13,17.7,17.85,332384
2016-03-22 16:00:00-04:00,17.85,17.87,17.55,17.62,348334
2016-03-23 16:00:00-04:00,17.64,17.8,17.21,17.35,627325
2016-03-24 16:00:00-04:00,17.32,17.46,16.94,17.12,425536
2016-03-28 16:00:00-04:00,17.2,17.99,17.2,17.89,521754
2016-03-29 16:00:00-04:00,18.19,18.65,18.01,18.34,748913
2016-03-30 16:00:00-04:00,18.35,18.6567,17.57,17.79,524410
2016-03-31 16:00:00-04:00,17.82,17.98,17.34,17.66,536634
2016-04-01 16:00:00-04:00,17.54,17.7,17.18,17.31,1038229
2016-04-04 16:00:00-04:00,17.71,18.86,15.9,16.56,3227317
2016-04-05 16:00:00-04:00,16.36,17.09,16.0,16.77,1026990
2016-04-06 16:00:00-04:00,16.82,16.8499,16.05,16.45,556300
2016-04-07 16:00:00-04:00,16.4,16.454,15.87,16.0,448902
2016-04-08 16:00:00-04:00,15.99,16.27,15.72,16.21,509230
2016-04-11 16:00:00-04:00,16.23,16.36,15.5775,15.66,719503
2016-04-12 16:00:00-04:00,15.74,16.2,15.55,16.16,489509
2016-04-13 16:00:00-04:00,16.26,16.35,16.06,16.28,402112
2016-04-14 16:00:00-04:00,16.21,16.29,16.11,16.21,317508
2016-04-15 16:00:00-04:00,16.25,16.36,16.12,16.34,313395
2016-04-18 16:00:00-04:00,16.14,16.58,16.14,16.44,331961
2016-04-19 16:00:00-04:00,16.44,16.7623,16.1701,16.36,287767
2016-04-20 16:00:00-04:00,16.34,16.95,16.25,16.79,432220
2016-04-21 16:00:00-04:00,16.79,16.9,16.44,16.55,367435
2016-04-22 16:00:00-04:00,16.55,16.89,16.31,16.85,255091
2016-04-25 16:00:00-04:00,16.89,16.91,16.57,16.75,181085
2016-04-26 16:00:00-04:00,16.82,17.07,16.66,17.07,294759
2016-04-27 16:00:00-04:00,17.11,17.27,16.839,16.87,339082
2016-04-28 16:00:00-04:00,16.85,17.8,16.68,17.06,602176
2016-04-29 16:00:00-04:00,16.88,17.24,16.57,16.64,482991
2016-05-02 16:00:00-04:00,16.64,17.76,16.64,17.61,647128
2016-05-03 16:00:00-04:00,17.39,17.71,16.85,16.89,451084
2016-05-04 16:00:00-04:00,16.93,17.25,16.55,16.66,316457
2016-05-05 16:00:00-04:00,16.83,17.0,16.675,16.8,335859
2016-05-06 16:00:00-04:00,16.8,17.24,16.575,17.13,421309
2016-05-09 16:00:00-04:00,17.12,17.2,16.8,17.06,347776
2016-05-10 16:00:00-04:00,18.0,18.25,16.93,17.43,969122
2016-05-11 16:00:00-04:00,17.64,18.82,17.64,18.08,805168
2016-05-12 16:00:00-04:00,18.1,18.31,17.4,17.79,606947
2016-05-13 16:00:00-04:00,17.79,18.4002,17.79,17.93,270103
2016-05-16 16:00:00-04:00,18.02,18.1089,17.67,17.91,286956
2016-05-17 16:00:00-04:00,17.02,17.45,16.63,17.07,2258628
2016-05-18 16:00:00-04:00,16.88,17.365,16.88,17.17,566610
2016-05-19 16:00:00-04:00,17.07,17.57,16.895,16.96,524593
2016-05-20 16:00:00-04:00,17.05,17.16,16.78,17.03,482973
2016-05-23 16:00:00-04:00,17.05,17.13,16.6,16.64,457777
2016-05-24 16:00:00-04:00,16.74,17.21,16.74,17.12,455376
2016-05-25 16:00:00-04:00,17.09,17.37,17.06,17.3,249924
2016-05-26 16:00:00-04:00,17.41,17.87,17.41,17.43,454035
2016-05-27 16:00:00-04:00,17.38,17.58,17.14,17.51,257788
2016-05-31 16:00:00-04:00,17.5,17.7799,17.47,17.57,303148
2016-06-01 16:00:00-04:00,17.47,17.77,17.4,17.72,207661
2016-06-02 16:00:00-04:00,17.59,17.86,17.51,17.79,205411
2016-06-03 16:00:00-04:00,17.78,17.85,17.59,17.68,155980
2016-06-06 16:00:00-04:00,17.68,17.93,17.62,17.8,357753
2016-06-07 16:00:00-04:00,17.8,18.28,17.6,17.96,390086
2016-06-08 16:00:00-04:00,18.04,18.16,17.89,18.04,291458
2016-06-09 16:00:00-04:00,17.89,18.05,17.77,17.91,250303
2016-06-10 16:00:00-04:00,17.71,17.9,17.5,17.59,257651
2016-06-13 16:00:00-04:00,17.36,17.61,17.27,17.44,283079
2016-06-14 16:00:00-04:00,17.44,17.88,17.37,17.6,575531
2016-06-15 16:00:00-04:00,17.54,17.89,17.5,17.81,309411
2016-06-16 16:00:00-04:00,18.28,18.99,18.24,18.55,866524
2016-06-17 16:00:00-04:00,18.62,18.85,18.33,18.56,522594
2016-06-20 16:00:00-04:00,18.56,19.72,18.49,18.88,760469
2016-06-21 16:00:00-04:00,18.99,19.2,18.59,18.66,337837
2016-06-22 16:00:00-04:00,18.72,19.02,18.48,18.51,419473
2016-06-23 16:00:00-04:00,18.73,19.09,18.62,19.07,297767
2016-06-24 16:00:00-04:00,18.09,18.485,18.01,18.18,1045188
2016-06-27 16:00:00-04:00,17.92,18.11,17.68,17.74,350412
2016-06-28 16:00:00-04:00,17.85,17.96,17.5,17.75,560165
2016-06-29 16:00:00-04:00,17.97,18.15,17.71,18.07,381437
2016-06-30 16:00:00-04:00,18.2,18.85,18.1,18.41,487011
2016-07-01 16:00:00-04:00,18.48,18.72,17.97,18.12,302324
2016-07-05 16:00:00-04:00,18.03,18.14,17.8,17.96,347015
2016-07-06 16:00:00-04:00,18.07,19.1,18.02,18.91,974802
2016-07-07 16:00:00-04:00,18.88,19.39,18.81,19.18,433573
2016-07-08 16:00:00-04:00,19.35,19.8,19.27,19.51,342059
2016-07-11 16:00:00-04:00,19.65,20.63,19.55,20.46,963335
2016-07-12 16:00:00-04:00,20.8,21.19,20.07,20.09,578205
2016-07-13 16:00:00-04:00,20.12,20.34,19.975,20.08,608812
2016-07-14 16:00:00-04:00,20.25,20.35,20.0,20.0,222771
2016-07-15 16:00:00-04:00,20.17,20.18,19.86,20.06,262282
2016-07-18 16:00:00-04:00,20.05,20.39,19.81,20.17,472670
2016-07-19 16:00:00-04:00,20.0,20.11,19.36,19.68,476476
2016-07-20 16:00:00-04:00,19.78,20.08,19.6,20.07,342891
2016-07-21 16:00:00-04:00,20.05,20.31,20.0,20.1,277416
2016-07-22 16:00:00-04:00,20.08,20.1433,19.65,19.86,409557
2016-07-25 16:00:00-04:00,19.86,20.15,19.8,19.87,289867
2016-07-26 16:00:00-04:00,19.92,20.06,19.72,19.81,255489
2016-07-27 16:00:00-04:00,19.72,19.85,19.37,19.74,506264
2016-07-28 16:00:00-04:00,19.58,20.38,19.11,19.75,720427
2016-07-29 16:00:00-04:00,19.67,19.93,19.58,19.75,453114
2016-08-01 16:00:00-04:00,19.75,19.76,19.3,19.4,437334
2016-08-02 16:00:00-04:00,19.42,19.48,19.11,19.2,370928
2016-08-03 16:00:00-04:00,19.06,19.56,18.87,19.55,379259
2016-08-04 16:00:00-04:00,19.48,19.69,19.381,19.65,234598
2016-08-05 16:00:00-04:00,19.67,19.88,19.61,19.86,226852
2016-08-08 16:00:00-04:00,19.81,20.23,19.76,19.99,334869
2016-08-09 16:00:00-04:00,19.99,20.41,19.88,20.33,481630
2016-08-10 16:00:00-04:00,20.37,20.565,20.15,20.37,372553
2016-08-11 16:00:00-04:00,20.43,20.995,20.43,20.9,633972
2016-08-12 16:00:00-04:00,20.85,20.93,20.45,20.69,581598
2016-08-15 16:00:00-04:00,20.63,21.29,20.59,21.02,605642
2016-08-16 16:00:00-04:00,20.98,21.0,20.71,20.83,277379
2016-08-17 16:00:00-04:00,20.84,20.99,20.46,20.97,260742
2016-08-18 16:00:00-04:00,21.22,21.39,20.7,20.87,499195
2016-08-19 16:00:00-04:00,20.85,21.03,20.8028,20.93,317669
2016-08-22 16:00:00-04:00,20.94,21.105,20.645,21.03,276952
2016-08-23 16:00:00-04:00,21.05,21.4,21.05,21.25,215645
2016-08-24 16:00:00-04:00,21.13,21.28,21.08,21.15,215951
2016-08-25 16:00:00-04:00,21.06,21.28,21.06,21.23,188441
2016-08-26 16:00:00-04:00,21.22,21.47,20.94,21.04,197156
2016-08-29 16:00:00-04:00,21.01,21.12,20.84,20.96,224960
2016-08-30 16:00:00-04:00,20.9,21.05,20.82,21.02,174165
2016-08-31 16:00:00-04:00,21.01,21.08,20.63,20.77,299523
2016-09-01 16:00:00-04:00,20.81,21.09,20.72,20.92,276610
2016-09-02 16:00:00-04:00,21.02,21.22,20.99,21.19,254502
2016-09-06 16:00:00-04:00,21.36,21.5499,20.85,20.96,911844
2016-09-07 16:00:00-04:00,20.95,21.34,20.87,21.18,1026934
2016-09-08 16:00:00-04:00,21.07,21.1,20.53,20.75,568086
2016-09-09 16:00:00-04:00,20.68,20.7,20.12,20.13,533891
2016-09-12 16:00:00-04:00,20.01,20.19,19.84,20.02,524117
2016-09-13 16:00:00-04:00,19.65,19.8,19.425,19.45,330262
2016-09-14 16:00:00-04:00,19.53,19.69,19.36,19.4,501987
2016-09-15 16:00:00-04:00,19.42,19.59,19.3,19.48,233255
2016-09-16 16:00:00-04:00,19.47,19.58,19.12,19.32,378765
2016-09-19 16:00:00-04:00,19.37,19.53,19.2,19.39,202331
2016-09-20 16:00:00-04:00,19.4,19.47,19.255,19.36,298085
2016-09-21 16:00:00-04:00,19.5,20.24,19.48,20.23,378783
2016-09-22 16:00:00-04:00,20.37,20.68,20.31,20.54,340586
2016-09-23 16:00:00-04:00,20.43,20.67,20.43,20.58,332848
2016-09-26 16:00:00-04:00,20.3,20.78,20.19,20.57,485170
2016-09-27 16:00:00-04:00,20.56,20.86,20.44,20.68,475513
2016-09-28 16:00:00-04:00,20.73,21.06,20.67,21.04,342863
2016-09-29 16:00:00-04:00,20.97,21.13,20.56,20.85,303613
2016-09-30 16:00:00-04:00,21.0,21.41,20.91,21.3,449621
2016-10-03 16:00:00-04:00,21.27,21.295,20.79,21.05,524593
2016-10-04 16:00:00-04:00,21.05,21.13,20.795,20.86,280064
2016-10-05 16:00:00-04:00,20.94,21.05,20.65,20.78,351081
2016-10-06 16:00:00-04:00,20.79,21.02,20.6255,20.8,312801
2016-10-07 16:00:00-04:00,20.78,20.78,20.21,20.34,219207
2016-10-10 16:00:00-04:00,20.47,20.835,20.45,20.47,138766
2016-10-11 16:00:00-04:00,20.4,20.46,19.98,20.03,199520
2016-10-12 16:00:00-04:00,20.03,20.14,19.89,19.89,174829
2016-10-13 16:00:00-04:00,19.71,20.25,19.47,19.96,284665
2016-10-14 16:00:00-04:00,20.18,20.32,19.74,19.94,359423
2016-10-17 16:00:00-04:00,19.95,20.21,19.845,19.98,221309
2016-10-18 16:00:00-04:00,20.15,20.18,19.8,19.82,273468
2016-10-19 16:00:00-04:00,19.88,19.99,19.67,19.79,280560
2016-10-20 16:00:00-04:00,19.68,19.93,19.63,19.73,387597
2016-10-21 16:00:00-04:00,19.5,19.96,19.5,19.75,997045
2016-10-24 16:00:00-04:00,19.87,20.32,19.86,19.99,525669
2016-10-25 16:00:00-04:00,19.96,19.99,19.42,19.46,350683
2016-10-26 16:00:00-04:00,19.39,19.61,19.1,19.13,460532
2016-10-27 16:00:00-04:00,17.64,19.25,17.3901,19.17,1664923
2016-10-28 16:00:00-04:00,18.27,18.53,18.07,18.07,968000
2016-10-31 16:00:00-04:00,18.0,18.06,17.619,17.68,1155700
2016-11-01 16:00:00-04:00,17.74,18.1,17.41,17.7,918756
2016-11-02 16:00:00-04:00,17.71,17.73,17.275,17.36,424732
2016-11-03 16:00:00-04:00,17.44,17.715,17.42,17.48,619374
2016-11-04 16:00:00-04:00,17.47,17.74,17.47,17.52,370404
2016-11-07 16:00:00-05:00,17.87,17.89,17.715,17.81,336291
2016-11-08 16:00:00-05:00,17.81,17.81,17.0,17.01,901963
2016-11-09 16:00:00-05:00,16.86,17.92,16.77,17.75,537639
2016-11-10 16:00:00-05:00,18.0,18.09,17.44,17.57,351953
2016-11-11 16:00:00-05:00,17.62,18.17,17.59,18.1,355507
2016-11-14 16:00:00-05:00,18.3,18.41,18.015,18.1,388472
2016-11-15 16:00:00-05:00,18.03,18.16,17.654,17.81,277555
2016-11-16 16:00:00-05:00,17.81,18.2,17.81,18.08,284959
2016-11-17 16:00:00-05:00,18.1,18.61,18.1,18.53,306224
2016-11-18 16:00:00-05:00,18.54,18.73,18.415,18.6,249878
2016-11-21 16:00:00-05:00,18.56,18.63,18.26,18.38,220849
2016-11-22 16:00:00-05:00,18.47,18.5,18.11,18.24,239733
2016-11-23 16:00:00-05:00,18.15,18.68,18.15,18.66,220211
2016-11-25 13:00:00-05:00,18.74,18.825,18.62,18.79,115719
2016-11-28 16:00:00-05:00,18.66,18.92,18.63,18.7,203022
2016-11-29 16:00:00-05:00,18.72,18.94,18.72,18.91,273627
2016-11-30 16:00:00-05:00,18.99,19.09,18.77,18.78,619993
2016-12-01 16:00:00-05:00,18.84,19.0,18.39,18.45,385145
2016-12-02 16:00:00-05:00,18.5,18.6083,18.145,18.19,196519
2016-12-05 16:00:00-05:00,18.29,18.95,18.23,18.92,346218
2016-12-06 16:00:00-05:00,18.92,19.025,18.61,18.95,202694
2016-12-07 16:00:00-05:00,18.9,19.48,18.9,19.43,214629
2016-12-08 16:00:00-05:00,19.74,19.98,19.49,19.95,288485
2016-12-09 16:00:00-05:00,20.0,20.285,19.9,20.27,225715
2016-12-12 16:00:00-05:00,20.21,20.21,19.76,19.93,350390
2016-12-13 16:00:00-05:00,18.7,19.15,18.51,18.98,2541179
2016-12-14 16:00:00-05:00,18.8,19.08,18.4505,18.56,997157
2016-12-15 16:00:00-05:00,18.55,18.765,18.35,18.54,696417
2016-12-16 16:00:00-05:00,18.63,18.98,18.47,18.54,815527
2016-12-19 16:00:00-05:00,18.52,19.03,18.5,18.93,295350
2016-12-20 16:00:00-05:00,18.95,19.07,18.73,18.93,242323
2016-12-21 16:00:00-05:00,18.87,19.07,18.765,18.87,623313
2016-12-22 16:00:00-05:00,18.85,19.01,18.56,18.61,403769
2016-12-23 16:00:00-05:00,18.56,18.74,18.44,18.6,384061
2016-12-27 16:00:00-05:00,18.56,18.82,18.56,18.61,163308
2016-12-28 16:00:00-05:00,18.59,18.76,18.36,18.42,249965
2016-12-29 16:00:00-05:00,18.4,18.66,18.33,18.55,338230
2016-12-30 16:00:00-05:00,18.62,18.62,18.32,18.4,318506
2017-01-03 16:00:00-05:00,18.57,18.57,18.0,18.24,605997
2017-01-04 16:00:00-05:00,18.25,19.0,18.25,18.92,617923
2017-01-05 16:00:00-05:00,18.8,18.86,18.47,18.63,613354
2017-01-06 16:00:00-05:00,18.67,18.76,18.46,18.46,334751
2017-01-09 16:00:00-05:00,18.5,18.77,18.365,18.76,417476
2017-01-10 16:00:00-05:00,18.95,19.05,18.76,18.98,1064340
2017-01-11 16:00:00-05:00,19.07,19.07,18.81,18.99,326491
2017-01-12 16:00:00-05:00,19.12,19.16,18.71,19.14,522396
2017-01-13 16:00:00-05:00,19.24,19.55,19.03,19.48,862329
2017-01-17 16:00:00-05:00,19.28,19.46,19.17,19.29,789880
2017-01-18 16:00:00-05:00,19.29,19.64,19.09,19.59,571416
2017-01-19 16:00:00-05:00,19.5,19.66,19.33,19.41,815598
2017-01-20 16:00:00-05:00,19.39,19.48,19.29,19.43,352021
2017-01-23 16:00:00-05:00,19.42,19.465,19.13,19.29,358028
2017-01-24 16:00:00-05:00,19.33,19.63,19.24,19.53,234328
2017-01-25 16:00:00-05:00,19.64,19.72,19.55,19.69,520216
2017-01-26 16:00:00-05:00,19.63,19.76,19.44,19.63,299118
2017-01-27 16:00:00-05:00,19.67,19.67,19.39,19.5,317430
2017-01-30 16:00:00-05:00,19.41,19.58,19.32,19.57,221864
2017-01-31 16:00:00-05:00,19.5,19.72,19.485,19.58,539966
2017-02-01 16:00:00-05:00,19.74,19.955,19.525,19.61,771591
2017-02-02 16:00:00-05:00,19.56,19.57,19.26,19.46,583815
2017-02-03 16:00:00-05:00,19.55,19.91,19.52,19.7,402221
2017-02-06 16:00:00-05:00,19.68,19.85,19.51,19.66,452862
2017-02-07 16:00:00-05:00,19.75,19.81,19.53,19.57,396177
2017-02-08 16:00:00-05:00,19.55,19.55,19.12,19.28,1144333
2017-02-09 16:00:00-05:00,20.01,21.44,19.72,20.96,2182493
2017-02-10 16:00:00-05:00,21.01,22.11,20.92,21.97,1685781
2017-02-13 16:00:00-05:00,22.06,22.7,22.06,22.66,881060
2017-02-14 16:00:00-05:00,22.6,23.14,22.41,22.5,1275644
2017-02-15 16:00:00-05:00,22.45,22.745,22.285,22.62,798674
2017-02-16 16:00:00-05:00,22.66,22.66,21.995,22.11,613175
2017-02-17 16:00:00-05:00,22.11,22.14,21.82,22.14,352460
2017-02-21 16:00:00-05:00,22.16,22.43,22.1,22.26,736568
2017-02-22 16:00:00-05:00,22.24,22.3,21.62,21.64,347731
2017-02-23 16:00:00-05:00,21.74,21.8164,21.27,21.36,416904
2017-02-24 16:00:00-05:00,21.18,21.5,21.041,21.45,457731
2017-02-27 16:00:00-05:00,21.43,21.59,21.34,21.46,364061
2017-02-28 16:00:00-05:00,21.38,21.45,20.96,20.98,347321
2017-03-01 16:00:00-05:00,21.27,21.36,20.86,20.87,331071
2017-03-02 16:00:00-05:00,20.95,20.95,20.445,20.52,365487
2017-03-03 16:00:00-05:00,20.5,21.0,20.43,20.97,733206
2017-03-06 16:00:00-05:00,20.86,21.04,20.67,20.91,418801
2017-03-07 16:00:00-05:00,20.95,21.09,20.45,20.56,358249
2017-03-08 16:00:00-05:00,20.64,20.84,20.5,20.51,528983
2017-03-09 16:00:00-05:00,20.5,20.51,20.17,20.3,264676
2017-03-10 16:00:00-05:00,20.5,20.715,20.26,20.26,291738
2017-03-13 16:00:00-04:00,20.21,20.4,20.21,20.27,186793
2017-03-14 16:00:00-04:00,20.24,20.35,20.09,20.26,272083
2017-03-15 16:00:00-04:00,20.37,20.57,20.27,20.53,304721
2017-03-16 16:00:00-04:00,20.58,20.88,20.58,20.8,436668
2017-03-17 16:00:00-04:00,20.81,21.145,20.68,21.09,795565
2017-03-20 16:00:00-04:00,21.05,21.24,20.91,21.24,481525
2017-03-21 16:00:00-04:00,21.33,21.46,21.013,21.1,624313
2017-03-22 16:00:00-04:00,21.03,21.17,20.84,21.08,689308
2017-03-23 16:00:00-04:00,21.09,21.84,21.09,21.74,592991
2017-03-24 16:00:00-04:00,21.75,22.3,21.7,21.95,582402
2017-03-27 16:00:00-04:00,21.97,22.4154,21.62,22.17,599127
2017-03-28 16:00:00-04:00,22.18,22.72,22.05,22.5,1266025
2017-03-29 16:00:00-04:00,22.43,22.57,22.13,22.43,685990
2017-03-30 16:00:00-04:00,22.45,22.51,22.11,22.47,413196
2017-03-31 16:00:00-04:00,22.49,22.62,22.1,22.22,695134
2017-04-03 16:00:00-04:00,22.39,22.5664,20.55,21.85,2072989
2017-04-04 16:00:00-04:00,21.76,22.11,21.56,22.01,1339085
2017-04-05 16:00:00-04:00,22.12,22.425,22.0,22.02,865910
2017-04-06 16:00:00-04:00,22.06,22.4,21.88,22.34,384358
2017-04-07 16:00:00-04:00,22.28,22.54,22.03,22.11,282645
2017-04-10 16:00:00-04:00,22.09,22.19,21.76,21.99,194402
2017-04-11 16:00:00-04:00,21.93,22.12,21.795,21.83,453722
2017-04-12 16:00:00-04:00,21.79,21.872,21.56,21.63,263646
2017-04-13 16:00:00-04:00,21.61,21.78,21.38,21.38,201907
2017-04-17 16:00:00-04:00,21.48,21.7601,21.45,21.75,3593931
2017-04-18 16:00:00-04:00,21.3,21.35,20.76,20.87,1346730
2017-04-19 16:00:00-04:00,21.01,21.15,20.87,21.13,610958
2017-04-20 16:00:00-04:00,21.22,21.34,20.98,21.27,595576
2017-04-21 16:00:00-04:00,21.26,21.28,21.06,21.07,382269
2017-04-24 16:00:00-04:00,21.35,21.469,20.945,21.2,423297
2017-04-25 16:00:00-04:00,21.35,21.42,21.13,21.27,395599
2017-04-26 16:00:00-04:00,21.26,21.81,21.25,21.55,558589
2017-04-27 16:00:00-04:00,21.61,21.623,21.32,21.53,215123
2017-04-28 16:00:00-04:00,21.54,21.54,21.06,21.43,441958
2017-05-01 16:00:00-04:00,21.57,21.6,21.33,21.4,230626
2017-05-02 16:00:00-04:00,21.41,21.45,21.18,21.28,215938
2017-05-03 16:00:00-04:00,21.18,21.22,20.6,20.79,595228
2017-05-04 16:00:00-04:00,20.45,20.48,19.75,19.79,1173063
2017-05-05 16:00:00-04:00,19.88,20.32,19.75,20.25,642697
2017-05-08 16:00:00-04:00,20.26,20.26,19.92,20.03,496657
2017-05-09 16:00:00-04:00,20.05,20.18,19.85,20.16,526846
2017-05-10 16:00:00-04:00,20.1,20.27,20.0,20.25,289737
2017-05-11 16:00:00-04:00,20.21,20.21,19.92,20.13,253731
2017-05-12 16:00:00-04:00,20.06,20.12,19.85,19.94,257981
2017-05-15 16:00:00-04:00,19.97,19.98,19.59,19.64,685928
2017-05-16 16:00:00-04:00,19.71,19.71,19.35,19.5,564458
2017-05-17 16:00:00-04:00,19.26,19.33,19.16,19.18,445833
2017-05-18 16:00:00-04:00,19.16,19.7,19.12,19.52,566054
2017-05-19 16:00:00-04:00,19.55,19.94,19.43,19.66,435562
2017-05-22 16:00:00-04:00,19.7,19.85,19.59,19.8,287036
2017-05-23 16:00:00-04:00,19.84,19.92,19.69,19.76,287800
2017-05-24 16:00:00-04:00,19.78,19.94,19.68,19.75,165868
2017-05-25 16:00:00-04:00,19.84,19.96,19.77,19.91,269216
2017-05-26 16:00:00-04:00,19.88,20.01,19.83,19.91,187680
2017-05-30 16:00:00-04:00,19.9,20.08,19.87,20.03,366683
2017-05-31 16:00:00-04:00,20.07,20.45,19.94,20.41,360029
2017-06-01 16:00:00-04:00,20.44,21.07,20.4,20.91,582914
2017-06-02 16:00:00-04:00,20.93,21.0,20.642,20.7,318569
2017-06-05 16:00:00-04:00,20.68,20.82,20.52,20.59,267034
2017-06-06 16:00:00-04:00,20.48,20.55,20.26,20.45,167472
2017-06-07 16:00:00-04:00,20.46,20.6,20.37,20.43,174776
2017-06-08 16:00:00-04:00,20.42,20.77,20.3766,20.56,218533
2017-06-09 16:00:00-04:00,20.7,20.79,20.29,20.4,345491
2017-06-12 16:00:00-04:00,20.39,20.8,20.3,20.77,310979
2017-06-13 16:00:00-04:00,20.69,21.03,20.69,20.92,662034
2017-06-14 16:00:00-04:00,20.94,20.99,20.685,20.71,212587
2017-06-15 16:00:00-04:00,20.53,20.88,20.53,20.85,176182
2017-06-16 16:00:00-04:00,20.71,20.91,20.59,20.91,510286
2017-06-19 16:00:00-04:00,20.91,20.91,20.575,20.7,290822
2017-06-20 16:00:00-04:00,20.67,20.68,20.09,20.15,300175
2017-06-21 16:00:00-04:00,20.18,20.45,20.1245,20.38,295263
2017-06-22 16:00:00-04:00,20.35,20.47,20.171,20.21,228342
2017-06-23 16:00:00-04:00,20.21,20.45,20.13,20.41,367564
2017-06-26 16:00:00-04:00,20.46,20.74,20.38,20.64,204182
2017-06-27 16:00:00-04:00,20.64,20.72,20.35,20.38,284282
2017-06-28 16:00:00-04:00,20.48,20.78,20.34,20.69,214688
2017-06-29 16:00:00-04:00,20.71,20.74,20.38,20.54,213246
2017-06-30 16:00:00-04:00,20.47,21.05,20.36,20.37,505896
2017-07-03 13:00:00-04:00,20.42,20.46,20.09,20.33,184633
2017-07-05 16:00:00-04:00,20.31,20.59,20.21,20.49,250733
2017-07-06 16:00:00-04:00,20.36,20.59,20.21,20.51,580312
2017-07-07 16:00:00-04:00,20.53,20.78,20.45,20.56,352782
2017-07-10 16:00:00-04:00,20.55,20.815,20.44,20.59,303597
2017-07-11 16:00:00-04:00,20.57,20.7,20.48,20.53,334601
2017-07-12 16:00:00-04:00,20.63,20.7362,20.48,20.6,315788
2017-07-13 16:00:00-04:00,20.55,20.69,20.46,20.68,325822
2017-07-14 16:00:00-04:00,20.65,20.97,20.64,20.89,319671
2017-07-17 16:00:00-04:00,20.9,20.91,20.53,20.68,306876
2017-07-18 16:00:00-04:00,20.6,20.83,20.51,20.81,293146
2017-07-19 16:00:00-04:00,20.83,21.57,20.81,21.29,780634
2017-07-20 16:00:00-04:00,21.18,21.48,21.12,21.29,344056
2017-07-21 16:00:00-04:00,21.41,21.43,21.08,21.21,537946
2017-07-24 16:00:00-04:00,21.36,22.16,21.24,21.77,1167020
2017-07-25 16:00:00-04:00,21.77,22.17,21.56,21.74,644537
2017-07-26 16:00:00-04:00,21.73,21.945,21.61,21.68,535202
2017-07-27 16:00:00-04:00,22.35,22.46,21.131,21.89,1286169
2017-07-28 16:00:00-04:00,20.8,21.41,20.79,21.38,3898306
2017-07-31 16:00:00-04:00,0.0,0.0,20.95,21.16,918862
2017-08-01 16:00:00-04:00,21.22,21.355,21.07,21.29,725589
2017-08-02 16:00:00-04:00,21.25,21.25,20.86,21.05,838155
2017-08-03 16:00:00-04:00,21.1,21.27,21.05,21.23,523060
2017-08-04 16:00:00-04:00,21.23,21.34,20.82,20.99,402734
2017-08-07 16:00:00-04:00,21.01,21.16,20.741,21.01,314019
2017-08-08 16:00:00-04:00,21.07,21.23,20.8,20.9,439298
2017-08-09 16:00:00-04:00,20.69,20.8958,20.56,20.84,338828
2017-08-10 16:00:00-04:00,20.88,21.5,20.85,21.29,754268
2017-08-11 16:00:00-04:00,20.79,21.35,20.69,21.06,505647
2017-08-14 16:00:00-04:00,21.18,21.5,21.02,21.04,671202
2017-08-15 16:00:00-04:00,21.1,21.22,20.94,21.13,472857
2017-08-16 16:00:00-04:00,21.22,21.56,21.2106,21.55,445815
2017-08-17 16:00:00-04:00,21.47,21.61,21.08,21.1,349002
2017-08-18 16:00:00-04:00,20.98,21.23,20.73,20.9,248411
2017-08-21 16:00:00-04:00,20.91,20.91,20.64,20.79,267194
2017-08-22 16:00:00-04:00,20.84,21.02,20.74,20.98,341114
2017-08-23 16:00:00-04:00,20.89,21.02,20.74,20.75,159683
2017-08-24 16:00:00-04:00,20.81,21.14,20.7718,20.96,318123
2017-08-25 16:00:00-04:00,21.08,21.08,20.6223,20.89,384485
2017-08-28 16:00:00-04:00,20.93,21.55,20.9,21.49,531785
2017-08-29 16:00:00-04:00,21.34,21.47,21.23,21.27,387866
2017-08-30 16:00:00-04:00,21.28,21.67,21.28,21.6,303644
2017-08-31 16:00:00-04:00,21.58,21.835,21.58,21.8,349858
2017-09-01 16:00:00-04:00,21.8,22.23,21.74,22.15,576575
2017-09-05 16:00:00-04:00,22.12,22.4799,21.87,21.94,564512
2017-09-06 16:00:00-04:00,21.99,22.14,21.9,22.1,452710
2017-09-07 16:00:00-04:00,22.12,22.3186,21.99,22.03,334199
2017-09-08 16:00:00-04:00,21.97,21.97,21.56,21.61,293697
2017-09-11 16:00:00-04:00,21.73,21.82,21.49,21.56,288309
2017-09-12 16:00:00-04:00,21.6,21.94,21.5301,21.88,285596
2017-09-13 16:00:00-04:00,21.87,22.27,21.77,22.06,761753
2017-09-14 16:00:00-04:00,21.94,22.075,21.69,22.06,271421
2017-09-15 16:00:00-04:00,22.09,22.44,21.96,22.44,752848
2017-09-18 16:00:00-04:00,22.49,22.915,22.38,22.83,727045
2017-09-19 16:00:00-04:00,22.84,22.84,22.39,22.52,336833
2017-09-20 16:00:00-04:00,22.6,22.86,22.43,22.52,276369
2017-09-21 16:00:00-04:00,22.49,22.81,22.45,22.5,194177
2017-09-22 16:00:00-04:00,22.5,22.75,22.45,22.6,192274
2017-09-25 16:00:00-04:00,22.59,22.73,22.5,22.54,255122
2017-09-26 16:00:00-04:00,22.5,22.82,22.42,22.65,357073
2017-09-27 16:00:00-04:00,22.69,23.215,22.59,23.06,451165
2017-09-28 16:00:00-04:00,22.98,23.1,22.8,23.06,327462
2017-09-29 16:00:00-04:00,23.07,23.57,23.0,23.55,547014
2017-10-02 16:00:00-04:00,23.74,23.87,23.59,23.72,739307
2017-10-03 16:00:00-04:00,23.74,23.765,23.49,23.63,522470
2017-10-04 16:00:00-04:00,23.54,23.88,23.53,23.64,366838
2017-10-05 16:00:00-04:00,23.65,23.68,23.33,23.42,428009
2017-10-06 16:00:00-04:00,23.43,23.63,23.39,23.51,311993
2017-10-09 16:00:00-04:00,23.46,23.64,23.345,23.46,341143
2017-10-10 16:00:00-04:00,23.49,23.65,23.29,23.29,324899
2017-10-11 16:00:00-04:00,23.23,23.34,23.01,23.04,17841
2017-10-12 16:00:00-04:00,22.99,23.0,22.29,22.3,1501728
2017-10-13 16:00:00-04:00,22.33,22.65,22.24,22.54,508381
2017-10-16 16:00:00-04:00,22.68,22.75,22.49,22.59,190801
2017-10-17 16:00:00-04:00,22.6,22.71,22.48,22.54,326232
2017-10-18 16:00:00-04:00,22.69,22.86,22.46,22.54,286454
2017-10-19 16:00:00-04:00,22.34,22.63,22.3,22.62,189236
2017-10-20 16:00:00-04:00,22.76,22.89,22.57,22.62,206664
2017-10-23 16:00:00-04:00,22.64,22.81,22.455,22.48,467553
2017-10-24 16:00:00-04:00,22.47,22.54,21.89,22.06,473927
2017-10-25 16:00:00-04:00,22.01,22.05,21.22,21.55,1104446
2017-10-26 16:00:00-04:00,22.25,24.48,21.89,24.4,2273548
2017-10-27 16:00:00-04:00,24.72,26.255,24.6,26.09,1941162
2017-10-30 16:00:00-04:00,25.16,25.79,24.85,25.31,1017445
2017-10-31 16:00:00-04:00,25.5,26.73,25.485,26.53,1069544
2017-11-01 16:00:00-04:00,26.75,26.869,26.27,26.5,956376
2017-11-02 16:00:00-04:00,26.42,26.545,25.92,26.26,813110
2017-11-03 16:00:00-04:00,26.22,26.7,26.14,26.38,768146
2017-11-06 16:00:00-05:00,26.29,26.77,26.0,26.74,625497
2017-11-07 16:00:00-05:00,26.73,27.29,26.73,27.11,876162
2017-11-08 16:00:00-05:00,27.15,27.41,26.96,27.26,629707
2017-11-09 16:00:00-05:00,27.09,27.46,26.91,27.1,627924
2017-11-10 16:00:00-05:00,27.14,27.62,27.1,27.3,510211
2017-11-13 16:00:00-05:00,27.18,27.71,27.135,27.64,623669
2017-11-14 16:00:00-05:00,27.45,27.79,27.31,27.46,849471
2017-11-15 16:00:00-05:00,27.28,27.48,27.1,27.38,493130
2017-11-16 16:00:00-05:00,27.4,27.66,27.16,27.39,572795
2017-11-17 16:00:00-05:00,27.33,27.6,27.23,27.54,337234
2017-11-20 16:00:00-05:00,27.5,27.71,27.26,27.59,537846
2017-11-21 16:00:00-05:00,27.65,28.0,27.53,27.74,487939
2017-11-22 16:00:00-05:00,27.72,27.99,27.54,27.56,317725
2017-11-24 13:00:00-05:00,27.69,28.36,27.64,28.12,412402
2017-11-27 16:00:00-05:00,28.11,28.11,27.28,27.54,948811
2017-11-28 16:00:00-05:00,27.57,28.06,27.52,28.01,721470
2017-11-29 16:00:00-05:00,28.0,28.28,27.87,28.02,325281
2017-11-30 16:00:00-05:00,28.32,28.55,27.81,28.49,585342
2017-12-01 16:00:00-05:00,28.55,28.77,28.18,28.76,455703
2017-12-04 16:00:00-05:00,29.07,29.34,28.93,29.1,602664
2017-12-05 16:00:00-05:00,29.2,29.68,28.73,28.77,673106
2017-12-06 16:00:00-05:00,29.28,29.56,28.94,29.53,806481
2017-12-07 16:00:00-05:00,30.15,30.396,29.46,30.15,621321
2017-12-08 16:00:00-05:00,30.22,30.395,30.01,30.33,527042
