,Open,High,Low,Close,Volume
1987-12-11 16:00:00-05:00,0.0,3.7936,3.6268,3.7727,365802
1987-12-14 16:00:00-05:00,0.0,3.9187,3.7311,3.8978,395802
1987-12-15 16:00:00-05:00,0.0,4.002,3.8561,3.9187,548202
1987-12-16 16:00:00-05:00,0.0,3.9395,3.7936,3.877,461802
1987-12-17 16:00:00-05:00,0.0,3.9395,3.7519,3.7936,631398
1987-12-18 16:00:00-05:00,0.0,3.8353,3.5435,3.7727,794598
1987-12-21 16:00:00-05:00,0.0,3.8561,3.6685,3.8353,1017600
1987-12-22 16:00:00-05:00,0.0,3.8978,3.7311,3.877,740598
1987-12-23 16:00:00-05:00,0.0,4.0646,3.9187,3.9603,691998
1987-12-24 16:00:00-05:00,0.0,4.0229,3.9187,3.9187,386202
1987-12-28 16:00:00-05:00,0.0,3.9395,3.7519,3.7936,440202
1987-12-29 16:00:00-05:00,0.0,3.8353,3.7102,3.8353,475002
1987-12-30 16:00:00-05:00,0.0,3.9187,3.7936,3.877,635598
1987-12-31 16:00:00-05:00,0.0,3.9603,3.8353,3.8978,455202
1988-01-04 16:00:00-05:00,0.0,4.1479,3.9395,4.1271,349002
1988-01-05 16:00:00-05:00,0.0,4.3772,4.0854,4.2522,674598
1988-01-06 16:00:00-05:00,0.0,4.2938,4.1688,4.2313,597402
1988-01-07 16:00:00-05:00,0.0,4.4189,4.1479,4.3772,2487000
1988-01-08 16:00:00-05:00,0.0,4.3772,4.2522,4.2522,1564602
1988-01-11 16:00:00-05:00,0.0,4.2313,4.1271,4.1688,317202
1988-01-12 16:00:00-05:00,0.0,4.2105,4.002,4.1896,310602
1988-01-13 16:00:00-05:00,0.0,4.1896,4.002,4.1479,1430802
1988-01-14 16:00:00-05:00,0.0,4.1271,4.002,4.1062,731598
1988-01-15 16:00:00-05:00,0.0,4.2522,4.1271,4.2105,1176000
1988-01-18 16:00:00-05:00,0.0,4.1688,4.0437,4.1688,153000
1988-01-19 16:00:00-05:00,0.0,4.1688,4.0646,4.0646,215202
1988-01-20 16:00:00-05:00,0.0,3.9812,3.6894,3.8561,514002
1988-01-21 16:00:00-05:00,0.0,4.002,3.877,4.002,617598
1988-01-22 16:00:00-05:00,0.0,4.0646,3.9395,3.9603,778398
1988-01-25 16:00:00-05:00,0.0,4.0437,3.9395,4.0229,216402
1988-01-26 16:00:00-05:00,0.0,4.0229,3.9187,3.9395,153000
1988-01-27 16:00:00-05:00,0.0,4.002,3.8978,4.002,1361400
1988-01-28 16:00:00-05:00,0.0,4.1062,3.9603,4.1062,2913402
1988-01-29 16:00:00-05:00,0.0,4.1062,4.002,4.0646,990198
1988-02-01 16:00:00-05:00,0.0,4.0646,3.9395,3.9395,200202
1988-02-02 16:00:00-05:00,0.0,4.002,3.9187,4.002,654198
1988-02-03 16:00:00-05:00,0.0,4.0646,3.9395,4.002,583602
1988-02-04 16:00:00-05:00,0.0,4.0229,3.9395,4.002,183600
1988-02-05 16:00:00-05:00,0.0,4.0229,3.9395,3.9395,106200
1988-02-08 16:00:00-05:00,0.0,3.9812,3.9187,3.9812,220002
1988-02-09 16:00:00-05:00,0.0,4.0229,3.9603,4.0229,274002
1988-02-10 16:00:00-05:00,0.0,4.0437,3.9395,3.9812,263202
1988-02-11 16:00:00-05:00,0.0,4.0437,3.9603,4.002,700998
1988-02-12 16:00:00-05:00,0.0,4.002,3.9603,4.002,334002
1988-02-16 16:00:00-05:00,0.0,4.002,3.9187,3.9812,418002
1988-02-17 16:00:00-05:00,0.0,4.0854,3.9812,4.0854,321402
1988-02-18 16:00:00-05:00,0.0,4.2105,4.0437,4.2105,449802
1988-02-19 16:00:00-05:00,0.0,4.3147,4.1688,4.2938,718998
1988-02-22 16:00:00-05:00,0.0,4.3564,4.2105,4.3355,432402
1988-02-23 16:00:00-05:00,0.0,4.3772,4.273,4.3564,309402
1988-02-24 16:00:00-05:00,0.0,4.5648,4.273,4.5648,726198
1988-02-25 16:00:00-05:00,0.0,4.7107,4.5023,4.6065,2355000
1988-02-26 16:00:00-05:00,0.0,4.6482,4.5023,4.544,1387800
1988-02-29 16:00:00-05:00,0.0,4.6273,4.5231,4.5857,1037400
1988-03-01 16:00:00-05:00,0.0,4.6482,4.5023,4.5857,578802
1988-03-02 16:00:00-05:00,0.0,4.7107,4.5857,4.6065,477402
1988-03-03 16:00:00-05:00,0.0,4.6065,4.5023,4.5857,735798
1988-03-04 16:00:00-05:00,0.0,4.5857,4.4606,4.5231,786198
1988-03-07 16:00:00-05:00,0.0,4.5648,4.4189,4.4397,648198
1988-03-08 16:00:00-05:00,0.0,4.5023,4.4397,4.4397,389202
1988-03-09 16:00:00-05:00,0.0,4.544,4.4397,4.5023,224202
1988-03-10 16:00:00-05:00,0.0,4.6482,4.4814,4.5648,771198
1988-03-11 16:00:00-05:00,0.0,4.5648,4.4814,4.5231,733998
1988-03-14 16:00:00-05:00,0.0,4.544,4.4606,4.5231,661398
1988-03-15 16:00:00-05:00,0.0,4.5023,4.4189,4.4397,450402
1988-03-16 16:00:00-05:00,0.0,4.4606,4.3772,4.4606,2411400
1988-03-17 16:00:00-05:00,0.0,4.5648,4.3981,4.5023,2706402
1988-03-18 16:00:00-05:00,0.0,4.5648,4.4397,4.4814,1272000
1988-03-21 16:00:00-05:00,0.0,4.4606,4.3564,4.3772,1014600
1988-03-22 16:00:00-05:00,0.0,4.6482,4.3981,4.6273,1230000
1988-03-23 16:00:00-05:00,0.0,4.7941,4.669,4.7524,1036200
1988-03-24 16:00:00-05:00,0.0,4.7316,4.5857,4.669,923598
1988-03-25 16:00:00-05:00,0.0,4.669,4.3355,4.3772,6030600
1988-03-28 16:00:00-05:00,0.0,4.4606,4.3564,4.3772,1057800
1988-03-29 16:00:00-05:00,0.0,4.4189,4.3147,4.3355,1849998
1988-03-30 16:00:00-05:00,0.0,4.5231,4.3981,4.4814,996798
1988-03-31 16:00:00-05:00,0.0,4.6273,4.4397,4.5857,745998
1988-04-04 16:00:00-04:00,0.0,4.8775,4.5648,4.8566,1392000
1988-04-05 16:00:00-04:00,0.0,5.0859,4.9192,5.0234,2333400
1988-04-06 16:00:00-04:00,0.0,5.0651,4.9192,5.0442,1417602
1988-04-07 16:00:00-04:00,0.0,5.0859,5.0025,5.0442,1030200
1988-04-08 16:00:00-04:00,0.0,5.0859,4.9192,5.0651,599202
1988-04-11 16:00:00-04:00,0.0,5.1276,5.0442,5.0442,580602
1988-04-12 16:00:00-04:00,0.0,5.1276,4.9608,5.0859,369402
1988-04-13 16:00:00-04:00,0.0,5.0859,4.9608,5.0025,262002
1988-04-14 16:00:00-04:00,0.0,5.0025,4.8566,4.8566,855798
1988-04-15 16:00:00-04:00,0.0,4.94,4.8566,4.8983,840198
1988-04-18 16:00:00-04:00,0.0,4.9817,4.8566,4.94,428802
1988-04-19 16:00:00-04:00,0.0,5.1693,5.0442,5.0859,2205000
1988-04-20 16:00:00-04:00,0.0,5.1067,5.0025,5.0442,592602
1988-04-21 16:00:00-04:00,0.0,5.0442,4.9817,5.0025,522402
1988-04-22 16:00:00-04:00,0.0,5.211,4.9817,5.1901,2024598
1988-04-25 16:00:00-04:00,0.0,5.1901,5.0859,5.1276,868398
1988-04-26 16:00:00-04:00,0.0,5.1693,5.1067,5.1484,609798
1988-04-27 16:00:00-04:00,0.0,5.1693,5.0859,5.1484,409002
1988-04-28 16:00:00-04:00,0.0,5.2735,5.0859,5.1901,1326600
1988-04-29 16:00:00-04:00,0.0,5.3152,5.2318,5.3152,1999398
1988-05-02 16:00:00-04:00,0.0,5.3152,5.2527,5.2943,368802
1988-05-03 16:00:00-04:00,0.0,5.3152,5.2735,5.3152,512802
1988-05-04 16:00:00-04:00,0.0,5.3152,5.2527,5.2735,1281000
1988-05-05 16:00:00-04:00,0.0,5.3152,5.2527,5.2943,1089000
1988-05-06 16:00:00-04:00,0.0,5.3152,5.2735,5.2943,392202
1988-05-09 16:00:00-04:00,0.0,5.2943,5.2527,5.2943,683598
1988-05-10 16:00:00-04:00,0.0,5.2735,5.1901,5.2527,840798
1988-05-11 16:00:00-04:00,0.0,5.2527,5.1067,5.1067,656598
1988-05-12 16:00:00-04:00,0.0,5.1276,4.94,4.9817,1239600
1988-05-13 16:00:00-04:00,0.0,5.0442,4.9192,4.9817,749598
1988-05-16 16:00:00-04:00,0.0,5.0859,4.9817,5.0859,343602
1988-05-17 16:00:00-04:00,0.0,5.0859,4.9608,4.9608,265002
1988-05-18 16:00:00-04:00,0.0,5.0025,4.94,4.94,343002
1988-05-19 16:00:00-04:00,0.0,5.0025,4.94,5.0025,248802
1988-05-20 16:00:00-04:00,0.0,5.0234,4.9817,5.0234,196200
1988-05-23 16:00:00-04:00,0.0,5.0234,4.7524,4.8983,320802
1988-05-24 16:00:00-04:00,0.0,4.9817,4.8983,4.94,839598
1988-05-25 16:00:00-04:00,0.0,5.0651,4.9192,5.0234,1170000
1988-05-26 16:00:00-04:00,0.0,5.1067,5.0025,5.0859,525402
1988-05-27 16:00:00-04:00,0.0,5.0234,4.9608,4.9608,78600
1988-05-31 16:00:00-04:00,0.0,5.0651,4.9608,5.0651,203202
1988-06-01 16:00:00-04:00,0.0,5.1067,5.0025,5.0859,646998
1988-06-02 16:00:00-04:00,0.0,5.0859,4.9608,5.0234,382602
1988-06-03 16:00:00-04:00,0.0,5.3152,4.9817,5.2735,800598
1988-06-06 16:00:00-04:00,0.0,5.2527,5.0442,5.1067,882798
1988-06-07 16:00:00-04:00,0.0,5.3569,5.2318,5.336,1948998
1988-06-08 16:00:00-04:00,0.0,5.6278,5.3777,5.5862,3492600
1988-06-09 16:00:00-04:00,0.0,5.6278,5.5236,5.5653,1409202
1988-06-10 16:00:00-04:00,0.0,5.607,5.5028,5.5028,974598
1988-06-13 16:00:00-04:00,0.0,5.5445,5.3986,5.4611,884598
1988-06-14 16:00:00-04:00,0.0,5.4819,5.3569,5.4194,637998
1988-06-15 16:00:00-04:00,0.0,5.4819,5.3777,5.4819,451002
1988-06-16 16:00:00-04:00,0.0,5.4611,5.336,5.4194,239202
1988-06-17 16:00:00-04:00,0.0,5.336,5.2527,5.336,1173000
1988-06-20 16:00:00-04:00,0.0,5.3777,5.2943,5.3777,445602
1988-06-21 16:00:00-04:00,0.0,5.4194,5.2943,5.3986,514602
1988-06-22 16:00:00-04:00,0.0,5.4611,5.3569,5.3986,582402
1988-06-23 16:00:00-04:00,0.0,5.4194,5.3777,5.4194,503202
1988-06-24 16:00:00-04:00,0.0,5.4611,5.3986,5.4194,816198
1988-06-27 16:00:00-04:00,0.0,5.4194,5.3569,5.3777,313602
1988-06-28 16:00:00-04:00,0.0,5.4402,5.3569,5.4402,536202
1988-06-29 16:00:00-04:00,0.0,5.4194,5.2943,5.3569,419802
1988-06-30 16:00:00-04:00,0.0,5.3569,5.1484,5.211,1365000
1988-07-01 16:00:00-04:00,0.0,5.2318,5.1693,5.211,418602
1988-07-05 16:00:00-04:00,0.0,5.2735,5.1901,5.2527,743598
1988-07-06 16:00:00-04:00,0.0,5.4194,5.3152,5.3777,1060800
1988-07-07 16:00:00-04:00,0.0,5.3986,5.2943,5.3569,249402
1988-07-08 16:00:00-04:00,0.0,5.5028,5.336,5.3777,471402
1988-07-11 16:00:00-04:00,0.0,5.4402,5.3569,5.3986,320202
1988-07-12 16:00:00-04:00,0.0,5.3777,5.2943,5.3152,243402
1988-07-13 16:00:00-04:00,0.0,5.3152,5.211,5.2943,212802
1988-07-14 16:00:00-04:00,0.0,5.336,5.2735,5.336,148800
1988-07-15 16:00:00-04:00,0.0,5.336,5.2527,5.336,278802
1988-07-18 16:00:00-04:00,0.0,5.3152,5.211,5.2943,261402
1988-07-19 16:00:00-04:00,0.0,5.336,5.1484,5.2735,238002
1988-07-20 16:00:00-04:00,0.0,5.2735,5.1901,5.211,105600
1988-07-21 16:00:00-04:00,0.0,5.1693,5.0651,5.0859,308802
1988-07-22 16:00:00-04:00,0.0,5.1693,5.0442,5.0651,232602
1988-07-25 16:00:00-04:00,0.0,5.0859,5.0025,5.0234,638598
1988-07-26 16:00:00-04:00,0.0,5.0025,4.9608,4.9817,433002
1988-07-27 16:00:00-04:00,0.0,4.9817,4.8983,4.94,628398
1988-07-28 16:00:00-04:00,0.0,5.0442,4.94,5.0025,301602
1988-07-29 16:00:00-04:00,0.0,5.0859,5.0025,5.0234,982998
1988-08-01 16:00:00-04:00,0.0,5.0442,4.94,4.9608,397002
1988-08-02 16:00:00-04:00,0.0,5.0234,4.9817,5.0234,1571802
1988-08-03 16:00:00-04:00,0.0,5.1693,5.0025,5.1276,2295600
1988-08-04 16:00:00-04:00,0.0,5.2318,5.1484,5.1901,1288200
1988-08-05 16:00:00-04:00,0.0,5.3152,5.1484,5.2318,1389000
1988-08-08 16:00:00-04:00,0.0,5.211,5.1484,5.1484,431202
1988-08-09 16:00:00-04:00,0.0,5.1693,4.9817,5.0025,365202
1988-08-10 16:00:00-04:00,0.0,5.0234,4.9192,4.9608,456402
1988-08-11 16:00:00-04:00,0.0,4.9817,4.9192,4.9608,218202
1988-08-12 16:00:00-04:00,0.0,5.0025,4.9192,5.0025,728598
1988-08-15 16:00:00-04:00,0.0,5.0025,4.8566,4.8566,366402
1988-08-16 16:00:00-04:00,0.0,4.8775,4.7941,4.8149,866598
1988-08-17 16:00:00-04:00,0.0,4.8358,4.8149,4.8358,735198
1988-08-18 16:00:00-04:00,0.0,4.9608,4.8358,4.9192,1710402
1988-08-19 16:00:00-04:00,0.0,5.0025,4.9608,5.0025,559002
1988-08-22 16:00:00-04:00,0.0,4.9817,4.9192,4.9192,332202
1988-08-23 16:00:00-04:00,0.0,4.9192,4.8775,4.8983,66600
1988-08-24 16:00:00-04:00,0.0,4.9817,4.8775,4.9817,316602
1988-08-25 16:00:00-04:00,0.0,4.9608,4.8566,4.9608,565002
1988-08-26 16:00:00-04:00,0.0,4.94,4.8983,4.9192,461802
1988-08-29 16:00:00-04:00,0.0,5.0234,4.8983,4.9817,1099800
1988-08-30 16:00:00-04:00,0.0,4.9608,4.9192,4.94,440802
1988-08-31 16:00:00-04:00,0.0,4.9608,4.8149,4.8149,1005600
1988-09-01 16:00:00-04:00,0.0,4.8358,4.7524,4.8149,334602
1988-09-02 16:00:00-04:00,0.0,5.0025,4.9192,4.9817,1402602
1988-09-06 16:00:00-04:00,0.0,5.0651,4.94,5.0025,1078800
1988-09-07 16:00:00-04:00,0.0,5.0651,4.9608,5.0025,951798
1988-09-08 16:00:00-04:00,0.0,4.9817,4.8775,4.8775,1614402
1988-09-09 16:00:00-04:00,0.0,4.9817,4.8775,4.9608,1498602
1988-09-12 16:00:00-04:00,0.0,5.1067,4.94,5.0442,1261800
1988-09-13 16:00:00-04:00,0.0,5.1067,5.0025,5.0859,1363200
1988-09-14 16:00:00-04:00,0.0,5.1276,5.0859,5.0859,1093200
1988-09-15 16:00:00-04:00,0.0,5.0859,5.0234,5.0442,1249200
1988-09-16 16:00:00-04:00,0.0,5.3152,5.0025,5.2943,1815198
1988-09-19 16:00:00-04:00,0.0,5.2735,5.1276,5.211,659598
1988-09-20 16:00:00-04:00,0.0,5.3777,5.211,5.336,1768002
1988-09-21 16:00:00-04:00,0.0,5.336,5.2943,5.2943,663198
1988-09-22 16:00:00-04:00,0.0,5.3569,5.211,5.2318,375402
1988-09-23 16:00:00-04:00,0.0,5.211,5.1276,5.211,603198
1988-09-26 16:00:00-04:00,0.0,5.1693,5.1067,5.1276,262602
1988-09-27 16:00:00-04:00,0.0,5.1901,5.1067,5.1901,561402
1988-09-28 16:00:00-04:00,0.0,5.3152,5.1484,5.2943,461802
1988-09-29 16:00:00-04:00,0.0,5.7946,5.3152,5.4611,3766800
1988-09-30 16:00:00-04:00,0.0,5.607,5.4194,5.4194,1251600
1988-10-03 16:00:00-04:00,0.0,5.4402,5.2943,5.3986,389802
1988-10-04 16:00:00-04:00,0.0,5.4402,5.3569,5.4194,431202
1988-10-05 16:00:00-04:00,0.0,5.5028,5.3152,5.3777,982398
1988-10-06 16:00:00-04:00,0.0,5.6695,5.336,5.6278,1195200
1988-10-07 16:00:00-04:00,0.0,5.7529,5.5445,5.607,761598
1988-10-10 16:00:00-04:00,0.0,5.6695,5.5653,5.6695,272202
1988-10-11 16:00:00-04:00,0.0,5.6487,5.5445,5.5862,867798
1988-10-12 16:00:00-04:00,0.0,5.6904,5.5445,5.6695,1956798
1988-10-13 16:00:00-04:00,0.0,5.6487,5.5236,5.5862,1363200
1988-10-14 16:00:00-04:00,0.0,5.6278,5.5862,5.5862,1018800
1988-10-17 16:00:00-04:00,0.0,5.6278,5.5862,5.6278,333402
1988-10-18 16:00:00-04:00,0.0,5.6695,5.607,5.6695,1451202
1988-10-19 16:00:00-04:00,0.0,5.878,5.607,5.8363,3396798
1988-10-20 16:00:00-04:00,0.0,6.0447,5.8154,5.9613,3386598
1988-10-21 16:00:00-04:00,0.0,5.9405,5.7946,5.8363,3345198
1988-10-24 16:00:00-04:00,0.0,6.003,5.7529,5.9613,2151198
1988-10-25 16:00:00-04:00,0.0,6.3365,5.9613,5.9613,3508200
1988-10-26 16:00:00-04:00,0.0,6.0864,5.878,6.0864,1410402
1988-10-27 16:00:00-04:00,0.0,6.0864,5.7737,5.7946,2166798
1988-10-28 16:00:00-04:00,0.0,5.9197,5.7946,5.8363,2242200
1988-10-31 16:00:00-05:00,0.0,5.7321,5.5862,5.6904,1444002
1988-11-01 16:00:00-05:00,0.0,5.6904,5.5862,5.6278,2143398
1988-11-02 16:00:00-05:00,0.0,5.5862,5.4402,5.5236,1974798
1988-11-03 16:00:00-05:00,0.0,5.5445,5.4819,5.5445,790398
1988-11-04 16:00:00-05:00,0.0,5.5028,5.3777,5.3986,712398
1988-11-07 16:00:00-05:00,0.0,5.4194,5.2318,5.2318,442002
1988-11-08 16:00:00-05:00,0.0,5.336,5.2527,5.2943,691998
1988-11-09 16:00:00-05:00,0.0,5.336,5.211,5.2943,448602
1988-11-10 16:00:00-05:00,0.0,5.3152,5.2318,5.3152,425802
1988-11-11 16:00:00-05:00,0.0,5.2735,4.9192,4.9817,845598
1988-11-14 16:00:00-05:00,0.0,5.1067,5.0025,5.0651,589602
1988-11-15 16:00:00-05:00,0.0,5.211,5.0234,5.211,412602
1988-11-16 16:00:00-05:00,0.0,5.2318,5.0234,5.0651,975198
1988-11-17 16:00:00-05:00,0.0,5.1276,5.0442,5.0651,499602
1988-11-18 16:00:00-05:00,0.0,5.0651,4.9817,5.0442,415602
1988-11-21 16:00:00-05:00,0.0,5.0442,4.9817,5.0442,515202
1988-11-22 16:00:00-05:00,0.0,5.0442,4.9817,5.0025,375402
1988-11-23 16:00:00-05:00,0.0,5.0859,4.9817,5.0442,1137600
1988-11-25 16:00:00-05:00,0.0,5.0651,4.9817,5.0234,196800
1988-11-28 16:00:00-05:00,0.0,5.0859,4.9817,4.9817,834198
1988-11-29 16:00:00-05:00,0.0,5.0651,4.9817,5.0651,616398
1988-11-30 16:00:00-05:00,0.0,5.2318,5.0442,5.211,1099200
1988-12-01 16:00:00-05:00,0.0,5.1901,5.0651,5.0651,520602
1988-12-02 16:00:00-05:00,0.0,5.1901,5.0234,5.1693,580602
1988-12-05 16:00:00-05:00,0.0,5.2318,5.1693,5.1901,483402
1988-12-06 16:00:00-05:00,0.0,5.2318,5.1484,5.1901,370602
1988-12-07 16:00:00-05:00,0.0,5.2527,5.211,5.2318,299802
1988-12-08 16:00:00-05:00,0.0,5.2735,5.211,5.211,499602
1988-12-09 16:00:00-05:00,0.0,5.2527,5.211,5.211,311802
1988-12-12 16:00:00-05:00,0.0,5.2943,5.211,5.2527,454002
1988-12-13 16:00:00-05:00,0.0,5.2527,5.211,5.2527,349002
1988-12-14 16:00:00-05:00,0.0,5.2735,5.211,5.211,425202
1988-12-15 16:00:00-05:00,0.0,5.2318,5.1693,5.1901,824598
1988-12-16 16:00:00-05:00,0.0,5.211,5.1484,5.211,1129200
1988-12-19 16:00:00-05:00,0.0,5.2527,5.1901,5.2527,332802
1988-12-20 16:00:00-05:00,0.0,5.2735,5.1901,5.1901,283002
1988-12-21 16:00:00-05:00,0.0,5.2318,5.1484,5.1693,367002
1988-12-22 16:00:00-05:00,0.0,5.211,5.1693,5.1901,286602
1988-12-23 16:00:00-05:00,0.0,5.1901,5.0442,5.1276,165000
1988-12-27 16:00:00-05:00,0.0,5.1067,5.0859,5.0859,119400
1988-12-28 16:00:00-05:00,0.0,5.1276,5.0234,5.1067,190200
1988-12-29 16:00:00-05:00,0.0,5.1276,5.0651,5.0859,569802
1988-12-30 16:00:00-05:00,0.0,5.1276,5.0859,5.0859,349602
1989-01-03 16:00:00-05:00,0.0,5.0859,4.9608,4.9817,1006800
1989-01-04 16:00:00-05:00,0.0,5.1276,4.9817,5.0859,3356598
1989-01-05 16:00:00-05:00,0.0,5.211,5.0859,5.1901,916398
1989-01-06 16:00:00-05:00,0.0,5.3777,5.1693,5.336,1499802
1989-01-09 16:00:00-05:00,0.0,5.3152,5.2527,5.3152,675798
1989-01-10 16:00:00-05:00,0.0,5.336,5.2527,5.3152,437202
1989-01-11 16:00:00-05:00,0.0,5.3152,5.2735,5.2943,186000
1989-01-12 16:00:00-05:00,0.0,5.3152,5.2735,5.2735,724398
1989-01-13 16:00:00-05:00,0.0,5.2943,5.211,5.2735,831198
1989-01-16 16:00:00-05:00,0.0,5.4194,5.336,5.3777,927198
1989-01-17 16:00:00-05:00,0.0,5.4819,5.3569,5.4819,919398
1989-01-18 16:00:00-05:00,0.0,5.5445,5.4194,5.4194,922998
1989-01-19 16:00:00-05:00,0.0,5.4402,5.336,5.4194,726798
1989-01-20 16:00:00-05:00,0.0,5.4402,5.3777,5.4194,383802
1989-01-23 16:00:00-05:00,0.0,5.4402,5.3986,5.3986,245202
1989-01-24 16:00:00-05:00,0.0,5.3986,5.336,5.3986,560202
1989-01-25 16:00:00-05:00,0.0,5.4402,5.3777,5.4194,635598
1989-01-26 16:00:00-05:00,0.0,5.4611,5.3777,5.4611,424002
1989-01-27 16:00:00-05:00,0.0,5.5862,5.3152,5.5028,1416402
1989-01-30 16:00:00-05:00,0.0,5.6487,5.4611,5.5862,1126200
1989-01-31 16:00:00-05:00,0.0,5.5862,5.5028,5.5653,436002
1989-02-01 16:00:00-05:00,0.0,5.607,5.4611,5.5236,766998
1989-02-02 16:00:00-05:00,0.0,5.5236,5.3986,5.4611,378402
1989-02-03 16:00:00-05:00,0.0,5.4402,5.2527,5.3569,764598
1989-02-06 16:00:00-05:00,0.0,5.4194,5.2943,5.336,817398
1989-02-07 16:00:00-05:00,0.0,5.3569,5.3152,5.3569,870798
1989-02-08 16:00:00-05:00,0.0,5.3986,5.1693,5.1693,1750602
1989-02-09 16:00:00-05:00,0.0,5.3777,5.1484,5.3152,1967598
1989-02-10 16:00:00-05:00,0.0,5.3152,5.1276,5.1484,948198
1989-02-13 16:00:00-05:00,0.0,5.2318,5.0025,5.2318,676398
1989-02-14 16:00:00-05:00,0.0,5.3777,5.2943,5.2943,810798
1989-02-15 16:00:00-05:00,0.0,5.4194,5.2735,5.3986,1061400
1989-02-16 16:00:00-05:00,0.0,5.4402,5.3569,5.4194,565602
1989-02-17 16:00:00-05:00,0.0,5.5653,5.3777,5.5236,1182600
1989-02-21 16:00:00-05:00,0.0,5.5653,5.3986,5.3986,472602
1989-02-22 16:00:00-05:00,0.0,5.3986,5.3152,5.3569,431802
1989-02-23 16:00:00-05:00,0.0,5.4611,5.336,5.4402,766998
1989-02-24 16:00:00-05:00,0.0,5.4611,5.2943,5.2943,1430202
1989-02-27 16:00:00-05:00,0.0,5.2735,5.1693,5.2735,331002
1989-02-28 16:00:00-05:00,0.0,5.2943,5.211,5.2735,1015200
1989-03-01 16:00:00-05:00,0.0,5.2943,5.2318,5.2527,208602
1989-03-02 16:00:00-05:00,0.0,5.3152,5.2318,5.3152,167400
1989-03-03 16:00:00-05:00,0.0,5.3569,5.2943,5.336,377202
1989-03-06 16:00:00-05:00,0.0,5.4194,5.3152,5.4194,1911798
1989-03-07 16:00:00-05:00,0.0,5.5028,5.3777,5.4819,1246200
1989-03-08 16:00:00-05:00,0.0,5.5028,5.4402,5.4402,464802
1989-03-09 16:00:00-05:00,0.0,5.4611,5.2943,5.2943,932598
1989-03-10 16:00:00-05:00,0.0,5.2943,5.1693,5.211,842598
1989-03-13 16:00:00-05:00,0.0,5.3152,5.211,5.3152,567402
1989-03-14 16:00:00-05:00,0.0,5.3152,5.2735,5.2943,176400
1989-03-15 16:00:00-05:00,0.0,5.3152,5.211,5.2527,355602
1989-03-16 16:00:00-05:00,0.0,5.3152,5.1901,5.2943,841998
1989-03-17 16:00:00-05:00,0.0,5.2318,5.1067,5.2318,864198
1989-03-20 16:00:00-05:00,0.0,5.211,5.0651,5.0651,271602
1989-03-21 16:00:00-05:00,0.0,5.1276,5.0859,5.1276,247602
1989-03-22 16:00:00-05:00,0.0,5.1276,5.0442,5.0651,637398
1989-03-23 16:00:00-05:00,0.0,5.1067,5.0025,5.0025,566802
1989-03-27 16:00:00-05:00,0.0,5.0442,4.9817,5.0442,1299600
1989-03-28 16:00:00-05:00,0.0,5.1484,5.0442,5.1484,976398
1989-03-29 16:00:00-05:00,0.0,5.1693,5.0442,5.0442,440202
1989-03-30 16:00:00-05:00,0.0,5.0651,4.9608,4.9817,888198
1989-03-31 16:00:00-05:00,0.0,5.0442,4.9608,5.0234,1337400
1989-04-03 16:00:00-04:00,0.0,5.0442,4.9817,5.0442,494202
1989-04-04 16:00:00-04:00,0.0,5.0442,4.9817,5.0025,4249998
1989-04-05 16:00:00-04:00,0.0,5.1484,5.0442,5.1067,2318400
1989-04-06 16:00:00-04:00,0.0,5.0859,5.0234,5.0651,612198
1989-04-07 16:00:00-04:00,0.0,5.1067,5.0442,5.0651,805398
1989-04-10 16:00:00-04:00,0.0,5.211,5.0651,5.1693,771798
1989-04-11 16:00:00-04:00,0.0,5.1693,5.1276,5.1484,251202
1989-04-12 16:00:00-04:00,0.0,5.1484,5.0651,5.1067,1139400
1989-04-13 16:00:00-04:00,0.0,5.1067,5.0442,5.0651,239202
1989-04-14 16:00:00-04:00,0.0,5.1484,5.0651,5.1276,475602
1989-04-17 16:00:00-04:00,0.0,5.1484,5.0651,5.0859,1604202
1989-04-18 16:00:00-04:00,0.0,5.1276,5.0234,5.0442,2140998
1989-04-19 16:00:00-04:00,0.0,5.2527,5.0234,5.2318,2193198
1989-04-20 16:00:00-04:00,0.0,5.2735,5.1276,5.1901,1232400
1989-04-21 16:00:00-04:00,0.0,5.2943,5.1901,5.2943,1317600
1989-04-24 16:00:00-04:00,0.0,5.3777,5.2527,5.2735,1815798
1989-04-25 16:00:00-04:00,0.0,5.2735,5.1693,5.2318,1218000
1989-04-26 16:00:00-04:00,0.0,5.2318,5.1901,5.2318,682998
1989-04-27 16:00:00-04:00,0.0,5.2735,5.1901,5.2735,999798
1989-04-28 16:00:00-04:00,0.0,5.2943,5.2318,5.2318,707598
1989-05-01 16:00:00-04:00,0.0,5.2527,5.1276,5.2318,1034400
1989-05-02 16:00:00-04:00,0.0,5.2735,5.1901,5.2318,472602
1989-05-03 16:00:00-04:00,0.0,5.2735,5.1901,5.2735,714198
1989-05-04 16:00:00-04:00,0.0,5.4194,5.211,5.3986,2056398
1989-05-05 16:00:00-04:00,0.0,5.4819,5.3986,5.4194,2414400
1989-05-08 16:00:00-04:00,0.0,5.5236,5.4194,5.5028,1854798
1989-05-09 16:00:00-04:00,0.0,5.5653,5.4402,5.4819,1101600
1989-05-10 16:00:00-04:00,0.0,5.6278,5.4611,5.5445,4115202
1989-05-11 16:00:00-04:00,0.0,5.8363,5.5862,5.7321,5488398
1989-05-12 16:00:00-04:00,0.0,5.8363,5.7112,5.7737,3610800
1989-05-15 16:00:00-04:00,0.0,5.8154,5.7321,5.7737,1178400
1989-05-16 16:00:00-04:00,0.0,5.9405,5.7529,5.8988,2044398
1989-05-17 16:00:00-04:00,0.0,6.0239,5.8571,5.9197,3468000
1989-05-18 16:00:00-04:00,0.0,5.9613,5.8988,5.9405,626598
1989-05-19 16:00:00-04:00,0.0,5.9405,5.8571,5.878,1556202
1989-05-22 16:00:00-04:00,0.0,5.8988,5.7737,5.8363,773598
1989-05-23 16:00:00-04:00,0.0,5.878,5.7946,5.8571,532002
1989-05-24 16:00:00-04:00,0.0,5.878,5.8154,5.8363,1480602
1989-05-25 16:00:00-04:00,0.0,5.878,5.8154,5.8154,1215600
1989-05-26 16:00:00-04:00,0.0,5.8571,5.7737,5.8154,781398
1989-05-30 16:00:00-04:00,0.0,5.9197,5.8363,5.878,805998
1989-05-31 16:00:00-04:00,0.0,6.003,5.8571,6.003,1176000
1989-06-01 16:00:00-04:00,0.0,6.3365,6.003,6.3157,3154398
1989-06-02 16:00:00-04:00,0.0,6.3365,6.1281,6.1281,5428998
1989-06-05 16:00:00-04:00,0.0,6.1281,5.8571,5.8988,1387200
1989-06-06 16:00:00-04:00,0.0,6.0447,5.878,5.9613,1696002
1989-06-07 16:00:00-04:00,0.0,6.0656,5.9822,6.003,1231800
1989-06-08 16:00:00-04:00,0.0,6.2532,6.0239,6.2532,2547000
1989-06-09 16:00:00-04:00,0.0,6.6492,6.3782,6.4824,5118402
1989-06-12 16:00:00-04:00,0.0,6.5033,6.3574,6.4199,2581200
1989-06-13 16:00:00-04:00,0.0,6.3782,6.2948,6.3365,1690602
1989-06-14 16:00:00-04:00,0.0,6.3574,6.1906,6.2323,1228800
1989-06-15 16:00:00-04:00,0.0,6.274,6.1489,6.1906,1505202
1989-06-16 16:00:00-04:00,0.0,6.2532,6.1489,6.2532,1230600
1989-06-19 16:00:00-04:00,0.0,6.4824,6.2532,6.3782,687198
1989-06-20 16:00:00-04:00,0.0,6.6075,6.3991,6.545,3364998
1989-06-21 16:00:00-04:00,0.0,6.6283,6.5241,6.5658,1274400
1989-06-22 16:00:00-04:00,0.0,6.5658,6.5033,6.545,517602
1989-06-23 16:00:00-04:00,0.0,6.545,6.4824,6.5241,636798
1989-06-26 16:00:00-04:00,0.0,6.5658,6.5241,6.5658,1202400
1989-06-27 16:00:00-04:00,0.0,6.7534,6.545,6.6492,2452800
1989-06-28 16:00:00-04:00,0.0,6.6492,6.5867,6.6492,535602
1989-06-29 16:00:00-04:00,0.0,6.6075,6.3365,6.3365,583002
1989-06-30 16:00:00-04:00,0.0,6.3574,6.1489,6.2323,1525602
1989-07-03 16:00:00-04:00,0.0,6.2115,6.1698,6.1906,424002
1989-07-05 16:00:00-04:00,0.0,6.2948,6.1489,6.274,472002
1989-07-06 16:00:00-04:00,0.0,6.3782,6.274,6.3574,875598
1989-07-07 16:00:00-04:00,0.0,6.4616,6.3365,6.4616,773598
1989-07-10 16:00:00-04:00,0.0,6.5658,6.4616,6.5241,723198
1989-07-11 16:00:00-04:00,0.0,6.67,6.5658,6.5658,1333200
1989-07-12 16:00:00-04:00,0.0,6.6283,6.5658,6.6283,891198
1989-07-13 16:00:00-04:00,0.0,6.6283,6.5033,6.5033,751998
1989-07-14 16:00:00-04:00,0.0,6.545,6.4199,6.545,1314600
1989-07-17 16:00:00-04:00,0.0,6.6283,6.5033,6.6075,459402
1989-07-18 16:00:00-04:00,0.0,6.6075,6.545,6.5867,1059600
1989-07-19 16:00:00-04:00,0.0,6.6909,6.6283,6.67,3214398
1989-07-20 16:00:00-04:00,0.0,6.6492,6.5033,6.5241,1016400
1989-07-21 16:00:00-04:00,0.0,6.545,6.4616,6.4824,915198
1989-07-24 16:00:00-04:00,0.0,6.545,6.3574,6.3574,846798
1989-07-25 16:00:00-04:00,0.0,6.5033,6.3991,6.4199,904998
1989-07-26 16:00:00-04:00,0.0,6.5658,6.3991,6.5658,546402
1989-07-27 16:00:00-04:00,0.0,6.5658,6.5033,6.545,1270800
1989-07-28 16:00:00-04:00,0.0,6.6283,6.5241,6.6283,949398
1989-07-31 16:00:00-04:00,0.0,6.67,6.5867,6.6492,579402
1989-08-01 16:00:00-04:00,0.0,6.7117,6.5033,6.545,2065998
1989-08-02 16:00:00-04:00,0.0,6.5033,6.3574,6.4616,619398
1989-08-03 16:00:00-04:00,0.0,6.5658,6.4616,6.545,590202
1989-08-04 16:00:00-04:00,0.0,6.5867,6.4824,6.545,479202
1989-08-07 16:00:00-04:00,0.0,6.6492,6.545,6.6492,625398
1989-08-08 16:00:00-04:00,0.0,6.7742,6.6075,6.7326,2154198
1989-08-09 16:00:00-04:00,0.0,6.7326,6.6075,6.6283,1078800
1989-08-10 16:00:00-04:00,0.0,6.6492,6.5241,6.545,693198
1989-08-11 16:00:00-04:00,0.0,6.6492,6.5241,6.5867,1101000
1989-08-14 16:00:00-04:00,0.0,6.67,6.5658,6.5867,320202
1989-08-15 16:00:00-04:00,0.0,6.6283,6.545,6.5867,615198
1989-08-16 16:00:00-04:00,0.0,6.6492,6.5658,6.5867,1474002
1989-08-17 16:00:00-04:00,0.0,6.5867,6.3991,6.4199,593802
1989-08-18 16:00:00-04:00,0.0,6.4824,6.4199,6.4616,503802
1989-08-21 16:00:00-04:00,0.0,6.4616,6.3574,6.3991,361602
1989-08-22 16:00:00-04:00,0.0,6.4407,6.3782,6.3991,349602
1989-08-23 16:00:00-04:00,0.0,6.4824,6.3991,6.4616,340602
1989-08-24 16:00:00-04:00,0.0,6.5867,6.4407,6.5867,433002
1989-08-25 16:00:00-04:00,0.0,6.7326,6.545,6.6492,1828398
1989-08-28 16:00:00-04:00,0.0,6.7326,6.5867,6.7326,1799802
1989-08-29 16:00:00-04:00,0.0,7.0035,6.8159,6.9618,2259600
1989-08-30 16:00:00-04:00,0.0,7.0869,6.8993,7.0452,1405602
1989-08-31 16:00:00-04:00,0.0,7.1286,6.8993,7.1286,751398
1989-09-01 16:00:00-04:00,0.0,7.2745,7.1286,7.212,1231200
1989-09-05 16:00:00-04:00,0.0,7.2537,7.0661,7.1077,1791402
1989-09-06 16:00:00-04:00,0.0,7.0452,6.941,7.0035,948198
1989-09-07 16:00:00-04:00,0.0,7.0869,6.941,6.9618,1581402
1989-09-08 16:00:00-04:00,0.0,7.0035,6.8159,6.9618,1390800
1989-09-11 16:00:00-04:00,0.0,6.9618,6.8576,6.941,422202
1989-09-12 16:00:00-04:00,0.0,7.0661,6.941,7.0035,1693602
1989-09-13 16:00:00-04:00,0.0,7.0869,6.9618,7.0035,547602
1989-09-14 16:00:00-04:00,0.0,7.0035,6.941,6.941,562602
1989-09-15 16:00:00-04:00,0.0,6.9827,6.8159,6.8576,986598
1989-09-18 16:00:00-04:00,0.0,6.941,6.8159,6.8993,488802
1989-09-19 16:00:00-04:00,0.0,6.9618,6.8785,6.941,924798
1989-09-20 16:00:00-04:00,0.0,6.9827,6.941,6.9618,308802
1989-09-21 16:00:00-04:00,0.0,7.0661,6.9618,7.0452,1457802
1989-09-22 16:00:00-04:00,0.0,7.0452,6.9827,7.0244,502602
1989-09-25 16:00:00-04:00,0.0,7.0244,6.8785,6.8993,298602
1989-09-26 16:00:00-04:00,0.0,6.8576,6.7742,6.7742,952398
1989-09-27 16:00:00-04:00,0.0,6.8576,6.7117,6.8368,1123800
1989-09-28 16:00:00-04:00,0.0,6.8993,6.7951,6.8785,931398
1989-09-29 16:00:00-04:00,0.0,6.9618,6.8368,6.9618,209802
1989-10-02 16:00:00-04:00,0.0,6.9618,6.8993,6.941,990798
1989-10-03 16:00:00-04:00,0.0,6.941,6.9202,6.941,233202
1989-10-04 16:00:00-04:00,0.0,7.1703,6.9827,7.1703,3450000
1989-10-05 16:00:00-04:00,0.0,7.1494,7.0869,7.1077,927198
1989-10-06 16:00:00-04:00,0.0,7.4621,7.0869,7.3162,3379398
1989-10-09 16:00:00-04:00,0.0,7.4204,7.3162,7.4204,1147800
1989-10-10 16:00:00-04:00,0.0,7.3996,7.1911,7.2328,1446402
1989-10-11 16:00:00-04:00,0.0,7.2328,6.9827,7.0244,1033200
1989-10-12 16:00:00-04:00,0.0,7.1286,7.0244,7.0869,805998
1989-10-13 16:00:00-04:00,0.0,7.0869,6.3991,6.4199,1213200
1989-10-16 16:00:00-04:00,0.0,6.6075,6.1281,6.545,2695602
1989-10-17 16:00:00-04:00,0.0,6.67,6.4616,6.6075,1522002
1989-10-18 16:00:00-04:00,0.0,6.7951,6.6075,6.7742,844398
1989-10-19 16:00:00-04:00,0.0,6.8368,6.7742,6.8159,1161000
1989-10-20 16:00:00-04:00,0.0,6.8785,6.7951,6.8368,1148400
1989-10-23 16:00:00-04:00,0.0,6.8368,6.7326,6.7326,563802
1989-10-24 16:00:00-04:00,0.0,6.7534,6.5033,6.6909,926598
1989-10-25 16:00:00-04:00,0.0,6.7117,6.6492,6.67,580002
1989-10-26 16:00:00-04:00,0.0,6.67,6.5867,6.6283,842598
1989-10-27 16:00:00-04:00,0.0,6.67,6.6075,6.6283,612198
1989-10-30 16:00:00-05:00,0.0,6.67,6.5658,6.5867,1052400
1989-10-31 16:00:00-05:00,0.0,6.7326,6.5867,6.7117,816798
1989-11-01 16:00:00-05:00,0.0,6.7326,6.67,6.67,151800
1989-11-02 16:00:00-05:00,0.0,6.6909,6.6492,6.6909,208602
1989-11-03 16:00:00-05:00,0.0,6.6492,6.3782,6.5033,3644400
1989-11-06 16:00:00-05:00,0.0,6.5241,6.4407,6.4616,961398
1989-11-07 16:00:00-05:00,0.0,6.4616,6.3365,6.4407,1047000
1989-11-08 16:00:00-05:00,0.0,6.4616,6.4407,6.4407,335802
1989-11-09 16:00:00-05:00,0.0,6.4407,6.3574,6.3782,209802
1989-11-10 16:00:00-05:00,0.0,6.3782,6.2323,6.2323,904398
1989-11-13 16:00:00-05:00,0.0,6.2323,6.0656,6.1906,2512200
1989-11-14 16:00:00-05:00,0.0,6.2115,6.1698,6.1906,551202
1989-11-15 16:00:00-05:00,0.0,6.2323,6.1489,6.2323,625398
1989-11-16 16:00:00-05:00,0.0,6.2323,6.1698,6.2323,144600
1989-11-17 16:00:00-05:00,0.0,6.2323,6.1698,6.2323,385002
1989-11-20 16:00:00-05:00,0.0,6.2323,6.1489,6.1698,849198
1989-11-21 16:00:00-05:00,0.0,6.1489,6.0447,6.0447,1528002
1989-11-22 16:00:00-05:00,0.0,6.0656,5.9822,6.0447,416202
1989-11-24 16:00:00-05:00,0.0,6.1698,6.0656,6.1698,183600
1989-11-27 16:00:00-05:00,0.0,6.2115,6.1281,6.2115,1369200
1989-11-28 16:00:00-05:00,0.0,6.2532,6.0656,6.1489,1354200
1989-11-29 16:00:00-05:00,0.0,6.2532,6.1072,6.2532,929598
1989-11-30 16:00:00-05:00,0.0,6.4407,6.2323,6.4407,1290600
1989-12-01 16:00:00-05:00,0.0,6.5658,6.4407,6.4824,1387800
1989-12-04 16:00:00-05:00,0.0,6.6075,6.5033,6.545,1032000
1989-12-05 16:00:00-05:00,0.0,6.4824,6.4199,6.4407,593202
1989-12-06 16:00:00-05:00,0.0,6.5658,6.4199,6.5241,573402
1989-12-07 16:00:00-05:00,0.0,6.6492,6.5241,6.5241,316602
1989-12-08 16:00:00-05:00,0.0,6.6492,6.545,6.6492,316602
1989-12-11 16:00:00-05:00,0.0,6.7951,6.545,6.5867,578202
1989-12-12 16:00:00-05:00,0.0,6.7326,6.5658,6.6492,328602
1989-12-13 16:00:00-05:00,0.0,6.6909,6.5033,6.5033,1541202
1989-12-14 16:00:00-05:00,0.0,6.4824,6.4199,6.4407,7445802
1989-12-15 16:00:00-05:00,0.0,6.4824,6.2948,6.3782,1551402
1989-12-18 16:00:00-05:00,0.0,6.4616,6.3365,6.3574,2626602
1989-12-19 16:00:00-05:00,0.0,6.4199,6.3157,6.3365,2317800
1989-12-20 16:00:00-05:00,0.0,6.3782,6.2948,6.3365,1486002
1989-12-21 16:00:00-05:00,0.0,6.4616,6.3157,6.4407,900198
1989-12-22 16:00:00-05:00,0.0,6.4824,6.4199,6.4616,817398
1989-12-26 16:00:00-05:00,0.0,6.4824,6.4407,6.4616,265002
1989-12-27 16:00:00-05:00,0.0,6.4824,6.4199,6.4616,156000
1989-12-28 16:00:00-05:00,0.0,6.4616,6.3157,6.3991,458202
1989-12-29 16:00:00-05:00,0.0,6.4407,6.3782,6.4407,718998
1990-01-02 16:00:00-05:00,0.0,6.6283,6.4199,6.6283,973398
1990-01-03 16:00:00-05:00,0.0,6.7742,6.6283,6.7742,623598
1990-01-04 16:00:00-05:00,0.0,6.7742,6.5658,6.5658,654198
1990-01-05 16:00:00-05:00,0.0,6.6075,6.5241,6.5867,403602
1990-01-08 16:00:00-05:00,0.0,6.6909,6.545,6.67,313602
1990-01-09 16:00:00-05:00,0.0,6.7326,6.545,6.545,716598
1990-01-10 16:00:00-05:00,0.0,6.5241,6.1906,6.2948,1074000
1990-01-11 16:00:00-05:00,0.0,6.3574,6.3157,6.3365,584202
1990-01-12 16:00:00-05:00,0.0,6.2115,6.0864,6.1281,905598
1990-01-15 16:00:00-05:00,0.0,6.1072,5.8363,5.878,1439802
1990-01-16 16:00:00-05:00,0.0,5.8988,5.7529,5.8988,2281200
1990-01-17 16:00:00-05:00,0.0,5.9405,5.7529,5.7529,982398
1990-01-18 16:00:00-05:00,0.0,5.7112,5.607,5.7112,1514802
1990-01-19 16:00:00-05:00,0.0,5.8154,5.6695,5.7529,574602
1990-01-22 16:00:00-05:00,0.0,5.7321,5.5028,5.5028,706398
1990-01-23 16:00:00-05:00,0.0,5.4819,5.211,5.3569,1418202
1990-01-24 16:00:00-05:00,0.0,5.4194,5.0025,5.336,3147798
1990-01-25 16:00:00-05:00,0.0,5.5028,5.336,5.3986,841998
1990-01-26 16:00:00-05:00,0.0,5.5236,5.2943,5.4194,1606602
1990-01-29 16:00:00-05:00,0.0,5.5653,5.4194,5.5236,422802
1990-01-30 16:00:00-05:00,0.0,5.5445,5.4611,5.5236,725598
1990-01-31 16:00:00-05:00,0.0,5.6278,5.4611,5.5862,1375200
1990-02-01 16:00:00-05:00,0.0,5.5653,5.4402,5.5445,473202
1990-02-02 16:00:00-05:00,0.0,5.6695,5.5236,5.6487,732198
1990-02-05 16:00:00-05:00,0.0,5.7529,5.6695,5.7112,341202
1990-02-06 16:00:00-05:00,0.0,5.9405,5.7112,5.9405,799398
1990-02-07 16:00:00-05:00,0.0,5.9197,5.8363,5.9197,1068600
1990-02-08 16:00:00-05:00,0.0,5.878,5.7946,5.8571,542802
1990-02-09 16:00:00-05:00,0.0,5.8571,5.7529,5.8154,952398
1990-02-12 16:00:00-05:00,0.0,5.7946,5.6487,5.6487,254802
1990-02-13 16:00:00-05:00,0.0,5.7112,5.5862,5.5862,557802
1990-02-14 16:00:00-05:00,0.0,5.6487,5.5862,5.6278,669198
1990-02-15 16:00:00-05:00,0.0,5.6278,5.5028,5.5236,925398
1990-02-16 16:00:00-05:00,0.0,5.5653,5.4611,5.4611,1067400
1990-02-20 16:00:00-05:00,0.0,5.4819,5.3777,5.3777,728598
1990-02-21 16:00:00-05:00,0.0,5.3777,5.1901,5.3152,1142400
1990-02-22 16:00:00-05:00,0.0,5.3569,5.1693,5.1693,623598
1990-02-23 16:00:00-05:00,0.0,5.1693,5.0442,5.0859,1261200
1990-02-26 16:00:00-05:00,0.0,5.0651,4.9608,5.0442,1012200
1990-02-27 16:00:00-05:00,0.0,5.1484,5.0234,5.0859,1282800
1990-02-28 16:00:00-05:00,0.0,5.1901,5.1067,5.1693,581202
1990-03-01 16:00:00-05:00,0.0,5.3986,5.1693,5.336,1146000
1990-03-02 16:00:00-05:00,0.0,5.4611,5.3986,5.4402,1350600
1990-03-05 16:00:00-05:00,0.0,5.5862,5.4194,5.5236,1276800
1990-03-06 16:00:00-05:00,0.0,5.5862,5.5028,5.5862,705798
1990-03-07 16:00:00-05:00,0.0,5.5862,5.4402,5.4402,446202
1990-03-08 16:00:00-05:00,0.0,5.5862,5.4611,5.5445,362802
1990-03-09 16:00:00-05:00,0.0,5.6278,5.4194,5.4194,206802
1990-03-12 16:00:00-05:00,0.0,5.5028,5.4194,5.4611,168600
1990-03-13 16:00:00-05:00,0.0,5.4819,5.2527,5.3152,236202
1990-03-14 16:00:00-05:00,0.0,5.2943,5.1484,5.1901,353202
1990-03-15 16:00:00-05:00,0.0,5.3569,5.211,5.336,1060200
1990-03-16 16:00:00-05:00,0.0,5.5862,5.4194,5.4819,788598
1990-03-19 16:00:00-05:00,0.0,5.5028,5.4611,5.4819,466002
1990-03-20 16:00:00-05:00,0.0,5.5236,5.4611,5.4819,335202
1990-03-21 16:00:00-05:00,0.0,5.5028,5.4611,5.4611,114600
1990-03-22 16:00:00-05:00,0.0,5.4194,5.2318,5.2735,2784402
1990-03-23 16:00:00-05:00,0.0,5.2735,5.1276,5.1693,3406200
1990-03-26 16:00:00-05:00,0.0,5.2318,5.1693,5.1693,1116600
1990-03-27 16:00:00-05:00,0.0,5.2943,5.1484,5.2943,330402
1990-03-28 16:00:00-05:00,0.0,5.3569,5.2943,5.3152,788598
1990-03-29 16:00:00-05:00,0.0,5.3777,5.2735,5.3569,635598
1990-03-30 16:00:00-05:00,0.0,5.3777,5.2527,5.3777,760398
1990-04-02 16:00:00-04:00,0.0,5.336,5.2527,5.2735,621198
1990-04-03 16:00:00-04:00,0.0,5.4819,5.2943,5.4819,512202
1990-04-04 16:00:00-04:00,0.0,5.5028,5.4194,5.4819,626598
1990-04-05 16:00:00-04:00,0.0,5.5028,5.3777,5.3777,1518402
1990-04-06 16:00:00-04:00,0.0,5.3986,5.2943,5.336,230202
1990-04-09 16:00:00-04:00,0.0,5.5236,5.336,5.336,2861202
1990-04-10 16:00:00-04:00,0.0,5.3569,5.2527,5.336,1221000
1990-04-11 16:00:00-04:00,0.0,5.3152,5.2318,5.2527,1075800
1990-04-12 16:00:00-04:00,0.0,5.2943,5.2527,5.2735,797598
1990-04-16 16:00:00-04:00,0.0,5.3152,5.2527,5.2527,1104000
1990-04-17 16:00:00-04:00,0.0,5.2527,5.1484,5.2527,1924998
1990-04-18 16:00:00-04:00,0.0,5.336,5.211,5.2527,1861998
1990-04-19 16:00:00-04:00,0.0,5.2735,5.1693,5.1901,1238400
1990-04-20 16:00:00-04:00,0.0,5.2527,5.1693,5.2527,617598
1990-04-23 16:00:00-04:00,0.0,5.211,5.1484,5.1484,634398
1990-04-24 16:00:00-04:00,0.0,5.1693,5.0651,5.0859,2010198
1990-04-25 16:00:00-04:00,0.0,5.1276,5.0442,5.0442,735198
1990-04-26 16:00:00-04:00,0.0,5.0442,4.8983,4.9192,1914198
1990-04-27 16:00:00-04:00,0.0,5.1693,4.8566,5.0234,2112198
1990-04-30 16:00:00-04:00,0.0,5.0025,4.9608,5.0025,1105800
1990-05-01 16:00:00-04:00,0.0,5.0025,4.9608,4.9608,933198
1990-05-02 16:00:00-04:00,0.0,4.94,4.8358,4.8358,1857198
1990-05-03 16:00:00-04:00,0.0,4.8358,4.8149,4.8358,2581200
1990-05-04 16:00:00-04:00,0.0,5.0234,4.8775,5.0025,2316600
1990-05-07 16:00:00-04:00,0.0,5.1901,5.0025,5.1901,1496802
1990-05-08 16:00:00-04:00,0.0,5.5445,5.2943,5.5445,3135798
1990-05-09 16:00:00-04:00,0.0,5.5445,5.336,5.3986,1535202
1990-05-10 16:00:00-04:00,0.0,5.4194,5.2735,5.3152,769398
1990-05-11 16:00:00-04:00,0.0,5.4194,5.2943,5.4194,2218800
1990-05-14 16:00:00-04:00,0.0,5.5653,5.4402,5.5236,1309200
1990-05-15 16:00:00-04:00,0.0,5.5028,5.4611,5.4819,344802
1990-05-16 16:00:00-04:00,0.0,5.5653,5.4402,5.4611,651798
1990-05-17 16:00:00-04:00,0.0,5.5653,5.4819,5.5445,287202
1990-05-18 16:00:00-04:00,0.0,5.6487,5.5236,5.6487,525402
1990-05-21 16:00:00-04:00,0.0,5.7737,5.6278,5.7112,787398
1990-05-22 16:00:00-04:00,0.0,5.7529,5.6487,5.6695,636198
1990-05-23 16:00:00-04:00,0.0,5.7112,5.6487,5.6904,435402
1990-05-24 16:00:00-04:00,0.0,5.7112,5.607,5.6278,810798
1990-05-25 16:00:00-04:00,0.0,5.5236,5.4611,5.4819,437202
1990-05-29 16:00:00-04:00,0.0,5.5445,5.4819,5.5236,215202
1990-05-30 16:00:00-04:00,0.0,5.5653,5.3986,5.4402,1345800
1990-05-31 16:00:00-04:00,0.0,5.3986,5.2943,5.336,1124400
1990-06-01 16:00:00-04:00,0.0,5.3777,5.2943,5.3152,1112400
1990-06-04 16:00:00-04:00,0.0,5.336,5.2735,5.3152,1360200
1990-06-05 16:00:00-04:00,0.0,5.3569,5.2943,5.3569,2289000
1990-06-06 16:00:00-04:00,0.0,5.336,5.2943,5.3152,432402
1990-06-07 16:00:00-04:00,0.0,5.336,5.1693,5.2318,916398
1990-06-08 16:00:00-04:00,0.0,5.2735,5.1276,5.1276,660198
1990-06-11 16:00:00-04:00,0.0,5.211,5.0859,5.211,333402
1990-06-12 16:00:00-04:00,0.0,5.336,5.211,5.336,893598
1990-06-13 16:00:00-04:00,0.0,5.3152,5.2943,5.2943,510402
1990-06-14 16:00:00-04:00,0.0,5.336,5.2943,5.2943,366402
1990-06-15 16:00:00-04:00,0.0,5.3777,5.2943,5.3777,1448802
1990-06-18 16:00:00-04:00,0.0,5.3777,5.336,5.336,207402
1990-06-19 16:00:00-04:00,0.0,5.3777,5.2735,5.2943,2161998
1990-06-20 16:00:00-04:00,0.0,5.3777,5.2943,5.3152,578802
1990-06-21 16:00:00-04:00,0.0,5.4194,5.3152,5.336,784398
1990-06-22 16:00:00-04:00,0.0,5.3569,5.211,5.2318,1351800
1990-06-25 16:00:00-04:00,0.0,5.2735,5.1276,5.1276,383202
1990-06-26 16:00:00-04:00,0.0,5.1693,5.1276,5.1484,1224000
1990-06-27 16:00:00-04:00,0.0,5.1693,5.1067,5.1276,704598
1990-06-28 16:00:00-04:00,0.0,5.1067,5.0651,5.0651,385002
1990-06-29 16:00:00-04:00,0.0,5.0651,5.0025,5.0025,692598
1990-07-02 16:00:00-04:00,0.0,5.0234,4.9608,4.9817,1040400
1990-07-03 16:00:00-04:00,0.0,4.9817,4.8775,4.8983,779598
1990-07-05 16:00:00-04:00,0.0,4.8775,4.7941,4.7941,1529202
1990-07-06 16:00:00-04:00,0.0,4.8149,4.7316,4.7524,514002
1990-07-09 16:00:00-04:00,0.0,4.8775,4.7316,4.8566,477402
1990-07-10 16:00:00-04:00,0.0,4.8983,4.8358,4.8358,1496202
1990-07-11 16:00:00-04:00,0.0,4.8358,4.669,4.6899,1329600
1990-07-12 16:00:00-04:00,0.0,4.7107,4.6273,4.6899,1027800
1990-07-13 16:00:00-04:00,0.0,4.7316,4.6273,4.6482,1256400
1990-07-16 16:00:00-04:00,0.0,4.7316,4.6273,4.7316,1099800
1990-07-17 16:00:00-04:00,0.0,4.7524,4.669,4.6899,689598
1990-07-18 16:00:00-04:00,0.0,4.669,4.4189,4.4189,1033800
1990-07-19 16:00:00-04:00,0.0,4.4814,4.3564,4.4814,1006800
1990-07-20 16:00:00-04:00,0.0,4.7524,4.5023,4.6899,709398
1990-07-23 16:00:00-04:00,0.0,4.6899,4.5648,4.6273,472002
1990-07-24 16:00:00-04:00,0.0,4.6273,4.5648,4.5648,406602
1990-07-25 16:00:00-04:00,0.0,4.5231,4.4606,4.5231,1322400
1990-07-26 16:00:00-04:00,0.0,4.7316,4.4814,4.6899,1969398
1990-07-27 16:00:00-04:00,0.0,4.7732,4.669,4.7316,1600602
1990-07-30 16:00:00-04:00,0.0,4.8775,4.7316,4.8775,1003800
1990-07-31 16:00:00-04:00,0.0,4.8983,4.7107,4.7941,535002
1990-08-01 16:00:00-04:00,0.0,4.8566,4.7732,4.7941,1062600
1990-08-02 16:00:00-04:00,0.0,5.0859,4.8775,4.94,1931598
1990-08-03 16:00:00-04:00,0.0,4.9817,4.6273,4.6899,1191000
1990-08-06 16:00:00-04:00,0.0,4.5648,4.4606,4.5023,987798
1990-08-07 16:00:00-04:00,0.0,4.5857,4.4189,4.4814,425202
1990-08-08 16:00:00-04:00,0.0,4.544,4.4814,4.5231,532602
1990-08-09 16:00:00-04:00,0.0,4.5231,4.4814,4.5023,421002
1990-08-10 16:00:00-04:00,0.0,4.5023,4.4606,4.4606,290202
1990-08-13 16:00:00-04:00,0.0,4.5023,4.4606,4.4814,245202
1990-08-14 16:00:00-04:00,0.0,4.544,4.4606,4.5023,333402
1990-08-15 16:00:00-04:00,0.0,4.5648,4.4814,4.5023,1681602
1990-08-16 16:00:00-04:00,0.0,4.5023,4.4189,4.4189,622398
1990-08-17 16:00:00-04:00,0.0,4.3772,4.1271,4.1479,1182000
1990-08-20 16:00:00-04:00,0.0,4.1271,4.0437,4.0854,1092600
1990-08-21 16:00:00-04:00,0.0,4.0437,3.9187,4.002,1475202
1990-08-22 16:00:00-04:00,0.0,4.1896,3.9603,4.0437,3166998
1990-08-23 16:00:00-04:00,0.0,3.9812,3.8561,3.8561,1630002
1990-08-24 16:00:00-04:00,0.0,4.002,3.877,4.002,1227000
1990-08-27 16:00:00-04:00,0.0,4.2313,4.1479,4.2105,1525002
1990-08-28 16:00:00-04:00,0.0,4.3355,4.1479,4.2522,846798
1990-08-29 16:00:00-04:00,0.0,4.3147,4.2522,4.2938,541002
1990-08-30 16:00:00-04:00,0.0,4.3147,4.2313,4.2313,433002
1990-08-31 16:00:00-04:00,0.0,4.2522,4.1896,4.2522,380202
1990-09-04 16:00:00-04:00,0.0,4.2938,4.2105,4.2522,230202
1990-09-05 16:00:00-04:00,0.0,4.3564,4.2522,4.3355,794598
1990-09-06 16:00:00-04:00,0.0,4.3772,4.2938,4.3564,855198
1990-09-07 16:00:00-04:00,0.0,4.3772,4.3147,4.3564,428202
1990-09-10 16:00:00-04:00,0.0,4.3772,4.2938,4.2938,423402
1990-09-11 16:00:00-04:00,0.0,4.3355,4.2938,4.3147,263202
1990-09-12 16:00:00-04:00,0.0,4.3564,4.3355,4.3564,530802
1990-09-13 16:00:00-04:00,0.0,4.3564,4.2938,4.3147,183000
1990-09-14 16:00:00-04:00,0.0,4.3355,4.273,4.3355,666798
1990-09-17 16:00:00-04:00,0.0,4.3564,4.2938,4.3564,858798
1990-09-18 16:00:00-04:00,0.0,4.3564,4.2938,4.3564,775398
1990-09-19 16:00:00-04:00,0.0,4.3564,4.273,4.3147,390402
1990-09-20 16:00:00-04:00,0.0,4.3355,4.2522,4.273,539802
1990-09-21 16:00:00-04:00,0.0,4.273,4.2105,4.2313,822798
1990-09-24 16:00:00-04:00,0.0,4.2938,4.2105,4.2522,1254600
1990-09-25 16:00:00-04:00,0.0,4.2938,4.2313,4.273,849198
1990-09-26 16:00:00-04:00,0.0,4.3564,4.273,4.3147,704598
1990-09-27 16:00:00-04:00,0.0,4.3564,4.273,4.3147,705798
1990-09-28 16:00:00-04:00,0.0,4.3355,4.1896,4.3355,386802
1990-10-01 16:00:00-04:00,0.0,4.3981,4.2938,4.3772,961398
1990-10-02 16:00:00-04:00,0.0,4.5648,4.3772,4.5231,844398
1990-10-03 16:00:00-04:00,0.0,4.7524,4.5231,4.6899,616398
1990-10-04 16:00:00-04:00,0.0,4.9192,4.6482,4.8775,1157400
1990-10-05 16:00:00-04:00,0.0,4.8983,4.7941,4.8566,431802
1990-10-08 16:00:00-04:00,0.0,4.8983,4.7524,4.7941,368202
1990-10-09 16:00:00-04:00,0.0,4.7941,4.4606,4.5023,1318800
1990-10-10 16:00:00-04:00,0.0,4.5023,4.4189,4.4606,529602
1990-10-11 16:00:00-04:00,0.0,4.4814,4.3355,4.3355,578202
1990-10-12 16:00:00-04:00,0.0,4.4606,4.3355,4.4606,675798
1990-10-15 16:00:00-04:00,0.0,4.5648,4.4814,4.5648,577002
1990-10-16 16:00:00-04:00,0.0,4.6482,4.6065,4.6273,257802
1990-10-17 16:00:00-04:00,0.0,4.6482,4.4606,4.4814,1105800
1990-10-18 16:00:00-04:00,0.0,4.5231,4.4189,4.5231,527802
1990-10-19 16:00:00-04:00,0.0,4.7316,4.6065,4.7316,983598
1990-10-22 16:00:00-04:00,0.0,4.7524,4.6899,4.7524,166200
1990-10-23 16:00:00-04:00,0.0,4.7316,4.6482,4.6482,196200
1990-10-24 16:00:00-04:00,0.0,4.6482,4.5857,4.6065,117000
1990-10-25 16:00:00-04:00,0.0,4.6273,4.5648,4.5857,202602
1990-10-26 16:00:00-04:00,0.0,4.6482,4.5648,4.6273,215202
1990-10-29 16:00:00-05:00,0.0,4.6482,4.6065,4.6273,174000
1990-10-30 16:00:00-05:00,0.0,4.6899,4.6065,4.669,440202
1990-10-31 16:00:00-05:00,0.0,4.7316,4.669,4.6899,257202
1990-11-01 16:00:00-05:00,0.0,4.8358,4.6899,4.7524,1016400
1990-11-02 16:00:00-05:00,0.0,4.8149,4.7524,4.7941,780798
1990-11-05 16:00:00-05:00,0.0,5.1067,4.7524,5.0651,1160400
1990-11-06 16:00:00-05:00,0.0,5.0442,4.94,4.94,473202
1990-11-07 16:00:00-05:00,0.0,4.94,4.7941,4.7941,226002
1990-11-08 16:00:00-05:00,0.0,4.8149,4.7524,4.7941,325002
1990-11-09 16:00:00-05:00,0.0,4.8358,4.7732,4.8358,488202
1990-11-12 16:00:00-05:00,0.0,4.8775,4.8149,4.8149,314202
1990-11-13 16:00:00-05:00,0.0,4.7941,4.7107,4.7524,284202
1990-11-14 16:00:00-05:00,0.0,4.8149,4.7524,4.7524,315402
1990-11-15 16:00:00-05:00,0.0,4.8149,4.7316,4.7524,535602
1990-11-16 16:00:00-05:00,0.0,4.8149,4.6065,4.7107,1648602
1990-11-19 16:00:00-05:00,0.0,4.8775,4.7524,4.8775,320202
1990-11-20 16:00:00-05:00,0.0,4.94,4.7107,4.7107,395802
1990-11-21 16:00:00-05:00,0.0,4.7732,4.7107,4.7732,420402
1990-11-23 16:00:00-05:00,0.0,4.7732,4.6899,4.7316,1410402
1990-11-26 16:00:00-05:00,0.0,4.669,4.6065,4.669,521802
1990-11-27 16:00:00-05:00,0.0,4.669,4.6065,4.6482,496602
1990-11-28 16:00:00-05:00,0.0,4.669,4.544,4.544,233802
1990-11-29 16:00:00-05:00,0.0,4.5857,4.4397,4.5231,177600
1990-11-30 16:00:00-05:00,0.0,4.669,4.4606,4.6273,350202
1990-12-03 16:00:00-05:00,0.0,4.669,4.4189,4.4606,421602
1990-12-04 16:00:00-05:00,0.0,4.4814,4.3772,4.4814,443202
1990-12-05 16:00:00-05:00,0.0,4.5231,4.4189,4.5023,440202
1990-12-06 16:00:00-05:00,0.0,4.544,4.2938,4.3147,1095000
1990-12-07 16:00:00-05:00,0.0,4.3355,4.3147,4.3147,771198
1990-12-10 16:00:00-05:00,0.0,4.3355,4.273,4.3147,577602
1990-12-11 16:00:00-05:00,0.0,4.4189,4.2938,4.3355,271602
1990-12-12 16:00:00-05:00,0.0,4.544,4.3355,4.544,601998
1990-12-13 16:00:00-05:00,0.0,4.6065,4.5231,4.5857,265602
1990-12-14 16:00:00-05:00,0.0,4.5857,4.4814,4.5857,231402
1990-12-17 16:00:00-05:00,0.0,4.5648,4.5023,4.5231,209202
1990-12-18 16:00:00-05:00,0.0,4.544,4.4814,4.544,361602
1990-12-19 16:00:00-05:00,0.0,4.544,4.3772,4.3981,295602
1990-12-20 16:00:00-05:00,0.0,4.3772,4.3147,4.3355,566202
1990-12-21 16:00:00-05:00,0.0,4.4189,4.3355,4.3772,929598
1990-12-24 16:00:00-05:00,0.0,4.3564,4.3147,4.3147,212202
1990-12-26 16:00:00-05:00,0.0,4.3981,4.3147,4.3981,581202
1990-12-27 16:00:00-05:00,0.0,4.3772,4.3147,4.3147,565602
1990-12-28 16:00:00-05:00,0.0,4.3564,4.2938,4.3355,720798
1990-12-31 16:00:00-05:00,0.0,4.3355,4.2938,4.3147,736398
1991-01-02 16:00:00-05:00,0.0,4.3564,4.2938,4.3564,394002
1991-01-03 16:00:00-05:00,0.0,4.4189,4.3147,4.4189,868398
1991-01-04 16:00:00-05:00,0.0,4.4397,4.3147,4.3981,542802
1991-01-07 16:00:00-05:00,0.0,4.3772,4.273,4.273,589602
1991-01-08 16:00:00-05:00,0.0,4.3147,4.2313,4.3147,715998
1991-01-09 16:00:00-05:00,0.0,4.4606,4.273,4.2938,624198
1991-01-10 16:00:00-05:00,0.0,4.3772,4.2522,4.3564,391602
1991-01-11 16:00:00-05:00,0.0,4.4397,4.3564,4.4397,233802
1991-01-14 16:00:00-05:00,0.0,4.3981,4.3355,4.3772,247602
1991-01-15 16:00:00-05:00,0.0,4.3981,4.3355,4.3772,228402
1991-01-16 16:00:00-05:00,0.0,4.3772,4.3355,4.3355,267402
1991-01-17 16:00:00-05:00,0.0,4.4814,4.3355,4.4189,464202
1991-01-18 16:00:00-05:00,0.0,4.8149,4.3355,4.8149,498402
1991-01-21 16:00:00-05:00,0.0,4.7732,4.6065,4.6482,208602
1991-01-22 16:00:00-05:00,0.0,4.6482,4.544,4.5648,285402
1991-01-23 16:00:00-05:00,0.0,4.6273,4.4189,4.5648,329802
1991-01-24 16:00:00-05:00,0.0,4.6065,4.544,4.5857,280002
1991-01-25 16:00:00-05:00,0.0,4.6065,4.4814,4.5023,240402
1991-01-28 16:00:00-05:00,0.0,4.544,4.3772,4.3772,168000
1991-01-29 16:00:00-05:00,0.0,4.4606,4.3355,4.4606,588402
1991-01-30 16:00:00-05:00,0.0,4.544,4.2938,4.3355,1547802
1991-01-31 16:00:00-05:00,0.0,4.4397,4.2938,4.3772,618798
1991-02-01 16:00:00-05:00,0.0,4.4397,4.273,4.3147,368802
1991-02-04 16:00:00-05:00,0.0,4.3772,4.2938,4.3564,1003800
1991-02-05 16:00:00-05:00,0.0,4.4606,4.3564,4.3981,754398
1991-02-06 16:00:00-05:00,0.0,4.5857,4.3564,4.5857,1332600
1991-02-07 16:00:00-05:00,0.0,4.7107,4.544,4.5648,977598
1991-02-08 16:00:00-05:00,0.0,4.6899,4.544,4.6899,587202
1991-02-11 16:00:00-05:00,0.0,5.1276,4.669,5.0025,3905202
1991-02-12 16:00:00-05:00,0.0,5.0651,4.9608,4.9608,1799202
1991-02-13 16:00:00-05:00,0.0,5.1276,4.9608,5.0859,952998
1991-02-14 16:00:00-05:00,0.0,5.1067,4.9192,4.9608,960798
1991-02-15 16:00:00-05:00,0.0,5.0025,4.8983,4.9192,809598
1991-02-19 16:00:00-05:00,0.0,5.0442,4.9192,5.0442,726198
1991-02-20 16:00:00-05:00,0.0,5.0859,5.0025,5.0859,976398
1991-02-21 16:00:00-05:00,0.0,5.211,5.0442,5.1693,768198
1991-02-22 16:00:00-05:00,0.0,5.2527,5.1693,5.211,669198
1991-02-25 16:00:00-05:00,0.0,5.211,4.9608,5.0442,555402
1991-02-26 16:00:00-05:00,0.0,5.211,5.0025,5.211,679398
1991-02-27 16:00:00-05:00,0.0,5.336,5.1693,5.2735,715398
1991-02-28 16:00:00-05:00,0.0,5.2527,5.1693,5.1901,485802
1991-03-01 16:00:00-05:00,0.0,5.211,5.1484,5.211,530802
1991-03-04 16:00:00-05:00,0.0,5.2943,5.1901,5.1901,1218000
1991-03-05 16:00:00-05:00,0.0,5.3152,5.1901,5.2735,1066200
1991-03-06 16:00:00-05:00,0.0,5.4402,5.2735,5.2943,917598
1991-03-07 16:00:00-05:00,0.0,5.2943,5.2318,5.2318,733398
1991-03-08 16:00:00-05:00,0.0,5.2943,5.2527,5.2527,966198
1991-03-11 16:00:00-05:00,0.0,5.2735,5.211,5.2527,599802
1991-03-12 16:00:00-05:00,0.0,5.2527,5.1276,5.1484,684798
1991-03-13 16:00:00-05:00,0.0,5.2318,5.0859,5.2318,587802
1991-03-14 16:00:00-05:00,0.0,5.2527,5.0651,5.0651,195600
1991-03-15 16:00:00-05:00,0.0,5.1484,5.0651,5.1276,587202
1991-03-18 16:00:00-05:00,0.0,5.1901,5.1067,5.1484,209202
1991-03-19 16:00:00-05:00,0.0,5.1901,5.0651,5.1276,402402
1991-03-20 16:00:00-05:00,0.0,5.2527,5.1276,5.211,751398
1991-03-21 16:00:00-05:00,0.0,5.2527,5.1484,5.1484,575202
1991-03-22 16:00:00-05:00,0.0,5.211,5.1276,5.1276,437202
1991-03-25 16:00:00-05:00,0.0,5.1276,5.0651,5.1276,503802
1991-03-26 16:00:00-05:00,0.0,5.1901,5.0859,5.1901,265002
1991-03-27 16:00:00-05:00,0.0,5.3152,5.1901,5.2943,929598
1991-03-28 16:00:00-05:00,0.0,5.3152,5.2735,5.2943,343002
1991-04-01 16:00:00-05:00,0.0,5.3152,5.2735,5.2735,289602
1991-04-02 16:00:00-05:00,0.0,5.3569,5.2735,5.3569,550002
1991-04-03 16:00:00-05:00,0.0,5.3569,5.2735,5.2735,519402
1991-04-04 16:00:00-05:00,0.0,5.4402,5.1901,5.1901,1313400
1991-04-05 16:00:00-05:00,0.0,5.336,5.1693,5.1901,615198
1991-04-08 16:00:00-04:00,0.0,5.3569,5.211,5.336,550602
1991-04-09 16:00:00-04:00,0.0,5.3569,5.3152,5.336,513402
1991-04-10 16:00:00-04:00,0.0,5.3777,5.3152,5.3152,266802
1991-04-11 16:00:00-04:00,0.0,5.3569,5.2943,5.3152,458202
1991-04-12 16:00:00-04:00,0.0,5.5028,5.336,5.5028,1614402
1991-04-15 16:00:00-04:00,0.0,5.5028,5.4194,5.4819,287802
1991-04-16 16:00:00-04:00,0.0,5.4819,5.4194,5.4819,1350600
1991-04-17 16:00:00-04:00,0.0,5.5236,5.4611,5.5028,1287600
1991-04-18 16:00:00-04:00,0.0,5.6278,5.4611,5.5862,1174800
1991-04-19 16:00:00-04:00,0.0,5.5653,5.5028,5.5236,948798
1991-04-22 16:00:00-04:00,0.0,5.5028,5.4611,5.4611,403002
1991-04-23 16:00:00-04:00,0.0,5.5028,5.4611,5.5028,964998
1991-04-24 16:00:00-04:00,0.0,5.5028,5.4819,5.4819,343602
1991-04-25 16:00:00-04:00,0.0,5.6278,5.4402,5.5653,1490802
1991-04-26 16:00:00-04:00,0.0,5.6695,5.5445,5.6695,930798
1991-04-29 16:00:00-04:00,0.0,5.6695,5.5862,5.5862,928998
1991-04-30 16:00:00-04:00,0.0,5.6904,5.5653,5.6904,1564602
1991-05-01 16:00:00-04:00,0.0,5.7946,5.6695,5.7529,1669602
1991-05-02 16:00:00-04:00,0.0,5.878,5.7946,5.878,2624802
1991-05-03 16:00:00-04:00,0.0,5.8988,5.8571,5.878,1335600
1991-05-06 16:00:00-04:00,0.0,5.878,5.8154,5.878,1216800
1991-05-07 16:00:00-04:00,0.0,5.9405,5.7529,5.7529,1415202
1991-05-08 16:00:00-04:00,0.0,5.7737,5.7112,5.7737,566802
1991-05-09 16:00:00-04:00,0.0,5.8988,5.7946,5.8988,855798
1991-05-10 16:00:00-04:00,0.0,5.878,5.7737,5.7946,383802
1991-05-13 16:00:00-04:00,0.0,5.8154,5.7737,5.7946,542802
1991-05-14 16:00:00-04:00,0.0,5.7946,5.6904,5.7321,545802
1991-05-15 16:00:00-04:00,0.0,5.7321,5.607,5.6278,681198
1991-05-16 16:00:00-04:00,0.0,5.7112,5.607,5.7112,699798
1991-05-17 16:00:00-04:00,0.0,5.7737,5.6695,5.7737,539202
1991-05-20 16:00:00-04:00,0.0,5.7737,5.7321,5.7321,162000
1991-05-21 16:00:00-04:00,0.0,5.7529,5.7112,5.7529,1047600
1991-05-22 16:00:00-04:00,0.0,5.8154,5.6695,5.8154,756198
1991-05-23 16:00:00-04:00,0.0,5.8571,5.7529,5.7946,826398
1991-05-24 16:00:00-04:00,0.0,5.7529,5.6695,5.7321,564402
1991-05-28 16:00:00-04:00,0.0,5.7321,5.6904,5.7321,481002
1991-05-29 16:00:00-04:00,0.0,5.7112,5.6278,5.7112,1398000
1991-05-30 16:00:00-04:00,0.0,5.8363,5.6904,5.8363,1306800
1991-05-31 16:00:00-04:00,0.0,5.8363,5.7946,5.8363,704598
1991-06-03 16:00:00-04:00,0.0,5.8571,5.7529,5.7529,454002
1991-06-04 16:00:00-04:00,0.0,5.7737,5.6695,5.7321,198000
1991-06-05 16:00:00-04:00,0.0,5.7321,5.5862,5.5862,444402
1991-06-06 16:00:00-04:00,0.0,5.6695,5.607,5.6695,263202
1991-06-07 16:00:00-04:00,0.0,5.6695,5.6278,5.6278,320802
1991-06-10 16:00:00-04:00,0.0,5.7112,5.607,5.607,377802
1991-06-11 16:00:00-04:00,0.0,5.6695,5.607,5.6695,547002
1991-06-12 16:00:00-04:00,0.0,5.6695,5.6487,5.6695,401802
1991-06-13 16:00:00-04:00,0.0,5.6695,5.5236,5.5445,588402
1991-06-14 16:00:00-04:00,0.0,5.5445,5.4402,5.4402,868998
1991-06-17 16:00:00-04:00,0.0,5.5653,5.4402,5.5236,349002
1991-06-18 16:00:00-04:00,0.0,5.6487,5.5028,5.6487,411402
1991-06-19 16:00:00-04:00,0.0,5.607,5.4402,5.5236,1967598
1991-06-20 16:00:00-04:00,0.0,5.4819,5.2735,5.336,914598
1991-06-21 16:00:00-04:00,0.0,5.5028,5.3569,5.5028,741198
1991-06-24 16:00:00-04:00,0.0,5.5445,5.4402,5.4819,198000
1991-06-25 16:00:00-04:00,0.0,5.5445,5.4402,5.4611,572202
1991-06-26 16:00:00-04:00,0.0,5.4402,5.3777,5.4402,213402
1991-06-27 16:00:00-04:00,0.0,5.4402,5.4194,5.4402,146400
1991-06-28 16:00:00-04:00,0.0,5.4402,5.2735,5.2943,437802
1991-07-01 16:00:00-04:00,0.0,5.336,5.2527,5.3152,575802
1991-07-02 16:00:00-04:00,0.0,5.4611,5.3152,5.4611,740598
1991-07-03 16:00:00-04:00,0.0,5.5028,5.4194,5.5028,1065000
1991-07-05 16:00:00-04:00,0.0,5.5862,5.4819,5.5862,234402
1991-07-08 16:00:00-04:00,0.0,5.5862,5.5445,5.5653,455802
1991-07-09 16:00:00-04:00,0.0,5.5653,5.4819,5.5028,575202
1991-07-10 16:00:00-04:00,0.0,5.5445,5.4194,5.4194,610998
1991-07-11 16:00:00-04:00,0.0,5.5028,5.4402,5.4611,1801398
1991-07-12 16:00:00-04:00,0.0,5.4611,5.4402,5.4611,413202
1991-07-15 16:00:00-04:00,0.0,5.4611,5.4194,5.4402,755598
1991-07-16 16:00:00-04:00,0.0,5.4611,5.4402,5.4611,536202
1991-07-17 16:00:00-04:00,0.0,5.4611,5.3986,5.4194,850998
1991-07-18 16:00:00-04:00,0.0,5.5028,5.4194,5.4819,460002
1991-07-19 16:00:00-04:00,0.0,5.5236,5.4611,5.5028,463002
1991-07-22 16:00:00-04:00,0.0,5.5653,5.5028,5.5445,1044000
1991-07-23 16:00:00-04:00,0.0,5.6487,5.5653,5.5862,561402
1991-07-24 16:00:00-04:00,0.0,5.6278,5.5862,5.6278,899598
1991-07-25 16:00:00-04:00,0.0,5.9197,5.6278,5.8988,2411400
1991-07-26 16:00:00-04:00,0.0,5.878,5.7946,5.7946,808398
1991-07-29 16:00:00-04:00,0.0,5.8154,5.6487,5.6487,1560402
1991-07-30 16:00:00-04:00,0.0,5.6487,5.607,5.6278,698598
1991-07-31 16:00:00-04:00,0.0,5.6278,5.5653,5.5653,384402
1991-08-01 16:00:00-04:00,0.0,5.5862,5.4819,5.4819,659598
1991-08-02 16:00:00-04:00,0.0,5.5236,5.3986,5.5028,535002
1991-08-05 16:00:00-04:00,0.0,5.5653,5.4611,5.5236,760398
1991-08-06 16:00:00-04:00,0.0,5.607,5.5445,5.5653,705198
1991-08-07 16:00:00-04:00,0.0,5.5862,5.5236,5.5445,1058400
1991-08-08 16:00:00-04:00,0.0,5.5862,5.5236,5.5862,1104600
1991-08-09 16:00:00-04:00,0.0,5.6695,5.5445,5.5862,572802
1991-08-12 16:00:00-04:00,0.0,5.5862,5.5236,5.5653,616998
1991-08-13 16:00:00-04:00,0.0,5.6487,5.5236,5.607,1196400
1991-08-14 16:00:00-04:00,0.0,5.6904,5.5653,5.6487,781398
1991-08-15 16:00:00-04:00,0.0,5.6695,5.6278,5.6487,676998
1991-08-16 16:00:00-04:00,0.0,5.7529,5.5653,5.607,523602
1991-08-19 16:00:00-04:00,0.0,5.4402,5.2735,5.4194,1611402
1991-08-20 16:00:00-04:00,0.0,5.5236,5.4194,5.4819,1200000
1991-08-21 16:00:00-04:00,0.0,5.6278,5.5236,5.6278,466602
1991-08-22 16:00:00-04:00,0.0,5.7112,5.6695,5.7112,1093800
1991-08-23 16:00:00-04:00,0.0,5.6904,5.5862,5.6278,533802
1991-08-26 16:00:00-04:00,0.0,5.7112,5.6278,5.6487,868398
1991-08-27 16:00:00-04:00,0.0,5.7321,5.6487,5.7112,1107600
1991-08-28 16:00:00-04:00,0.0,5.7112,5.6278,5.6904,952398
1991-08-29 16:00:00-04:00,0.0,5.6695,5.6278,5.6278,198600
1991-08-30 16:00:00-04:00,0.0,5.6487,5.5862,5.607,206202
1991-09-03 16:00:00-04:00,0.0,5.6904,5.5653,5.607,915798
1991-09-04 16:00:00-04:00,0.0,5.6904,5.607,5.6487,547602
1991-09-05 16:00:00-04:00,0.0,5.6904,5.6487,5.6904,743598
1991-09-06 16:00:00-04:00,0.0,5.6904,5.607,5.6487,491802
1991-09-09 16:00:00-04:00,0.0,5.6904,5.6487,5.6695,388002
1991-09-10 16:00:00-04:00,0.0,5.6904,5.6487,5.6695,347802
1991-09-11 16:00:00-04:00,0.0,5.6904,5.6695,5.6904,155400
1991-09-12 16:00:00-04:00,0.0,5.8363,5.6695,5.8363,1302000
1991-09-13 16:00:00-04:00,0.0,5.8988,5.8154,5.8154,771798
1991-09-16 16:00:00-04:00,0.0,5.9613,5.7946,5.878,798798
1991-09-17 16:00:00-04:00,0.0,5.9197,5.8571,5.9197,935598
1991-09-18 16:00:00-04:00,0.0,5.9613,5.8988,5.9197,409002
1991-09-19 16:00:00-04:00,0.0,6.003,5.9197,5.9613,494802
1991-09-20 16:00:00-04:00,0.0,6.0239,5.8988,5.8988,746598
1991-09-23 16:00:00-04:00,0.0,5.9613,5.8571,5.878,605598
1991-09-24 16:00:00-04:00,0.0,5.8988,5.7946,5.8363,696198
1991-09-25 16:00:00-04:00,0.0,5.8363,5.7946,5.8363,310002
1991-09-26 16:00:00-04:00,0.0,5.8571,5.7946,5.8571,453402
1991-09-27 16:00:00-04:00,0.0,5.8571,5.8363,5.8571,264402
1991-09-30 16:00:00-04:00,0.0,5.9613,5.7946,5.9613,224202
1991-10-01 16:00:00-04:00,0.0,6.0239,5.9405,5.9613,760998
1991-10-02 16:00:00-04:00,0.0,5.9613,5.9197,5.9197,380202
1991-10-03 16:00:00-04:00,0.0,5.9405,5.8363,5.8363,458802
1991-10-04 16:00:00-04:00,0.0,5.8571,5.7737,5.7737,114600
1991-10-07 16:00:00-04:00,0.0,5.7737,5.5862,5.607,860598
1991-10-08 16:00:00-04:00,0.0,5.6278,5.607,5.6278,538002
1991-10-09 16:00:00-04:00,0.0,5.6278,5.4611,5.5028,658398
1991-10-10 16:00:00-04:00,0.0,5.5653,5.4611,5.5653,573402
1991-10-11 16:00:00-04:00,0.0,5.6695,5.5862,5.6695,398202
1991-10-14 16:00:00-04:00,0.0,5.7112,5.6695,5.6904,217002
1991-10-15 16:00:00-04:00,0.0,5.7529,5.6695,5.7321,399402
1991-10-16 16:00:00-04:00,0.0,5.7321,5.6695,5.6695,433002
1991-10-17 16:00:00-04:00,0.0,5.6695,5.6487,5.6695,287802
1991-10-18 16:00:00-04:00,0.0,5.7737,5.6487,5.7529,567402
1991-10-21 16:00:00-04:00,0.0,5.8154,5.7321,5.7946,506202
1991-10-22 16:00:00-04:00,0.0,5.8154,5.7737,5.7946,252402
1991-10-23 16:00:00-04:00,0.0,5.7946,5.7112,5.7321,209802
1991-10-24 16:00:00-04:00,0.0,5.7737,5.6487,5.6695,251802
1991-10-25 16:00:00-04:00,0.0,5.7321,5.5445,5.7321,1126200
1991-10-28 16:00:00-05:00,0.0,5.7737,5.7112,5.7321,708198
1991-10-29 16:00:00-05:00,0.0,5.878,5.7529,5.8571,670398
1991-10-30 16:00:00-05:00,0.0,6.1281,5.8988,6.0447,758598
1991-10-31 16:00:00-05:00,0.0,6.0864,5.9405,5.9822,405402
1991-11-01 16:00:00-05:00,0.0,6.0656,5.9197,5.9405,455202
1991-11-04 16:00:00-05:00,0.0,6.0239,5.9405,6.0239,393402
1991-11-05 16:00:00-05:00,0.0,6.2115,6.003,6.0447,407802
1991-11-06 16:00:00-05:00,0.0,6.1072,6.003,6.1072,323202
1991-11-07 16:00:00-05:00,0.0,6.2948,6.1281,6.2323,1234800
1991-11-08 16:00:00-05:00,0.0,6.274,6.1906,6.2115,1550802
1991-11-11 16:00:00-05:00,0.0,6.2115,6.1072,6.1489,655398
1991-11-12 16:00:00-05:00,0.0,6.1281,6.0864,6.1072,607998
1991-11-13 16:00:00-05:00,0.0,6.1072,6.0447,6.1072,519402
1991-11-14 16:00:00-05:00,0.0,6.1489,6.0239,6.1489,922398
1991-11-15 16:00:00-05:00,0.0,6.1698,6.0656,6.1489,1379400
1991-11-18 16:00:00-05:00,0.0,6.1072,5.9613,6.1072,1034400
1991-11-19 16:00:00-05:00,0.0,6.0656,5.9405,6.003,426402
1991-11-20 16:00:00-05:00,0.0,6.0656,5.9822,6.0239,1021800
1991-11-21 16:00:00-05:00,0.0,6.0656,5.9197,6.003,370002
1991-11-22 16:00:00-05:00,0.0,5.9405,5.8363,5.878,216402
1991-11-25 16:00:00-05:00,0.0,5.878,5.8154,5.8363,727998
1991-11-26 16:00:00-05:00,0.0,5.8363,5.7112,5.7737,732198
1991-11-27 16:00:00-05:00,0.0,5.7946,5.7529,5.7737,191400
1991-11-29 16:00:00-05:00,0.0,5.7737,5.7321,5.7529,65400
1991-12-02 16:00:00-05:00,0.0,5.8571,5.6904,5.8571,1102800
1991-12-03 16:00:00-05:00,0.0,5.8571,5.7737,5.8154,221202
1991-12-04 16:00:00-05:00,0.0,5.8154,5.6695,5.7529,646998
1991-12-05 16:00:00-05:00,0.0,5.7112,5.6278,5.6487,262602
1991-12-06 16:00:00-05:00,0.0,5.6904,5.607,5.6695,517002
1991-12-09 16:00:00-05:00,0.0,5.878,5.6695,5.7737,395802
1991-12-10 16:00:00-05:00,0.0,5.7737,5.6695,5.6904,505602
1991-12-11 16:00:00-05:00,0.0,5.7112,5.6695,5.7112,364602
1991-12-12 16:00:00-05:00,0.0,5.7529,5.6695,5.7529,906198
1991-12-13 16:00:00-05:00,0.0,5.8363,5.7529,5.8154,349602
1991-12-16 16:00:00-05:00,0.0,5.8571,5.8154,5.8571,740598
1991-12-17 16:00:00-05:00,0.0,5.878,5.7946,5.7946,566802
1991-12-18 16:00:00-05:00,0.0,5.878,5.7112,5.7529,604398
1991-12-19 16:00:00-05:00,0.0,5.7529,5.6695,5.7529,562002
1991-12-20 16:00:00-05:00,0.0,5.9197,5.7529,5.8988,892998
1991-12-23 16:00:00-05:00,0.0,6.0864,5.878,6.0447,713598
1991-12-24 16:00:00-05:00,0.0,6.1072,6.003,6.0864,643998
1991-12-26 16:00:00-05:00,0.0,6.1281,6.0656,6.1281,480402
1991-12-27 16:00:00-05:00,0.0,6.1698,6.1072,6.1698,869598
1991-12-30 16:00:00-05:00,0.0,6.5241,6.1489,6.5241,891798
1991-12-31 16:00:00-05:00,0.0,6.545,6.3157,6.3991,624198
1992-01-02 16:00:00-05:00,0.0,6.3574,6.2323,6.2532,984798
1992-01-03 16:00:00-05:00,0.0,6.2532,6.1906,6.2115,997998
1992-01-06 16:00:00-05:00,0.0,6.1906,6.003,6.1281,984798
1992-01-07 16:00:00-05:00,0.0,6.1072,5.9197,5.9197,379002
1992-01-08 16:00:00-05:00,0.0,6.1906,5.9405,6.0864,2330400
1992-01-09 16:00:00-05:00,0.0,6.2532,6.0239,6.2323,949998
1992-01-10 16:00:00-05:00,0.0,6.4199,6.2323,6.4199,1090800
1992-01-13 16:00:00-05:00,0.0,6.3782,6.2532,6.2948,957198
1992-01-14 16:00:00-05:00,0.0,6.3782,6.274,6.3782,1386000
1992-01-15 16:00:00-05:00,0.0,6.3782,6.274,6.274,679398
1992-01-16 16:00:00-05:00,0.0,6.2948,6.2115,6.2323,696198
1992-01-17 16:00:00-05:00,0.0,6.2323,6.0864,6.1698,652998
1992-01-20 16:00:00-05:00,0.0,6.1698,6.0864,6.1489,626598
1992-01-21 16:00:00-05:00,0.0,6.1489,6.0864,6.1072,640998
1992-01-22 16:00:00-05:00,0.0,6.1698,6.1072,6.1698,658998
1992-01-23 16:00:00-05:00,0.0,6.1906,6.0656,6.0656,618198
1992-01-24 16:00:00-05:00,0.0,6.1281,6.0864,6.0864,417402
1992-01-27 16:00:00-05:00,0.0,6.1489,5.9822,6.003,918198
1992-01-28 16:00:00-05:00,0.0,6.003,5.9405,5.9405,613398
1992-01-29 16:00:00-05:00,0.0,5.9822,5.8363,5.878,469002
1992-01-30 16:00:00-05:00,0.0,5.878,5.7946,5.8363,794598
1992-01-31 16:00:00-05:00,0.0,5.9822,5.878,5.9613,698598
1992-02-03 16:00:00-05:00,0.0,6.0239,5.9197,5.9405,530802
1992-02-04 16:00:00-05:00,0.0,6.0864,5.9405,6.0447,1240200
1992-02-05 16:00:00-05:00,0.0,6.3365,6.0447,6.2532,1283400
1992-02-06 16:00:00-05:00,0.0,6.3157,6.274,6.2948,1113600
1992-02-07 16:00:00-05:00,0.0,6.3574,6.3157,6.3365,1032000
1992-02-10 16:00:00-05:00,0.0,6.4407,6.3157,6.3574,874398
1992-02-11 16:00:00-05:00,0.0,6.4824,6.3365,6.4824,1208400
1992-02-12 16:00:00-05:00,0.0,6.7534,6.4616,6.7534,2788602
1992-02-13 16:00:00-05:00,0.0,6.8159,6.7117,6.7117,1873998
1992-02-14 16:00:00-05:00,0.0,6.7534,6.6492,6.7326,1273800
1992-02-18 16:00:00-05:00,0.0,6.7534,6.6283,6.7326,1273800
1992-02-19 16:00:00-05:00,0.0,6.6909,6.4407,6.4407,1580802
1992-02-20 16:00:00-05:00,0.0,6.4824,6.3574,6.3782,725598
1992-02-21 16:00:00-05:00,0.0,6.4616,6.3782,6.3991,621798
1992-02-24 16:00:00-05:00,0.0,6.3991,6.3574,6.3782,509802
1992-02-25 16:00:00-05:00,0.0,6.3782,6.2948,6.3157,416202
1992-02-26 16:00:00-05:00,0.0,6.4199,6.274,6.4199,451602
1992-02-27 16:00:00-05:00,0.0,6.4199,6.3365,6.3991,601998
1992-02-28 16:00:00-05:00,0.0,6.5241,6.4199,6.4824,574602
1992-03-02 16:00:00-05:00,0.0,6.5867,6.4407,6.5241,898398
1992-03-03 16:00:00-05:00,0.0,6.5033,6.2323,6.274,698598
1992-03-04 16:00:00-05:00,0.0,6.2948,6.1072,6.1072,896598
1992-03-05 16:00:00-05:00,0.0,6.0656,5.9405,6.003,1095600
1992-03-06 16:00:00-05:00,0.0,6.0447,5.9197,6.0447,1200000
1992-03-09 16:00:00-05:00,0.0,5.9822,5.8363,5.8363,980598
1992-03-10 16:00:00-05:00,0.0,5.878,5.7737,5.7737,1296000
1992-03-11 16:00:00-05:00,0.0,5.7529,5.7321,5.7321,8803002
1992-03-12 16:00:00-05:00,0.0,5.8571,5.7321,5.8363,1960398
1992-03-13 16:00:00-05:00,0.0,5.9822,5.8363,5.9405,1839798
1992-03-16 16:00:00-05:00,0.0,6.003,5.9613,5.9613,566802
1992-03-17 16:00:00-05:00,0.0,6.0239,5.9405,6.0239,631998
1992-03-18 16:00:00-05:00,0.0,6.003,5.9405,5.9405,560202
1992-03-19 16:00:00-05:00,0.0,5.9405,5.878,5.9405,312402
1992-03-20 16:00:00-05:00,0.0,5.9822,5.9197,5.9822,1254600
1992-03-23 16:00:00-05:00,0.0,6.0239,5.9613,6.0239,553602
1992-03-24 16:00:00-05:00,0.0,6.0864,5.9822,6.0656,647598
1992-03-25 16:00:00-05:00,0.0,6.1072,6.0447,6.0656,970398
1992-03-26 16:00:00-05:00,0.0,6.0447,6.0239,6.0447,275802
1992-03-27 16:00:00-05:00,0.0,6.0447,5.9613,5.9613,358602
1992-03-30 16:00:00-05:00,0.0,6.0656,5.9613,6.0239,406602
1992-03-31 16:00:00-05:00,0.0,6.0447,5.9405,5.9613,1041600
1992-04-01 16:00:00-05:00,0.0,5.9197,5.8571,5.9197,410202
1992-04-02 16:00:00-05:00,0.0,5.9405,5.878,5.8988,440202
1992-04-03 16:00:00-05:00,0.0,5.8988,5.8571,5.878,563802
1992-04-06 16:00:00-04:00,0.0,5.8571,5.7529,5.8154,717198
1992-04-07 16:00:00-04:00,0.0,5.8363,5.6695,5.6695,1152600
1992-04-08 16:00:00-04:00,0.0,5.6487,5.5445,5.5862,412002
1992-04-09 16:00:00-04:00,0.0,5.6487,5.5236,5.6487,673398
1992-04-10 16:00:00-04:00,0.0,5.8363,5.7321,5.7737,527802
1992-04-13 16:00:00-04:00,0.0,5.9197,5.7946,5.8571,848598
1992-04-14 16:00:00-04:00,0.0,5.9197,5.8571,5.9197,1146600
1992-04-15 16:00:00-04:00,0.0,6.0447,5.9405,6.0239,714198
1992-04-16 16:00:00-04:00,0.0,6.2948,6.0239,6.2948,1517202
1992-04-20 16:00:00-04:00,0.0,6.2532,6.1072,6.1489,639198
1992-04-21 16:00:00-04:00,0.0,6.1072,6.003,6.0447,380202
1992-04-22 16:00:00-04:00,0.0,6.0239,5.9613,6.003,158400
1992-04-23 16:00:00-04:00,0.0,6.1072,5.9405,6.1072,552402
1992-04-24 16:00:00-04:00,0.0,6.1281,6.0447,6.1281,753798
1992-04-27 16:00:00-04:00,0.0,6.0864,5.3777,5.3986,2268000
1992-04-28 16:00:00-04:00,0.0,5.3777,5.0442,5.1067,5908800
1992-04-29 16:00:00-04:00,0.0,5.2318,5.0859,5.1276,4796400
1992-04-30 16:00:00-04:00,0.0,5.1693,5.0025,5.0859,4402998
1992-05-01 16:00:00-04:00,0.0,5.2735,5.0442,5.1693,3746400
1992-05-04 16:00:00-04:00,0.0,5.211,5.1484,5.1693,1415202
1992-05-05 16:00:00-04:00,0.0,5.1901,5.1276,5.1484,2017998
1992-05-06 16:00:00-04:00,0.0,5.2527,5.1693,5.211,1018200
1992-05-07 16:00:00-04:00,0.0,5.211,5.1276,5.1484,1033800
1992-05-08 16:00:00-04:00,0.0,5.1901,5.1067,5.1693,1917198
1992-05-11 16:00:00-04:00,0.0,5.2943,5.1901,5.2527,928398
1992-05-12 16:00:00-04:00,0.0,5.2735,5.1484,5.1901,1992798
1992-05-13 16:00:00-04:00,0.0,5.1693,5.1067,5.1276,1651602
1992-05-14 16:00:00-04:00,0.0,5.0859,4.9192,4.9192,2170998
1992-05-15 16:00:00-04:00,0.0,4.8983,4.7732,4.8775,3174798
1992-05-18 16:00:00-04:00,0.0,4.9608,4.8566,4.8983,2365200
1992-05-19 16:00:00-04:00,0.0,4.94,4.7941,4.8149,1556202
1992-05-20 16:00:00-04:00,0.0,4.8566,4.7524,4.8566,2017398
1992-05-21 16:00:00-04:00,0.0,5.0234,4.8775,5.0234,1395000
1992-05-22 16:00:00-04:00,0.0,5.0025,4.8983,4.9817,1372200
1992-05-26 16:00:00-04:00,0.0,5.0442,4.9608,5.0025,1418802
1992-05-27 16:00:00-04:00,0.0,5.0442,5.0025,5.0234,1390200
1992-05-28 16:00:00-04:00,0.0,5.0442,5.0025,5.0442,681198
1992-05-29 16:00:00-04:00,0.0,5.1276,5.0025,5.0025,1296000
1992-06-01 16:00:00-04:00,0.0,5.0442,5.0025,5.0442,715398
1992-06-02 16:00:00-04:00,0.0,5.0859,4.8983,4.8983,1854798
1992-06-03 16:00:00-04:00,0.0,5.0025,4.94,4.9817,1626402
1992-06-04 16:00:00-04:00,0.0,5.0234,4.9817,4.9817,1177800
1992-06-05 16:00:00-04:00,0.0,5.0025,4.9608,5.0025,714198
1992-06-08 16:00:00-04:00,0.0,4.9817,4.8149,4.8358,1586802
1992-06-09 16:00:00-04:00,0.0,4.7941,4.669,4.7107,2463600
1992-06-10 16:00:00-04:00,0.0,4.8358,4.7107,4.7941,1122600
1992-06-11 16:00:00-04:00,0.0,4.8566,4.7941,4.8358,721398
1992-06-12 16:00:00-04:00,0.0,4.8775,4.7732,4.7732,2656002
1992-06-15 16:00:00-04:00,0.0,4.8358,4.7941,4.8358,563202
1992-06-16 16:00:00-04:00,0.0,4.8983,4.8149,4.8149,1231200
1992-06-17 16:00:00-04:00,0.0,4.8358,4.669,4.7107,928398
1992-06-18 16:00:00-04:00,0.0,4.7524,4.6482,4.7107,1025400
1992-06-19 16:00:00-04:00,0.0,4.8566,4.7316,4.8358,1020000
1992-06-22 16:00:00-04:00,0.0,4.8775,4.7941,4.8775,884598
1992-06-23 16:00:00-04:00,0.0,4.9192,4.8775,4.8983,626598
1992-06-24 16:00:00-04:00,0.0,4.9192,4.8149,4.8149,448602
1992-06-25 16:00:00-04:00,0.0,4.8566,4.7941,4.7941,1075800
1992-06-26 16:00:00-04:00,0.0,4.8358,4.7941,4.8358,627798
1992-06-29 16:00:00-04:00,0.0,4.8775,4.8149,4.8566,494202
1992-06-30 16:00:00-04:00,0.0,4.8775,4.7941,4.8358,874398
1992-07-01 16:00:00-04:00,0.0,4.8358,4.7316,4.7732,1649202
1992-07-02 16:00:00-04:00,0.0,4.7941,4.7316,4.7524,1499202
1992-07-06 16:00:00-04:00,0.0,4.8983,4.7524,4.8983,1710402
1992-07-07 16:00:00-04:00,0.0,4.8983,4.7316,4.7316,1311600
1992-07-08 16:00:00-04:00,0.0,4.8149,4.7316,4.8149,1561602
1992-07-09 16:00:00-04:00,0.0,4.8358,4.7732,4.8149,2878002
1992-07-10 16:00:00-04:00,0.0,4.8149,4.7732,4.7941,1038600
1992-07-13 16:00:00-04:00,0.0,4.8149,4.7524,4.7732,679998
1992-07-14 16:00:00-04:00,0.0,5.0442,4.7941,5.0234,2239200
1992-07-15 16:00:00-04:00,0.0,5.0442,4.8983,4.9608,1692402
1992-07-16 16:00:00-04:00,0.0,5.1067,4.9192,5.1067,1062600
1992-07-17 16:00:00-04:00,0.0,5.1484,5.0025,5.0651,1056600
1992-07-20 16:00:00-04:00,0.0,5.211,5.0234,5.1484,935598
1992-07-21 16:00:00-04:00,0.0,5.1901,5.1484,5.1901,1130400
1992-07-22 16:00:00-04:00,0.0,5.2318,5.1693,5.211,871998
1992-07-23 16:00:00-04:00,0.0,5.2527,5.211,5.211,1634802
1992-07-24 16:00:00-04:00,0.0,5.2318,5.1693,5.1693,237402
1992-07-27 16:00:00-04:00,0.0,5.5028,5.1484,5.3777,3792600
1992-07-28 16:00:00-04:00,0.0,5.5445,5.4194,5.4402,2775402
1992-07-29 16:00:00-04:00,0.0,5.4819,5.3152,5.3777,991998
1992-07-30 16:00:00-04:00,0.0,5.4402,5.3569,5.4194,1372800
1992-07-31 16:00:00-04:00,0.0,5.4819,5.4194,5.4611,1655802
1992-08-03 16:00:00-04:00,0.0,5.4819,5.4402,5.4402,443802
1992-08-04 16:00:00-04:00,0.0,5.5028,5.4402,5.4611,1475202
1992-08-05 16:00:00-04:00,0.0,5.5236,5.4611,5.4611,1409202
1992-08-06 16:00:00-04:00,0.0,5.5028,5.4611,5.4819,1421802
1992-08-07 16:00:00-04:00,0.0,5.5653,5.4611,5.5653,929598
1992-08-10 16:00:00-04:00,0.0,5.5445,5.5236,5.5445,771798
1992-08-11 16:00:00-04:00,0.0,5.5653,5.5236,5.5236,1524402
1992-08-12 16:00:00-04:00,0.0,5.5445,5.4402,5.4819,1528002
1992-08-13 16:00:00-04:00,0.0,5.5653,5.5028,5.5653,2337000
1992-08-14 16:00:00-04:00,0.0,5.5653,5.5445,5.5653,367602
1992-08-17 16:00:00-04:00,0.0,5.5653,5.5236,5.5236,642798
1992-08-18 16:00:00-04:00,0.0,5.6278,5.5445,5.5862,3069798
1992-08-19 16:00:00-04:00,0.0,5.607,5.5862,5.5862,1002000
1992-08-20 16:00:00-04:00,0.0,5.607,5.5653,5.5862,1195200
1992-08-21 16:00:00-04:00,0.0,5.6278,5.5445,5.5445,1006200
1992-08-24 16:00:00-04:00,0.0,5.4819,5.3777,5.3986,589002
1992-08-25 16:00:00-04:00,0.0,5.4611,5.336,5.4611,1684602
1992-08-26 16:00:00-04:00,0.0,5.5445,5.4611,5.4611,604398
1992-08-27 16:00:00-04:00,0.0,5.5028,5.4611,5.4611,494802
1992-08-28 16:00:00-04:00,0.0,5.5862,5.4819,5.5445,1212600
1992-08-31 16:00:00-04:00,0.0,5.5653,5.5028,5.5236,506202
1992-09-01 16:00:00-04:00,0.0,5.5862,5.4611,5.5028,1549602
1992-09-02 16:00:00-04:00,0.0,5.5445,5.4819,5.5236,904398
1992-09-03 16:00:00-04:00,0.0,5.5236,5.4194,5.4194,550602
1992-09-04 16:00:00-04:00,0.0,5.5236,5.4194,5.5028,497202
1992-09-08 16:00:00-04:00,0.0,5.5236,5.4819,5.4819,2176398
1992-09-09 16:00:00-04:00,0.0,5.5028,5.4611,5.4819,754998
1992-09-10 16:00:00-04:00,0.0,5.5862,5.3986,5.4611,885798
1992-09-11 16:00:00-04:00,0.0,5.4611,5.4194,5.4402,853398
1992-09-14 16:00:00-04:00,0.0,5.5445,5.4611,5.5445,613398
1992-09-15 16:00:00-04:00,0.0,5.5862,5.5028,5.5862,855198
1992-09-16 16:00:00-04:00,0.0,5.7112,5.5445,5.6904,869598
1992-09-17 16:00:00-04:00,0.0,5.7946,5.6695,5.7946,1000800
1992-09-18 16:00:00-04:00,0.0,6.0656,5.8988,6.0656,2695002
1992-09-21 16:00:00-04:00,0.0,6.0656,5.9613,5.9822,1567002
1992-09-22 16:00:00-04:00,0.0,5.9405,5.7737,5.7737,669198
1992-09-23 16:00:00-04:00,0.0,5.9613,5.8154,5.9405,921198
1992-09-24 16:00:00-04:00,0.0,5.9613,5.8988,5.9405,754398
1992-09-25 16:00:00-04:00,0.0,5.9405,5.8154,5.878,732798
1992-09-28 16:00:00-04:00,0.0,5.878,5.8363,5.878,647598
1992-09-29 16:00:00-04:00,0.0,5.9822,5.8154,5.8154,813798
1992-09-30 16:00:00-04:00,0.0,5.8571,5.8154,5.8363,907398
1992-10-01 16:00:00-04:00,0.0,5.9613,5.8571,5.9613,509202
1992-10-02 16:00:00-04:00,0.0,5.9613,5.8154,5.8363,535602
1992-10-05 16:00:00-04:00,0.0,5.7737,5.5236,5.7737,1873998
1992-10-06 16:00:00-04:00,0.0,5.878,5.7737,5.878,550602
1992-10-07 16:00:00-04:00,0.0,5.9197,5.8571,5.8571,273402
1992-10-08 16:00:00-04:00,0.0,6.0447,5.878,5.9822,920598
1992-10-09 16:00:00-04:00,0.0,6.0656,5.9405,5.9822,342402
1992-10-12 16:00:00-04:00,0.0,6.0656,6.003,6.0239,1471002
1992-10-13 16:00:00-04:00,0.0,6.0656,6.003,6.0656,1143000
1992-10-14 16:00:00-04:00,0.0,6.1281,6.0447,6.0656,316602
1992-10-15 16:00:00-04:00,0.0,6.0239,5.9405,5.9405,1065600
1992-10-16 16:00:00-04:00,0.0,5.9405,5.8363,5.8988,2091198
1992-10-19 16:00:00-04:00,0.0,5.9613,5.878,5.9613,542202
1992-10-20 16:00:00-04:00,0.0,6.003,5.9613,6.003,1251000
1992-10-21 16:00:00-04:00,0.0,6.1072,6.003,6.1072,952998
1992-10-22 16:00:00-04:00,0.0,6.1072,6.0656,6.0864,353802
1992-10-23 16:00:00-04:00,0.0,6.3157,6.0864,6.2532,3017598
1992-10-26 16:00:00-05:00,0.0,6.4824,6.2323,6.4199,4046802
1992-10-27 16:00:00-05:00,0.0,6.4616,6.274,6.3365,1585602
1992-10-28 16:00:00-05:00,0.0,6.4824,6.3782,6.4199,1748202
1992-10-29 16:00:00-05:00,0.0,6.5867,6.3991,6.4199,1689402
1992-10-30 16:00:00-05:00,0.0,6.4199,6.3365,6.3782,507402
1992-11-02 16:00:00-05:00,0.0,6.4199,6.3574,6.4199,1308600
1992-11-03 16:00:00-05:00,0.0,6.4407,6.3782,6.3991,1081200
1992-11-04 16:00:00-05:00,0.0,6.4407,6.3157,6.3574,1126200
1992-11-05 16:00:00-05:00,0.0,6.3782,6.2948,6.2948,565002
1992-11-06 16:00:00-05:00,0.0,6.3157,6.2323,6.2323,671598
1992-11-09 16:00:00-05:00,0.0,6.3782,6.2323,6.3574,1451802
1992-11-10 16:00:00-05:00,0.0,6.3782,6.2948,6.3157,820398
1992-11-11 16:00:00-05:00,0.0,6.3782,6.2948,6.3365,560802
1992-11-12 16:00:00-05:00,0.0,6.3365,6.2532,6.2532,593202
1992-11-13 16:00:00-05:00,0.0,6.274,6.2323,6.2532,394602
1992-11-16 16:00:00-05:00,0.0,6.3574,6.274,6.3157,421602
1992-11-17 16:00:00-05:00,0.0,6.3365,6.2323,6.2948,425202
1992-11-18 16:00:00-05:00,0.0,6.2948,6.2532,6.2532,356802
1992-11-19 16:00:00-05:00,0.0,6.3365,6.274,6.3157,409002
1992-11-20 16:00:00-05:00,0.0,6.3574,6.1906,6.3365,975798
1992-11-23 16:00:00-05:00,0.0,6.4199,6.274,6.3574,861798
1992-11-24 16:00:00-05:00,0.0,6.4616,6.3574,6.4407,699798
1992-11-25 16:00:00-05:00,0.0,6.5033,6.4199,6.4616,529002
1992-11-27 16:00:00-05:00,0.0,6.5241,6.4616,6.5241,559602
1992-11-30 16:00:00-05:00,0.0,6.5241,6.4199,6.5241,2466000
1992-12-01 16:00:00-05:00,0.0,6.545,6.4407,6.4616,639198
1992-12-02 16:00:00-05:00,0.0,6.4824,6.4199,6.4616,508602
1992-12-03 16:00:00-05:00,0.0,6.4616,6.3991,6.3991,900798
1992-12-04 16:00:00-05:00,0.0,6.4616,6.4199,6.4407,532002
1992-12-07 16:00:00-05:00,0.0,6.5033,6.4199,6.5033,523002
1992-12-08 16:00:00-05:00,0.0,6.4824,6.4407,6.4824,607398
1992-12-09 16:00:00-05:00,0.0,6.5033,6.4407,6.5033,700398
1992-12-10 16:00:00-05:00,0.0,6.5033,6.3991,6.4616,512202
1992-12-11 16:00:00-05:00,0.0,6.4824,6.3574,6.3991,444402
1992-12-14 16:00:00-05:00,0.0,6.4407,6.3782,6.4407,967398
1992-12-15 16:00:00-05:00,0.0,6.4616,6.3991,6.3991,314802
1992-12-16 16:00:00-05:00,0.0,6.4407,6.3574,6.3991,374202
1992-12-17 16:00:00-05:00,0.0,6.5033,6.3782,6.5033,629598
1992-12-18 16:00:00-05:00,0.0,6.5241,6.4616,6.5033,1254600
1992-12-21 16:00:00-05:00,0.0,6.5033,6.4824,6.5033,383802
1992-12-22 16:00:00-05:00,0.0,6.5033,6.4407,6.4824,651198
1992-12-23 16:00:00-05:00,0.0,6.4824,6.3991,6.3991,588402
1992-12-24 16:00:00-05:00,0.0,6.3991,6.2948,6.3782,236802
1992-12-28 16:00:00-05:00,0.0,6.4407,6.3574,6.4407,279402
1992-12-29 16:00:00-05:00,0.0,6.5867,6.4407,6.5241,1567002
1992-12-30 16:00:00-05:00,0.0,6.5658,6.4824,6.5033,462402
1992-12-31 16:00:00-05:00,0.0,6.6492,6.5241,6.545,837198
1993-01-04 16:00:00-05:00,0.0,6.6075,6.4199,6.4199,936798
1993-01-05 16:00:00-05:00,0.0,6.3574,6.2115,6.2323,1230600
1993-01-06 16:00:00-05:00,0.0,6.274,6.1489,6.1906,1237800
1993-01-07 16:00:00-05:00,0.0,6.1906,6.0864,6.1072,1123200
1993-01-08 16:00:00-05:00,0.0,6.0864,5.9822,6.0447,914598
1993-01-11 16:00:00-05:00,0.0,6.1698,5.9822,6.0864,717198
1993-01-12 16:00:00-05:00,0.0,6.2323,6.1072,6.2323,1246200
1993-01-13 16:00:00-05:00,0.0,6.2532,6.1906,6.2115,957798
1993-01-14 16:00:00-05:00,0.0,6.3157,6.2115,6.2532,1792002
1993-01-15 16:00:00-05:00,0.0,6.545,6.3157,6.5241,1083600
1993-01-18 16:00:00-05:00,0.0,6.67,6.5033,6.67,2133198
1993-01-19 16:00:00-05:00,0.0,6.8159,6.6492,6.8159,3714600
1993-01-20 16:00:00-05:00,0.0,6.941,6.7742,6.8159,1163400
1993-01-21 16:00:00-05:00,0.0,6.8159,6.7117,6.7951,1971798
1993-01-22 16:00:00-05:00,0.0,6.8368,6.7742,6.8159,574602
1993-01-25 16:00:00-05:00,0.0,6.8785,6.7951,6.7951,871398
1993-01-26 16:00:00-05:00,0.0,6.8368,6.7742,6.7951,1260600
1993-01-27 16:00:00-05:00,0.0,6.8785,6.7742,6.8785,801798
1993-01-28 16:00:00-05:00,0.0,7.0035,6.8576,6.8993,1918398
1993-01-29 16:00:00-05:00,0.0,6.9618,6.8576,6.8785,732198
1993-02-01 16:00:00-05:00,0.0,7.0244,6.8368,7.0035,722598
1993-02-02 16:00:00-05:00,0.0,7.0244,6.9618,6.9827,808398
1993-02-03 16:00:00-05:00,0.0,7.1077,6.8159,6.8368,3141198
1993-02-04 16:00:00-05:00,0.0,6.9618,6.7742,6.8993,1550202
1993-02-05 16:00:00-05:00,0.0,7.0035,6.8785,6.9827,1046400
1993-02-08 16:00:00-05:00,0.0,7.0035,6.941,6.9827,1234800
1993-02-09 16:00:00-05:00,0.0,7.0035,6.9618,7.0035,562002
1993-02-10 16:00:00-05:00,0.0,7.0452,7.0035,7.0452,1110600
1993-02-11 16:00:00-05:00,0.0,7.0452,6.9618,6.9618,847398
1993-02-12 16:00:00-05:00,0.0,6.9618,6.7117,6.7951,1861398
1993-02-16 16:00:00-05:00,0.0,6.7534,6.6283,6.6283,1403202
1993-02-17 16:00:00-05:00,0.0,6.8576,6.67,6.8576,1089600
1993-02-18 16:00:00-05:00,0.0,7.1077,6.8785,6.8785,1528002
1993-02-19 16:00:00-05:00,0.0,7.0869,6.9202,7.0869,1308000
1993-02-22 16:00:00-05:00,0.0,7.3579,7.1703,7.3162,2220000
1993-02-23 16:00:00-05:00,0.0,7.3579,7.1911,7.3162,1403802
1993-02-24 16:00:00-05:00,0.0,7.2953,7.212,7.2953,538002
1993-02-25 16:00:00-05:00,0.0,7.3162,7.212,7.2953,1399200
1993-02-26 16:00:00-05:00,0.0,7.3579,7.2953,7.3162,922998
1993-03-01 16:00:00-05:00,0.0,7.3579,7.2953,7.3579,605598
1993-03-02 16:00:00-05:00,0.0,7.5246,7.3162,7.4829,1325400
1993-03-03 16:00:00-05:00,0.0,7.608,7.4412,7.5038,1762602
1993-03-04 16:00:00-05:00,0.0,7.5872,7.4412,7.5246,2062998
1993-03-05 16:00:00-05:00,0.0,7.6497,7.4621,7.5663,1093800
1993-03-08 16:00:00-05:00,0.0,7.5663,7.4412,7.5246,1624002
1993-03-09 16:00:00-05:00,0.0,7.5663,7.3996,7.5246,1032000
1993-03-10 16:00:00-05:00,0.0,7.608,7.4412,7.5455,1144200
1993-03-11 16:00:00-05:00,0.0,7.6288,7.5038,7.5038,963798
1993-03-12 16:00:00-05:00,0.0,7.5455,7.3579,7.3787,542802
1993-03-15 16:00:00-05:00,0.0,7.5038,7.3787,7.4412,556002
1993-03-16 16:00:00-05:00,0.0,7.4412,7.3579,7.3996,562602
1993-03-17 16:00:00-05:00,0.0,7.4412,7.337,7.3787,570402
1993-03-18 16:00:00-05:00,0.0,7.6914,7.3996,7.6705,1517802
1993-03-19 16:00:00-05:00,0.0,7.9207,7.7122,7.879,2622402
1993-03-22 16:00:00-05:00,0.0,7.9623,7.7747,7.8998,1032600
1993-03-23 16:00:00-05:00,0.0,7.879,7.7747,7.8581,930198
1993-03-24 16:00:00-05:00,0.0,8.0457,7.7747,7.9832,2290800
1993-03-25 16:00:00-05:00,0.0,7.9832,7.8998,7.9207,1769202
1993-03-26 16:00:00-05:00,0.0,7.9623,7.879,7.9207,1315800
1993-03-29 16:00:00-05:00,0.0,7.9832,7.9207,7.9832,1014600
1993-03-30 16:00:00-05:00,0.0,8.0249,7.8998,7.9832,1077000
1993-03-31 16:00:00-05:00,0.0,8.0666,7.9832,8.0457,1017000
1993-04-01 16:00:00-05:00,0.0,8.0666,7.9832,8.0666,682398
1993-04-02 16:00:00-05:00,0.0,8.1082,7.9623,7.9832,889398
1993-04-05 16:00:00-04:00,0.0,8.004,7.8581,8.004,1525602
1993-04-06 16:00:00-04:00,0.0,8.1082,7.9832,8.0666,516402
1993-04-07 16:00:00-04:00,0.0,8.1082,8.0457,8.0874,796398
1993-04-08 16:00:00-04:00,0.0,8.2125,7.9832,8.1916,1231800
1993-04-12 16:00:00-04:00,0.0,8.1916,8.1291,8.1291,714798
1993-04-13 16:00:00-04:00,0.0,8.1499,8.0666,8.1291,637398
1993-04-14 16:00:00-04:00,0.0,8.1499,8.0874,8.1499,363402
1993-04-15 16:00:00-04:00,0.0,8.2333,8.004,8.004,886398
1993-04-16 16:00:00-04:00,0.0,8.0874,8.004,8.0666,1279800
1993-04-19 16:00:00-04:00,0.0,8.0666,7.9415,8.0249,705198
1993-04-20 16:00:00-04:00,0.0,8.2333,8.0249,8.2333,894798
1993-04-21 16:00:00-04:00,0.0,8.2125,8.1291,8.1291,603798
1993-04-22 16:00:00-04:00,0.0,8.1708,8.004,8.0249,942198
1993-04-23 16:00:00-04:00,0.0,8.2125,8.0249,8.1916,683598
1993-04-26 16:00:00-04:00,0.0,8.4001,8.1499,8.2333,2153598
1993-04-27 16:00:00-04:00,0.0,8.1291,7.8998,7.8998,919398
1993-04-28 16:00:00-04:00,0.0,8.004,7.7956,7.9832,1506402
1993-04-29 16:00:00-04:00,0.0,8.0666,7.9832,8.004,348402
1993-04-30 16:00:00-04:00,0.0,8.0666,7.9832,8.0249,583602
1993-05-03 16:00:00-04:00,0.0,8.1708,8.0457,8.1291,824598
1993-05-04 16:00:00-04:00,0.0,8.2542,8.0874,8.2125,1001400
1993-05-05 16:00:00-04:00,0.0,8.2333,8.1082,8.1291,1272000
1993-05-06 16:00:00-04:00,0.0,8.1916,8.0874,8.1708,997998
1993-05-07 16:00:00-04:00,0.0,8.1916,8.1291,8.1708,609198
1993-05-10 16:00:00-04:00,0.0,8.2542,8.004,8.004,1544802
1993-05-11 16:00:00-04:00,0.0,8.1708,7.9832,8.1499,963798
1993-05-12 16:00:00-04:00,0.0,8.1916,8.1082,8.1916,1009200
1993-05-13 16:00:00-04:00,0.0,8.2333,8.1499,8.1916,729798
1993-05-14 16:00:00-04:00,0.0,8.2125,8.1708,8.1916,604398
1993-05-17 16:00:00-04:00,0.0,8.1916,8.0666,8.0666,996798
1993-05-18 16:00:00-04:00,0.0,8.1499,7.879,7.9207,449802
1993-05-19 16:00:00-04:00,0.0,8.0666,7.879,8.0666,955398
1993-05-20 16:00:00-04:00,0.0,8.0874,7.9623,8.0249,620598
1993-05-21 16:00:00-04:00,0.0,8.1082,8.004,8.0249,748398
1993-05-24 16:00:00-04:00,0.0,8.004,7.9207,7.9832,503202
1993-05-25 16:00:00-04:00,0.0,8.0249,7.9415,7.9623,687198
1993-05-26 16:00:00-04:00,0.0,8.0666,7.9207,8.0666,1858398
1993-05-27 16:00:00-04:00,0.0,8.2333,8.0874,8.2333,1924998
1993-05-28 16:00:00-04:00,0.0,8.2125,8.1082,8.1499,942798
1993-06-01 16:00:00-04:00,0.0,8.1291,8.0249,8.0249,2488800
1993-06-02 16:00:00-04:00,0.0,8.0249,7.9207,7.9623,880398
1993-06-03 16:00:00-04:00,0.0,7.9623,7.8998,7.9415,1945398
1993-06-04 16:00:00-04:00,0.0,8.1916,7.9623,8.1708,3073398
1993-06-07 16:00:00-04:00,0.0,8.2542,8.1708,8.2125,1839798
1993-06-08 16:00:00-04:00,0.0,8.2542,8.2125,8.2542,868398
1993-06-09 16:00:00-04:00,0.0,8.2542,8.1916,8.2125,649998
1993-06-10 16:00:00-04:00,0.0,8.2333,8.1916,8.1916,610398
1993-06-11 16:00:00-04:00,0.0,8.2125,8.0874,8.1708,664398
1993-06-14 16:00:00-04:00,0.0,8.2542,8.1499,8.2542,790398
1993-06-15 16:00:00-04:00,0.0,8.2333,8.1499,8.2333,1333200
1993-06-16 16:00:00-04:00,0.0,8.4001,8.2333,8.3584,1264800
1993-06-17 16:00:00-04:00,0.0,8.4626,8.4001,8.4626,1269600
1993-06-18 16:00:00-04:00,0.0,8.6502,8.4417,8.4834,1605402
1993-06-21 16:00:00-04:00,0.0,8.6919,8.546,8.671,2144598
1993-06-22 16:00:00-04:00,0.0,8.7961,8.6919,8.7544,1574802
1993-06-23 16:00:00-04:00,0.0,8.7544,8.6293,8.6919,2129598
1993-06-24 16:00:00-04:00,0.0,8.671,8.6085,8.6502,1068600
1993-06-25 16:00:00-04:00,0.0,8.7961,8.6502,8.7961,798798
1993-06-28 16:00:00-04:00,0.0,8.9837,8.7752,8.9628,1508202
1993-06-29 16:00:00-04:00,0.0,9.1296,9.0045,9.1296,1483602
1993-06-30 16:00:00-04:00,0.0,9.1921,9.0879,9.1296,919998
1993-07-01 16:00:00-04:00,0.0,9.1921,9.0671,9.1296,1300800
1993-07-02 16:00:00-04:00,0.0,9.2338,9.1087,9.1713,1795002
1993-07-06 16:00:00-04:00,0.0,9.1921,9.0879,9.1713,2560200
1993-07-07 16:00:00-04:00,0.0,9.2547,9.1296,9.1296,1512402
1993-07-08 16:00:00-04:00,0.0,9.1713,9.1087,9.1504,1110600
1993-07-09 16:00:00-04:00,0.0,9.4422,9.1504,9.338,1581402
1993-07-12 16:00:00-04:00,0.0,9.3172,9.2547,9.2547,1282800
1993-07-13 16:00:00-04:00,0.0,9.3797,9.2338,9.3172,916398
1993-07-14 16:00:00-04:00,0.0,9.5048,9.3172,9.4631,1053000
1993-07-15 16:00:00-04:00,0.0,9.4839,9.338,9.4214,1178400
1993-07-16 16:00:00-04:00,0.0,9.4006,9.1713,9.1921,876798
1993-07-19 16:00:00-04:00,0.0,9.213,8.7544,8.7752,1975998
1993-07-20 16:00:00-04:00,0.0,9.0879,8.8378,9.0879,1921398
1993-07-21 16:00:00-04:00,0.0,9.0671,8.9837,9.0045,1862598
1993-07-22 16:00:00-04:00,0.0,9.0254,8.9628,9.0045,849798
1993-07-23 16:00:00-04:00,0.0,9.0462,8.8795,8.9212,1140000
1993-07-26 16:00:00-04:00,0.0,9.4422,9.0879,9.4006,2185398
1993-07-27 16:00:00-04:00,0.0,9.5882,9.2755,9.3172,1555002
1993-07-28 16:00:00-04:00,0.0,9.3589,9.2755,9.3172,1407402
1993-07-29 16:00:00-04:00,0.0,9.3172,9.2547,9.2963,703998
1993-07-30 16:00:00-04:00,0.0,9.5048,9.2963,9.4422,2031798
1993-08-02 16:00:00-04:00,0.0,9.4631,9.338,9.4631,1588002
1993-08-03 16:00:00-04:00,0.0,9.4839,9.4214,9.4631,1544202
1993-08-04 16:00:00-04:00,0.0,9.5256,9.4631,9.5256,824598
1993-08-05 16:00:00-04:00,0.0,9.88,9.5673,9.88,1504602
1993-08-06 16:00:00-04:00,0.0,9.88,9.7966,9.8591,1830798
1993-08-09 16:00:00-04:00,0.0,9.9217,9.8383,9.88,901398
1993-08-10 16:00:00-04:00,0.0,9.8591,9.7341,9.7549,770598
1993-08-11 16:00:00-04:00,0.0,9.8174,9.7549,9.7966,754998
1993-08-12 16:00:00-04:00,0.0,9.9633,9.8174,9.9633,1541202
1993-08-13 16:00:00-04:00,0.0,9.9425,9.8174,9.8591,1249800
1993-08-16 16:00:00-04:00,0.0,9.9425,9.8591,9.9217,1173000
1993-08-17 16:00:00-04:00,0.0,10.0259,9.9008,9.9842,1296600
1993-08-18 16:00:00-04:00,0.0,10.0676,9.9633,10.005,1417602
1993-08-19 16:00:00-04:00,0.0,10.0467,10.005,10.0467,1032000
1993-08-20 16:00:00-04:00,0.0,10.0259,9.8174,9.8383,1321800
1993-08-23 16:00:00-04:00,0.0,9.7549,9.5673,9.6298,1308600
1993-08-24 16:00:00-04:00,0.0,10.0676,9.6715,10.0467,2509200
1993-08-25 16:00:00-04:00,0.0,10.1092,10.0259,10.0467,1303800
1993-08-26 16:00:00-04:00,0.0,10.0467,9.9842,10.005,536802
1993-08-27 16:00:00-04:00,0.0,10.005,9.9008,9.9425,584202
1993-08-30 16:00:00-04:00,0.0,9.9425,9.9008,9.9425,936798
1993-08-31 16:00:00-04:00,0.0,9.9633,9.88,9.9217,895998
1993-09-01 16:00:00-04:00,0.0,9.9425,9.88,9.9217,603198
1993-09-02 16:00:00-04:00,0.0,10.0467,9.9633,9.9842,415602
1993-09-03 16:00:00-04:00,0.0,10.005,9.9425,9.9633,755598
1993-09-07 16:00:00-04:00,0.0,10.0467,9.9217,9.9842,969798
1993-09-08 16:00:00-04:00,0.0,10.005,9.6715,9.6715,1125000
1993-09-09 16:00:00-04:00,0.0,9.7341,9.6507,9.6924,1128600
1993-09-10 16:00:00-04:00,0.0,9.9425,9.7132,9.88,729798
1993-09-13 16:00:00-04:00,0.0,10.1718,9.9008,10.1509,1252800
1993-09-14 16:00:00-04:00,0.0,10.2343,10.0884,10.2343,1155600
1993-09-15 16:00:00-04:00,0.0,10.1926,10.0676,10.1718,921798
1993-09-16 16:00:00-04:00,0.0,10.2552,10.1509,10.2343,988998
1993-09-17 16:00:00-04:00,0.0,10.1718,10.0676,10.0884,2028198
1993-09-20 16:00:00-04:00,0.0,10.3177,10.2343,10.2552,957198
1993-09-21 16:00:00-04:00,0.0,10.2552,10.1509,10.1926,973998
1993-09-22 16:00:00-04:00,0.0,10.4427,10.1718,10.4219,938598
1993-09-23 16:00:00-04:00,0.0,10.4636,10.4011,10.4427,557202
1993-09-24 16:00:00-04:00,0.0,10.4427,10.4011,10.4427,582402
1993-09-27 16:00:00-04:00,0.0,10.5887,10.4427,10.5261,1531002
1993-09-28 16:00:00-04:00,0.0,10.5261,10.4636,10.5261,832398
1993-09-29 16:00:00-04:00,0.0,10.6303,10.4427,10.4844,1033800
1993-09-30 16:00:00-04:00,0.0,10.4844,10.4011,10.4844,1311000
1993-10-01 16:00:00-04:00,0.0,10.4844,10.4219,10.4844,849198
1993-10-04 16:00:00-04:00,0.0,10.4636,10.4219,10.4636,1181400
1993-10-05 16:00:00-04:00,0.0,10.5261,10.4427,10.5261,1290600
1993-10-06 16:00:00-04:00,0.0,10.5261,10.4636,10.4844,921198
1993-10-07 16:00:00-04:00,0.0,10.6095,10.4219,10.4219,894198
1993-10-08 16:00:00-04:00,0.0,10.4427,10.2968,10.3594,392202
1993-10-11 16:00:00-04:00,0.0,10.3802,10.2135,10.2552,524202
1993-10-12 16:00:00-04:00,0.0,10.4219,10.276,10.3802,565002
1993-10-13 16:00:00-04:00,0.0,10.4219,10.3385,10.4011,1178400
1993-10-14 16:00:00-04:00,0.0,10.4636,10.3802,10.4427,606798
1993-10-15 16:00:00-04:00,0.0,10.5887,10.4011,10.4011,957798
1993-10-18 16:00:00-04:00,0.0,10.5053,10.3802,10.4011,615198
1993-10-19 16:00:00-04:00,0.0,10.3802,9.9217,9.9217,1023000
1993-10-20 16:00:00-04:00,0.0,9.9008,9.4006,9.5048,2481600
1993-10-21 16:00:00-04:00,0.0,9.7549,9.5673,9.6715,1120200
1993-10-22 16:00:00-04:00,0.0,9.7132,9.6507,9.6715,658998
1993-10-25 16:00:00-04:00,0.0,9.6507,9.4631,9.4839,3675600
1993-10-26 16:00:00-04:00,0.0,9.6298,9.4631,9.4631,1451802
1993-10-27 16:00:00-04:00,0.0,9.6298,9.4631,9.6298,927198
1993-10-28 16:00:00-04:00,0.0,9.7757,9.609,9.7341,1606002
1993-10-29 16:00:00-04:00,0.0,9.9425,9.7132,9.9008,751398
1993-11-01 16:00:00-05:00,0.0,10.3802,9.9008,10.3802,1046400
1993-11-02 16:00:00-05:00,0.0,10.2552,9.9842,10.0676,949398
1993-11-03 16:00:00-05:00,0.0,10.0467,9.2963,9.338,2695002
1993-11-04 16:00:00-05:00,0.0,9.5048,9.338,9.4631,2230200
1993-11-05 16:00:00-05:00,0.0,9.4839,9.338,9.338,1039800
1993-11-08 16:00:00-05:00,0.0,9.4214,9.338,9.338,736800
1993-11-09 16:00:00-05:00,0.0,9.4214,8.8378,8.9628,1157799
1993-11-10 16:00:00-05:00,0.0,9.1296,8.9212,8.9628,1639599
1993-11-11 16:00:00-05:00,0.0,8.9628,8.5043,8.6293,1709400
1993-11-12 16:00:00-05:00,0.0,9.2963,8.8795,9.2547,1577199
1993-11-15 16:00:00-05:00,0.0,9.2547,8.7961,8.8795,976401
1993-11-16 16:00:00-05:00,0.0,8.8795,8.2958,8.671,1797399
1993-11-17 16:00:00-05:00,0.0,8.671,8.3792,8.5877,1870401
1993-11-18 16:00:00-05:00,0.0,8.9628,8.671,8.9212,1451001
1993-11-19 16:00:00-05:00,0.0,9.1713,8.8378,9.1713,615000
1993-11-22 16:00:00-05:00,0.0,8.9212,8.4209,8.5043,1308600
1993-11-23 16:00:00-05:00,0.0,8.7127,8.546,8.6293,1359201
1993-11-24 16:00:00-05:00,0.0,9.1296,8.6293,9.0879,938799
1993-11-26 16:00:00-05:00,0.0,9.2547,9.0462,9.213,256599
1993-11-29 16:00:00-05:00,0.0,9.1296,8.8378,8.8795,2049801
1993-11-30 16:00:00-05:00,0.0,9.1713,8.8795,9.0462,994599
1993-12-01 16:00:00-05:00,0.0,9.213,9.0045,9.0462,940401
1993-12-02 16:00:00-05:00,0.0,9.1713,8.9212,9.1296,1293201
1993-12-03 16:00:00-05:00,0.0,9.1296,9.0045,9.0045,925401
1993-12-06 16:00:00-05:00,0.0,8.9628,8.7544,8.7961,1208601
1993-12-07 16:00:00-05:00,0.0,8.7961,8.2958,8.546,2150601
1993-12-08 16:00:00-05:00,0.0,8.7127,8.3792,8.4626,2041599
1993-12-09 16:00:00-05:00,0.0,8.5043,8.2542,8.3792,1976001
1993-12-10 16:00:00-05:00,0.0,8.546,8.3375,8.4209,632400
1993-12-13 16:00:00-05:00,0.0,8.9212,8.4626,8.8795,1684599
1993-12-14 16:00:00-05:00,0.0,8.8795,8.546,8.6293,905199
1993-12-15 16:00:00-05:00,0.0,8.6293,8.3375,8.5043,1412199
1993-12-16 16:00:00-05:00,0.0,8.671,8.4626,8.5877,1922601
1993-12-17 16:00:00-05:00,0.0,8.8378,8.5877,8.7544,1413399
1993-12-20 16:00:00-05:00,0.0,8.7127,8.3792,8.5043,1293000
1993-12-21 16:00:00-05:00,0.0,8.5043,8.2958,8.3375,1896600
1993-12-22 16:00:00-05:00,0.0,8.3375,8.1291,8.3375,1713999
1993-12-23 16:00:00-05:00,0.0,8.4626,8.2542,8.3792,775200
1993-12-27 16:00:00-05:00,0.0,8.5043,8.3375,8.4209,969399
1993-12-28 16:00:00-05:00,0.0,8.546,8.4209,8.546,466599
1993-12-29 16:00:00-05:00,0.0,8.5877,8.4209,8.5043,652800
1993-12-30 16:00:00-05:00,0.0,8.5043,8.2958,8.3375,1281201
1993-12-31 16:00:00-05:00,0.0,8.4209,8.1291,8.1291,700800
1994-01-03 16:00:00-05:00,0.0,8.1708,7.9623,8.004,2202600
1994-01-04 16:00:00-05:00,0.0,8.0457,7.5872,8.004,4461399
1994-01-05 16:00:00-05:00,0.0,8.2542,7.7956,8.2125,2785401
1994-01-06 16:00:00-05:00,0.0,8.2542,8.1291,8.1291,1560999
1994-01-07 16:00:00-05:00,0.0,8.1291,7.9207,7.9207,1721400
1994-01-10 16:00:00-05:00,0.0,8.3375,7.9207,8.1291,1594401
1994-01-11 16:00:00-05:00,0.0,8.2542,8.0457,8.2542,1735800
1994-01-12 16:00:00-05:00,0.0,8.4209,8.1708,8.2958,1243401
1994-01-13 16:00:00-05:00,0.0,8.4626,8.2958,8.4209,1352400
1994-01-14 16:00:00-05:00,0.0,8.546,8.2958,8.2958,1037799
1994-01-17 16:00:00-05:00,0.0,8.3792,8.0457,8.0874,1884801
1994-01-18 16:00:00-05:00,0.0,8.4209,8.1291,8.3792,1390800
1994-01-19 16:00:00-05:00,0.0,8.546,8.3375,8.3792,1411401
1994-01-20 16:00:00-05:00,0.0,8.6293,8.4209,8.5877,1505199
1994-01-21 16:00:00-05:00,0.0,8.7961,8.5877,8.7127,1536399
1994-01-24 16:00:00-05:00,0.0,8.7544,8.4626,8.4626,1429599
1994-01-25 16:00:00-05:00,0.0,8.5877,8.2958,8.2958,1704600
1994-01-26 16:00:00-05:00,0.0,8.3792,8.2542,8.3792,1119600
1994-01-27 16:00:00-05:00,0.0,8.5877,8.2958,8.3375,1840200
1994-01-28 16:00:00-05:00,0.0,8.4626,8.3375,8.4209,1144200
1994-01-31 16:00:00-05:00,0.0,8.7544,8.3792,8.7127,1409001
1994-02-01 16:00:00-05:00,0.0,8.9212,8.7127,8.8795,2774799
1994-02-02 16:00:00-05:00,0.0,8.8795,8.546,8.7961,1789800
1994-02-03 16:00:00-05:00,0.0,8.8378,8.7544,8.8378,1326201
1994-02-04 16:00:00-05:00,0.0,8.9628,8.7544,8.7544,1327401
1994-02-07 16:00:00-05:00,0.0,8.9212,8.7544,8.8378,1630800
1994-02-08 16:00:00-05:00,0.0,9.0462,8.8795,8.9212,1067799
1994-02-09 16:00:00-05:00,0.0,9.1296,8.9212,9.0879,1087200
1994-02-10 16:00:00-05:00,0.0,9.0462,8.7961,8.7961,1505001
1994-02-11 16:00:00-05:00,0.0,8.7127,8.5043,8.7127,3799200
1994-02-14 16:00:00-05:00,0.0,8.7961,8.5043,8.6293,1112199
1994-02-15 16:00:00-05:00,0.0,8.8795,8.5877,8.7127,1453599
1994-02-16 16:00:00-05:00,0.0,8.7127,8.6293,8.6293,917601
1994-02-17 16:00:00-05:00,0.0,8.671,8.4626,8.4626,854199
1994-02-18 16:00:00-05:00,0.0,8.4626,8.3375,8.3792,1384800
1994-02-22 16:00:00-05:00,0.0,8.7544,8.4209,8.5043,702000
1994-02-23 16:00:00-05:00,0.0,8.5043,8.3375,8.4209,882801
1994-02-24 16:00:00-05:00,0.0,8.5043,8.3375,8.3375,974799
1994-02-25 16:00:00-05:00,0.0,8.4209,8.2958,8.2958,1023999
1994-02-28 16:00:00-05:00,0.0,8.3375,8.1708,8.2125,950601
1994-03-01 16:00:00-05:00,0.0,8.2542,8.1291,8.2125,1062000
1994-03-02 16:00:00-05:00,0.0,8.1708,8.004,8.1291,1334601
1994-03-03 16:00:00-05:00,0.0,8.3375,8.0457,8.0457,1212201
1994-03-04 16:00:00-05:00,0.0,8.0874,7.879,8.0457,974199
1994-03-07 16:00:00-05:00,0.0,8.2125,8.0457,8.1708,751401
1994-03-08 16:00:00-05:00,0.0,8.2125,8.0874,8.0874,1192599
1994-03-09 16:00:00-05:00,0.0,8.2958,8.0457,8.1708,1222401
1994-03-10 16:00:00-05:00,0.0,8.5877,8.2542,8.546,1515399
1994-03-11 16:00:00-05:00,0.0,8.546,8.2125,8.2958,748800
1994-03-14 16:00:00-05:00,0.0,8.3375,8.1291,8.2125,4535601
1994-03-15 16:00:00-05:00,0.0,8.2542,8.1291,8.2542,1819401
1994-03-16 16:00:00-05:00,0.0,8.3375,8.2125,8.3375,932601
1994-03-17 16:00:00-05:00,0.0,8.5043,8.3375,8.5043,1076199
1994-03-18 16:00:00-05:00,0.0,8.546,8.4626,8.5043,2354199
1994-03-21 16:00:00-05:00,0.0,8.546,8.4626,8.546,1124799
1994-03-22 16:00:00-05:00,0.0,8.5877,8.5043,8.546,608400
1994-03-23 16:00:00-05:00,0.0,8.671,8.5043,8.6293,864801
1994-03-24 16:00:00-05:00,0.0,8.6293,8.546,8.6293,643401
1994-03-25 16:00:00-05:00,0.0,8.5877,8.3375,8.3792,789201
1994-03-28 16:00:00-05:00,0.0,8.6293,8.3375,8.546,1239801
1994-03-29 16:00:00-05:00,0.0,8.5043,8.0457,8.0457,1066599
1994-03-30 16:00:00-05:00,0.0,8.0874,7.5455,7.5872,3387801
1994-03-31 16:00:00-05:00,0.0,8.004,7.5038,8.004,2601999
1994-04-04 16:00:00-04:00,0.0,8.004,7.3787,7.3787,884199
1994-04-05 16:00:00-04:00,0.0,7.9207,7.6288,7.8373,996399
1994-04-06 16:00:00-04:00,0.0,7.879,7.7122,7.7956,772800
1994-04-07 16:00:00-04:00,0.0,7.879,7.7122,7.7122,549000
1994-04-08 16:00:00-04:00,0.0,7.7956,7.7122,7.7539,750600
1994-04-11 16:00:00-04:00,0.0,7.8373,7.7122,7.7122,836001
1994-04-12 16:00:00-04:00,0.0,7.8373,7.6705,7.7956,818001
1994-04-13 16:00:00-04:00,0.0,7.9207,7.8373,7.9207,507600
1994-04-14 16:00:00-04:00,0.0,7.9623,7.8373,7.9623,638601
1994-04-15 16:00:00-04:00,0.0,8.1291,7.9623,8.0457,1121799
1994-04-18 16:00:00-04:00,0.0,8.0874,7.8373,7.9623,621201
1994-04-19 16:00:00-04:00,0.0,8.004,7.7956,7.8373,520200
1994-04-20 16:00:00-04:00,0.0,8.004,7.6705,7.7539,1521999
1994-04-21 16:00:00-04:00,0.0,7.9207,7.7122,7.9207,1923201
1994-04-22 16:00:00-04:00,0.0,8.2125,7.9207,8.004,1635000
1994-04-25 16:00:00-04:00,0.0,8.2125,7.8373,8.2125,834801
1994-04-26 16:00:00-04:00,0.0,8.4209,8.2542,8.4209,888801
1994-04-28 16:00:00-04:00,0.0,8.5877,8.4209,8.4626,1350801
1994-04-29 16:00:00-04:00,0.0,8.6293,8.4209,8.5877,711201
1994-05-02 16:00:00-04:00,0.0,8.5877,8.3792,8.5043,717000
1994-05-03 16:00:00-04:00,0.0,8.5043,8.3792,8.5043,784200
1994-05-04 16:00:00-04:00,0.0,10.2135,9.3797,9.5882,7281000
1994-05-05 16:00:00-04:00,0.0,9.7966,9.3797,9.4214,3339801
1994-05-06 16:00:00-04:00,0.0,9.6715,9.1713,9.6298,2914800
1994-05-09 16:00:00-04:00,0.0,9.5465,9.213,9.213,2612199
1994-05-10 16:00:00-04:00,0.0,9.4214,9.213,9.2963,1667199
1994-05-11 16:00:00-04:00,0.0,9.2963,9.0045,9.1296,1003800
1994-05-12 16:00:00-04:00,0.0,9.213,8.9628,9.0045,885801
1994-05-13 16:00:00-04:00,0.0,9.3797,9.0045,9.2963,743400
1994-05-16 16:00:00-04:00,0.0,9.5882,9.2963,9.5048,1019400
1994-05-17 16:00:00-04:00,0.0,9.6715,9.3797,9.5048,835401
1994-05-18 16:00:00-04:00,0.0,9.5048,9.2963,9.4214,1275801
1994-05-19 16:00:00-04:00,0.0,9.7132,9.4631,9.5882,843801
1994-05-20 16:00:00-04:00,0.0,9.5882,9.213,9.4214,1769199
1994-05-23 16:00:00-04:00,0.0,9.4631,9.2963,9.2963,1249800
1994-05-24 16:00:00-04:00,0.0,9.338,9.1713,9.213,1495599
1994-05-25 16:00:00-04:00,0.0,9.3797,9.1296,9.338,791001
1994-05-26 16:00:00-04:00,0.0,9.5465,9.338,9.4214,913599
1994-05-27 16:00:00-04:00,0.0,9.6715,9.2963,9.4214,1037799
1994-05-31 16:00:00-04:00,0.0,9.5882,9.3797,9.3797,668601
1994-06-01 16:00:00-04:00,0.0,9.338,9.213,9.2963,750201
1994-06-02 16:00:00-04:00,0.0,9.338,9.1296,9.1296,490599
1994-06-03 16:00:00-04:00,0.0,9.2963,9.1296,9.1713,612801
1994-06-06 16:00:00-04:00,0.0,9.3797,9.2547,9.338,508200
1994-06-07 16:00:00-04:00,0.0,9.338,9.2963,9.338,560400
1994-06-08 16:00:00-04:00,0.0,9.5465,9.338,9.4214,1016400
1994-06-09 16:00:00-04:00,0.0,9.5048,9.4214,9.4214,559599
1994-06-10 16:00:00-04:00,0.0,9.6715,9.4631,9.5048,851001
1994-06-13 16:00:00-04:00,0.0,9.6715,9.4214,9.4631,1003800
1994-06-14 16:00:00-04:00,0.0,9.6715,9.4631,9.6715,2103399
1994-06-15 16:00:00-04:00,0.0,10.0884,9.6715,10.0467,2979399
1994-06-16 16:00:00-04:00,0.0,10.005,9.7549,9.9633,1016400
1994-06-17 16:00:00-04:00,0.0,9.9633,9.8383,9.88,1177800
1994-06-20 16:00:00-04:00,0.0,9.7966,9.6715,9.7966,617601
1994-06-21 16:00:00-04:00,0.0,9.7966,9.4631,9.4631,1034199
1994-06-22 16:00:00-04:00,0.0,9.6715,9.4631,9.5882,545400
1994-06-23 16:00:00-04:00,0.0,9.7132,9.4631,9.4631,613800
1994-06-24 16:00:00-04:00,0.0,9.4631,9.1713,9.1713,1156200
1994-06-27 16:00:00-04:00,0.0,9.6715,9.0879,9.5465,825801
1994-06-28 16:00:00-04:00,0.0,9.7966,9.5882,9.6715,1056399
1994-06-29 16:00:00-04:00,0.0,9.9217,9.6298,9.7966,940401
1994-06-30 16:00:00-04:00,0.0,9.7966,9.5048,9.5465,681201
1994-07-01 16:00:00-04:00,0.0,9.5882,9.338,9.4631,862599
1994-07-05 16:00:00-04:00,0.0,9.7966,9.4631,9.7966,365601
1994-07-06 16:00:00-04:00,0.0,9.8383,9.5882,9.8383,1055799
1994-07-07 16:00:00-04:00,0.0,9.9633,9.7549,9.7966,654801
1994-07-08 16:00:00-04:00,0.0,9.8383,9.6298,9.8383,532800
1994-07-11 16:00:00-04:00,0.0,9.8383,9.7132,9.7966,360801
1994-07-12 16:00:00-04:00,0.0,9.9633,9.8383,9.9633,1161399
1994-07-13 16:00:00-04:00,0.0,10.2135,9.9633,10.1718,2316000
1994-07-14 16:00:00-04:00,0.0,10.1718,9.9217,10.1718,1488399
1994-07-15 16:00:00-04:00,0.0,10.672,10.1718,10.6303,4146000
1994-07-18 16:00:00-04:00,0.0,10.5887,10.3385,10.5053,2742999
1994-07-19 16:00:00-04:00,0.0,10.6303,10.4636,10.547,1527999
1994-07-20 16:00:00-04:00,0.0,10.5053,10.2135,10.3385,739800
1994-07-21 16:00:00-04:00,0.0,10.3802,10.2135,10.3802,592200
1994-07-22 16:00:00-04:00,0.0,10.4219,10.2135,10.4219,2226399
1994-07-25 16:00:00-04:00,0.0,10.4636,10.2968,10.4636,834999
1994-07-26 16:00:00-04:00,0.0,10.4219,10.2968,10.3385,819801
1994-07-27 16:00:00-04:00,0.0,10.4219,10.2968,10.4219,498999
1994-07-28 16:00:00-04:00,0.0,11.0889,10.8388,10.9638,7635399
1994-07-29 16:00:00-04:00,0.0,11.0055,10.8388,10.8388,1886601
1994-08-01 16:00:00-04:00,0.0,11.0055,10.8388,10.9638,2334999
1994-08-02 16:00:00-04:00,0.0,11.1306,10.8388,10.8388,2492400
1994-08-03 16:00:00-04:00,0.0,10.8805,10.7554,10.8388,1172799
1994-08-04 16:00:00-04:00,0.0,10.8388,10.547,10.7554,1046199
1994-08-05 16:00:00-04:00,0.0,10.8388,10.672,10.7554,1711599
1994-08-08 16:00:00-04:00,0.0,10.7971,10.6303,10.6303,3987801
1994-08-09 16:00:00-04:00,0.0,10.7137,10.547,10.547,1162200
1994-08-10 16:00:00-04:00,0.0,10.672,10.5053,10.672,1786800
1994-08-11 16:00:00-04:00,0.0,10.7554,10.4636,10.6303,1263801
1994-08-12 16:00:00-04:00,0.0,10.7137,10.547,10.5887,3959799
1994-08-15 16:00:00-04:00,0.0,10.6303,10.547,10.6303,507999
1994-08-16 16:00:00-04:00,0.0,10.6303,10.5053,10.5887,588999
1994-08-17 16:00:00-04:00,0.0,10.7137,10.4636,10.7137,948801
1994-08-18 16:00:00-04:00,0.0,10.7554,10.5053,10.7554,4989201
1994-08-19 16:00:00-04:00,0.0,10.7554,10.5053,10.5053,2313399
1994-08-22 16:00:00-04:00,0.0,10.9222,10.2135,10.4219,5348199
1994-08-23 16:00:00-04:00,0.0,10.4636,9.9217,10.0884,5703399
1994-08-24 16:00:00-04:00,0.0,10.005,9.6298,9.7132,4516401
1994-08-25 16:00:00-04:00,0.0,10.1718,9.9217,10.0884,5055201
1994-08-26 16:00:00-04:00,0.0,10.2135,10.0884,10.1718,2309400
1994-08-29 16:00:00-04:00,0.0,10.2968,10.1718,10.2552,2771001
1994-08-30 16:00:00-04:00,0.0,10.4636,10.1718,10.4636,3296799
1994-08-31 16:00:00-04:00,0.0,10.4636,10.2968,10.3802,1288200
1994-09-01 16:00:00-04:00,0.0,10.3802,10.2135,10.2968,812799
1994-09-02 16:00:00-04:00,0.0,10.4219,10.2968,10.3385,1118400
1994-09-06 16:00:00-04:00,0.0,10.3802,10.2135,10.2968,1031799
1994-09-07 16:00:00-04:00,0.0,10.2968,10.1718,10.2968,813399
1994-09-08 16:00:00-04:00,0.0,10.3385,10.2135,10.2968,789801
1994-09-09 16:00:00-04:00,0.0,10.3385,10.1718,10.3385,709401
1994-09-12 16:00:00-04:00,0.0,10.4219,10.2968,10.3385,1096800
1994-09-13 16:00:00-04:00,0.0,10.3385,10.2552,10.2968,1041600
1994-09-14 16:00:00-04:00,0.0,10.3802,10.2968,10.3802,1415601
1994-09-15 16:00:00-04:00,0.0,10.4219,10.2552,10.4219,1741599
1994-09-16 16:00:00-04:00,0.0,10.4219,10.2135,10.2135,5419401
1994-09-19 16:00:00-04:00,0.0,10.2968,10.2135,10.2968,2649399
1994-09-20 16:00:00-04:00,0.0,10.3385,10.2552,10.2968,2641599
1994-09-21 16:00:00-04:00,0.0,10.3385,10.2552,10.2968,1815600
1994-09-22 16:00:00-04:00,0.0,10.3385,10.2552,10.2968,960801
1994-09-23 16:00:00-04:00,0.0,10.4219,10.2968,10.3802,3108000
1994-09-26 16:00:00-04:00,0.0,10.3385,10.2552,10.2968,859401
1994-09-27 16:00:00-04:00,0.0,10.3385,10.1301,10.1718,1078200
1994-09-28 16:00:00-04:00,0.0,10.1718,9.88,10.0884,2045199
1994-09-29 16:00:00-04:00,0.0,10.2135,9.9633,10.0467,1152600
1994-09-30 16:00:00-04:00,0.0,10.0467,9.9217,10.005,1168200
1994-10-03 16:00:00-04:00,0.0,10.0884,9.9217,10.0884,1108800
1994-10-04 16:00:00-04:00,0.0,10.1718,10.005,10.0884,1907001
1994-10-05 16:00:00-04:00,0.0,10.1301,10.005,10.005,5242599
1994-10-06 16:00:00-04:00,0.0,10.005,9.8383,9.9633,1500201
1994-10-07 16:00:00-04:00,0.0,10.0467,9.9217,10.005,1758000
1994-10-10 16:00:00-04:00,0.0,10.005,9.9217,9.9217,481200
1994-10-11 16:00:00-04:00,0.0,9.9633,9.9217,9.9633,1062000
1994-10-12 16:00:00-04:00,0.0,9.9633,9.88,9.9633,570000
1994-10-13 16:00:00-04:00,0.0,9.9633,9.8383,9.9217,3030600
1994-10-14 16:00:00-04:00,0.0,9.9217,9.8383,9.8383,705600
1994-10-17 16:00:00-04:00,0.0,9.8383,9.7132,9.7549,554199
1994-10-18 16:00:00-04:00,0.0,9.8383,9.7132,9.7966,810801
1994-10-19 16:00:00-04:00,0.0,9.7966,9.6298,9.6715,3118800
1994-10-20 16:00:00-04:00,0.0,9.6298,9.4214,9.5465,1175400
1994-10-21 16:00:00-04:00,0.0,9.7132,9.5465,9.7132,741000
1994-10-24 16:00:00-04:00,0.0,9.7132,9.6298,9.6298,3962001
1994-10-25 16:00:00-04:00,0.0,9.7132,9.5882,9.6298,778401
1994-10-26 16:00:00-04:00,0.0,9.6715,9.3797,9.4214,946401
1994-10-27 16:00:00-04:00,0.0,9.7132,9.5048,9.7132,831801
1994-10-28 16:00:00-04:00,0.0,9.8383,9.6715,9.7966,2095599
1994-10-31 16:00:00-05:00,0.0,9.88,9.6715,9.6715,2060001
1994-11-01 16:00:00-05:00,0.0,9.88,9.6715,9.88,2609001
1994-11-02 16:00:00-05:00,0.0,9.88,9.5882,9.5882,452199
1994-11-03 16:00:00-05:00,0.0,9.7132,9.5882,9.7132,1266600
1994-11-04 16:00:00-05:00,0.0,9.8383,9.6715,9.6715,695601
1994-11-07 16:00:00-05:00,0.0,9.7549,9.5882,9.7132,986199
1994-11-08 16:00:00-05:00,0.0,9.7132,9.6298,9.6715,428799
1994-11-09 16:00:00-05:00,0.0,9.88,9.6715,9.7966,2295600
1994-11-10 16:00:00-05:00,0.0,9.88,9.7132,9.7549,503400
1994-11-11 16:00:00-05:00,0.0,9.7132,9.5048,9.5048,513600
1994-11-14 16:00:00-05:00,0.0,9.6715,9.5465,9.6298,868599
1994-11-15 16:00:00-05:00,0.0,9.7549,9.5882,9.7132,880401
1994-11-16 16:00:00-05:00,0.0,9.7132,9.4214,9.5048,3465000
1994-11-17 16:00:00-05:00,0.0,9.5465,9.213,9.338,1158399
1994-11-18 16:00:00-05:00,0.0,9.5048,9.2547,9.2963,3309201
1994-11-21 16:00:00-05:00,0.0,9.2963,9.1296,9.1296,584199
1994-11-22 16:00:00-05:00,0.0,9.1713,9.0045,9.0462,1548201
1994-11-23 16:00:00-05:00,0.0,9.1296,8.9628,9.0879,1111200
1994-11-25 16:00:00-05:00,0.0,9.1713,9.0462,9.1713,240801
1994-11-28 16:00:00-05:00,0.0,9.0879,9.0462,9.0879,1120800
1994-11-29 16:00:00-05:00,0.0,9.213,9.0879,9.1713,1143600
1994-11-30 16:00:00-05:00,0.0,9.4214,9.2547,9.4214,2112999
1994-12-01 16:00:00-05:00,0.0,9.4214,9.0879,9.1296,570000
1994-12-02 16:00:00-05:00,0.0,9.2963,9.1296,9.2963,447600
1994-12-05 16:00:00-05:00,0.0,9.338,9.1296,9.1713,530199
1994-12-06 16:00:00-05:00,0.0,9.1713,8.8795,8.9628,756000
1994-12-07 16:00:00-05:00,0.0,9.0879,8.9212,9.0045,707400
1994-12-08 16:00:00-05:00,0.0,9.1296,8.9212,9.0045,1460601
1994-12-09 16:00:00-05:00,0.0,9.0045,8.8795,8.9628,1234401
1994-12-12 16:00:00-05:00,0.0,8.546,7.8373,8.0457,7068399
1994-12-13 16:00:00-05:00,0.0,8.1291,7.9207,8.0457,3248199
1994-12-14 16:00:00-05:00,0.0,8.2125,7.7539,8.1708,2258400
1994-12-15 16:00:00-05:00,0.0,8.2542,8.004,8.1708,2682201
1994-12-16 16:00:00-05:00,0.0,8.7127,8.1708,8.671,4518999
1994-12-19 16:00:00-05:00,0.0,8.7961,8.4209,8.546,2220000
1994-12-20 16:00:00-05:00,0.0,8.546,8.3792,8.3792,998601
1994-12-21 16:00:00-05:00,0.0,8.5877,8.1708,8.546,2508600
1994-12-22 16:00:00-05:00,0.0,8.5877,8.546,8.546,1677000
1994-12-23 16:00:00-05:00,0.0,8.5877,8.2958,8.3375,363999
1994-12-27 16:00:00-05:00,0.0,8.4209,8.3375,8.4209,404199
1994-12-28 16:00:00-05:00,0.0,8.4626,8.2958,8.3375,508599
1994-12-29 16:00:00-05:00,0.0,8.4209,8.2542,8.2958,895401
1994-12-30 16:00:00-05:00,0.0,8.3792,8.3375,8.3792,1068399
1995-01-03 16:00:00-05:00,0.0,8.4626,8.2958,8.4209,672801
1995-01-04 16:00:00-05:00,0.0,8.671,8.5043,8.6293,778401
1995-01-05 16:00:00-05:00,0.0,8.8378,8.6293,8.7544,963399
1995-01-06 16:00:00-05:00,0.0,8.7961,8.5043,8.546,576999
1995-01-09 16:00:00-05:00,0.0,8.6293,8.5043,8.5043,1105200
1995-01-10 16:00:00-05:00,0.0,8.5877,8.2958,8.2958,894201
1995-01-11 16:00:00-05:00,0.0,8.546,8.1708,8.3375,1052400
1995-01-12 16:00:00-05:00,0.0,8.3792,8.2125,8.3375,1520799
1995-01-13 16:00:00-05:00,0.0,8.4626,8.3375,8.4209,919401
1995-01-16 16:00:00-05:00,0.0,8.546,8.4209,8.5043,1487799
1995-01-17 16:00:00-05:00,0.0,8.4626,8.2958,8.3792,1583601
1995-01-18 16:00:00-05:00,0.0,9.0045,8.546,9.0045,2513001
1995-01-19 16:00:00-05:00,0.0,8.9628,8.7544,8.8795,1788000
1995-01-20 16:00:00-05:00,0.0,9.0045,8.8378,9.0045,2546601
1995-01-23 16:00:00-05:00,0.0,9.0462,8.8378,9.0045,1482999
1995-01-24 16:00:00-05:00,0.0,9.1296,9.0462,9.0879,1198800
1995-01-25 16:00:00-05:00,0.0,9.1296,8.9212,9.0879,1381800
1995-01-26 16:00:00-05:00,0.0,9.213,9.1296,9.1713,1803201
1995-01-27 16:00:00-05:00,0.0,9.213,9.1296,9.1713,374601
1995-01-30 16:00:00-05:00,0.0,9.1713,9.0462,9.1296,525000
1995-01-31 16:00:00-05:00,0.0,9.0879,8.9628,9.0045,1717800
1995-02-01 16:00:00-05:00,0.0,9.0879,9.0045,9.0879,510999
1995-02-02 16:00:00-05:00,0.0,9.1296,9.0045,9.0879,815001
1995-02-03 16:00:00-05:00,0.0,9.2547,9.1296,9.213,1534401
1995-02-06 16:00:00-05:00,0.0,9.4214,9.213,9.3797,1767600
1995-02-07 16:00:00-05:00,0.0,9.5048,9.338,9.5048,1852800
1995-02-08 16:00:00-05:00,0.0,9.8383,9.5048,9.7549,2557401
1995-02-09 16:00:00-05:00,0.0,9.7549,9.6298,9.6715,1676400
1995-02-10 16:00:00-05:00,0.0,9.6715,9.5465,9.6715,1616199
1995-02-13 16:00:00-05:00,0.0,9.7132,9.5882,9.5882,469800
1995-02-14 16:00:00-05:00,0.0,9.6298,9.5048,9.5465,508599
1995-02-15 16:00:00-05:00,0.0,9.6298,9.5465,9.5882,975201
1995-02-16 16:00:00-05:00,0.0,9.7132,9.5882,9.7132,744201
1995-02-17 16:00:00-05:00,0.0,9.8383,9.5882,9.5882,742401
1995-02-21 16:00:00-05:00,0.0,9.5882,9.3797,9.4631,1232400
1995-02-22 16:00:00-05:00,0.0,9.6298,9.4214,9.5465,851799
1995-02-23 16:00:00-05:00,0.0,9.5882,9.5048,9.5465,543000
1995-02-24 16:00:00-05:00,0.0,9.5882,9.5465,9.5465,543999
1995-02-27 16:00:00-05:00,0.0,9.6298,9.3797,9.5882,681600
1995-02-28 16:00:00-05:00,0.0,9.5882,9.5465,9.5882,785400
1995-03-01 16:00:00-05:00,0.0,9.7132,9.5465,9.6715,772200
1995-03-02 16:00:00-05:00,0.0,9.7966,9.6715,9.7966,595200
1995-03-03 16:00:00-05:00,0.0,9.9217,9.7132,9.8383,598599
1995-03-06 16:00:00-05:00,0.0,9.88,9.7132,9.88,1572201
1995-03-07 16:00:00-05:00,0.0,9.88,9.7132,9.8383,1454001
1995-03-08 16:00:00-05:00,0.0,9.9217,9.7549,9.88,881001
1995-03-09 16:00:00-05:00,0.0,9.9633,9.7966,9.9217,1038600
1995-03-10 16:00:00-05:00,0.0,10.2552,9.88,10.1718,2895999
1995-03-13 16:00:00-05:00,0.0,10.2552,10.0884,10.1301,1472199
1995-03-14 16:00:00-05:00,0.0,10.1718,10.005,10.005,575400
1995-03-15 16:00:00-05:00,0.0,10.1301,10.005,10.1301,783600
1995-03-16 16:00:00-05:00,0.0,10.2135,10.0467,10.1718,648801
1995-03-17 16:00:00-05:00,0.0,10.2968,10.1718,10.2968,1451199
1995-03-20 16:00:00-05:00,0.0,10.2968,10.1301,10.1301,502599
1995-03-21 16:00:00-05:00,0.0,10.2552,10.0884,10.1718,759000
1995-03-22 16:00:00-05:00,0.0,10.2135,10.005,10.0467,821001
1995-03-23 16:00:00-05:00,0.0,10.0884,9.9633,9.9633,476199
1995-03-24 16:00:00-05:00,0.0,10.0884,10.005,10.0884,412200
1995-03-27 16:00:00-05:00,0.0,10.1301,9.9633,10.005,556800
1995-03-28 16:00:00-05:00,0.0,10.1718,10.005,10.0884,386799
1995-03-29 16:00:00-05:00,0.0,10.2135,10.0467,10.1718,835599
1995-03-30 16:00:00-05:00,0.0,10.2552,10.2135,10.2552,914799
1995-03-31 16:00:00-05:00,0.0,10.2135,10.0884,10.2135,777201
1995-04-03 16:00:00-04:00,0.0,10.2968,10.0884,10.0884,522399
1995-04-04 16:00:00-04:00,0.0,10.4636,10.1718,10.4636,1365600
1995-04-05 16:00:00-04:00,0.0,10.4636,10.3802,10.4219,400599
1995-04-06 16:00:00-04:00,0.0,10.5053,10.3385,10.4219,380799
1995-04-07 16:00:00-04:00,0.0,10.5053,10.3802,10.5053,990801
1995-04-10 16:00:00-04:00,0.0,10.5053,10.3385,10.3802,963999
1995-04-11 16:00:00-04:00,0.0,10.547,10.3385,10.547,792201
1995-04-12 16:00:00-04:00,0.0,10.5887,10.4636,10.5053,562200
1995-04-13 16:00:00-04:00,0.0,10.5887,10.4219,10.5053,638001
1995-04-17 16:00:00-04:00,0.0,10.547,10.1301,10.1718,791001
1995-04-18 16:00:00-04:00,0.0,10.2552,10.0884,10.2552,765801
1995-04-19 16:00:00-04:00,0.0,10.3385,10.2135,10.2552,516399
1995-04-20 16:00:00-04:00,0.0,10.3385,10.1301,10.2968,905601
1995-04-21 16:00:00-04:00,0.0,10.672,10.2552,10.672,2266800
1995-04-24 16:00:00-04:00,0.0,10.8388,10.672,10.7137,1357200
1995-04-25 16:00:00-04:00,0.0,11.0472,10.5053,10.8388,1134000
1995-04-26 16:00:00-04:00,0.0,10.8388,10.4219,10.4636,1307001
1995-04-27 16:00:00-04:00,0.0,10.4636,10.2968,10.3802,1354200
1995-04-28 16:00:00-04:00,0.0,10.9638,10.4219,10.9638,2064999
1995-05-01 16:00:00-04:00,0.0,11.0889,10.7554,10.7971,1688400
1995-05-02 16:00:00-04:00,0.0,10.7971,10.6303,10.7971,1114800
1995-05-03 16:00:00-04:00,0.0,10.9638,10.7554,10.9638,1020999
1995-05-04 16:00:00-04:00,0.0,11.1723,11.0055,11.1306,1206801
1995-05-05 16:00:00-04:00,0.0,11.1723,11.0055,11.1306,538200
1995-05-08 16:00:00-04:00,0.0,11.0472,10.8805,10.9638,663600
1995-05-09 16:00:00-04:00,0.0,11.0889,10.8805,11.0889,1393800
1995-05-10 16:00:00-04:00,0.0,11.1723,11.0472,11.1306,723801
1995-05-11 16:00:00-04:00,0.0,11.2557,11.1306,11.1306,731400
1995-05-12 16:00:00-04:00,0.0,11.2973,11.1306,11.2557,708000
1995-05-15 16:00:00-04:00,0.0,11.339,11.214,11.339,889401
1995-05-16 16:00:00-04:00,0.0,11.3807,11.2557,11.3807,882801
1995-05-17 16:00:00-04:00,0.0,11.4641,11.2557,11.3807,1203600
1995-05-18 16:00:00-04:00,0.0,11.1723,11.0055,11.0889,1489401
1995-05-19 16:00:00-04:00,0.0,11.2973,11.0889,11.2973,1230000
1995-05-22 16:00:00-04:00,0.0,11.3807,11.1306,11.2557,1079799
1995-05-23 16:00:00-04:00,0.0,11.2557,11.0889,11.1306,824199
1995-05-24 16:00:00-04:00,0.0,11.1723,11.0472,11.0889,842799
1995-05-25 16:00:00-04:00,0.0,11.1723,10.9638,11.0055,1051599
1995-05-26 16:00:00-04:00,0.0,11.0055,10.8805,11.0055,670800
1995-05-30 16:00:00-04:00,0.0,11.0055,10.9222,11.0055,661800
1995-05-31 16:00:00-04:00,0.0,11.339,10.9222,11.339,2437200
1995-06-01 16:00:00-04:00,0.0,11.339,11.1723,11.1723,728001
1995-06-02 16:00:00-04:00,0.0,11.214,11.0472,11.0889,449799
1995-06-05 16:00:00-04:00,0.0,11.2557,11.1306,11.214,537600
1995-06-06 16:00:00-04:00,0.0,11.2973,11.0889,11.2557,536199
1995-06-07 16:00:00-04:00,0.0,11.2557,11.1723,11.214,260799
1995-06-08 16:00:00-04:00,0.0,11.214,11.1306,11.1723,483399
1995-06-09 16:00:00-04:00,0.0,11.2557,11.0889,11.1723,448800
1995-06-12 16:00:00-04:00,0.0,11.214,11.1306,11.1306,357801
1995-06-13 16:00:00-04:00,0.0,11.2557,11.1306,11.2557,736200
1995-06-14 16:00:00-04:00,0.0,11.2973,11.214,11.214,726600
1995-06-15 16:00:00-04:00,0.0,11.3807,11.1723,11.214,1628799
1995-06-16 16:00:00-04:00,0.0,11.2557,11.1723,11.2557,2065599
1995-06-19 16:00:00-04:00,0.0,11.4224,11.214,11.4224,803799
1995-06-20 16:00:00-04:00,0.0,11.6725,11.5475,11.6308,1177800
1995-06-21 16:00:00-04:00,0.0,11.7142,11.5475,11.6725,1336401
1995-06-22 16:00:00-04:00,0.0,11.7976,11.6725,11.7559,832599
1995-06-23 16:00:00-04:00,0.0,11.7142,11.2557,11.5058,930399
1995-06-26 16:00:00-04:00,0.0,11.6725,11.4224,11.6308,626601
1995-06-27 16:00:00-04:00,0.0,11.881,11.5892,11.7976,752601
1995-06-28 16:00:00-04:00,0.0,11.9227,11.5475,11.6725,1110600
1995-06-29 16:00:00-04:00,0.0,11.8393,11.6308,11.6725,969201
1995-06-30 16:00:00-04:00,0.0,11.7142,11.3807,11.6308,1143600
1995-07-03 16:00:00-04:00,0.0,11.7142,11.5892,11.6725,179601
1995-07-05 16:00:00-04:00,0.0,11.7142,11.5475,11.5475,390999
1995-07-06 16:00:00-04:00,0.0,11.881,11.5058,11.881,523200
1995-07-07 16:00:00-04:00,0.0,11.9227,11.8393,11.881,567000
1995-07-10 16:00:00-04:00,0.0,11.9227,11.8393,11.9227,683400
1995-07-11 16:00:00-04:00,0.0,11.9227,11.7559,11.7559,592800
1995-07-12 16:00:00-04:00,0.0,11.8393,11.6725,11.8393,491400
1995-07-13 16:00:00-04:00,0.0,11.9227,11.7142,11.7976,936201
1995-07-14 16:00:00-04:00,0.0,11.881,11.6308,11.8393,803199
1995-07-17 16:00:00-04:00,0.0,11.881,11.6725,11.7976,594000
1995-07-18 16:00:00-04:00,0.0,11.8393,11.6308,11.6308,406800
1995-07-19 16:00:00-04:00,0.0,11.7142,11.4641,11.6308,689601
1995-07-20 16:00:00-04:00,0.0,11.8393,11.5892,11.8393,690600
1995-07-21 16:00:00-04:00,0.0,11.881,11.6308,11.6725,1068000
1995-07-24 16:00:00-04:00,0.0,12.2978,11.7559,12.2978,2514000
1995-07-25 16:00:00-04:00,0.0,12.1311,11.9227,12.006,1515801
1995-07-26 16:00:00-04:00,0.0,12.2562,12.006,12.1311,989001
1995-07-27 16:00:00-04:00,0.0,12.2978,12.1728,12.2562,780201
1995-07-28 16:00:00-04:00,0.0,12.3395,12.1311,12.2562,818601
1995-07-31 16:00:00-04:00,0.0,12.3395,12.2145,12.3395,853401
1995-08-01 16:00:00-04:00,0.0,12.3395,12.1311,12.2978,1006200
1995-08-02 16:00:00-04:00,0.0,12.4646,12.2978,12.3395,1310601
1995-08-03 16:00:00-04:00,0.0,12.4229,12.2145,12.3812,806799
1995-08-04 16:00:00-04:00,0.0,12.3812,12.3187,12.3812,566400
1995-08-07 16:00:00-04:00,0.0,12.3812,12.2562,12.3395,246399
1995-08-08 16:00:00-04:00,0.0,12.3395,12.1311,12.2562,197001
1995-08-09 16:00:00-04:00,0.0,12.2978,12.1311,12.1728,788601
1995-08-10 16:00:00-04:00,0.0,12.2562,12.1311,12.2145,343401
1995-08-11 16:00:00-04:00,0.0,12.2353,12.0894,12.0894,693000
1995-08-14 16:00:00-04:00,0.0,12.1311,12.0477,12.1311,523599
1995-08-15 16:00:00-04:00,0.0,12.1311,11.9643,12.006,363801
1995-08-16 16:00:00-04:00,0.0,12.0894,12.006,12.0894,249201
1995-08-17 16:00:00-04:00,0.0,12.2978,12.1311,12.2978,441999
1995-08-18 16:00:00-04:00,0.0,12.2978,12.1311,12.1728,844599
1995-08-21 16:00:00-04:00,0.0,12.2978,12.1311,12.2145,786600
1995-08-22 16:00:00-04:00,0.0,12.2562,12.1311,12.1728,612000
1995-08-23 16:00:00-04:00,0.0,12.1311,12.0477,12.0477,305001
1995-08-24 16:00:00-04:00,0.0,12.0894,11.9643,11.9643,638601
1995-08-25 16:00:00-04:00,0.0,12.3395,11.9643,12.2562,396399
1995-08-28 16:00:00-04:00,0.0,12.2978,12.1728,12.2978,282399
1995-08-29 16:00:00-04:00,0.0,12.2978,12.0894,12.2145,308799
1995-08-30 16:00:00-04:00,0.0,12.2978,12.1311,12.2978,691401
1995-08-31 16:00:00-04:00,0.0,12.2978,12.2145,12.2562,428400
1995-09-01 16:00:00-04:00,0.0,12.2145,12.0477,12.1311,861399
1995-09-05 16:00:00-04:00,0.0,12.4646,12.2145,12.4229,1301001
1995-09-06 16:00:00-04:00,0.0,12.5063,12.2145,12.5063,870201
1995-09-07 16:00:00-04:00,0.0,12.5063,12.3812,12.5063,598599
1995-09-08 16:00:00-04:00,0.0,12.548,12.4229,12.548,272199
1995-09-11 16:00:00-04:00,0.0,12.7147,12.4646,12.7147,662601
1995-09-12 16:00:00-04:00,0.0,13.0065,12.6313,13.0065,1221201
1995-09-13 16:00:00-04:00,0.0,13.1733,12.9232,12.9648,1307601
1995-09-14 16:00:00-04:00,0.0,13.0899,12.9648,13.0482,1269000
1995-09-15 16:00:00-04:00,0.0,13.0482,12.9648,13.0482,1010400
1995-09-18 16:00:00-04:00,0.0,13.0899,13.0065,13.0482,681000
1995-09-19 16:00:00-04:00,0.0,13.0482,12.7147,12.8815,764601
1995-09-20 16:00:00-04:00,0.0,12.9648,12.7564,12.7564,819399
1995-09-21 16:00:00-04:00,0.0,12.8815,12.7564,12.7981,900801
1995-09-22 16:00:00-04:00,0.0,12.8398,12.6313,12.7564,1108599
1995-09-25 16:00:00-04:00,0.0,12.9648,12.7564,12.9648,842601
1995-09-26 16:00:00-04:00,0.0,13.0065,12.8398,12.9232,1549599
1995-09-27 16:00:00-04:00,0.0,12.9648,12.7981,12.7981,1560801
1995-09-28 16:00:00-04:00,0.0,12.9648,12.7564,12.9648,827799
1995-09-29 16:00:00-04:00,0.0,13.0065,12.9232,13.0065,344601
1995-10-02 16:00:00-04:00,0.0,13.0482,12.9232,12.9648,265599
1995-10-03 16:00:00-04:00,0.0,13.2358,12.7981,13.215,754200
1995-10-04 16:00:00-04:00,0.0,13.215,12.9648,13.1733,1509399
1995-10-05 16:00:00-04:00,0.0,13.1733,13.0065,13.0065,1043199
1995-10-06 16:00:00-04:00,0.0,13.0482,12.9232,12.9648,637800
1995-10-09 16:00:00-04:00,0.0,12.9232,12.673,12.7564,1070199
1995-10-10 16:00:00-04:00,0.0,12.7147,12.5063,12.548,1366200
1995-10-11 16:00:00-04:00,0.0,12.7147,12.548,12.673,829401
1995-10-12 16:00:00-04:00,0.0,12.9232,12.6313,12.8815,758400
1995-10-13 16:00:00-04:00,0.0,13.0482,12.8815,12.9648,684000
1995-10-16 16:00:00-04:00,0.0,13.0899,12.9648,13.0482,637200
1995-10-17 16:00:00-04:00,0.0,13.34,13.0899,13.34,629400
1995-10-18 16:00:00-04:00,0.0,13.5068,13.34,13.34,846399
1995-10-19 16:00:00-04:00,0.0,13.4234,13.215,13.2567,864399
1995-10-20 16:00:00-04:00,0.0,13.5485,13.34,13.5485,633201
1995-10-23 16:00:00-04:00,0.0,13.4651,13.2567,13.2983,421599
1995-10-24 16:00:00-04:00,0.0,13.34,13.2567,13.34,330201
1995-10-25 16:00:00-04:00,0.0,13.4651,12.8398,12.8815,1252800
1995-10-26 16:00:00-04:00,0.0,13.1316,12.7981,12.9232,888999
1995-10-27 16:00:00-04:00,0.0,13.0065,12.7147,13.0065,1252200
1995-10-30 16:00:00-05:00,0.0,13.0899,12.9648,13.0065,479400
1995-10-31 16:00:00-05:00,0.0,13.0482,12.8815,12.8815,2267799
1995-11-01 16:00:00-05:00,0.0,13.1733,12.8815,13.1733,1807200
1995-11-02 16:00:00-05:00,0.0,13.1733,13.0482,13.1733,233001
1995-11-03 16:00:00-05:00,0.0,13.215,12.9232,13.0065,443799
1995-11-06 16:00:00-05:00,0.0,13.0899,12.9648,13.0482,477399
1995-11-07 16:00:00-05:00,0.0,13.0482,12.8815,13.0065,1742799
1995-11-08 16:00:00-05:00,0.0,13.1733,13.0065,13.1316,267801
1995-11-09 16:00:00-05:00,0.0,13.2983,12.9648,13.0065,944199
1995-11-10 16:00:00-05:00,0.0,13.215,13.0899,13.1733,714600
1995-11-13 16:00:00-05:00,0.0,13.215,13.0899,13.1733,489399
1995-11-14 16:00:00-05:00,0.0,13.4651,13.215,13.4651,939999
1995-11-15 16:00:00-05:00,0.0,13.5068,13.3817,13.4234,720600
1995-11-16 16:00:00-05:00,0.0,13.6735,13.3817,13.6735,863199
1995-11-17 16:00:00-05:00,0.0,13.9653,13.7569,13.9653,1348401
1995-11-20 16:00:00-05:00,0.0,14.2988,14.007,14.0904,809799
1995-11-21 16:00:00-05:00,0.0,14.1321,13.7569,13.882,760200
1995-11-22 16:00:00-05:00,0.0,14.007,13.7986,13.9653,452799
1995-11-24 16:00:00-05:00,0.0,13.9653,13.7986,13.882,128001
1995-11-27 16:00:00-05:00,0.0,14.0904,13.7569,14.007,803199
1995-11-28 16:00:00-05:00,0.0,14.007,13.9237,14.007,478200
1995-11-29 16:00:00-05:00,0.0,14.0904,13.9237,14.0904,1006599
1995-11-30 16:00:00-05:00,0.0,14.2988,13.9237,14.007,389001
1995-12-01 16:00:00-05:00,0.0,14.2155,14.007,14.2155,473199
1995-12-04 16:00:00-05:00,0.0,14.2988,14.0487,14.2572,521199
1995-12-05 16:00:00-05:00,0.0,14.2572,14.007,14.0904,566400
1995-12-06 16:00:00-05:00,0.0,14.2572,14.007,14.2155,641001
1995-12-07 16:00:00-05:00,0.0,14.5907,14.1738,14.549,753600
1995-12-08 16:00:00-05:00,0.0,14.5907,14.4239,14.5073,746001
1995-12-11 16:00:00-05:00,0.0,14.674,14.4239,14.674,610401
1995-12-12 16:00:00-05:00,0.0,14.8408,14.5907,14.8408,612000
1995-12-13 16:00:00-05:00,0.0,14.7574,14.4239,14.5073,1076799
1995-12-14 16:00:00-05:00,0.0,14.5907,14.2988,14.3405,740001
1995-12-15 16:00:00-05:00,0.0,14.5073,14.2988,14.4239,1386801
1995-12-18 16:00:00-05:00,0.0,14.3822,14.1321,14.1738,704001
1995-12-19 16:00:00-05:00,0.0,14.5073,13.9237,14.5073,572400
1995-12-20 16:00:00-05:00,0.0,14.5073,14.2155,14.2155,594000
1995-12-21 16:00:00-05:00,0.0,14.5073,14.2155,14.4239,416799
1995-12-22 16:00:00-05:00,0.0,14.6323,14.4239,14.549,531999
1995-12-26 16:00:00-05:00,0.0,14.7157,14.4656,14.7157,401799
1995-12-27 16:00:00-05:00,0.0,14.674,14.4656,14.674,653601
1995-12-28 16:00:00-05:00,0.0,14.674,14.5907,14.6323,446799
1995-12-29 16:00:00-05:00,0.0,14.7157,14.5073,14.6323,500199
1996-01-02 16:00:00-05:00,0.0,14.8408,14.5073,14.7574,648000
1996-01-03 16:00:00-05:00,0.0,14.7991,14.549,14.549,400200
1996-01-04 16:00:00-05:00,0.0,14.6323,14.3822,14.4239,586599
1996-01-05 16:00:00-05:00,0.0,14.3822,14.2572,14.2988,563400
1996-01-08 16:00:00-05:00,0.0,14.3405,14.2155,14.2988,215199
1996-01-09 16:00:00-05:00,0.0,14.5907,14.2572,14.2572,1415199
1996-01-10 16:00:00-05:00,0.0,14.5907,14.1738,14.2572,808599
1996-01-11 16:00:00-05:00,0.0,14.3405,14.1738,14.2988,584799
1996-01-12 16:00:00-05:00,0.0,14.5073,14.2988,14.4656,2378400
1996-01-15 16:00:00-05:00,0.0,14.6323,14.4239,14.5907,649800
1996-01-16 16:00:00-05:00,0.0,14.6323,14.4656,14.5073,657201
1996-01-17 16:00:00-05:00,0.0,14.8408,14.4656,14.674,851001
1996-01-18 16:00:00-05:00,0.0,14.8408,14.5907,14.674,852201
1996-01-19 16:00:00-05:00,0.0,14.674,14.4656,14.549,1337001
1996-01-22 16:00:00-05:00,0.0,14.549,14.2988,14.549,777000
1996-01-23 16:00:00-05:00,0.0,14.9658,14.5073,14.9242,600801
1996-01-24 16:00:00-05:00,0.0,15.1743,14.7991,15.1743,1286001
1996-01-25 16:00:00-05:00,0.0,15.1743,14.8408,14.9658,466599
1996-01-26 16:00:00-05:00,0.0,15.4244,14.7574,15.4244,945201
1996-01-29 16:00:00-05:00,0.0,15.6328,15.2577,15.2993,649401
1996-01-30 16:00:00-05:00,0.0,15.5078,15.216,15.5078,611400
1996-01-31 16:00:00-05:00,0.0,15.7162,15.4244,15.7162,1116999
1996-02-01 16:00:00-05:00,0.0,16.0914,15.7996,16.008,851199
1996-02-02 16:00:00-05:00,0.0,16.0914,15.9247,16.0497,668400
1996-02-05 16:00:00-05:00,0.0,16.0497,15.8413,15.9663,630600
1996-02-06 16:00:00-05:00,0.0,15.9247,15.6745,15.8413,583200
1996-02-07 16:00:00-05:00,0.0,15.883,15.7579,15.8413,599799
1996-02-08 16:00:00-05:00,0.0,16.2582,15.8413,16.2165,1929000
1996-02-09 16:00:00-05:00,0.0,16.55,16.1748,16.4666,1320600
1996-02-12 16:00:00-05:00,0.0,16.5083,16.1331,16.1748,1472799
1996-02-13 16:00:00-05:00,0.0,16.5083,16.1331,16.4249,1798599
1996-02-14 16:00:00-05:00,0.0,16.5917,16.2998,16.3415,1004199
1996-02-15 16:00:00-05:00,0.0,16.55,16.3415,16.5083,1018599
1996-02-16 16:00:00-05:00,0.0,16.5083,16.2998,16.2998,717600
1996-02-20 16:00:00-05:00,0.0,16.1748,16.0497,16.0914,618600
1996-02-21 16:00:00-05:00,0.0,16.3415,15.9663,16.3415,756600
1996-02-22 16:00:00-05:00,0.0,16.5083,16.2998,16.5083,587199
1996-02-23 16:00:00-05:00,0.0,16.7584,16.0914,16.5083,1064400
1996-02-26 16:00:00-05:00,0.0,16.5917,16.2582,16.3832,657600
1996-02-27 16:00:00-05:00,0.0,16.3415,16.0914,16.2165,772800
1996-02-28 16:00:00-05:00,0.0,16.2582,15.9247,15.9247,836199
1996-02-29 16:00:00-05:00,0.0,15.9247,15.5495,15.8413,855801
1996-03-01 16:00:00-05:00,0.0,15.9663,15.5495,15.9663,657600
1996-03-04 16:00:00-05:00,0.0,16.5083,16.1331,16.3415,1333200
1996-03-05 16:00:00-05:00,0.0,16.3415,16.2165,16.2998,480000
1996-03-06 16:00:00-05:00,0.0,16.3415,16.008,16.008,635601
1996-03-07 16:00:00-05:00,0.0,16.2165,15.883,16.1748,1064199
1996-03-08 16:00:00-05:00,0.0,16.1331,15.5912,15.6328,716001
1996-03-11 16:00:00-05:00,0.0,16.0497,15.6328,15.9247,629601
1996-03-12 16:00:00-05:00,0.0,16.0497,15.8413,16.008,1373601
1996-03-13 16:00:00-05:00,0.0,16.0914,15.883,16.0497,682800
1996-03-14 16:00:00-05:00,0.0,16.675,15.9663,16.55,1075599
1996-03-15 16:00:00-05:00,0.0,16.55,16.3415,16.5083,1067799
1996-03-18 16:00:00-05:00,0.0,16.7584,16.55,16.675,826401
1996-03-19 16:00:00-05:00,0.0,17.0919,16.7167,17.0085,1288800
1996-03-20 16:00:00-05:00,0.0,17.0085,16.5917,16.8835,777201
1996-03-21 16:00:00-05:00,0.0,16.8835,16.675,16.7167,788400
1996-03-22 16:00:00-05:00,0.0,16.7584,16.5083,16.5083,983199
1996-03-25 16:00:00-05:00,0.0,16.55,16.4666,16.4666,707601
1996-03-26 16:00:00-05:00,0.0,16.675,16.2998,16.55,1099800
1996-03-27 16:00:00-05:00,0.0,16.8001,16.55,16.7167,1455201
1996-03-28 16:00:00-05:00,0.0,16.9252,16.5917,16.8001,826401
1996-03-29 16:00:00-05:00,0.0,16.9668,16.8001,16.8001,820401
1996-04-01 16:00:00-05:00,0.0,17.1753,16.6333,17.0919,562200
1996-04-02 16:00:00-05:00,0.0,17.1336,16.8835,16.9668,430200
1996-04-03 16:00:00-05:00,0.0,16.9668,16.5917,16.7584,1266201
1996-04-04 16:00:00-05:00,0.0,17.0502,16.8001,17.0502,695601
1996-04-08 16:00:00-04:00,0.0,16.8418,16.55,16.6333,705201
1996-04-09 16:00:00-04:00,0.0,16.8001,16.5083,16.6333,1024599
1996-04-10 16:00:00-04:00,0.0,16.675,16.3832,16.3832,594999
1996-04-11 16:00:00-04:00,0.0,16.5083,16.1748,16.2998,1945800
1996-04-12 16:00:00-04:00,0.0,16.2998,16.0914,16.2582,755400
1996-04-15 16:00:00-04:00,0.0,16.4666,16.1331,16.2165,1143000
1996-04-16 16:00:00-04:00,0.0,16.5083,16.2165,16.3832,719601
1996-04-17 16:00:00-04:00,0.0,16.3415,16.0914,16.2165,571200
1996-04-18 16:00:00-04:00,0.0,16.6333,16.3832,16.4249,814599
1996-04-19 16:00:00-04:00,0.0,16.5083,16.3832,16.4249,784200
1996-04-22 16:00:00-04:00,0.0,16.675,16.4249,16.5917,615201
1996-04-23 16:00:00-04:00,0.0,16.7584,16.55,16.7584,674400
1996-04-24 16:00:00-04:00,0.0,17.1336,16.7584,17.0502,976401
1996-04-25 16:00:00-04:00,0.0,17.217,17.0085,17.217,882801
1996-04-26 16:00:00-04:00,0.0,17.217,16.9668,17.0502,890601
1996-04-29 16:00:00-04:00,0.0,17.0919,17.0085,17.0085,733800
1996-04-30 16:00:00-04:00,0.0,17.1753,16.9668,17.0502,414999
1996-05-01 16:00:00-04:00,0.0,17.1336,17.0085,17.0502,791001
1996-05-02 16:00:00-04:00,0.0,17.0919,16.9252,16.9252,375801
1996-05-03 16:00:00-04:00,0.0,16.8835,16.55,16.6333,679800
1996-05-06 16:00:00-04:00,0.0,16.675,16.3832,16.55,659601
1996-05-07 16:00:00-04:00,0.0,16.8835,16.5083,16.8835,449199
1996-05-08 16:00:00-04:00,0.0,16.8835,16.4666,16.7584,765600
1996-05-09 16:00:00-04:00,0.0,16.7584,16.55,16.5917,456000
1996-05-10 16:00:00-04:00,0.0,16.9252,16.675,16.8001,519600
1996-05-13 16:00:00-04:00,0.0,17.1336,16.8001,17.1336,357801
1996-05-14 16:00:00-04:00,0.0,17.5088,17.0502,17.4671,1110999
1996-05-15 16:00:00-04:00,0.0,17.4671,17.2587,17.3837,544599
1996-05-16 16:00:00-04:00,0.0,17.3003,17.1753,17.217,334599
1996-05-17 16:00:00-04:00,0.0,17.2587,17.0919,17.1336,610401
1996-05-20 16:00:00-04:00,0.0,17.2587,17.0502,17.217,644601
1996-05-21 16:00:00-04:00,0.0,17.4671,17.1753,17.3003,492600
1996-05-22 16:00:00-04:00,0.0,17.3003,17.0919,17.3003,1001199
1996-05-23 16:00:00-04:00,0.0,17.4254,17.1753,17.3003,469599
1996-05-24 16:00:00-04:00,0.0,17.8006,17.342,17.7172,838599
1996-05-28 16:00:00-04:00,0.0,17.6755,16.9252,17.1753,720600
1996-05-29 16:00:00-04:00,0.0,17.0919,16.7584,16.8001,562800
1996-05-30 16:00:00-04:00,0.0,17.0502,16.7584,17.0502,695400
1996-05-31 16:00:00-04:00,0.0,17.0502,16.7167,16.7584,457599
1996-06-03 16:00:00-04:00,0.0,16.675,16.3832,16.5083,849801
1996-06-04 16:00:00-04:00,0.0,16.6333,16.4249,16.4666,583599
1996-06-05 16:00:00-04:00,0.0,16.5917,16.3832,16.55,667800
1996-06-06 16:00:00-04:00,0.0,16.55,15.6745,16.3832,1321800
1996-06-07 16:00:00-04:00,0.0,16.5083,16.0914,16.3415,648201
1996-06-10 16:00:00-04:00,0.0,16.4249,16.0914,16.1331,569199
1996-06-11 16:00:00-04:00,0.0,16.0914,15.4661,15.5912,2076201
1996-06-12 16:00:00-04:00,0.0,16.2582,15.9663,16.008,1679400
1996-06-13 16:00:00-04:00,0.0,16.0914,15.8413,15.883,827199
1996-06-14 16:00:00-04:00,0.0,16.008,15.8413,15.9247,1049199
1996-06-17 16:00:00-04:00,0.0,16.0497,15.9247,16.008,720201
1996-06-18 16:00:00-04:00,0.0,16.3415,16.0497,16.2582,786801
1996-06-19 16:00:00-04:00,0.0,16.2165,15.9663,16.0497,973599
1996-06-20 16:00:00-04:00,0.0,16.2165,15.9247,15.9247,552399
1996-06-21 16:00:00-04:00,0.0,16.4249,15.9247,16.4249,1154199
1996-06-24 16:00:00-04:00,0.0,16.5917,16.2998,16.4666,594000
1996-06-25 16:00:00-04:00,0.0,16.5083,16.2998,16.4666,464799
1996-06-26 16:00:00-04:00,0.0,16.675,16.5083,16.6333,699201
1996-06-27 16:00:00-04:00,0.0,16.55,16.1748,16.3832,899001
1996-06-28 16:00:00-04:00,0.0,16.5917,16.4249,16.5083,757200
1996-07-01 16:00:00-04:00,0.0,16.55,16.3832,16.4249,1364400
1996-07-02 16:00:00-04:00,0.0,16.4666,16.3415,16.4666,672201
1996-07-03 16:00:00-04:00,0.0,16.4666,16.2998,16.3415,726000
1996-07-05 16:00:00-04:00,0.0,16.2582,15.7996,15.8413,452799
1996-07-08 16:00:00-04:00,0.0,16.1331,15.7579,16.0497,729600
1996-07-09 16:00:00-04:00,0.0,16.3415,16.008,16.1748,465600
1996-07-10 16:00:00-04:00,0.0,16.5917,16.1331,16.5083,819201
1996-07-11 16:00:00-04:00,0.0,16.5083,16.2582,16.3832,600801
1996-07-12 16:00:00-04:00,0.0,16.6333,16.2165,16.6333,579399
1996-07-15 16:00:00-04:00,0.0,16.9252,16.5083,16.55,1239600
1996-07-16 16:00:00-04:00,0.0,16.3832,15.5078,16.2998,1304400
1996-07-17 16:00:00-04:00,0.0,16.5083,16.1748,16.1748,1749000
1996-07-18 16:00:00-04:00,0.0,16.2998,15.9663,16.2165,622401
1996-07-19 16:00:00-04:00,0.0,16.2998,16.0497,16.1748,552399
1996-07-22 16:00:00-04:00,0.0,16.1331,15.883,15.883,651000
1996-07-23 16:00:00-04:00,0.0,16.008,15.7579,15.7579,1439799
1996-07-24 16:00:00-04:00,0.0,15.883,15.6328,15.7579,683001
1996-07-25 16:00:00-04:00,0.0,16.0914,15.7579,15.9247,481599
1996-07-26 16:00:00-04:00,0.0,16.008,15.7996,15.8413,254001
1996-07-29 16:00:00-04:00,0.0,15.8413,15.6328,15.6328,352401
1996-07-30 16:00:00-04:00,0.0,15.6328,15.2577,15.3827,1419801
1996-07-31 16:00:00-04:00,0.0,15.4244,15.2577,15.2577,844401
1996-08-01 16:00:00-04:00,0.0,15.9247,15.2577,15.7579,647400
1996-08-02 16:00:00-04:00,0.0,16.0497,15.7996,16.008,403599
1996-08-05 16:00:00-04:00,0.0,16.1748,16.008,16.1748,526800
1996-08-06 16:00:00-04:00,0.0,16.3832,16.1331,16.2998,622800
1996-08-07 16:00:00-04:00,0.0,16.4249,16.008,16.1331,395601
1996-08-08 16:00:00-04:00,0.0,16.2165,16.008,16.0497,467400
1996-08-09 16:00:00-04:00,0.0,16.0914,15.9247,16.0497,416799
1996-08-12 16:00:00-04:00,0.0,16.9252,16.1748,16.5917,2340600
1996-08-13 16:00:00-04:00,0.0,16.675,16.2998,16.3832,649200
1996-08-14 16:00:00-04:00,0.0,17.0085,16.3832,17.0085,1170999
1996-08-15 16:00:00-04:00,0.0,17.217,16.9252,17.0919,609000
1996-08-16 16:00:00-04:00,0.0,17.217,17.0085,17.0919,639201
1996-08-19 16:00:00-04:00,0.0,17.217,17.0502,17.0919,569199
1996-08-20 16:00:00-04:00,0.0,17.0502,16.9252,17.0085,543000
1996-08-21 16:00:00-04:00,0.0,16.8418,16.7167,16.7584,510999
1996-08-22 16:00:00-04:00,0.0,17.217,16.7584,17.1753,591600
1996-08-23 16:00:00-04:00,0.0,17.342,17.1336,17.3003,933999
1996-08-26 16:00:00-04:00,0.0,17.3003,17.0085,17.0502,346401
1996-08-27 16:00:00-04:00,0.0,17.1336,16.9252,17.0085,419799
1996-08-28 16:00:00-04:00,0.0,17.0085,16.675,16.7584,807999
1996-08-29 16:00:00-04:00,0.0,16.7167,16.6333,16.7167,541200
1996-08-30 16:00:00-04:00,0.0,16.7584,16.6333,16.6333,482400
1996-09-03 16:00:00-04:00,0.0,17.0085,16.4666,16.9668,709200
1996-09-04 16:00:00-04:00,0.0,16.9252,16.6333,16.8001,579999
1996-09-05 16:00:00-04:00,0.0,16.8418,16.6333,16.675,752400
1996-09-06 16:00:00-04:00,0.0,16.8001,16.55,16.675,674001
1996-09-09 16:00:00-04:00,0.0,16.7584,16.6333,16.7584,721401
1996-09-10 16:00:00-04:00,0.0,17.0502,16.7584,16.8835,913599
1996-09-11 16:00:00-04:00,0.0,17.1336,16.8418,17.0502,1412199
1996-09-12 16:00:00-04:00,0.0,17.217,17.0085,17.1753,1159200
1996-09-13 16:00:00-04:00,0.0,17.3837,17.1753,17.217,779601
1996-09-16 16:00:00-04:00,0.0,17.2587,17.1336,17.1336,814401
1996-09-17 16:00:00-04:00,0.0,17.217,17.1336,17.217,932001
1996-09-18 16:00:00-04:00,0.0,17.3003,17.1336,17.1753,632601
1996-09-19 16:00:00-04:00,0.0,17.4254,17.0919,17.1753,855999
1996-09-20 16:00:00-04:00,0.0,17.3003,16.8835,16.9668,1089999
1996-09-23 16:00:00-04:00,0.0,17.1753,16.8418,17.1336,951399
1996-09-24 16:00:00-04:00,0.0,17.3837,17.1336,17.217,763200
1996-09-25 16:00:00-04:00,0.0,17.1753,16.8835,17.0085,818199
1996-09-26 16:00:00-04:00,0.0,17.0919,16.7584,16.7584,743400
1996-09-27 16:00:00-04:00,0.0,17.0502,16.3832,17.0085,1647600
1996-09-30 16:00:00-04:00,0.0,17.0502,16.9252,17.0085,583800
1996-10-01 16:00:00-04:00,0.0,17.1753,16.7584,16.8418,902199
1996-10-02 16:00:00-04:00,0.0,17.0085,16.6333,16.675,978201
1996-10-03 16:00:00-04:00,0.0,16.8835,16.675,16.8418,686601
1996-10-04 16:00:00-04:00,0.0,16.9668,16.675,16.8418,758001
1996-10-07 16:00:00-04:00,0.0,16.9668,16.7167,16.9252,501000
1996-10-08 16:00:00-04:00,0.0,17.342,16.8835,17.1753,660801
1996-10-09 16:00:00-04:00,0.0,17.2587,17.0085,17.0085,463200
1996-10-10 16:00:00-04:00,0.0,17.0085,16.7167,16.7584,280599
1996-10-11 16:00:00-04:00,0.0,17.217,16.8001,17.0085,789000
1996-10-14 16:00:00-04:00,0.0,17.3003,16.9668,17.0919,553599
1996-10-15 16:00:00-04:00,0.0,17.8423,17.1336,17.5922,1300800
1996-10-16 16:00:00-04:00,0.0,17.7172,17.3003,17.7172,900801
1996-10-17 16:00:00-04:00,0.0,18.5927,17.7589,18.5093,2015199
1996-10-18 16:00:00-04:00,0.0,18.4676,18.009,18.3425,1576401
1996-10-21 16:00:00-04:00,0.0,18.3425,17.884,17.9257,744201
1996-10-22 16:00:00-04:00,0.0,17.884,17.342,17.5505,1664400
1996-10-23 16:00:00-04:00,0.0,17.5505,17.217,17.4254,1174200
1996-10-24 16:00:00-04:00,0.0,17.5505,17.3837,17.5505,1090200
1996-10-25 16:00:00-04:00,0.0,17.6755,17.3837,17.4254,885201
1996-10-28 16:00:00-05:00,0.0,17.5922,17.2587,17.342,651000
1996-10-29 16:00:00-05:00,0.0,17.5505,17.3837,17.4671,682401
1996-10-30 16:00:00-05:00,0.0,17.6755,17.5088,17.5505,480000
1996-10-31 16:00:00-05:00,0.0,17.884,17.3837,17.4254,822201
1996-11-01 16:00:00-05:00,0.0,17.5088,17.0919,17.1753,1640799
1996-11-04 16:00:00-05:00,0.0,17.1753,16.9668,17.1336,528000
1996-11-05 16:00:00-05:00,0.0,17.3003,16.9252,16.9252,1778799
1996-11-06 16:00:00-05:00,0.0,16.7584,16.55,16.6333,1874601
1996-11-07 16:00:00-05:00,0.0,16.7167,16.2582,16.2582,1520001
1996-11-08 16:00:00-05:00,0.0,16.5917,15.8413,16.4249,1641999
1996-11-11 16:00:00-05:00,0.0,16.7167,16.5083,16.5917,1208601
1996-11-12 16:00:00-05:00,0.0,16.675,16.4666,16.5083,1293801
1996-11-13 16:00:00-05:00,0.0,17.1753,16.7167,17.1336,1549599
1996-11-14 16:00:00-05:00,0.0,17.4671,17.0502,17.4671,1382001
1996-11-15 16:00:00-05:00,0.0,17.8006,17.4671,17.5505,1499799
1996-11-18 16:00:00-05:00,0.0,17.5922,17.2587,17.4671,764400
1996-11-19 16:00:00-05:00,0.0,17.6338,17.3837,17.6338,501000
1996-11-20 16:00:00-05:00,0.0,17.7172,17.3837,17.3837,869799
1996-11-21 16:00:00-05:00,0.0,17.4671,17.3003,17.342,785001
1996-11-22 16:00:00-05:00,0.0,17.6338,17.3837,17.5088,1448601
1996-11-25 16:00:00-05:00,0.0,19.5098,18.4676,18.9678,4135599
1996-11-26 16:00:00-05:00,0.0,19.1763,18.6343,19.1763,2529801
1996-11-27 16:00:00-05:00,0.0,19.1346,18.8011,18.8845,1003200
1996-11-29 16:00:00-05:00,0.0,18.8011,18.6343,18.7177,387999
1996-12-02 16:00:00-05:00,0.0,18.9678,18.4676,18.7594,863601
1996-12-03 16:00:00-05:00,0.0,18.9678,18.5927,18.7594,1410399
1996-12-04 16:00:00-05:00,0.0,19.0929,18.6343,19.0929,1178199
1996-12-05 16:00:00-05:00,0.0,19.0512,18.9262,18.9262,503799
1996-12-06 16:00:00-05:00,0.0,19.0929,18.3425,18.8845,1134399
1996-12-09 16:00:00-05:00,0.0,18.9678,18.7594,18.8845,493800
1996-12-10 16:00:00-05:00,0.0,18.9262,18.7177,18.7594,656001
1996-12-11 16:00:00-05:00,0.0,18.676,18.3842,18.3842,1490799
1996-12-12 16:00:00-05:00,0.0,18.3425,18.0507,18.1758,2061801
1996-12-13 16:00:00-05:00,0.0,18.5093,18.1341,18.3842,789000
1996-12-16 16:00:00-05:00,0.0,18.5927,18.2592,18.2592,1111200
1996-12-17 16:00:00-05:00,0.0,18.3842,18.1341,18.3008,601401
1996-12-18 16:00:00-05:00,0.0,18.551,18.2592,18.3425,917001
1996-12-19 16:00:00-05:00,0.0,18.5093,18.1758,18.4676,852201
1996-12-20 16:00:00-05:00,0.0,19.1763,18.5927,19.0929,1719999
1996-12-23 16:00:00-05:00,0.0,19.1763,18.8011,19.0095,416400
1996-12-24 16:00:00-05:00,0.0,19.0095,18.8428,18.9678,207399
1996-12-26 16:00:00-05:00,0.0,19.0095,18.8845,19.0095,372201
1996-12-27 16:00:00-05:00,0.0,19.0512,18.8845,19.0095,423600
1996-12-30 16:00:00-05:00,0.0,19.0095,18.676,18.8845,436200
1996-12-31 16:00:00-05:00,0.0,18.875,18.4375,18.75,412200
1997-01-02 16:00:00-05:00,0.0,18.875,18.0625,18.1875,723400
1997-01-03 16:00:00-05:00,0.0,18.875,18.1875,18.5,1073800
1997-01-06 16:00:00-05:00,0.0,18.75,18.4375,18.75,676800
1997-01-07 16:00:00-05:00,0.0,19.125,18.4375,19.125,595800
1997-01-08 16:00:00-05:00,0.0,19.4375,19.0625,19.3125,609200
1997-01-09 16:00:00-05:00,0.0,19.8125,18.9375,19.6875,959000
1997-01-10 16:00:00-05:00,0.0,20.4375,19.5625,20.3125,1520200
1997-01-13 16:00:00-05:00,0.0,20.125,19.625,19.8125,1277800
1997-01-14 16:00:00-05:00,0.0,20.4375,19.875,20.375,825000
1997-01-15 16:00:00-05:00,0.0,20.3125,20.0,20.125,743400
1997-01-16 16:00:00-05:00,0.0,20.375,19.9375,20.25,688800
1997-01-17 16:00:00-05:00,0.0,20.4375,19.875,20.3125,1691200
1997-01-20 16:00:00-05:00,0.0,20.375,20.1875,20.375,748800
1997-01-21 16:00:00-05:00,0.0,21.0,20.1875,20.5625,1100200
1997-01-22 16:00:00-05:00,0.0,20.5625,19.625,20.25,2595400
1997-01-23 16:00:00-05:00,0.0,20.375,19.9375,20.0625,1059200
1997-01-24 16:00:00-05:00,0.0,20.1875,19.8125,19.9375,908600
1997-01-27 16:00:00-05:00,0.0,20.25,19.8125,19.875,562600
1997-01-28 16:00:00-05:00,0.0,20.125,19.75,19.8125,702800
1997-01-29 16:00:00-05:00,0.0,20.25,19.75,20.0,810400
1997-01-30 16:00:00-05:00,0.0,20.125,19.9375,20.125,254400
1997-01-31 16:00:00-05:00,0.0,20.375,20.0,20.0,484400
1997-02-03 16:00:00-05:00,0.0,20.0625,19.875,19.9375,619000
1997-02-04 16:00:00-05:00,0.0,19.9375,19.6875,19.8125,453000
1997-02-05 16:00:00-05:00,0.0,19.875,19.625,19.75,825600
1997-02-06 16:00:00-05:00,0.0,19.9375,19.1875,19.375,698800
1997-02-07 16:00:00-05:00,0.0,19.9375,19.1875,19.3125,811800
1997-02-10 16:00:00-05:00,0.0,19.4375,19.0625,19.4375,1230200
1997-02-11 16:00:00-05:00,0.0,20.125,19.5625,19.75,1260400
1997-02-12 16:00:00-05:00,0.0,20.125,19.5625,19.9375,867600
1997-02-13 16:00:00-05:00,0.0,20.0,19.8125,19.9375,755600
1997-02-14 16:00:00-05:00,0.0,20.875,20.0,20.6875,2235000
1997-02-18 16:00:00-05:00,0.0,21.1875,20.5625,21.1875,2011800
1997-02-19 16:00:00-05:00,0.0,21.125,20.6875,20.9375,929800
1997-02-20 16:00:00-05:00,0.0,20.9375,20.5625,20.8125,1068400
1997-02-21 16:00:00-05:00,0.0,20.9375,20.625,20.8125,833600
1997-02-24 16:00:00-05:00,0.0,21.3125,20.75,21.25,1279600
1997-02-25 16:00:00-05:00,0.0,21.25,20.6875,20.75,626600
1997-02-26 16:00:00-05:00,0.0,20.875,20.375,20.625,741200
1997-02-27 16:00:00-05:00,0.0,22.0,20.75,21.3125,2928600
1997-02-28 16:00:00-05:00,0.0,22.25,21.3125,21.9375,1637600
1997-03-03 16:00:00-05:00,0.0,21.875,21.4375,21.875,880200
1997-03-04 16:00:00-05:00,0.0,23.25,21.75,22.9375,1735800
1997-03-05 16:00:00-05:00,0.0,22.875,22.1875,22.75,1946800
1997-03-06 16:00:00-05:00,0.0,22.625,21.9375,22.25,1416000
1997-03-07 16:00:00-05:00,0.0,22.6875,21.6875,22.375,1789800
1997-03-10 16:00:00-05:00,0.0,23.0625,22.25,22.75,1115600
1997-03-11 16:00:00-05:00,0.0,23.125,22.75,22.8125,1152600
1997-03-12 16:00:00-05:00,0.0,23.0625,22.625,22.6875,841400
1997-03-13 16:00:00-05:00,0.0,22.75,22.1875,22.5625,808000
1997-03-14 16:00:00-05:00,0.0,23.6875,22.5625,23.375,1254200
1997-03-17 16:00:00-05:00,0.0,23.375,22.6875,22.9375,984600
1997-03-18 16:00:00-05:00,0.0,23.0625,22.625,22.875,919200
1997-03-19 16:00:00-05:00,0.0,23.0,22.5625,22.6875,743400
1997-03-20 16:00:00-05:00,0.0,22.8125,22.625,22.6875,1025600
1997-03-21 16:00:00-05:00,0.0,23.0,22.75,23.0,1002200
1997-03-24 16:00:00-05:00,0.0,22.9375,22.75,22.875,921800
1997-03-25 16:00:00-05:00,0.0,23.5625,22.8125,23.25,1331600
1997-03-26 16:00:00-05:00,0.0,23.375,22.875,23.3125,644600
1997-03-27 16:00:00-05:00,0.0,23.375,22.5,22.6875,1037000
1997-03-31 16:00:00-05:00,0.0,22.8125,22.25,22.3125,921400
1997-04-01 16:00:00-05:00,0.0,22.375,21.875,22.3125,524800
1997-04-02 16:00:00-05:00,0.0,22.3125,21.8125,21.8125,510200
1997-04-03 16:00:00-05:00,0.0,21.6875,20.9375,21.5,995600
1997-04-04 16:00:00-05:00,0.0,21.8125,21.25,21.8125,588800
1997-04-07 16:00:00-04:00,0.0,22.625,21.9375,22.4375,1205600
1997-04-08 16:00:00-04:00,0.0,22.6875,22.375,22.6875,827200
1997-04-09 16:00:00-04:00,0.0,23.3125,22.75,23.25,907800
1997-04-10 16:00:00-04:00,0.0,23.6875,23.0625,23.5,1162000
1997-04-11 16:00:00-04:00,0.0,23.25,22.1875,22.1875,757600
1997-04-14 16:00:00-04:00,0.0,22.1875,21.625,22.0625,950000
1997-04-15 16:00:00-04:00,0.0,22.9375,22.0625,22.875,2022000
1997-04-16 16:00:00-04:00,0.0,23.1875,22.5625,23.1875,707000
1997-04-17 16:00:00-04:00,0.0,23.0625,20.75,21.8125,6355200
1997-04-18 16:00:00-04:00,0.0,22.125,21.8125,22.125,2948000
1997-04-21 16:00:00-04:00,0.0,22.125,21.5,21.6875,1272400
1997-04-22 16:00:00-04:00,0.0,21.9375,21.3125,21.6875,2077200
1997-04-23 16:00:00-04:00,0.0,22.0,21.625,21.75,923600
1997-04-24 16:00:00-04:00,0.0,22.125,21.75,21.9375,1597400
1997-04-25 16:00:00-04:00,0.0,22.0625,21.875,22.0,787400
1997-04-28 16:00:00-04:00,0.0,22.25,21.6875,22.0,814600
1997-04-29 16:00:00-04:00,0.0,22.25,21.75,22.125,497200
1997-04-30 16:00:00-04:00,0.0,22.0625,21.8125,22.0,1420800
1997-05-01 16:00:00-04:00,0.0,22.25,21.6875,22.0,673000
1997-05-02 16:00:00-04:00,0.0,22.125,21.75,22.0,1272200
1997-05-05 16:00:00-04:00,0.0,22.5,22.125,22.4375,655800
1997-05-06 16:00:00-04:00,0.0,22.4375,21.9375,22.1875,1242400
1997-05-07 16:00:00-04:00,0.0,22.3125,22.0,22.1875,925600
1997-05-08 16:00:00-04:00,0.0,23.0,22.3125,22.8125,1212600
1997-05-09 16:00:00-04:00,0.0,23.0,22.5,23.0,750800
1997-05-12 16:00:00-04:00,0.0,23.1875,22.6875,22.6875,810800
1997-05-13 16:00:00-04:00,0.0,22.5,22.125,22.3125,633600
1997-05-14 16:00:00-04:00,0.0,22.6875,21.5625,21.875,1026600
1997-05-15 16:00:00-04:00,0.0,22.3125,21.875,21.875,1096400
1997-05-16 16:00:00-04:00,0.0,21.75,21.3125,21.75,1157000
1997-05-19 16:00:00-04:00,0.0,21.9375,21.5,21.625,706800
1997-05-20 16:00:00-04:00,0.0,21.5,21.25,21.375,734400
1997-05-21 16:00:00-04:00,0.0,21.6875,21.1875,21.4375,1201800
1997-05-22 16:00:00-04:00,0.0,21.75,21.1875,21.6875,1211400
1997-05-23 16:00:00-04:00,0.0,21.8125,21.625,21.8125,850400
1997-05-27 16:00:00-04:00,0.0,21.875,21.5,21.8125,1709000
1997-05-28 16:00:00-04:00,0.0,22.125,21.625,22.0,1572800
1997-05-29 16:00:00-04:00,0.0,22.125,21.875,22.0625,729400
1997-05-30 16:00:00-04:00,0.0,22.1875,21.625,22.0625,652800
1997-06-02 16:00:00-04:00,0.0,22.25,21.9375,22.0,491000
1997-06-03 16:00:00-04:00,0.0,22.0625,21.875,22.0625,727200
1997-06-04 16:00:00-04:00,0.0,22.0625,21.75,22.0,834600
1997-06-05 16:00:00-04:00,0.0,22.125,21.75,21.8125,1289200
1997-06-06 16:00:00-04:00,0.0,21.8125,21.4375,21.8125,987800
1997-06-09 16:00:00-04:00,0.0,21.9375,21.25,21.3125,471000
1997-06-10 16:00:00-04:00,0.0,21.1875,19.5625,20.25,6627600
1997-06-11 16:00:00-04:00,0.0,20.3125,19.9375,20.0,3491200
1997-06-12 16:00:00-04:00,0.0,20.25,19.375,20.0,5071400
1997-06-13 16:00:00-04:00,0.0,20.6875,20.125,20.4375,3008600
1997-06-16 16:00:00-04:00,0.0,20.75,20.3125,20.5,1180600
1997-06-17 16:00:00-04:00,0.0,20.625,20.125,20.25,1562200
1997-06-18 16:00:00-04:00,0.0,20.25,20.0,20.0,1303800
1997-06-19 16:00:00-04:00,0.0,20.625,19.9375,20.625,1758200
1997-06-20 16:00:00-04:00,0.0,21.0,20.6875,20.8125,2845600
1997-06-23 16:00:00-04:00,0.0,20.9375,20.4375,20.75,1474200
1997-06-24 16:00:00-04:00,0.0,21.0938,20.625,21.0,1250600
1997-06-25 16:00:00-04:00,0.0,21.1875,20.5625,20.75,1742200
1997-06-26 16:00:00-04:00,0.0,20.875,20.6875,20.8125,1891200
1997-06-27 16:00:00-04:00,0.0,21.3125,20.75,21.3125,1289400
1997-06-30 16:00:00-04:00,0.0,22.0,21.1563,21.875,1156600
1997-07-01 16:00:00-04:00,0.0,22.3125,21.875,21.875,3831000
1997-07-02 16:00:00-04:00,0.0,22.0,21.4688,21.8438,1738200
1997-07-03 16:00:00-04:00,0.0,22.3125,21.875,22.1875,898000
1997-07-07 16:00:00-04:00,0.0,22.9063,22.25,22.375,2022800
1997-07-08 16:00:00-04:00,0.0,22.375,22.125,22.1875,977800
1997-07-09 16:00:00-04:00,0.0,22.375,21.3438,21.5625,1456000
1997-07-10 16:00:00-04:00,0.0,22.125,21.1875,21.875,1286000
1997-07-11 16:00:00-04:00,0.0,22.0,21.5625,21.6563,1168200
1997-07-14 16:00:00-04:00,0.0,22.3125,21.7813,22.1563,1443800
1997-07-15 16:00:00-04:00,0.0,22.5625,21.5625,22.3438,2612400
1997-07-16 16:00:00-04:00,0.0,22.6563,22.3438,22.5313,1080000
1997-07-17 16:00:00-04:00,0.0,22.5625,22.1875,22.375,1245800
1997-07-18 16:00:00-04:00,0.0,22.2813,21.6875,21.9688,830600
1997-07-21 16:00:00-04:00,0.0,22.2188,22.0,22.0625,1062400
1997-07-22 16:00:00-04:00,0.0,22.25,21.8438,22.125,2118000
1997-07-23 16:00:00-04:00,0.0,22.375,22.0625,22.2188,1571000
1997-07-24 16:00:00-04:00,0.0,22.625,22.1875,22.5,1219400
1997-07-25 16:00:00-04:00,0.0,23.0,22.3125,23.0,935400
1997-07-28 16:00:00-04:00,0.0,23.1563,22.8125,22.875,783000
1997-07-29 16:00:00-04:00,0.0,23.0313,22.625,23.0313,599200
1997-07-30 16:00:00-04:00,0.0,23.0625,22.7813,22.8438,882400
1997-07-31 16:00:00-04:00,0.0,22.9688,22.4375,22.875,800600
1997-08-01 16:00:00-04:00,0.0,22.8125,22.2813,22.375,794000
1997-08-04 16:00:00-04:00,0.0,22.5313,22.0938,22.5313,1030800
1997-08-05 16:00:00-04:00,0.0,22.7813,22.4375,22.75,1258600
1997-08-06 16:00:00-04:00,0.0,23.5,22.6875,23.5,1282200
1997-08-07 16:00:00-04:00,0.0,23.6563,23.3438,23.625,772200
1997-08-08 16:00:00-04:00,0.0,23.5313,23.0313,23.1875,779000
1997-08-11 16:00:00-04:00,0.0,23.375,22.9688,23.1563,643000
1997-08-12 16:00:00-04:00,0.0,23.25,22.7813,22.8438,772400
1997-08-13 16:00:00-04:00,0.0,23.0,22.5,23.0,886600
1997-08-14 16:00:00-04:00,0.0,23.125,22.5625,22.8438,792200
1997-08-15 16:00:00-04:00,0.0,22.8125,22.4688,22.4688,710800
1997-08-18 16:00:00-04:00,0.0,22.5313,22.25,22.4063,655400
1997-08-19 16:00:00-04:00,0.0,22.7188,22.3438,22.7188,977600
1997-08-20 16:00:00-04:00,0.0,22.7188,22.4375,22.5625,1029600
1997-08-21 16:00:00-04:00,0.0,22.4375,22.1563,22.1875,924200
1997-08-22 16:00:00-04:00,0.0,22.4063,21.7813,22.25,1042400
1997-08-25 16:00:00-04:00,0.0,22.5625,22.1875,22.4375,770600
1997-08-26 16:00:00-04:00,0.0,23.0938,22.625,23.0313,973000
1997-08-27 16:00:00-04:00,0.0,23.625,22.8125,23.4688,1379600
1997-08-28 16:00:00-04:00,0.0,23.5313,23.0313,23.1875,736600
1997-08-29 16:00:00-04:00,0.0,23.5625,23.0,23.3438,558800
1997-09-02 16:00:00-04:00,0.0,25.125,23.2813,24.5938,1252800
1997-09-03 16:00:00-04:00,0.0,24.75,24.1563,24.2188,1644600
1997-09-04 16:00:00-04:00,0.0,24.2813,23.9375,23.9688,1711400
1997-09-05 16:00:00-04:00,0.0,24.625,24.0,24.375,2343400
1997-09-08 16:00:00-04:00,0.0,25.25,23.7188,24.25,2378000
1997-09-09 16:00:00-04:00,0.0,24.25,23.625,24.0,3206400
1997-09-10 16:00:00-04:00,0.0,23.875,23.6875,23.875,1557400
1997-09-11 16:00:00-04:00,0.0,24.0625,23.3438,23.5,954400
1997-09-12 16:00:00-04:00,0.0,23.8438,23.25,23.8438,1978200
1997-09-15 16:00:00-04:00,0.0,23.9375,23.5,23.8438,1274600
1997-09-16 16:00:00-04:00,0.0,24.4063,23.5938,24.25,1464200
1997-09-17 16:00:00-04:00,0.0,24.4375,23.9688,23.9688,1015800
1997-09-18 16:00:00-04:00,0.0,24.3438,23.9063,24.25,893800
1997-09-19 16:00:00-04:00,0.0,24.375,24.125,24.3438,773800
1997-09-22 16:00:00-04:00,0.0,24.4688,24.1563,24.25,1396600
1997-09-23 16:00:00-04:00,0.0,24.2188,23.75,24.125,804200
1997-09-24 16:00:00-04:00,0.0,24.5,24.0,24.0,613200
1997-09-25 16:00:00-04:00,0.0,24.2813,23.9375,23.9688,683400
1997-09-26 16:00:00-04:00,0.0,24.375,24.0313,24.2188,1105000
1997-09-29 16:00:00-04:00,0.0,24.0625,23.6563,23.8125,809400
1997-09-30 16:00:00-04:00,0.0,23.8125,23.3125,23.4063,1233000
1997-10-01 16:00:00-04:00,0.0,23.375,22.875,23.0938,2259600
1997-10-02 16:00:00-04:00,0.0,23.5313,23.0313,23.5,1065800
1997-10-03 16:00:00-04:00,0.0,24.3438,23.4063,23.9063,2161600
1997-10-06 16:00:00-04:00,0.0,24.0938,23.6563,23.9063,742000
1997-10-07 16:00:00-04:00,0.0,23.875,23.6875,23.875,527400
1997-10-08 16:00:00-04:00,0.0,23.9375,23.5625,23.625,929400
1997-10-09 16:00:00-04:00,0.0,23.75,23.3438,23.625,694800
1997-10-10 16:00:00-04:00,0.0,23.6875,23.4375,23.625,509200
1997-10-13 16:00:00-04:00,0.0,23.9375,23.7188,23.875,421400
1997-10-14 16:00:00-04:00,0.0,24.2188,23.75,23.8125,773200
1997-10-15 16:00:00-04:00,0.0,24.3438,23.625,24.2188,1731200
1997-10-16 16:00:00-04:00,0.0,24.625,24.0938,24.5,1846600
1997-10-17 16:00:00-04:00,0.0,24.375,23.75,24.0625,1215600
1997-10-20 16:00:00-04:00,0.0,24.375,23.7188,24.375,787600
1997-10-21 16:00:00-04:00,0.0,25.625,24.4063,25.5313,2744800
1997-10-22 16:00:00-04:00,0.0,26.5625,25.5313,26.0,2455200
1997-10-23 16:00:00-04:00,0.0,26.0,25.5,26.0,1930200
1997-10-24 16:00:00-04:00,0.0,26.0938,25.6875,26.0,1097800
1997-10-27 16:00:00-05:00,0.0,26.2188,25.25,25.25,1730200
1997-10-28 16:00:00-05:00,0.0,25.9688,24.5,25.8438,2906200
1997-10-29 16:00:00-05:00,0.0,26.0625,25.4688,25.5625,1327800
1997-10-30 16:00:00-05:00,0.0,25.7813,25.3438,25.5313,1657400
1997-10-31 16:00:00-05:00,0.0,25.7188,25.4063,25.4688,1506400
1997-11-03 16:00:00-05:00,0.0,25.8438,25.4063,25.75,603400
1997-11-04 16:00:00-05:00,0.0,25.6875,25.4375,25.5625,471200
1997-11-05 16:00:00-05:00,0.0,25.8125,25.5625,25.5938,610400
1997-11-06 16:00:00-05:00,0.0,25.6563,25.4688,25.6563,625600
1997-11-07 16:00:00-05:00,0.0,25.875,25.4688,25.5625,908200
1997-11-10 16:00:00-05:00,0.0,25.6875,25.5,25.5625,487400
1997-11-11 16:00:00-05:00,0.0,25.625,25.4688,25.5625,565200
1997-11-12 16:00:00-05:00,0.0,25.5313,25.2813,25.4063,554800
1997-11-13 16:00:00-05:00,0.0,25.5313,25.3438,25.4688,704000
1997-11-14 16:00:00-05:00,0.0,26.4688,25.2813,26.3125,1267800
1997-11-17 16:00:00-05:00,0.0,27.0625,26.125,27.0,1029000
1997-11-18 16:00:00-05:00,0.0,27.0,26.5313,26.6563,895400
1997-11-19 16:00:00-05:00,0.0,26.7813,26.3438,26.4375,801400
1997-11-20 16:00:00-05:00,0.0,27.8438,26.5625,27.4063,1136200
1997-11-21 16:00:00-05:00,0.0,28.0,27.0938,27.7188,2444600
1997-11-24 16:00:00-05:00,0.0,27.5625,26.5938,26.9063,4700200
1997-11-25 16:00:00-05:00,0.0,27.0,26.5938,26.625,3321000
1997-11-26 16:00:00-05:00,0.0,26.875,26.125,26.7188,2893000
1997-11-28 16:00:00-05:00,0.0,26.75,26.5938,26.7188,262800
1997-12-01 16:00:00-05:00,0.0,26.8438,26.5,26.5625,1960400
1997-12-02 16:00:00-05:00,0.0,26.7813,26.4375,26.5625,938800
1997-12-03 16:00:00-05:00,0.0,26.5625,26.2813,26.375,1603400
1997-12-04 16:00:00-05:00,0.0,26.4688,26.3438,26.4063,1378800
1997-12-05 16:00:00-05:00,0.0,26.4375,26.1875,26.2188,1151800
1997-12-08 16:00:00-05:00,0.0,26.3438,26.0625,26.2188,756800
1997-12-09 16:00:00-05:00,0.0,26.4063,26.0,26.3438,1692800
1997-12-10 16:00:00-05:00,0.0,26.7813,26.3125,26.7813,1486200
1997-12-11 16:00:00-05:00,0.0,27.0,26.5,26.8438,1103600
1997-12-12 16:00:00-05:00,0.0,27.1875,26.8438,27.1875,1289000
1997-12-15 16:00:00-05:00,0.0,27.6875,27.3125,27.5,1082000
1997-12-16 16:00:00-05:00,0.0,27.8438,27.4063,27.5938,1118200
1997-12-17 16:00:00-05:00,0.0,27.9063,27.5625,27.875,738200
1997-12-18 16:00:00-05:00,0.0,28.0625,27.4375,27.5,664400
1997-12-19 16:00:00-05:00,0.0,27.5313,27.0,27.0,1460600
1997-12-22 16:00:00-05:00,0.0,27.0313,26.8438,26.8438,1028000
1997-12-23 16:00:00-05:00,0.0,26.9688,26.6875,26.75,659400
1997-12-24 16:00:00-05:00,0.0,27.5313,26.7813,27.3125,496200
1997-12-26 16:00:00-05:00,0.0,27.2813,26.9063,26.9063,196600
1997-12-29 16:00:00-05:00,0.0,27.2188,26.8438,27.2188,675000
1997-12-30 16:00:00-05:00,0.0,28.375,27.125,28.3125,763700
1997-12-31 16:00:00-05:00,0.0,28.6875,28.125,28.5,422800
1998-01-02 16:00:00-05:00,0.0,28.6875,28.3125,28.6875,678200
1998-01-05 16:00:00-05:00,0.0,29.6875,28.75,29.1875,1317300
1998-01-06 16:00:00-05:00,0.0,29.4375,28.375,28.5625,1119900
1998-01-07 16:00:00-05:00,0.0,28.625,26.875,27.9375,1824200
1998-01-08 16:00:00-05:00,0.0,27.9375,26.875,27.3125,938700
1998-01-09 16:00:00-05:00,0.0,27.6875,26.75,26.9375,1195400
1998-01-12 16:00:00-05:00,0.0,27.0625,26.25,26.6875,1031800
1998-01-13 16:00:00-05:00,0.0,27.125,26.6875,27.125,1323800
1998-01-14 16:00:00-05:00,0.0,27.125,26.8125,27.0,1509600
1998-01-15 16:00:00-05:00,0.0,27.0625,26.625,26.625,1518400
1998-01-16 16:00:00-05:00,0.0,27.0,26.6875,26.9375,906600
1998-01-20 16:00:00-05:00,0.0,27.0625,26.8125,26.9375,792100
1998-01-21 16:00:00-05:00,0.0,27.3125,26.6875,27.3125,869300
1998-01-22 16:00:00-05:00,0.0,28.875,27.25,28.5,2806100
1998-01-23 16:00:00-05:00,0.0,28.9375,28.375,28.625,1385900
1998-01-26 16:00:00-05:00,0.0,28.625,28.4375,28.5625,862000
1998-01-27 16:00:00-05:00,0.0,28.6875,28.5,28.5625,693400
1998-01-28 16:00:00-05:00,0.0,28.875,28.3125,28.5625,918300
1998-01-29 16:00:00-05:00,0.0,28.9375,28.5625,28.6875,869600
1998-01-30 16:00:00-05:00,0.0,28.75,28.4375,28.5,669500
1998-02-02 16:00:00-05:00,0.0,28.75,28.5,28.5625,676600
1998-02-03 16:00:00-05:00,0.0,29.125,28.75,29.0,1318200
1998-02-04 16:00:00-05:00,0.0,29.0625,28.375,28.625,1342000
1998-02-05 16:00:00-05:00,0.0,29.0,28.25,28.5625,927700
1998-02-06 16:00:00-05:00,0.0,28.8125,28.25,28.75,757200
1998-02-09 16:00:00-05:00,0.0,29.375,28.875,29.3125,1191300
1998-02-10 16:00:00-05:00,0.0,29.5,28.75,29.3125,1116300
1998-02-11 16:00:00-05:00,0.0,30.0625,28.875,30.0,1056400
1998-02-12 16:00:00-05:00,0.0,31.3125,29.75,31.3125,2300200
1998-02-13 16:00:00-05:00,0.0,31.9375,30.8125,31.75,1201500
1998-02-17 16:00:00-05:00,0.0,33.125,32.375,33.125,1670900
1998-02-18 16:00:00-05:00,0.0,33.1875,32.5,32.8125,1163300
1998-02-19 16:00:00-05:00,0.0,33.125,32.125,33.0,1502800
1998-02-20 16:00:00-05:00,0.0,34.875,32.875,34.25,1166700
1998-02-23 16:00:00-05:00,0.0,33.625,32.6875,33.4375,1341200
1998-02-24 16:00:00-05:00,0.0,33.5625,33.0,33.125,1118000
1998-02-25 16:00:00-05:00,0.0,33.0625,32.4375,32.875,1467100
1998-02-26 16:00:00-05:00,0.0,33.3125,32.625,32.875,2580700
1998-02-27 16:00:00-05:00,0.0,32.8125,32.4375,32.8125,1235600
1998-03-02 16:00:00-05:00,0.0,32.6875,32.25,32.4375,655900
1998-03-03 16:00:00-05:00,0.0,32.6875,31.75,32.625,1487400
1998-03-04 16:00:00-05:00,0.0,33.125,32.5,32.5625,1286900
1998-03-05 16:00:00-05:00,0.0,32.5,31.8125,32.25,613800
1998-03-06 16:00:00-05:00,0.0,32.5625,31.625,32.375,712100
1998-03-09 16:00:00-05:00,0.0,32.5,32.1875,32.4375,934300
1998-03-10 16:00:00-05:00,0.0,33.3125,32.4375,33.25,1696400
1998-03-11 16:00:00-05:00,0.0,33.5625,32.9375,33.5625,1011200
1998-03-12 16:00:00-05:00,0.0,33.625,33.1875,33.5,800800
1998-03-13 16:00:00-05:00,0.0,34.125,32.25,33.5,947000
1998-03-16 16:00:00-05:00,0.0,33.25,32.5,32.5625,1236700
1998-03-17 16:00:00-05:00,0.0,33.0,32.125,33.0,939500
1998-03-18 16:00:00-05:00,0.0,33.0,31.875,32.9375,1038800
1998-03-19 16:00:00-05:00,0.0,32.875,31.625,32.0625,1540100
1998-03-20 16:00:00-05:00,0.0,32.5,31.75,32.0,1475400
1998-03-23 16:00:00-05:00,0.0,32.5,32.0,32.3125,1119700
1998-03-24 16:00:00-05:00,0.0,32.4375,31.8125,31.875,1664500
1998-03-25 16:00:00-05:00,0.0,32.375,31.25,31.75,1017800
1998-03-26 16:00:00-05:00,0.0,31.375,30.5,31.25,1164000
1998-03-27 16:00:00-05:00,0.0,31.625,31.1875,31.3125,633000
1998-03-30 16:00:00-05:00,0.0,32.125,31.375,31.5625,5762800
1998-03-31 16:00:00-05:00,0.0,32.125,31.5,32.0,3195200
1998-04-01 16:00:00-05:00,0.0,33.0,31.4375,33.0,2887300
1998-04-02 16:00:00-05:00,0.0,35.75,32.8125,35.75,2205200
1998-04-03 16:00:00-05:00,0.0,35.0,33.5625,34.5,2098800
1998-04-06 16:00:00-04:00,0.0,34.4375,33.625,33.8125,1399400
1998-04-07 16:00:00-04:00,0.0,33.9375,32.625,33.25,1853000
1998-04-08 16:00:00-04:00,0.0,34.0625,33.1875,33.5,2083400
1998-04-09 16:00:00-04:00,0.0,33.9375,33.25,33.6875,610400
1998-04-13 16:00:00-04:00,0.0,33.875,33.125,33.375,910100
1998-04-14 16:00:00-04:00,0.0,33.875,33.3125,33.5,893900
1998-04-15 16:00:00-04:00,0.0,33.5625,32.9375,33.125,723600
1998-04-16 16:00:00-04:00,0.0,33.4375,32.0625,32.1875,917600
1998-04-17 16:00:00-04:00,0.0,32.5,31.5,32.5,2880400
1998-04-20 16:00:00-04:00,0.0,32.8125,32.125,32.625,1191400
1998-04-21 16:00:00-04:00,0.0,32.5,31.875,32.5,1135500
1998-04-22 16:00:00-04:00,0.0,32.5,32.25,32.375,1125200
1998-04-23 16:00:00-04:00,0.0,32.75,32.0,32.75,1562800
1998-04-24 16:00:00-04:00,0.0,32.875,31.6875,32.25,922800
1998-04-27 16:00:00-04:00,0.0,32.0,31.3125,31.5,1252900
1998-04-28 16:00:00-04:00,0.0,31.75,30.5625,30.8125,1596600
1998-04-29 16:00:00-04:00,0.0,31.375,30.3125,30.6875,2133500
1998-04-30 16:00:00-04:00,0.0,31.875,30.75,31.8125,4468400
1998-05-01 16:00:00-04:00,0.0,32.1875,31.375,31.9375,2087200
1998-05-04 16:00:00-04:00,0.0,32.5625,31.625,32.0625,1105000
1998-05-05 16:00:00-04:00,0.0,32.1875,31.75,32.0,1043500
1998-05-06 16:00:00-04:00,0.0,31.9375,31.0,31.0,836100
1998-05-07 16:00:00-04:00,0.0,31.9375,31.1875,31.6875,1412600
1998-05-08 16:00:00-04:00,0.0,32.0,31.3125,31.5625,470700
1998-05-11 16:00:00-04:00,0.0,32.1875,31.5,31.9375,1378100
1998-05-12 16:00:00-04:00,0.0,32.125,31.3125,31.875,654100
1998-05-13 16:00:00-04:00,0.0,31.8125,31.0,31.1875,562700
1998-05-14 16:00:00-04:00,0.0,31.5625,31.0,31.25,731500
1998-05-15 16:00:00-04:00,0.0,31.5,30.9375,31.125,962300
1998-05-18 16:00:00-04:00,0.0,31.375,30.625,31.0625,762400
1998-05-19 16:00:00-04:00,0.0,31.75,30.875,31.0,816200
1998-05-20 16:00:00-04:00,0.0,31.625,30.75,31.5,621900
1998-05-21 16:00:00-04:00,0.0,32.0,31.0,31.9375,801300
1998-05-22 16:00:00-04:00,0.0,32.875,32.3125,32.8125,1863300
1998-05-26 16:00:00-04:00,0.0,33.125,32.375,32.75,1010100
1998-05-27 16:00:00-04:00,0.0,32.5,31.75,32.0625,1375600
1998-05-28 16:00:00-04:00,0.0,32.0625,31.5625,31.875,1044100
1998-05-29 16:00:00-04:00,0.0,32.8125,31.875,32.4375,787600
1998-06-01 16:00:00-04:00,0.0,32.3125,31.625,31.9375,835200
1998-06-02 16:00:00-04:00,0.0,32.0,31.625,31.6875,716900
1998-06-03 16:00:00-04:00,0.0,31.875,31.5625,31.6875,919900
1998-06-04 16:00:00-04:00,0.0,31.5625,31.125,31.125,664900
1998-06-05 16:00:00-04:00,0.0,31.375,30.875,31.375,739400
1998-06-08 16:00:00-04:00,0.0,31.6875,31.0,31.5625,956400
1998-06-09 16:00:00-04:00,0.0,31.625,31.0,31.0625,756400
1998-06-10 16:00:00-04:00,0.0,31.5625,30.75,31.0,1116100
1998-06-11 16:00:00-04:00,0.0,31.1875,30.375,30.8125,1061700
1998-06-12 16:00:00-04:00,0.0,31.75,30.875,31.0,1307500
1998-06-15 16:00:00-04:00,0.0,30.625,28.875,28.875,1142100
1998-06-16 16:00:00-04:00,0.0,29.375,28.8125,29.125,1924100
1998-06-17 16:00:00-04:00,0.0,29.875,29.0625,29.0625,951200
1998-06-18 16:00:00-04:00,0.0,30.375,29.25,29.875,1067400
1998-06-19 16:00:00-04:00,0.0,30.75,30.1875,30.625,1205800
1998-06-22 16:00:00-04:00,0.0,30.75,30.0,30.4375,689200
1998-06-23 16:00:00-04:00,0.0,30.9375,29.75,30.75,1314900
1998-06-24 16:00:00-04:00,0.0,31.375,30.0,31.125,2055100
1998-06-25 16:00:00-04:00,0.0,31.25,30.8125,31.0,1177600
1998-06-26 16:00:00-04:00,0.0,32.0625,31.0625,32.0625,1266700
1998-06-29 16:00:00-04:00,0.0,33.5,32.375,32.6875,1863500
1998-06-30 16:00:00-04:00,0.0,34.375,32.6875,33.75,2246700
1998-07-01 16:00:00-04:00,0.0,34.0625,33.0625,33.9375,920900
1998-07-02 16:00:00-04:00,0.0,34.4375,33.375,33.8125,1563600
1998-07-06 16:00:00-04:00,0.0,35.4375,34.25,35.125,1779700
1998-07-07 16:00:00-04:00,0.0,35.375,34.5625,34.625,1698400
1998-07-08 16:00:00-04:00,0.0,34.5625,34.0625,34.4375,1183300
1998-07-09 16:00:00-04:00,0.0,34.4375,33.5625,33.8125,1078700
1998-07-10 16:00:00-04:00,0.0,34.75,33.1875,34.5625,1890000
1998-07-13 16:00:00-04:00,0.0,34.75,33.6875,34.6875,1122000
1998-07-14 16:00:00-04:00,0.0,35.5,34.375,35.3125,1246300
1998-07-15 16:00:00-04:00,0.0,36.75,35.25,36.125,1248500
1998-07-16 16:00:00-04:00,0.0,36.9375,35.75,36.8125,1046800
1998-07-17 16:00:00-04:00,0.0,36.75,35.625,36.0625,1182500
1998-07-20 16:00:00-04:00,0.0,36.0625,34.8125,36.0,623500
1998-07-21 16:00:00-04:00,0.0,36.3125,33.875,34.375,1217400
1998-07-22 16:00:00-04:00,0.0,34.3125,33.125,34.25,960100
1998-07-23 16:00:00-04:00,0.0,34.25,33.75,33.875,1046200
1998-07-24 16:00:00-04:00,0.0,35.125,33.625,34.375,684800
1998-07-27 16:00:00-04:00,0.0,34.5625,33.5,34.25,813500
1998-07-28 16:00:00-04:00,0.0,34.0,33.0,33.5,895500
1998-07-29 16:00:00-04:00,0.0,33.75,32.875,33.0,739800
1998-07-30 16:00:00-04:00,0.0,33.5625,33.0,33.125,601900
1998-07-31 16:00:00-04:00,0.0,33.375,31.8125,32.125,933500
1998-08-03 16:00:00-04:00,0.0,32.75,31.875,32.0625,979200
1998-08-04 16:00:00-04:00,0.0,32.0625,28.875,29.9375,1712500
1998-08-05 16:00:00-04:00,0.0,30.6875,27.875,29.0,1722700
1998-08-06 16:00:00-04:00,0.0,29.75,28.6875,29.25,1098200
1998-08-07 16:00:00-04:00,0.0,30.4375,29.25,30.0,1411700
1998-08-10 16:00:00-04:00,0.0,30.375,29.625,29.8125,668800
1998-08-11 16:00:00-04:00,0.0,29.4375,28.25,29.1875,1052200
1998-08-12 16:00:00-04:00,0.0,30.125,29.0625,30.0,635500
1998-08-13 16:00:00-04:00,0.0,31.1875,30.0625,30.9375,893500
1998-08-14 16:00:00-04:00,0.0,30.625,28.4375,29.4375,846300
1998-08-17 16:00:00-04:00,0.0,30.6875,29.1875,30.0,933000
1998-08-18 16:00:00-04:00,0.0,29.9375,28.5,29.0625,1497300
1998-08-19 16:00:00-04:00,0.0,29.625,29.25,29.5,535000
1998-08-20 16:00:00-04:00,0.0,29.6875,28.625,29.1875,522300
1998-08-21 16:00:00-04:00,0.0,29.5,27.375,28.6875,1037200
1998-08-24 16:00:00-04:00,0.0,29.5,27.8125,28.25,620100
1998-08-25 16:00:00-04:00,0.0,29.375,28.1875,29.0,733800
1998-08-26 16:00:00-04:00,0.0,28.4375,26.875,27.3125,1791200
1998-08-27 16:00:00-04:00,0.0,26.6875,24.5,25.1875,2537000
1998-08-28 16:00:00-04:00,0.0,25.5625,24.5625,25.0625,1466200
1998-08-31 16:00:00-04:00,0.0,25.1875,22.75,23.0,1404600
1998-09-01 16:00:00-04:00,0.0,23.4375,20.0,23.125,4630400
1998-09-02 16:00:00-04:00,0.0,23.75,22.6875,23.0625,1505600
1998-09-03 16:00:00-04:00,0.0,24.25,22.625,23.1875,1524500
1998-09-04 16:00:00-04:00,0.0,24.5625,23.625,24.1875,1067700
1998-09-08 16:00:00-04:00,0.0,25.0,23.875,24.0,1209400
1998-09-09 16:00:00-04:00,0.0,25.9375,24.375,25.5625,2099700
1998-09-10 16:00:00-04:00,0.0,26.375,24.5625,26.0625,2105700
1998-09-11 16:00:00-04:00,0.0,26.75,24.75,26.5625,1079100
1998-09-14 16:00:00-04:00,0.0,28.8125,26.625,28.0,1496500
1998-09-15 16:00:00-04:00,0.0,28.0,26.75,26.8125,1159700
1998-09-16 16:00:00-04:00,0.0,27.25,26.625,27.125,674800
1998-09-17 16:00:00-04:00,0.0,26.9375,25.6875,25.875,999400
1998-09-18 16:00:00-04:00,0.0,26.5,25.5625,26.4375,1051600
1998-09-21 16:00:00-04:00,0.0,27.125,26.0,26.875,567100
1998-09-22 16:00:00-04:00,0.0,27.625,26.3125,27.375,1071700
1998-09-23 16:00:00-04:00,0.0,29.1875,27.75,29.125,1541200
1998-09-24 16:00:00-04:00,0.0,31.0,27.875,28.5625,1103300
1998-09-25 16:00:00-04:00,0.0,29.0625,27.375,29.0625,788500
1998-09-28 16:00:00-04:00,0.0,29.0625,27.4375,28.4375,724400
1998-09-29 16:00:00-04:00,0.0,28.9375,28.0,28.625,528400
1998-09-30 16:00:00-04:00,0.0,28.75,27.0625,28.75,1589800
1998-10-01 16:00:00-04:00,0.0,28.75,26.25,26.5625,1173300
1998-10-02 16:00:00-04:00,0.0,27.9375,25.75,27.8125,1406600
1998-10-05 16:00:00-04:00,0.0,29.25,27.5625,29.25,1334500
1998-10-06 16:00:00-04:00,0.0,29.4375,27.875,28.75,864100
1998-10-07 16:00:00-04:00,0.0,28.875,28.0,28.3125,889800
1998-10-08 16:00:00-04:00,0.0,27.9375,26.75,27.625,1309900
1998-10-09 16:00:00-04:00,0.0,27.875,27.0,27.5625,1019300
1998-10-12 16:00:00-04:00,0.0,27.9375,27.0,27.0,856600
1998-10-13 16:00:00-04:00,0.0,27.6875,26.6875,27.25,1140800
1998-10-14 16:00:00-04:00,0.0,27.875,26.9375,27.5625,1129600
1998-10-15 16:00:00-04:00,0.0,28.25,27.125,27.875,518600
1998-10-16 16:00:00-04:00,0.0,29.0,27.75,29.0,1397000
1998-10-19 16:00:00-04:00,0.0,29.125,28.125,28.875,531600
1998-10-20 16:00:00-04:00,0.0,28.4375,24.875,27.375,6814400
1998-10-21 16:00:00-04:00,0.0,27.875,25.875,27.6875,1704500
1998-10-22 16:00:00-04:00,0.0,27.4375,26.5625,27.1875,1535100
1998-10-23 16:00:00-04:00,0.0,27.0625,26.5625,26.875,1334800
1998-10-26 16:00:00-05:00,0.0,28.1875,26.5,27.625,1197200
1998-10-27 16:00:00-05:00,0.0,28.5,26.625,26.9375,1134700
1998-10-28 16:00:00-05:00,0.0,27.0625,26.5,26.9375,861700
1998-10-29 16:00:00-05:00,0.0,27.4375,25.5,26.75,2900300
1998-10-30 16:00:00-05:00,0.0,27.625,26.0,27.375,2042600
1998-11-02 16:00:00-05:00,0.0,27.75,27.125,27.375,1365500
1998-11-03 16:00:00-05:00,0.0,27.625,27.1875,27.25,848600
1998-11-04 16:00:00-05:00,0.0,28.3125,27.375,28.0625,1561900
1998-11-05 16:00:00-05:00,0.0,27.8125,27.1875,27.625,1106600
1998-11-06 16:00:00-05:00,0.0,28.625,27.625,28.0,1047900
1998-11-09 16:00:00-05:00,0.0,28.0,27.3125,27.625,695500
1998-11-10 16:00:00-05:00,0.0,27.4375,26.5,26.9375,1022100
1998-11-11 16:00:00-05:00,0.0,27.1875,25.375,25.9375,1769300
1998-11-12 16:00:00-05:00,0.0,25.9375,25.25,25.875,1714100
1998-11-13 16:00:00-05:00,0.0,26.875,25.75,25.9375,806500
1998-11-16 16:00:00-05:00,0.0,27.5625,26.5,27.3125,1553800
1998-11-17 16:00:00-05:00,0.0,28.25,27.125,28.25,1629700
1998-11-18 16:00:00-05:00,0.0,29.75,28.0,29.3125,2154900
1998-11-19 16:00:00-05:00,0.0,30.75,28.4375,30.0,2868000
1998-11-20 16:00:00-05:00,0.0,30.75,28.9375,29.625,1830400
1998-11-23 16:00:00-05:00,0.0,30.0,29.125,29.5625,1160100
1998-11-24 16:00:00-05:00,0.0,29.625,28.875,29.25,816900
1998-11-25 16:00:00-05:00,0.0,29.25,28.5,28.75,665200
1998-11-27 16:00:00-05:00,0.0,29.25,28.75,29.125,560300
1998-11-30 16:00:00-05:00,0.0,29.1875,28.5,28.8125,793400
1998-12-01 16:00:00-05:00,0.0,29.0625,28.3125,28.5625,726400
1998-12-02 16:00:00-05:00,0.0,28.6875,28.0,28.5,704000
1998-12-03 16:00:00-05:00,0.0,28.6875,27.375,27.375,1101800
1998-12-04 16:00:00-05:00,0.0,27.9375,27.3125,27.5,927700
1998-12-07 16:00:00-05:00,0.0,27.9375,27.375,27.4375,914200
1998-12-08 16:00:00-05:00,0.0,28.125,26.0,28.125,2029800
1998-12-09 16:00:00-05:00,0.0,27.9375,26.875,27.0625,1259600
1998-12-10 16:00:00-05:00,0.0,27.4375,26.3125,26.5625,1888500
1998-12-11 16:00:00-05:00,0.0,27.0625,26.5,26.5625,963700
1998-12-14 16:00:00-05:00,0.0,27.625,26.5625,27.5,1058300
1998-12-15 16:00:00-05:00,0.0,28.375,27.5625,28.1875,1141200
1998-12-16 16:00:00-05:00,0.0,29.1875,28.125,28.9375,1337300
1998-12-17 16:00:00-05:00,0.0,30.0,28.625,29.875,1454300
1998-12-18 16:00:00-05:00,0.0,30.5,30.0,30.125,2314900
1998-12-21 16:00:00-05:00,0.0,30.25,29.875,29.9375,1258100
1998-12-22 16:00:00-05:00,0.0,30.0625,29.125,30.0,1014500
1998-12-23 16:00:00-05:00,0.0,31.0,29.875,30.8125,974100
1998-12-24 16:00:00-05:00,0.0,31.375,30.8125,31.1875,499100
1998-12-28 16:00:00-05:00,0.0,31.875,31.25,31.875,1399800
1998-12-29 16:00:00-05:00,0.0,31.875,30.875,31.125,623000
1998-12-30 16:00:00-05:00,0.0,31.25,30.875,31.0625,362300
1998-12-31 16:00:00-05:00,0.0,31.25,30.875,31.1875,622500
1999-01-04 16:00:00-05:00,0.0,31.0625,29.8125,30.1875,1810500
1999-01-05 16:00:00-05:00,0.0,30.375,29.75,29.875,1807000
1999-01-06 16:00:00-05:00,0.0,30.9375,30.3125,30.8125,1790100
1999-01-07 16:00:00-05:00,0.0,30.9375,30.0625,30.8125,1377100
1999-01-08 16:00:00-05:00,0.0,31.125,30.375,30.8125,1033700
1999-01-11 16:00:00-05:00,0.0,30.6875,29.75,29.75,933800
1999-01-12 16:00:00-05:00,0.0,29.9375,29.3125,29.5625,914400
1999-01-13 16:00:00-05:00,0.0,30.0,28.75,30.0,1350800
1999-01-14 16:00:00-05:00,0.0,30.1875,29.25,29.8125,2118200
1999-01-15 16:00:00-05:00,0.0,30.0,29.375,30.0,1726200
1999-01-19 16:00:00-05:00,0.0,30.0,29.375,29.8125,1013600
1999-01-20 16:00:00-05:00,0.0,30.0,28.8125,29.5,1474600
1999-01-21 16:00:00-05:00,0.0,31.6875,29.875,30.5,3570200
1999-01-22 16:00:00-05:00,0.0,33.0,30.625,32.5,2582300
1999-01-25 16:00:00-05:00,0.0,33.5,32.0625,32.9375,2766400
1999-01-26 16:00:00-05:00,0.0,33.25,32.625,32.875,1957300
1999-01-27 16:00:00-05:00,0.0,33.25,32.875,33.0625,2150900
1999-01-28 16:00:00-05:00,0.0,33.125,32.75,33.0,1853500
1999-01-29 16:00:00-05:00,0.0,33.0,32.5,33.0,1112600
1999-02-01 16:00:00-05:00,0.0,32.9375,32.125,32.6875,1058800
1999-02-02 16:00:00-05:00,0.0,32.9375,32.5,32.9375,1266700
1999-02-03 16:00:00-05:00,0.0,34.25,32.875,34.0,2058800
1999-02-04 16:00:00-05:00,0.0,35.0,33.8125,34.9375,2832900
1999-02-05 16:00:00-05:00,0.0,34.9375,34.375,34.375,2293600
1999-02-08 16:00:00-05:00,0.0,37.125,34.625,36.0625,4330100
1999-02-09 16:00:00-05:00,0.0,36.4375,34.875,35.125,2110400
1999-02-10 16:00:00-05:00,0.0,35.9375,34.875,35.5625,1222500
1999-02-11 16:00:00-05:00,0.0,35.9375,35.25,35.6875,2566600
1999-02-12 16:00:00-05:00,0.0,36.0,35.3125,35.5,787400
1999-02-16 16:00:00-05:00,0.0,35.8125,34.5,34.5625,1277200
1999-02-17 16:00:00-05:00,0.0,34.75,34.3125,34.4375,1289900
1999-02-18 16:00:00-05:00,0.0,34.4375,33.375,33.8125,1437100
1999-02-19 16:00:00-05:00,0.0,34.125,33.0,33.75,1375900
1999-02-22 16:00:00-05:00,0.0,35.75,33.75,35.625,1704500
1999-02-23 16:00:00-05:00,0.0,35.9375,34.3125,34.75,1230100
1999-02-24 16:00:00-05:00,0.0,36.0625,35.0625,36.0,1498000
1999-02-25 16:00:00-05:00,0.0,36.375,35.5625,36.1875,1554000
1999-02-26 16:00:00-05:00,0.0,37.0625,36.3125,37.0,2413800
1999-03-01 16:00:00-05:00,0.0,37.0,35.4375,35.5625,1851800
1999-03-02 16:00:00-05:00,0.0,35.5,33.375,33.625,2016100
1999-03-03 16:00:00-05:00,0.0,34.1875,33.5,34.0625,1307000
1999-03-04 16:00:00-05:00,0.0,34.375,33.75,34.0,1175800
1999-03-05 16:00:00-05:00,0.0,34.625,34.0,34.0625,1302500
1999-03-08 16:00:00-05:00,0.0,34.4375,34.0,34.0,578500
1999-03-09 16:00:00-05:00,0.0,34.9375,33.75,33.875,1119900
1999-03-10 16:00:00-05:00,0.0,36.875,33.6875,36.3125,2145600
1999-03-11 16:00:00-05:00,0.0,37.125,35.6875,36.25,1648600
1999-03-12 16:00:00-05:00,0.0,36.875,35.125,35.6875,1208300
1999-03-15 16:00:00-05:00,0.0,36.6875,35.4375,35.625,1502500
1999-03-16 16:00:00-05:00,0.0,37.125,36.3125,37.0625,2236300
1999-03-17 16:00:00-05:00,0.0,39.75,37.5,39.5,4244600
1999-03-18 16:00:00-05:00,0.0,40.0625,38.5625,39.9375,2187800
1999-03-19 16:00:00-05:00,0.0,39.5,38.375,39.4375,1973300
1999-03-22 16:00:00-05:00,0.0,39.1875,38.0,38.6875,1887900
1999-03-23 16:00:00-05:00,0.0,38.875,37.3125,38.75,1990000
1999-03-24 16:00:00-05:00,0.0,39.8125,38.5625,39.4375,1535900
1999-03-25 16:00:00-05:00,0.0,40.0,34.4375,39.5,1519900
1999-03-26 16:00:00-05:00,0.0,39.25,38.5625,38.8125,1414000
1999-03-29 16:00:00-05:00,0.0,41.0,39.375,40.5,1898500
1999-03-30 16:00:00-05:00,0.0,40.4375,39.75,40.375,997200
1999-03-31 16:00:00-05:00,0.0,40.25,39.125,39.5,1008400
1999-04-01 16:00:00-05:00,0.0,39.6875,38.875,39.5,953900
1999-04-05 16:00:00-04:00,0.0,39.6875,39.125,39.375,830100
1999-04-06 16:00:00-04:00,0.0,39.75,38.8125,39.0,916900
1999-04-07 16:00:00-04:00,0.0,42.0,39.5,41.625,1617700
1999-04-08 16:00:00-04:00,0.0,41.75,40.625,41.3125,1320800
1999-04-09 16:00:00-04:00,0.0,42.5625,40.6875,42.25,1459300
1999-04-12 16:00:00-04:00,0.0,47.5,41.6875,45.75,3575700
1999-04-13 16:00:00-04:00,0.0,49.375,45.75,48.0,5280600
1999-04-14 16:00:00-04:00,0.0,47.875,44.25,44.3125,3612700
1999-04-15 16:00:00-04:00,0.0,44.5,42.0,43.125,1697600
1999-04-16 16:00:00-04:00,0.0,45.1875,42.75,44.875,1329200
1999-04-19 16:00:00-04:00,0.0,46.25,43.125,44.5,2611600
1999-04-20 16:00:00-04:00,0.0,44.25,42.625,43.8125,1081600
1999-04-21 16:00:00-04:00,0.0,44.75,42.25,43.5,1593600
1999-04-22 16:00:00-04:00,0.0,45.375,44.0625,45.0,1478800
1999-04-23 16:00:00-04:00,0.0,45.5625,44.0,44.3125,928100
1999-04-26 16:00:00-04:00,0.0,45.875,43.625,45.875,2124900
1999-04-27 16:00:00-04:00,0.0,48.5,47.25,48.0,2242200
1999-04-28 16:00:00-04:00,0.0,48.0,46.5,46.9375,1476200
1999-04-29 16:00:00-04:00,0.0,48.9375,46.4375,47.5,1115100
1999-04-30 16:00:00-04:00,0.0,48.5625,46.3125,47.25,1714500
1999-05-03 16:00:00-04:00,0.0,47.75,46.5625,47.625,860300
1999-05-04 16:00:00-04:00,0.0,47.9375,45.125,46.0,1390800
1999-05-05 16:00:00-04:00,0.0,47.0,44.8125,46.5625,1583000
1999-05-06 16:00:00-04:00,0.0,47.75,46.5,46.8125,1689700
1999-05-07 16:00:00-04:00,0.0,50.1875,47.1875,50.0,3165000
1999-05-10 16:00:00-04:00,0.0,50.0,48.3125,48.4375,1997200
1999-05-11 16:00:00-04:00,0.0,49.3125,48.625,48.9375,2301700
1999-05-12 16:00:00-04:00,0.0,49.125,48.0625,48.25,791700
1999-05-13 16:00:00-04:00,0.0,49.5,48.125,48.375,3807800
1999-05-14 16:00:00-04:00,0.0,49.0,46.875,47.8125,1444300
1999-05-17 16:00:00-04:00,0.0,48.4375,47.1875,47.875,1809000
1999-05-18 16:00:00-04:00,0.0,48.1875,47.25,47.6875,1634000
1999-05-19 16:00:00-04:00,0.0,50.5,47.5625,49.875,2443000
1999-05-20 16:00:00-04:00,0.0,50.9375,49.6875,50.0,2036800
1999-05-21 16:00:00-04:00,0.0,50.5,48.6875,48.875,1253400
1999-05-24 16:00:00-04:00,0.0,49.5,47.6875,48.5,1780800
1999-05-25 16:00:00-04:00,0.0,49.25,46.8125,46.8125,1511900
1999-05-26 16:00:00-04:00,0.0,49.75,47.0,48.875,2345700
1999-05-27 16:00:00-04:00,0.0,52.75,49.5625,51.625,3549500
1999-05-28 16:00:00-04:00,0.0,52.375,51.125,51.8125,1109400
1999-06-01 16:00:00-04:00,0.0,52.0625,50.75,51.625,1128700
1999-06-02 16:00:00-04:00,0.0,52.125,49.6875,49.875,1729200
1999-06-03 16:00:00-04:00,0.0,50.875,49.4375,50.5,1507000
1999-06-04 16:00:00-04:00,0.0,53.0,50.75,51.9375,1435800
1999-06-07 16:00:00-04:00,0.0,53.0,51.9375,52.125,971500
1999-06-08 16:00:00-04:00,0.0,53.75,51.5625,53.125,1229500
1999-06-09 16:00:00-04:00,0.0,53.75,51.375,51.5625,2548000
1999-06-10 16:00:00-04:00,0.0,51.1875,49.125,50.1875,1673600
1999-06-11 16:00:00-04:00,0.0,50.5,49.375,49.8125,1202000
1999-06-14 16:00:00-04:00,0.0,50.5,47.25,47.25,1665600
1999-06-15 16:00:00-04:00,0.0,47.25,44.0,46.0625,2953200
1999-06-16 16:00:00-04:00,0.0,48.5,47.3125,48.125,2386100
1999-06-17 16:00:00-04:00,0.0,48.625,47.375,48.0,1240400
1999-06-18 16:00:00-04:00,0.0,48.6875,45.5,46.5,3028300
1999-06-21 16:00:00-04:00,0.0,49.25,47.375,49.0,2925100
1999-06-22 16:00:00-04:00,0.0,50.125,48.0,48.75,2094900
1999-06-23 16:00:00-04:00,0.0,48.5,46.75,47.125,2300500
1999-06-24 16:00:00-04:00,0.0,47.5625,46.8125,46.875,1441900
1999-06-25 16:00:00-04:00,0.0,47.75,46.3125,46.5,501200
1999-06-28 16:00:00-04:00,0.0,47.6875,46.0,46.125,858000
1999-06-29 16:00:00-04:00,0.0,46.3125,44.75,44.8125,1817800
1999-06-30 16:00:00-04:00,0.0,44.8125,41.75,42.5625,2916000
1999-07-01 16:00:00-04:00,0.0,45.0625,42.625,44.1875,1998000
1999-07-02 16:00:00-04:00,0.0,46.0,44.6875,44.8125,1134900
1999-07-06 16:00:00-04:00,0.0,46.375,44.9375,45.0625,1750400
1999-07-07 16:00:00-04:00,0.0,45.5,41.0625,42.6875,3185800
1999-07-08 16:00:00-04:00,0.0,44.5625,42.625,44.1875,2916700
1999-07-09 16:00:00-04:00,0.0,44.125,43.375,43.9375,963700
1999-07-12 16:00:00-04:00,0.0,43.875,42.25,42.8125,1474700
1999-07-13 16:00:00-04:00,0.0,43.6875,42.5,43.4375,1692200
1999-07-14 16:00:00-04:00,0.0,45.125,43.5625,43.9375,1148500
1999-07-15 16:00:00-04:00,0.0,45.25,44.0,44.0625,740100
1999-07-16 16:00:00-04:00,0.0,43.9375,42.875,43.75,1074800
1999-07-19 16:00:00-04:00,0.0,44.3125,43.125,43.5,878200
1999-07-20 16:00:00-04:00,0.0,43.9375,42.8125,42.8125,1373800
1999-07-21 16:00:00-04:00,0.0,43.0,41.5625,41.8125,1121000
1999-07-22 16:00:00-04:00,0.0,42.25,41.5,41.5625,913300
1999-07-23 16:00:00-04:00,0.0,42.375,41.1875,41.3125,1299600
1999-07-26 16:00:00-04:00,0.0,41.4375,39.875,40.0,1277500
1999-07-27 16:00:00-04:00,0.0,40.375,38.625,40.0,2582800
1999-07-28 16:00:00-04:00,0.0,42.4375,40.0,41.5,1898300
1999-07-29 16:00:00-04:00,0.0,42.0,40.75,41.75,1323200
1999-07-30 16:00:00-04:00,0.0,42.9375,41.375,42.0625,1119100
1999-08-02 16:00:00-04:00,0.0,42.125,41.25,41.25,728900
1999-08-03 16:00:00-04:00,0.0,41.625,40.8125,41.25,1277700
1999-08-04 16:00:00-04:00,0.0,42.6875,41.25,41.3125,1412200
1999-08-05 16:00:00-04:00,0.0,41.75,40.8125,40.9375,1740200
1999-08-06 16:00:00-04:00,0.0,41.5,40.5625,41.125,594600
1999-08-09 16:00:00-04:00,0.0,42.1875,41.0625,41.75,635400
1999-08-10 16:00:00-04:00,0.0,42.8125,40.75,40.875,1261400
1999-08-11 16:00:00-04:00,0.0,40.625,38.5625,39.4375,2234600
1999-08-12 16:00:00-04:00,0.0,40.875,39.75,40.0,1495200
1999-08-13 16:00:00-04:00,0.0,41.125,40.5,40.9375,930800
1999-08-16 16:00:00-04:00,0.0,41.125,40.5,40.8125,702700
1999-08-17 16:00:00-04:00,0.0,41.6875,40.9375,41.6875,1116600
1999-08-18 16:00:00-04:00,0.0,41.8125,41.0625,41.625,888700
1999-08-19 16:00:00-04:00,0.0,41.9375,41.25,41.8125,894200
1999-08-20 16:00:00-04:00,0.0,43.25,41.75,43.0625,1185600
1999-08-23 16:00:00-04:00,0.0,44.25,43.25,43.8125,1358400
1999-08-24 16:00:00-04:00,0.0,44.3125,43.0,44.1875,1128600
1999-08-25 16:00:00-04:00,0.0,45.3125,44.4375,45.25,1050900
1999-08-26 16:00:00-04:00,0.0,45.25,44.25,44.5,802900
1999-08-27 16:00:00-04:00,0.0,44.8125,43.5625,43.625,528200
1999-08-30 16:00:00-04:00,0.0,43.75,42.5,42.5625,1099900
1999-08-31 16:00:00-04:00,0.0,42.875,41.25,41.25,3238800
1999-09-01 16:00:00-04:00,0.0,43.0,41.5625,42.8125,1543800
1999-09-02 16:00:00-04:00,0.0,42.0,40.25,40.875,3223500
1999-09-03 16:00:00-04:00,0.0,42.5625,41.125,42.1875,1156900
1999-09-07 16:00:00-04:00,0.0,42.9375,41.375,41.75,1141400
1999-09-08 16:00:00-04:00,0.0,42.0,40.5,40.75,1396700
1999-09-09 16:00:00-04:00,0.0,41.25,40.3125,41.0625,1266600
1999-09-10 16:00:00-04:00,0.0,41.6875,40.8125,41.5,1193900
1999-09-13 16:00:00-04:00,0.0,41.375,40.9375,41.0625,968600
1999-09-14 16:00:00-04:00,0.0,41.625,40.75,41.0625,997300
1999-09-15 16:00:00-04:00,0.0,41.375,40.8125,41.0,759300
1999-09-16 16:00:00-04:00,0.0,41.0625,40.4375,40.5,751000
1999-09-17 16:00:00-04:00,0.0,41.375,40.375,41.0,1032800
1999-09-20 16:00:00-04:00,0.0,41.25,40.625,40.875,804300
1999-09-21 16:00:00-04:00,0.0,40.875,38.4375,40.875,1265900
1999-09-22 16:00:00-04:00,0.0,39.75,37.75,38.0625,1467800
1999-09-23 16:00:00-04:00,0.0,37.8125,34.9375,36.25,2223700
1999-09-24 16:00:00-04:00,0.0,36.6875,34.1875,35.8125,1648400
1999-09-27 16:00:00-04:00,0.0,37.25,35.375,36.625,1450900
1999-09-28 16:00:00-04:00,0.0,36.9375,35.125,35.9375,1240800
1999-09-29 16:00:00-04:00,0.0,39.25,35.8125,38.375,2003300
1999-09-30 16:00:00-04:00,0.0,38.875,36.375,37.625,2464100
1999-10-01 16:00:00-04:00,0.0,39.25,36.625,37.9375,2550800
1999-10-04 16:00:00-04:00,0.0,38.4375,37.375,37.6875,2307300
1999-10-05 16:00:00-04:00,0.0,39.6875,37.75,39.6875,2604400
1999-10-06 16:00:00-04:00,0.0,39.875,38.6875,39.0,1102100
1999-10-07 16:00:00-04:00,0.0,39.25,38.0,38.3125,945000
1999-10-08 16:00:00-04:00,0.0,38.1875,37.4375,37.75,1249700
1999-10-11 16:00:00-04:00,0.0,37.875,36.875,37.0625,1359600
1999-10-12 16:00:00-04:00,0.0,38.875,37.4375,38.3125,1377300
1999-10-13 16:00:00-04:00,0.0,38.0625,36.75,36.9375,914000
1999-10-14 16:00:00-04:00,0.0,36.9375,35.1875,36.6875,2268600
1999-10-15 16:00:00-04:00,0.0,35.5,34.375,34.4375,2004500
1999-10-18 16:00:00-04:00,0.0,35.75,33.9375,35.5,1449900
1999-10-19 16:00:00-04:00,0.0,36.3125,34.125,34.4375,978100
1999-10-20 16:00:00-04:00,0.0,34.9375,33.125,34.1875,2426500
1999-10-21 16:00:00-04:00,0.0,34.375,33.0,34.0,2318500
1999-10-22 16:00:00-04:00,0.0,35.5,33.125,34.875,3177100
1999-10-25 16:00:00-04:00,0.0,36.0,34.75,34.9375,2221600
1999-10-26 16:00:00-04:00,0.0,35.625,34.125,34.75,1632900
1999-10-27 16:00:00-04:00,0.0,37.375,34.375,36.375,2605500
1999-10-28 16:00:00-04:00,0.0,38.125,37.0625,37.5,1386700
1999-10-29 16:00:00-04:00,0.0,38.5,37.25,37.5,1468500
1999-11-01 16:00:00-05:00,0.0,38.0,37.25,37.8125,988200
1999-11-02 16:00:00-05:00,0.0,38.0625,37.375,37.625,1363500
1999-11-03 16:00:00-05:00,0.0,37.0625,35.5625,35.9375,2378800
1999-11-04 16:00:00-05:00,0.0,36.875,35.5625,35.9375,1931300
1999-11-05 16:00:00-05:00,0.0,36.375,34.75,35.0,1734000
1999-11-08 16:00:00-05:00,0.0,36.25,33.9375,35.8125,1698200
1999-11-09 16:00:00-05:00,0.0,36.5,34.9375,35.0625,1140900
1999-11-10 16:00:00-05:00,0.0,35.25,34.375,34.75,1043900
1999-11-11 16:00:00-05:00,0.0,35.4375,34.4375,35.25,895600
1999-11-12 16:00:00-05:00,0.0,36.4375,35.0625,35.9375,1143700
1999-11-15 16:00:00-05:00,0.0,36.6875,35.625,35.625,1302100
1999-11-16 16:00:00-05:00,0.0,36.5,35.125,36.5,1694000
1999-11-17 16:00:00-05:00,0.0,37.125,35.4375,35.75,1399600
1999-11-18 16:00:00-05:00,0.0,36.125,34.4375,36.0,2989300
1999-11-19 16:00:00-05:00,0.0,36.125,35.25,35.9375,1397700
1999-11-22 16:00:00-05:00,0.0,35.875,34.125,34.1875,1449500
1999-11-23 16:00:00-05:00,0.0,34.125,32.25,32.625,2047600
1999-11-24 16:00:00-05:00,0.0,34.0,33.0625,34.0,1613100
1999-11-26 16:00:00-05:00,0.0,34.125,33.0,33.125,527600
1999-11-29 16:00:00-05:00,0.0,34.3125,32.5625,34.0,1803100
1999-11-30 16:00:00-05:00,0.0,34.3125,33.375,33.75,1080200
1999-12-01 16:00:00-05:00,0.0,33.75,33.0625,33.125,844000
1999-12-02 16:00:00-05:00,0.0,34.1875,33.4375,33.9375,1399100
1999-12-03 16:00:00-05:00,0.0,34.75,33.5,33.6875,1437700
1999-12-06 16:00:00-05:00,0.0,34.125,33.4375,33.6875,1315600
1999-12-07 16:00:00-05:00,0.0,33.5625,31.0,31.75,2848800
1999-12-08 16:00:00-05:00,0.0,31.5625,30.25,31.125,2646500
1999-12-09 16:00:00-05:00,0.0,32.3125,30.875,31.875,1408100
1999-12-10 16:00:00-05:00,0.0,31.6875,30.25,30.875,1039800
1999-12-13 16:00:00-05:00,0.0,31.3125,29.625,31.0,3765900
1999-12-14 16:00:00-05:00,0.0,31.5,30.0,31.25,2139400
1999-12-15 16:00:00-05:00,0.0,30.6875,29.75,30.0,3753800
1999-12-16 16:00:00-05:00,0.0,30.0,28.4375,29.0,4868900
1999-12-17 16:00:00-05:00,0.0,29.8125,28.9375,29.0625,3224900
1999-12-20 16:00:00-05:00,0.0,29.375,28.4375,29.0625,2427500
1999-12-21 16:00:00-05:00,0.0,29.1875,28.5625,28.5625,2029100
1999-12-22 16:00:00-05:00,0.0,29.0625,28.0,28.0625,1634000
1999-12-23 16:00:00-05:00,0.0,30.625,28.1875,30.25,2365600
1999-12-27 16:00:00-05:00,0.0,31.125,30.0,30.0625,1524800
1999-12-28 16:00:00-05:00,0.0,31.875,30.5,31.125,1334700
1999-12-29 16:00:00-05:00,0.0,31.375,30.625,30.9375,736500
1999-12-30 16:00:00-05:00,0.0,31.125,30.25,30.75,1309200
1999-12-31 16:00:00-05:00,0.0,31.375,29.9375,30.5625,792400
2000-01-03 16:00:00-05:00,31.0,31.875,30.3125,31.0,1771200
2000-01-04 16:00:00-05:00,29.5,31.375,29.5,30.375,2511300
2000-01-05 16:00:00-05:00,30.5,32.25,30.5,32.1875,2039200
2000-01-06 16:00:00-05:00,32.1875,33.125,32.1875,32.875,6476800
2000-01-07 16:00:00-05:00,33.0,33.9375,33.0,33.75,1735800
2000-01-10 16:00:00-05:00,33.875,34.375,33.0625,33.125,1259800
2000-01-11 16:00:00-05:00,33.0,33.125,32.4375,32.75,1061500
2000-01-12 16:00:00-05:00,33.0,33.3125,31.6875,32.3125,2367800
2000-01-13 16:00:00-05:00,32.5,33.5625,32.5,33.0625,1887700
2000-01-14 16:00:00-05:00,33.75,35.0,33.6875,34.9375,2520500
2000-01-18 16:00:00-05:00,35.8125,36.75,35.1875,36.5625,1912900
2000-01-19 16:00:00-05:00,36.4375,36.4375,35.625,35.8125,1600800
2000-01-20 16:00:00-05:00,35.8125,38.25,35.8125,38.0,1882500
2000-01-21 16:00:00-05:00,40.5,40.75,38.5625,39.1875,3699000
2000-01-24 16:00:00-05:00,40.0,40.0,37.125,37.5625,2072900
2000-01-25 16:00:00-05:00,37.5625,37.5625,36.5,37.0,1581200
2000-01-26 16:00:00-05:00,37.0,41.0,36.9375,40.625,4106800
2000-01-27 16:00:00-05:00,40.5,40.5625,38.0625,38.8125,2031500
2000-01-28 16:00:00-05:00,38.75,38.9375,36.625,37.8125,1704100
2000-01-31 16:00:00-05:00,38.0625,39.0,36.8125,39.0,1992900
2000-02-01 16:00:00-05:00,38.8125,39.0,37.75,38.0,2684600
2000-02-02 16:00:00-05:00,37.6875,38.8125,37.5,38.625,1723300
2000-02-03 16:00:00-05:00,38.125,38.875,37.9375,38.1875,1474900
2000-02-04 16:00:00-05:00,38.125,38.375,37.375,37.5625,1800900
2000-02-07 16:00:00-05:00,37.5625,39.0,37.5625,38.4375,1390500
2000-02-08 16:00:00-05:00,40.0,41.75,39.25,41.5,3392500
2000-02-09 16:00:00-05:00,41.9375,42.0,39.5625,40.9375,2549500
2000-02-10 16:00:00-05:00,41.875,42.875,40.875,42.25,3346100
2000-02-11 16:00:00-05:00,42.9375,43.0,41.3125,42.0,2942200
2000-02-14 16:00:00-05:00,42.25,43.0,41.6875,41.9375,1472200
2000-02-15 16:00:00-05:00,41.9375,43.5,41.9375,43.125,3396300
2000-02-16 16:00:00-05:00,44.75,45.1875,43.625,44.375,3217800
2000-02-17 16:00:00-05:00,44.5625,44.6875,42.875,43.4375,1595000
2000-02-18 16:00:00-05:00,43.1875,43.5625,40.875,42.0,2272900
2000-02-22 16:00:00-05:00,42.0,42.1875,40.75,41.125,1481100
2000-02-23 16:00:00-05:00,41.75,43.25,40.6875,40.75,1708900
2000-02-24 16:00:00-05:00,40.75,40.75,39.125,40.1875,1246500
2000-02-25 16:00:00-05:00,39.9375,40.125,38.375,39.25,1029100
2000-02-28 16:00:00-05:00,39.875,41.25,39.625,41.0,1892000
2000-02-29 16:00:00-05:00,41.0,42.5625,40.3125,41.8125,1447300
2000-03-01 16:00:00-05:00,0.0,44.875,42.125,44.6875,2381400
2000-03-02 16:00:00-05:00,0.0,47.875,44.6875,45.0625,2326900
2000-03-03 16:00:00-05:00,0.0,47.4375,45.25,47.1875,2901100
2000-03-06 16:00:00-05:00,0.0,48.625,46.25,48.0,2778500
2000-03-07 16:00:00-05:00,48.0,49.75,47.9375,48.6875,2782600
2000-03-08 16:00:00-05:00,48.6875,48.9375,44.9375,46.125,3258100
2000-03-09 16:00:00-05:00,46.0,46.0,44.1875,45.5625,1762700
2000-03-10 16:00:00-05:00,46.0,49.0,46.0,48.6875,4449700
2000-03-13 16:00:00-05:00,46.9375,47.3125,45.6875,46.3125,1473600
2000-03-14 16:00:00-05:00,46.125,46.3125,45.0625,45.875,1918500
2000-03-15 16:00:00-05:00,46.125,46.625,44.5,45.4375,1573700
2000-03-16 16:00:00-05:00,47.0,47.0,43.375,46.0625,1917500
2000-03-17 16:00:00-05:00,45.375,46.0,44.5,45.5,1616000
2000-03-20 16:00:00-05:00,45.125,45.8125,43.875,44.125,1440900
2000-03-21 16:00:00-05:00,44.125,45.8125,43.75,45.8125,1383300
2000-03-22 16:00:00-05:00,45.5625,45.75,44.25,44.8125,1042500
2000-03-23 16:00:00-05:00,44.6875,45.0,43.25,44.5,1471900
2000-03-24 16:00:00-05:00,44.25,44.9375,42.6875,43.1875,1448100
2000-03-27 16:00:00-05:00,43.3125,45.1875,43.3125,45.0,3302600
2000-03-28 16:00:00-05:00,44.5625,44.75,41.0,41.5625,1922100
2000-03-29 16:00:00-05:00,42.0,44.75,41.75,43.875,2702800
2000-03-30 16:00:00-05:00,44.375,45.5,42.9375,43.4375,2529800
2000-03-31 16:00:00-05:00,43.0,44.3125,41.625,43.9375,1543100
2000-04-03 16:00:00-04:00,44.0,44.25,42.5625,43.625,1378900
2000-04-04 16:00:00-04:00,43.6875,44.125,35.5,40.75,2316100
2000-04-05 16:00:00-04:00,40.25,40.375,39.0,39.9375,1522500
2000-04-06 16:00:00-04:00,41.5,41.5,40.6875,41.375,941000
2000-04-07 16:00:00-04:00,43.5,43.875,41.625,42.25,1760900
2000-04-10 16:00:00-04:00,42.375,42.5,40.5,40.75,1066800
2000-04-11 16:00:00-04:00,40.5625,41.0,38.5625,39.125,1162800
2000-04-12 16:00:00-04:00,39.75,40.0,37.25,37.4375,1534600
2000-04-13 16:00:00-04:00,38.0,39.9375,37.5625,38.75,2091200
2000-04-14 16:00:00-04:00,38.125,38.75,35.625,36.25,2176200
2000-04-17 16:00:00-04:00,35.0,37.5625,34.25,37.0,1803000
2000-04-18 16:00:00-04:00,37.5,37.625,36.25,36.6875,2194300
2000-04-19 16:00:00-04:00,37.0,38.875,36.9375,38.375,1629900
2000-04-20 16:00:00-04:00,38.0625,38.5,37.5625,37.875,1278100
2000-04-24 16:00:00-04:00,37.25,37.8125,36.1875,36.5,881500
2000-04-25 16:00:00-04:00,37.0,37.75,36.625,37.6875,1694900
2000-04-26 16:00:00-04:00,37.6875,38.0,37.0625,37.5,1326500
2000-04-27 16:00:00-04:00,35.9375,37.5,35.875,36.9375,1003500
2000-04-28 16:00:00-04:00,37.0625,38.125,37.0,37.5,1295300
2000-05-01 16:00:00-04:00,37.8125,39.125,37.6875,38.375,2026400
2000-05-02 16:00:00-04:00,38.4375,39.75,38.1875,39.125,2046300
2000-05-03 16:00:00-04:00,39.875,39.9375,36.25,37.375,1880900
2000-05-04 16:00:00-04:00,37.375,37.8125,36.5,37.6875,1234300
2000-05-05 16:00:00-04:00,37.5625,37.6875,37.1875,37.625,944900
2000-05-08 16:00:00-04:00,37.375,39.3125,37.0,38.3125,995700
2000-05-09 16:00:00-04:00,37.25,38.3125,36.9375,37.5625,1076100
2000-05-10 16:00:00-04:00,37.5625,37.625,34.5,35.5,3381300
2000-05-11 16:00:00-04:00,38.4375,39.8125,36.6875,39.0,3900400
2000-05-12 16:00:00-04:00,39.375,39.6875,38.8125,39.5,1543200
2000-05-15 16:00:00-04:00,39.625,40.75,39.1875,40.0625,1522400
2000-05-16 16:00:00-04:00,41.1875,41.25,39.5,39.9375,1141500
2000-05-17 16:00:00-04:00,39.25,39.8125,39.1563,39.75,1013300
2000-05-18 16:00:00-04:00,39.625,40.75,39.625,40.3438,1050800
2000-05-19 16:00:00-04:00,39.75,39.8125,38.75,39.3125,1447900
2000-05-22 16:00:00-04:00,39.4375,39.5625,38.6875,38.875,2003100
2000-05-23 16:00:00-04:00,39.75,39.875,39.0,39.375,1481500
2000-05-24 16:00:00-04:00,39.125,39.1875,37.5625,38.125,2249700
2000-05-25 16:00:00-04:00,38.0,39.1875,38.0,39.125,1234800
2000-05-26 16:00:00-04:00,39.0625,39.5,38.4375,38.8125,1133900
2000-05-30 16:00:00-04:00,39.25,40.8125,39.25,40.6875,1406300
2000-05-31 16:00:00-04:00,40.75,41.8125,40.3125,41.5625,1947200
2000-06-01 16:00:00-04:00,42.0,43.5,41.25,43.25,2159000
2000-06-02 16:00:00-04:00,43.5,44.0,42.75,43.0,1593400
2000-06-05 16:00:00-04:00,43.0,43.3125,41.8125,42.1875,836500
2000-06-06 16:00:00-04:00,42.1875,43.5,41.9375,43.0,1012300
2000-06-07 16:00:00-04:00,42.875,43.0,40.9375,41.125,1175600
2000-06-08 16:00:00-04:00,41.375,43.125,41.125,42.5,1952700
2000-06-09 16:00:00-04:00,42.5,42.5,41.25,41.6875,683900
2000-06-12 16:00:00-04:00,41.8125,42.625,41.8125,42.3125,720500
2000-06-13 16:00:00-04:00,42.5,42.875,41.875,42.4375,1326200
2000-06-14 16:00:00-04:00,43.0,43.875,42.6875,43.3125,1957800
2000-06-15 16:00:00-04:00,43.5,43.75,42.0625,42.75,1226700
2000-06-16 16:00:00-04:00,43.0,43.0,41.875,42.4375,1427100
2000-06-19 16:00:00-04:00,43.5,44.0,42.3125,42.5,2107500
2000-06-20 16:00:00-04:00,43.0,43.375,42.0,43.125,1364900
2000-06-21 16:00:00-04:00,43.875,44.875,43.3125,44.5,1499700
2000-06-22 16:00:00-04:00,44.9375,45.125,43.0,44.125,1629200
2000-06-23 16:00:00-04:00,44.1875,44.25,43.1875,43.5,1096100
2000-06-26 16:00:00-04:00,43.75,44.75,42.625,43.5625,1078800
2000-06-27 16:00:00-04:00,41.0,41.0,36.3125,37.75,6730800
2000-06-28 16:00:00-04:00,38.8125,40.3125,38.25,40.1875,6013400
2000-06-29 16:00:00-04:00,40.4375,41.375,39.0,40.0,2953500
2000-06-30 16:00:00-04:00,40.0,41.875,39.875,41.6875,2787300
2000-07-03 16:00:00-04:00,41.6875,42.0,41.375,42.0,518400
2000-07-05 16:00:00-04:00,42.5,42.5,40.0,41.0,1489300
2000-07-06 16:00:00-04:00,41.0,41.6875,40.625,40.6875,1000200
2000-07-07 16:00:00-04:00,40.875,41.1875,39.75,40.9375,1282100
2000-07-10 16:00:00-04:00,41.1875,42.4375,41.1875,42.125,858500
2000-07-11 16:00:00-04:00,42.75,42.75,41.625,42.125,1418200
2000-07-12 16:00:00-04:00,42.375,42.875,42.0,42.5,1282200
2000-07-13 16:00:00-04:00,42.0625,42.3125,40.875,41.9375,1132700
2000-07-14 16:00:00-04:00,42.0,43.0,41.375,42.875,1282200
2000-07-17 16:00:00-04:00,42.9375,42.9375,40.6875,41.6094,1375800
2000-07-18 16:00:00-04:00,41.125,42.3125,41.0625,41.6875,707500
2000-07-19 16:00:00-04:00,41.75,42.625,41.5,42.5,713500
2000-07-20 16:00:00-04:00,42.75,42.75,41.8125,41.9375,724400
2000-07-21 16:00:00-04:00,42.0,42.5,41.1875,41.875,833900
2000-07-24 16:00:00-04:00,43.0,44.875,42.375,42.875,2395100
2000-07-25 16:00:00-04:00,43.5,44.0625,42.1875,44.0,1842400
2000-07-26 16:00:00-04:00,43.5,43.75,41.9375,42.8125,992300
2000-07-27 16:00:00-04:00,42.25,43.3125,41.75,41.75,1192100
2000-07-28 16:00:00-04:00,41.875,42.5625,40.8125,41.0156,1584200
2000-07-31 16:00:00-04:00,41.5,42.4375,41.5,41.9375,2038700
2000-08-01 16:00:00-04:00,42.0,43.75,42.0,43.6875,1688900
2000-08-02 16:00:00-04:00,43.5,45.1875,43.5,44.8125,1676900
2000-08-03 16:00:00-04:00,44.125,44.375,43.25,43.8125,1554800
2000-08-04 16:00:00-04:00,43.9375,44.25,43.1875,44.0781,846900
2000-08-07 16:00:00-04:00,44.75,46.3125,44.75,45.7031,2126000
2000-08-08 16:00:00-04:00,46.1875,47.25,45.25,46.6875,2848800
2000-08-09 16:00:00-04:00,47.0,47.4375,46.3125,46.9375,1833500
2000-08-10 16:00:00-04:00,46.9375,47.375,46.0,46.6406,1426900
2000-08-11 16:00:00-04:00,46.5625,46.5625,45.5,46.4375,1185000
2000-08-14 16:00:00-04:00,46.4375,48.125,46.4375,47.1875,1884400
2000-08-15 16:00:00-04:00,47.5,47.5,46.875,47.0,1400800
2000-08-16 16:00:00-04:00,47.25,47.25,46.375,46.7656,969600
2000-08-17 16:00:00-04:00,46.875,47.625,46.625,47.3125,1457600
2000-08-18 16:00:00-04:00,47.0,47.0,45.9375,46.1875,1207000
2000-08-21 16:00:00-04:00,46.4375,46.625,45.875,46.375,1073500
2000-08-22 16:00:00-04:00,46.25,46.5625,45.1875,45.5625,1509800
2000-08-23 16:00:00-04:00,45.875,46.75,45.625,46.0625,1158700
2000-08-24 16:00:00-04:00,45.9375,46.5,45.125,45.875,1073800
2000-08-25 16:00:00-04:00,46.1875,46.875,45.75,46.75,1411900
2000-08-28 16:00:00-04:00,0.0,47.313,46.625,47.25,1796800
2000-08-29 16:00:00-04:00,47.375,47.438,46.563,46.688,967100
2000-08-30 16:00:00-04:00,46.125,46.5,45.188,45.73,1280300
2000-08-31 16:00:00-04:00,45.25,46.5,45.125,46.063,858400
2000-09-01 16:00:00-04:00,47.0,47.688,46.625,47.332,982000
2000-09-05 16:00:00-04:00,47.813,47.875,46.688,47.0,1102600
2000-09-06 16:00:00-04:00,47.0,47.75,46.938,47.625,1069700
2000-09-07 16:00:00-04:00,47.875,48.0,46.938,47.188,759100
2000-09-08 16:00:00-04:00,47.0,47.0,45.063,45.938,1456500
2000-09-11 16:00:00-04:00,46.0,47.938,46.0,47.043,1112100
2000-09-12 16:00:00-04:00,47.375,47.5,46.625,47.313,791000
2000-09-13 16:00:00-04:00,46.938,47.063,44.5,45.063,2104200
2000-09-14 16:00:00-04:00,46.0,46.375,45.438,45.457,1642400
2000-09-15 16:00:00-04:00,45.438,46.313,45.438,45.938,1750600
2000-09-18 16:00:00-04:00,45.75,46.5,44.5,44.77,1863700
2000-09-19 16:00:00-04:00,44.938,45.188,43.063,43.438,1158900
2000-09-20 16:00:00-04:00,43.625,43.938,42.0,42.438,1429700
2000-09-21 16:00:00-04:00,42.5,42.5,40.125,40.563,1746300
2000-09-22 16:00:00-04:00,40.25,40.875,39.688,39.98,1541300
2000-09-25 16:00:00-04:00,40.0,40.188,39.625,40.105,1318100
2000-09-26 16:00:00-04:00,40.125,41.625,39.75,41.313,1557500
2000-09-27 16:00:00-04:00,41.25,42.125,40.813,41.563,1028800
2000-09-28 16:00:00-04:00,41.188,42.25,41.0,41.895,1433000
2000-09-29 16:00:00-04:00,41.75,42.313,41.5,42.25,1042400
2000-10-02 16:00:00-04:00,42.875,43.75,42.25,43.125,1620200
2000-10-03 16:00:00-04:00,43.375,44.563,43.063,43.938,1623600
2000-10-04 16:00:00-04:00,43.938,43.938,42.25,42.938,1210000
2000-10-05 16:00:00-04:00,42.875,43.313,42.438,43.25,1094100
2000-10-06 16:00:00-04:00,42.75,43.375,42.0,42.375,1326100
2000-10-09 16:00:00-04:00,42.375,43.563,42.375,43.5,768900
2000-10-10 16:00:00-04:00,43.5,44.938,43.375,44.063,1292100
2000-10-11 16:00:00-04:00,43.813,44.125,42.375,43.313,1257900
2000-10-12 16:00:00-04:00,43.5,44.5,42.125,42.688,1520500
2000-10-13 16:00:00-04:00,42.688,42.875,41.313,41.75,2499200
2000-10-16 16:00:00-04:00,42.0,42.875,41.438,42.0,1552300
2000-10-17 16:00:00-04:00,42.0,42.25,41.438,41.688,1773500
2000-10-18 16:00:00-04:00,41.688,41.688,40.375,40.938,1391400
2000-10-19 16:00:00-04:00,41.0,41.5,40.688,41.0,1195100
2000-10-20 16:00:00-04:00,41.25,41.625,40.125,40.25,1425900
2000-10-23 16:00:00-04:00,40.75,40.875,40.188,40.313,1200000
2000-10-24 16:00:00-04:00,40.563,41.188,40.0,40.0,952600
2000-10-25 16:00:00-04:00,40.0,40.375,38.0,39.0,1893900
2000-10-26 16:00:00-04:00,40.5,40.75,38.563,38.625,2194400
2000-10-27 16:00:00-04:00,38.875,39.625,38.563,39.25,1216200
2000-10-30 16:00:00-05:00,39.313,40.25,38.75,40.0,1337500
2000-10-31 16:00:00-05:00,40.0,42.0,40.0,41.813,1232500
2000-11-01 16:00:00-05:00,41.813,43.063,41.688,42.875,1250200
2000-11-02 16:00:00-05:00,42.625,42.813,41.938,42.25,868200
2000-11-03 16:00:00-05:00,41.875,42.688,41.063,41.375,930100
2000-11-06 16:00:00-05:00,41.438,42.688,41.375,41.875,933500
2000-11-07 16:00:00-05:00,42.0,43.25,42.0,42.125,2856100
2000-11-08 16:00:00-05:00,42.875,44.438,42.875,43.813,1375900
2000-11-09 16:00:00-05:00,43.375,43.688,42.313,42.313,977400
2000-11-10 16:00:00-05:00,42.375,43.438,41.75,41.938,1518600
2000-11-13 16:00:00-05:00,41.938,42.938,40.875,41.0,1099400
2000-11-14 16:00:00-05:00,41.188,42.063,41.063,41.5,2017900
2000-11-15 16:00:00-05:00,41.75,42.188,41.313,41.75,1087100
2000-11-16 16:00:00-05:00,41.813,42.0,41.313,41.688,750100
2000-11-17 16:00:00-05:00,41.875,42.125,41.375,41.938,921600
2000-11-20 16:00:00-05:00,41.813,41.875,40.688,41.063,650100
2000-11-21 16:00:00-05:00,41.0,41.5,40.75,41.434,715200
2000-11-22 16:00:00-05:00,41.375,41.375,40.188,40.5,1267100
2000-11-24 16:00:00-05:00,40.5,41.125,40.25,40.625,304900
2000-11-27 16:00:00-05:00,41.0,41.063,40.5,40.813,767400
2000-11-28 16:00:00-05:00,40.688,40.75,40.063,40.438,802500
2000-11-29 16:00:00-05:00,38.0,38.188,36.0,36.438,4256300
2000-11-30 16:00:00-05:00,36.0,36.0,30.375,35.375,6089000
2000-12-01 16:00:00-05:00,35.25,35.813,34.25,35.0,1467100
2000-12-04 16:00:00-05:00,34.938,36.938,34.938,36.813,1138400
2000-12-05 16:00:00-05:00,37.25,38.188,36.75,37.313,1532200
2000-12-06 16:00:00-05:00,36.813,37.875,36.375,36.438,1257000
2000-12-07 16:00:00-05:00,36.438,37.75,35.813,36.438,927100
2000-12-08 16:00:00-05:00,36.313,36.938,35.188,36.563,1107300
2000-12-11 16:00:00-05:00,36.313,37.625,35.625,36.813,1517900
2000-12-12 16:00:00-05:00,36.813,37.375,36.625,37.063,899900
2000-12-13 16:00:00-05:00,37.125,38.313,36.625,37.313,1427300
2000-12-14 16:00:00-05:00,36.813,37.688,33.813,34.438,1787300
2000-12-15 16:00:00-05:00,33.25,35.188,33.25,34.688,2207200
2000-12-18 16:00:00-05:00,35.75,36.313,34.438,35.0,1156300
2000-12-19 16:00:00-05:00,34.125,35.75,34.125,34.563,1029800
2000-12-20 16:00:00-05:00,33.5,34.0,32.813,33.813,1534900
2000-12-21 16:00:00-05:00,31.5,32.375,30.25,31.813,2686600
2000-12-22 16:00:00-05:00,31.688,32.875,31.25,32.875,3066300
2000-12-26 16:00:00-05:00,34.75,37.688,34.75,37.438,3894500
2000-12-27 16:00:00-05:00,39.5,39.625,38.25,38.688,2930800
2000-12-28 16:00:00-05:00,39.5,40.313,38.625,40.313,2298700
2000-12-29 16:00:00-05:00,40.75,40.938,38.813,39.938,1722000
2001-01-02 16:00:00-05:00,39.813,39.813,37.625,37.938,1489900
2001-01-03 16:00:00-05:00,38.5,38.875,36.0,37.5,2345100
2001-01-04 16:00:00-05:00,37.25,37.375,34.188,35.375,2646900
2001-01-05 16:00:00-05:00,35.938,37.5,35.75,36.75,2525900
2001-01-08 16:00:00-05:00,37.5,37.938,36.875,37.188,1314000
2001-01-09 16:00:00-05:00,35.5,36.0,32.625,34.563,3637800
2001-01-10 16:00:00-05:00,35.0,35.625,34.625,35.063,1831800
2001-01-11 16:00:00-05:00,35.5,36.25,34.813,35.938,3090300
2001-01-12 16:00:00-05:00,36.25,37.5,35.813,36.25,2337100
2001-01-16 16:00:00-05:00,36.313,36.875,34.875,36.125,3096300
2001-01-17 16:00:00-05:00,36.5,37.438,36.5,36.875,14968500
2001-01-18 16:00:00-05:00,37.125,38.188,36.75,37.875,3891300
2001-01-19 16:00:00-05:00,37.75,38.25,36.688,38.188,2346900
2001-01-22 16:00:00-05:00,38.75,39.0,37.875,39.0,1966800
2001-01-23 16:00:00-05:00,38.75,39.5,38.125,39.25,2006500
2001-01-24 16:00:00-05:00,39.5,39.75,38.813,39.25,2036700
2001-01-25 16:00:00-05:00,39.25,40.313,39.125,40.063,1610400
2001-01-26 16:00:00-05:00,40.063,40.063,38.563,38.938,1694000
2001-01-29 16:00:00-05:00,38.56,39.45,38.56,39.08,1824200
2001-01-30 16:00:00-05:00,39.0,39.75,38.51,39.3,1083700
2001-01-31 16:00:00-05:00,39.9,40.24,38.75,39.13,1708300
2001-02-01 16:00:00-05:00,39.13,39.43,38.11,38.96,1551900
2001-02-02 16:00:00-05:00,38.92,39.28,38.85,39.1,1488800
2001-02-05 16:00:00-05:00,40.25,40.87,39.75,40.62,2712800
2001-02-06 16:00:00-05:00,40.62,41.35,40.15,40.5,1910400
2001-02-07 16:00:00-05:00,40.85,41.75,40.0,41.6,2226700
2001-02-08 16:00:00-05:00,41.0,42.65,41.0,42.6,2960500
2001-02-09 16:00:00-05:00,43.25,43.55,42.28,42.99,2695400
2001-02-12 16:00:00-05:00,43.24,44.05,42.95,43.98,2550500
2001-02-13 16:00:00-05:00,45.0,45.72,44.76,45.08,3934900
2001-02-14 16:00:00-05:00,44.7,45.2,44.65,45.15,3060700
2001-02-15 16:00:00-05:00,45.15,45.15,43.53,44.39,2382000
2001-02-16 16:00:00-05:00,44.01,44.35,43.18,43.4,1787500
2001-02-20 16:00:00-05:00,44.5,44.5,41.99,42.26,2491000
2001-02-21 16:00:00-05:00,42.5,42.8,41.48,41.65,2090900
2001-02-22 16:00:00-05:00,42.25,42.5,41.14,41.79,2072400
2001-02-23 16:00:00-05:00,41.3,42.1,41.0,41.69,2296000
2001-02-26 16:00:00-05:00,41.95,42.5,41.8,41.94,1486600
2001-02-27 16:00:00-05:00,41.9,42.4,40.75,40.99,1946200
2001-02-28 16:00:00-05:00,40.95,41.7,40.0,41.7,2317400
2001-03-01 16:00:00-05:00,42.45,43.3,42.31,43.23,3510100
2001-03-02 16:00:00-05:00,43.25,44.5,43.22,44.25,2183300
2001-03-05 16:00:00-05:00,44.28,45.3,44.0,44.97,1499000
2001-03-06 16:00:00-05:00,44.8,45.2,44.26,44.5,2284000
2001-03-07 16:00:00-05:00,44.35,45.75,44.25,45.75,1961800
2001-03-08 16:00:00-05:00,46.1,46.2,45.2,45.9,2255700
2001-03-09 16:00:00-05:00,46.1,46.44,45.0,45.01,2308000
2001-03-12 16:00:00-05:00,44.8,44.82,43.2,43.2,1709900
2001-03-13 16:00:00-05:00,43.0,43.4,42.14,43.05,1907400
2001-03-14 16:00:00-05:00,42.0,42.74,41.15,41.8,1792200
2001-03-15 16:00:00-05:00,42.0,43.31,41.9,43.25,2087300
2001-03-16 16:00:00-05:00,42.25,43.23,42.0,42.19,2272700
2001-03-19 16:00:00-05:00,42.19,42.8,42.15,42.44,1178500
2001-03-20 16:00:00-05:00,42.65,44.35,42.26,43.48,2093800
2001-03-21 16:00:00-05:00,43.49,43.65,41.3,41.44,2768000
2001-03-22 16:00:00-05:00,39.5,40.2,36.5,38.2,3596700
2001-03-23 16:00:00-05:00,39.05,40.9,39.05,40.39,2337300
2001-03-26 16:00:00-05:00,40.75,41.45,40.65,41.05,1503500
2001-03-27 16:00:00-05:00,41.75,43.0,41.52,43.0,1968800
2001-03-28 16:00:00-05:00,43.0,43.0,41.0,41.85,1764400
2001-03-29 16:00:00-05:00,41.35,41.4,40.0,41.0,2341800
2001-03-30 16:00:00-05:00,41.0,43.15,41.0,42.85,2221900
2001-04-02 16:00:00-04:00,43.75,44.17,42.0,43.55,2545300
2001-04-03 16:00:00-04:00,43.9,44.12,39.48,40.15,4125400
2001-04-04 16:00:00-04:00,40.0,40.95,39.5,40.26,2688000
2001-04-05 16:00:00-04:00,40.75,42.38,40.6,41.86,2194500
2001-04-06 16:00:00-04:00,42.0,42.11,39.0,40.79,2452400
2001-04-09 16:00:00-04:00,40.7,42.27,40.7,41.0,2171900
2001-04-10 16:00:00-04:00,41.3,43.05,41.3,42.9,2082700
2001-04-11 16:00:00-04:00,42.9,43.2,42.4,42.89,1403800
2001-04-12 16:00:00-04:00,42.75,43.24,42.25,42.7,947600
2001-04-16 16:00:00-04:00,42.85,43.38,42.5,43.34,1235300
2001-04-17 16:00:00-04:00,43.1,43.5,42.9,43.35,1710000
2001-04-18 16:00:00-04:00,43.35,43.59,42.33,42.8,2463500
2001-04-19 16:00:00-04:00,42.65,42.89,41.4,41.75,2618000
2001-04-20 16:00:00-04:00,42.0,42.19,40.9,41.15,2405300
2001-04-23 16:00:00-04:00,42.1,42.15,41.25,42.1,1911800
2001-04-24 16:00:00-04:00,39.75,40.54,38.99,39.85,2896700
2001-04-25 16:00:00-04:00,39.85,40.68,39.65,40.3,2167600
2001-04-26 16:00:00-04:00,41.5,42.75,41.4,42.75,3664600
2001-04-27 16:00:00-04:00,43.0,43.45,42.65,43.45,2826000
2001-04-30 16:00:00-04:00,43.3,43.71,42.08,42.17,1626800
2001-05-01 16:00:00-04:00,42.7,43.54,42.44,43.38,1793100
2001-05-02 16:00:00-04:00,42.6,42.61,40.1,40.26,2828200
2001-05-03 16:00:00-04:00,40.26,40.89,39.52,40.66,1429900
2001-05-04 16:00:00-04:00,40.66,41.84,40.43,41.67,1027400
2001-05-07 16:00:00-04:00,38.0,39.6,37.81,39.28,11677800
2001-05-08 16:00:00-04:00,39.03,39.59,38.52,39.54,3395100
2001-05-09 16:00:00-04:00,39.75,40.36,39.63,40.36,2659900
2001-05-10 16:00:00-04:00,41.5,41.5,40.42,40.85,2722700
2001-05-11 16:00:00-04:00,40.5,40.69,39.99,40.23,1939800
2001-05-14 16:00:00-04:00,40.23,40.55,39.8,40.19,1412200
2001-05-15 16:00:00-04:00,40.49,40.65,40.0,40.08,1789600
2001-05-16 16:00:00-04:00,40.24,40.92,39.85,40.45,2040600
2001-05-17 16:00:00-04:00,39.6,40.93,39.55,40.51,1918100
2001-05-18 16:00:00-04:00,40.71,41.83,40.55,41.76,2606800
2001-05-21 16:00:00-04:00,42.0,42.2,41.5,42.14,2628700
2001-05-22 16:00:00-04:00,42.45,42.45,41.3,41.65,2166900
2001-05-23 16:00:00-04:00,42.0,43.0,41.5,41.88,2460700
2001-05-24 16:00:00-04:00,41.88,42.15,41.73,42.11,1977100
2001-05-25 16:00:00-04:00,42.11,42.11,41.0,41.3,1978700
2001-05-29 16:00:00-04:00,41.15,41.29,39.61,40.06,2761900
2001-05-30 16:00:00-04:00,39.75,40.32,39.27,39.35,2535600
2001-05-31 16:00:00-04:00,39.5,39.62,39.15,39.4,2924300
2001-06-01 16:00:00-04:00,38.6,39.07,38.58,39.05,2913100
2001-06-04 16:00:00-04:00,39.1,39.45,38.9,39.2,1668600
2001-06-05 16:00:00-04:00,39.15,39.23,37.75,38.2,4078100
2001-06-06 16:00:00-04:00,37.8,37.93,35.6,37.0,5126100
2001-06-07 16:00:00-04:00,37.01,37.2,36.25,36.86,2393400
2001-06-08 16:00:00-04:00,36.8,38.07,36.6,37.66,2117800
2001-06-11 16:00:00-04:00,37.53,38.008,37.4,37.94,3334000
2001-06-12 16:00:00-04:00,37.5,37.85,36.5,36.97,4087400
2001-06-13 16:00:00-04:00,37.38,37.6,36.6,36.65,3086100
2001-06-14 16:00:00-04:00,36.65,36.65,34.73,35.57,3217100
2001-06-15 16:00:00-04:00,34.85,36.7,34.85,35.83,3337300
2001-06-18 16:00:00-04:00,36.0,36.05,35.16,35.16,2124400
2001-06-19 16:00:00-04:00,35.66,35.66,34.24,35.21,2355800
2001-06-20 16:00:00-04:00,35.59,35.59,34.8,35.05,1699100
2001-06-21 16:00:00-04:00,34.75,35.2,33.35,33.74,2699200
2001-06-22 16:00:00-04:00,33.84,34.36,33.3,34.07,2110900
2001-06-25 16:00:00-04:00,34.07,34.15,32.0,32.4,4993200
2001-06-26 16:00:00-04:00,32.3,32.74,31.9,32.4,2237400
2001-06-27 16:00:00-04:00,32.5,33.2,32.1,32.83,2512400
2001-06-28 16:00:00-04:00,33.0,33.09,32.7,32.85,2971900
2001-06-29 16:00:00-04:00,32.85,33.3,32.61,32.95,2381700
2001-07-02 16:00:00-04:00,33.7,33.7,32.86,33.13,1745700
2001-07-03 16:00:00-04:00,33.53,33.53,32.85,33.0,770600
2001-07-05 16:00:00-04:00,33.0,34.08,32.98,33.97,2243700
2001-07-06 16:00:00-04:00,33.7,34.08,33.35,33.71,2479800
2001-07-09 16:00:00-04:00,33.71,33.85,32.63,32.75,2118400
2001-07-10 16:00:00-04:00,33.2,33.6,33.1,33.23,2618300
2001-07-11 16:00:00-04:00,33.23,33.29,32.16,32.55,2152200
2001-07-12 16:00:00-04:00,32.3,32.5,31.75,32.41,1513200
2001-07-13 16:00:00-04:00,32.03,33.25,32.01,32.78,1416600
2001-07-16 16:00:00-04:00,32.95,33.28,32.2,32.54,1091600
2001-07-17 16:00:00-04:00,32.54,33.1,32.36,33.1,1972300
2001-07-18 16:00:00-04:00,33.5,33.5,32.5,32.98,2652800
2001-07-19 16:00:00-04:00,32.98,33.34,32.84,33.18,1130400
2001-07-20 16:00:00-04:00,33.65,33.7,32.45,32.86,1398500
2001-07-23 16:00:00-04:00,32.98,33.12,32.18,32.35,1683700
2001-07-24 16:00:00-04:00,31.09,31.22,30.0,30.28,5112000
2001-07-25 16:00:00-04:00,30.28,31.59,30.25,31.34,3537600
2001-07-26 16:00:00-04:00,32.0,32.66,31.81,32.58,1493900
2001-07-27 16:00:00-04:00,32.58,33.15,32.36,33.09,1733500
2001-07-30 16:00:00-04:00,33.09,33.3,32.35,33.15,1781800
2001-07-31 16:00:00-04:00,33.15,34.11,32.88,33.5,1587000
2001-08-01 16:00:00-04:00,33.5,34.0,33.35,33.61,1325300
2001-08-02 16:00:00-04:00,34.0,34.41,33.55,33.8,3432900
2001-08-03 16:00:00-04:00,34.05,34.05,33.05,33.51,1543500
2001-08-06 16:00:00-04:00,33.26,33.27,32.51,32.77,1609800
2001-08-07 16:00:00-04:00,32.67,32.9,32.2,32.45,1245200
2001-08-08 16:00:00-04:00,32.7,32.8,31.35,31.75,1935000
2001-08-09 16:00:00-04:00,31.5,31.82,30.9,31.75,1881500
2001-08-10 16:00:00-04:00,32.0,32.48,31.41,32.37,2099900
2001-08-13 16:00:00-04:00,32.25,32.27,31.95,32.06,1531100
2001-08-14 16:00:00-04:00,32.16,32.45,32.15,32.3,1598800
2001-08-15 16:00:00-04:00,32.0,32.89,31.56,32.5,2436500
2001-08-16 16:00:00-04:00,32.62,32.64,32.01,32.3,1504100
2001-08-17 16:00:00-04:00,32.3,32.3,31.67,31.91,1506000
2001-08-20 16:00:00-04:00,31.99,32.09,31.64,31.75,1914700
2001-08-21 16:00:00-04:00,31.85,31.99,31.53,31.62,1387800
2001-08-22 16:00:00-04:00,31.8,32.25,31.6,31.74,2135900
2001-08-23 16:00:00-04:00,32.0,32.4,31.65,32.12,1390100
2001-08-24 16:00:00-04:00,32.1,32.84,31.96,32.81,1189900
2001-08-27 16:00:00-04:00,32.91,33.23,32.85,33.05,1062200
2001-08-28 16:00:00-04:00,33.3,33.35,32.44,32.52,2009400
2001-08-29 16:00:00-04:00,32.75,32.99,32.4,32.85,1369000
2001-08-30 16:00:00-04:00,32.86,33.11,32.07,32.21,1284900
2001-08-31 16:00:00-04:00,32.51,32.8,31.95,32.55,934400
2001-09-04 16:00:00-04:00,32.27,33.39,32.27,32.61,1163300
2001-09-05 16:00:00-04:00,32.41,32.8,32.02,32.62,1815000
2001-09-06 16:00:00-04:00,32.22,32.45,31.65,31.97,1622200
2001-09-07 16:00:00-04:00,31.5,31.97,31.45,31.47,1593400
2001-09-10 16:00:00-04:00,31.47,31.81,31.14,31.46,1591200
2001-09-17 16:00:00-04:00,30.5,31.31,30.15,30.34,1622200
2001-09-18 16:00:00-04:00,30.5,30.5,28.2,28.29,1901700
2001-09-19 16:00:00-04:00,28.6,28.78,25.0,26.79,2759400
2001-09-20 16:00:00-04:00,26.79,27.34,26.0,26.52,2529900
2001-09-21 16:00:00-04:00,25.25,28.0,25.2,26.0,2303600
2001-09-24 16:00:00-04:00,27.0,27.0,26.02,26.31,1379800
2001-09-25 16:00:00-04:00,26.58,26.7,25.3,25.54,1938500
2001-09-26 16:00:00-04:00,25.74,25.74,24.75,24.99,3128300
2001-09-27 16:00:00-04:00,25.49,25.72,24.74,25.51,2401000
2001-09-28 16:00:00-04:00,26.0,27.56,25.82,27.3,2665400
2001-10-01 16:00:00-04:00,27.3,27.44,26.6,27.0,2119000
2001-10-02 16:00:00-04:00,26.8,27.92,26.8,27.42,2081200
2001-10-03 16:00:00-04:00,27.62,28.61,27.35,28.32,3103800
2001-10-04 16:00:00-04:00,29.32,29.32,28.3,28.94,1714000
2001-10-05 16:00:00-04:00,28.95,29.25,28.2,28.85,1508500
2001-10-08 16:00:00-04:00,28.85,29.5,28.6,29.35,1426000
2001-10-09 16:00:00-04:00,30.1,30.1,28.9,29.5,1493600
2001-10-10 16:00:00-04:00,29.6,30.39,29.6,30.25,1917600
2001-10-11 16:00:00-04:00,30.0,30.7,30.0,30.43,1724100
2001-10-12 16:00:00-04:00,30.41,30.74,29.3,30.25,1350200
2001-10-15 16:00:00-04:00,30.0,30.24,29.0,29.15,1219200
2001-10-16 16:00:00-04:00,29.1,30.15,29.1,29.99,2496900
2001-10-17 16:00:00-04:00,30.69,30.69,28.7,28.74,2030800
2001-10-18 16:00:00-04:00,28.9,29.49,27.46,27.55,1804800
2001-10-19 16:00:00-04:00,27.51,28.92,27.33,28.45,1690500
2001-10-22 16:00:00-04:00,28.8,29.13,28.6,28.76,1519500
2001-10-23 16:00:00-04:00,28.92,29.1,27.8,28.05,1861900
2001-10-24 16:00:00-04:00,28.25,28.25,25.75,25.9,4364200
2001-10-25 16:00:00-04:00,25.8,27.97,25.8,27.6,4263600
2001-10-26 16:00:00-04:00,27.6,28.2,26.95,28.0,3127800
2001-10-29 16:00:00-05:00,28.1,28.6,27.68,28.34,2117200
2001-10-30 16:00:00-05:00,28.34,29.6,28.34,28.85,3959700
2001-10-31 16:00:00-05:00,29.6,29.6,28.6,28.87,2641900
2001-11-01 16:00:00-05:00,28.65,29.49,28.1,29.31,2068400
2001-11-02 16:00:00-05:00,29.31,29.31,28.3,28.79,1421500
2001-11-05 16:00:00-05:00,29.0,29.4,28.8,29.01,2079100
2001-11-06 16:00:00-05:00,28.76,29.15,28.5,29.01,1466700
2001-11-07 16:00:00-05:00,28.95,29.13,28.56,29.0,1442000
2001-11-08 16:00:00-05:00,28.7,29.85,28.65,29.55,1966200
2001-11-09 16:00:00-05:00,29.65,30.4,29.56,29.8,1717300
2001-11-12 16:00:00-05:00,29.0,29.76,29.0,29.54,979900
2001-11-13 16:00:00-05:00,29.79,30.33,29.27,30.19,1583700
2001-11-14 16:00:00-05:00,30.19,30.19,28.85,28.98,1450100
2001-11-15 16:00:00-05:00,28.6,28.61,27.31,28.31,2663900
2001-11-16 16:00:00-05:00,28.25,28.73,27.58,28.55,1748500
2001-11-19 16:00:00-05:00,28.4,28.47,27.5,28.44,1679400
2001-11-20 16:00:00-05:00,28.4,29.47,28.35,29.26,1945200
2001-11-21 16:00:00-05:00,29.26,29.26,27.05,27.75,3401900
2001-11-23 13:00:00-05:00,27.75,28.3,27.11,28.25,1354100
2001-11-26 16:00:00-05:00,27.8,28.25,26.69,28.25,2134700
2001-11-27 16:00:00-05:00,27.85,29.29,27.85,28.85,2553700
2001-11-28 16:00:00-05:00,28.45,28.45,26.8,27.05,5080900
2001-11-29 16:00:00-05:00,25.1,27.25,24.1,27.0,13941400
2001-11-30 16:00:00-05:00,26.8,27.14,26.27,26.72,3988600
2001-12-03 16:00:00-05:00,26.25,27.15,25.4,26.46,3697200
2001-12-04 16:00:00-05:00,27.0,27.29,26.26,27.29,3369700
2001-12-05 16:00:00-05:00,27.46,28.35,27.25,27.94,2885100
2001-12-06 16:00:00-05:00,27.6,28.05,27.2,27.79,3074000
2001-12-07 16:00:00-05:00,27.7,28.35,27.3,27.8,1959800
2001-12-10 16:00:00-05:00,27.45,27.46,26.23,26.79,2768300
2001-12-11 16:00:00-05:00,26.79,26.79,24.75,25.14,8802600
2001-12-12 16:00:00-05:00,24.7,24.71,22.45,23.66,14593500
2001-12-13 16:00:00-05:00,23.2,24.75,23.0,24.06,8649200
2001-12-14 16:00:00-05:00,23.5,24.7,23.01,24.31,6176300
2001-12-17 16:00:00-05:00,24.2,24.21,22.77,22.95,7048300
2001-12-18 16:00:00-05:00,22.5,22.8,20.8,22.1,15648900
2001-12-19 16:00:00-05:00,21.25,24.8,21.25,24.7,12745800
2001-12-20 16:00:00-05:00,25.1,25.4,23.8,24.37,7228100
2001-12-21 16:00:00-05:00,24.38,24.85,23.65,23.69,6081000
2001-12-24 13:00:00-05:00,23.1,23.54,23.05,23.25,3965000
2001-12-26 16:00:00-05:00,23.9,24.3,23.57,24.19,4055600
2001-12-27 16:00:00-05:00,24.3,25.24,23.92,25.18,9011400
2001-12-28 16:00:00-05:00,25.38,25.97,25.33,25.69,5698600
2001-12-31 16:00:00-05:00,25.99,25.99,25.0,25.52,3670100
2002-01-02 16:00:00-05:00,26.08,26.1,25.08,25.97,4219900
2002-01-03 16:00:00-05:00,26.35,26.35,25.26,25.6,2901400
2002-01-04 16:00:00-05:00,24.95,25.09,24.57,24.92,5712200
2002-01-07 16:00:00-05:00,24.62,25.49,24.51,25.0,5779100
2002-01-08 16:00:00-05:00,25.0,25.5,24.99,25.47,6742400
2002-01-09 16:00:00-05:00,25.7,25.89,25.34,25.6,4227800
2002-01-10 16:00:00-05:00,25.8,25.92,25.17,25.46,3073800
2002-01-11 16:00:00-05:00,25.66,25.76,25.4,25.5,3282900
2002-01-14 16:00:00-05:00,25.4,25.5,24.71,25.14,3456900
2002-01-15 16:00:00-05:00,25.14,25.49,24.45,24.72,5314300
2002-01-16 16:00:00-05:00,24.15,24.53,23.61,24.02,5055900
2002-01-17 16:00:00-05:00,24.1,24.25,23.65,23.88,2439900
2002-01-18 16:00:00-05:00,23.8,24.45,23.7,24.32,2226100
2002-01-22 16:00:00-05:00,24.5,24.5,23.38,23.39,2007500
2002-01-23 16:00:00-05:00,23.35,24.66,23.25,24.2,2472400
2002-01-24 16:00:00-05:00,24.75,25.38,24.3,25.16,2664000
2002-01-25 16:00:00-05:00,25.16,25.16,24.32,24.77,1974900
2002-01-28 16:00:00-05:00,24.6,24.85,23.93,24.14,1540700
2002-01-29 16:00:00-05:00,22.6,22.6,17.7,18.78,26405700
2002-01-30 16:00:00-05:00,18.0,18.9,14.87,16.11,31066500
2002-01-31 16:00:00-05:00,18.01,18.9,17.36,17.68,9933700
2002-02-01 16:00:00-05:00,17.68,19.75,17.05,19.0,11505800
2002-02-04 16:00:00-05:00,16.6,17.4,16.3,16.36,10364100
2002-02-05 16:00:00-05:00,16.0,16.2,14.45,14.53,11760900
2002-02-06 16:00:00-05:00,14.7,15.41,14.05,14.85,8149700
2002-02-07 16:00:00-05:00,15.35,15.7,14.72,15.24,4756700
2002-02-08 16:00:00-05:00,15.2,15.65,14.68,15.06,6739000
2002-02-11 16:00:00-05:00,15.24,15.9,14.49,15.86,3867200
2002-02-12 16:00:00-05:00,15.87,17.2,15.641,16.45,6447000
2002-02-13 16:00:00-05:00,16.49,17.12,16.4,16.63,5247400
2002-02-14 16:00:00-05:00,16.63,17.0,16.02,16.67,3025800
2002-02-15 16:00:00-05:00,16.8,17.0,16.25,16.62,3494200
2002-02-19 16:00:00-05:00,16.37,17.1,16.25,16.72,3078800
2002-02-20 16:00:00-05:00,16.72,16.919,15.69,16.12,3850100
2002-02-21 16:00:00-05:00,16.12,16.95,15.97,16.26,2409500
2002-02-22 16:00:00-05:00,16.26,16.55,15.2,16.3,4789600
2002-02-25 16:00:00-05:00,15.5,15.6,14.4,14.84,11244600
2002-02-26 16:00:00-05:00,14.94,16.4,14.88,16.25,5407300
2002-02-27 16:00:00-05:00,16.0,16.49,15.86,16.1,4269300
2002-02-28 16:00:00-05:00,15.9,16.15,15.28,15.45,4134900
2002-03-01 16:00:00-05:00,15.25,16.02,15.2,16.0,2965100
2002-03-04 16:00:00-05:00,16.65,16.8,16.25,16.61,4310600
2002-03-05 16:00:00-05:00,16.61,19.3,16.61,19.1,8026300
2002-03-06 16:00:00-05:00,19.7,20.45,19.25,20.28,8808700
2002-03-07 16:00:00-05:00,20.5,22.76,20.46,22.1,9248800
2002-03-08 16:00:00-05:00,22.95,22.98,21.88,22.83,7648500
2002-03-11 16:00:00-05:00,22.83,23.3,22.25,22.98,4189300
2002-03-12 16:00:00-05:00,22.3,23.08,22.19,23.06,4093300
2002-03-13 16:00:00-05:00,22.86,23.12,22.26,22.3,2208800
2002-03-14 16:00:00-05:00,22.31,22.46,21.91,22.27,2875700
2002-03-15 16:00:00-05:00,22.27,22.74,22.1,22.41,2016000
2002-03-18 16:00:00-05:00,22.5,23.06,22.4,22.85,2245900
2002-03-19 16:00:00-05:00,22.85,23.39,22.75,23.07,2574400
2002-03-20 16:00:00-05:00,23.07,23.65,22.77,23.39,1482200
2002-03-21 16:00:00-05:00,23.0,24.5,22.91,24.4,3440300
2002-03-22 16:00:00-05:00,24.41,24.41,23.3,23.45,2478300
2002-03-25 16:00:00-05:00,23.39,23.88,23.25,23.45,1592500
2002-03-26 16:00:00-05:00,23.44,23.71,23.01,23.41,2053900
2002-03-27 16:00:00-05:00,23.41,23.79,23.25,23.48,1973800
2002-03-28 16:00:00-05:00,23.45,23.97,23.26,23.56,1719900
2002-04-01 16:00:00-05:00,23.6,23.95,23.5,23.75,1413000
2002-04-02 16:00:00-05:00,23.69,24.41,23.69,24.17,1892600
2002-04-03 16:00:00-05:00,22.6,23.63,21.4,23.08,6819300
2002-04-04 16:00:00-05:00,23.0,23.55,22.81,22.95,2486700
2002-04-05 16:00:00-05:00,22.25,22.7,22.09,22.38,2611800
2002-04-08 16:00:00-04:00,22.38,22.7,22.02,22.43,1545000
2002-04-09 16:00:00-04:00,22.35,22.4,21.83,21.9,1937500
2002-04-10 16:00:00-04:00,21.65,22.11,21.61,21.99,2042200
2002-04-11 16:00:00-04:00,22.0,22.5,21.58,21.58,1489900
2002-04-12 16:00:00-04:00,21.59,21.75,20.5,21.05,1980600
2002-04-15 16:00:00-04:00,21.35,21.75,21.11,21.32,1447500
2002-04-16 16:00:00-04:00,21.57,22.42,21.57,22.28,2570200
2002-04-17 16:00:00-04:00,22.4,23.5,22.4,23.36,2747200
2002-04-18 16:00:00-04:00,23.36,23.58,23.06,23.25,1378900
2002-04-19 16:00:00-04:00,23.36,23.41,22.75,23.35,1281000
2002-04-22 16:00:00-04:00,23.41,23.57,23.06,23.3,969300
2002-04-23 16:00:00-04:00,23.3,23.6,22.9,23.2,1433900
2002-04-24 16:00:00-04:00,22.95,22.96,22.05,22.25,2200600
2002-04-25 16:00:00-04:00,21.5,22.15,21.23,21.45,4198400
2002-04-26 16:00:00-04:00,21.44,21.45,19.3,20.0,6467000
2002-04-29 16:00:00-04:00,19.9,19.9,18.53,18.61,4457200
2002-04-30 16:00:00-04:00,18.65,19.91,18.55,19.1,4542000
2002-05-01 16:00:00-04:00,19.55,19.57,18.9,19.32,3521900
2002-05-02 16:00:00-04:00,19.75,19.92,18.78,18.84,3887700
2002-05-03 16:00:00-04:00,18.9,19.39,18.75,19.23,1973500
2002-05-06 16:00:00-04:00,19.23,19.23,18.49,18.51,1647700
2002-05-07 16:00:00-04:00,18.3,18.36,16.6,16.9,9451100
2002-05-08 16:00:00-04:00,16.9,17.89,16.28,17.75,6677600
2002-05-09 16:00:00-04:00,17.5,18.249,17.35,17.5,2922900
2002-05-10 16:00:00-04:00,17.5,17.5,16.15,16.49,5027700
2002-05-13 16:00:00-04:00,16.0,16.15,14.8,15.55,8150400
2002-05-14 16:00:00-04:00,15.85,16.42,15.7,16.37,4847800
2002-05-15 16:00:00-04:00,15.87,15.94,15.2,15.51,6502200
2002-05-16 16:00:00-04:00,15.5,16.04,15.21,15.71,5160000
2002-05-17 16:00:00-04:00,15.9,16.15,15.02,15.29,5163600
2002-05-20 16:00:00-04:00,15.39,16.01,15.35,16.0,3809800
2002-05-21 16:00:00-04:00,16.55,16.89,15.8,16.0,4668700
2002-05-22 16:00:00-04:00,16.5,17.71,16.35,17.71,6262600
2002-05-23 16:00:00-04:00,17.71,18.14,17.24,17.66,4159300
2002-05-24 16:00:00-04:00,17.9,17.97,17.01,17.42,1898200
2002-05-28 16:00:00-04:00,17.0,17.6,16.4,17.11,3785900
2002-05-29 16:00:00-04:00,15.8,16.16,15.21,15.47,5777200
2002-05-30 16:00:00-04:00,15.0,15.47,13.7,14.0,10773900
2002-05-31 16:00:00-04:00,14.2,14.5,13.69,14.2,6305300
2002-06-03 16:00:00-04:00,13.25,13.25,10.55,10.95,22965400
2002-06-04 16:00:00-04:00,10.96,11.35,10.9,11.21,11623400
2002-06-05 16:00:00-04:00,10.0,10.5,8.83,9.12,23923700
2002-06-06 16:00:00-04:00,8.94,9.4,8.4,8.93,17435000
2002-06-07 16:00:00-04:00,8.55,8.75,7.99,8.7,15956900
2002-06-10 16:00:00-04:00,8.45,9.14,8.36,8.59,9494800
2002-06-11 16:00:00-04:00,8.5,8.75,7.48,7.5,12320600
2002-06-12 16:00:00-04:00,7.75,7.94,7.3,7.43,8214600
2002-06-13 16:00:00-04:00,7.66,8.0,7.55,7.75,7344800
2002-06-14 16:00:00-04:00,7.53,7.75,7.26,7.35,5953500
2002-06-17 16:00:00-04:00,7.35,7.6,7.1,7.55,5730800
2002-06-18 16:00:00-04:00,7.52,7.9,7.4,7.65,5387400
2002-06-19 16:00:00-04:00,7.98,8.3,7.54,7.54,8272100
2002-06-20 16:00:00-04:00,7.64,7.81,7.05,7.35,4646800
2002-06-21 16:00:00-04:00,7.08,7.41,7.0,7.13,4125700
2002-06-24 16:00:00-04:00,7.13,7.24,6.23,6.53,8801200
2002-06-25 16:00:00-04:00,6.7,6.74,5.93,5.94,8592600
2002-06-26 16:00:00-04:00,5.57,6.18,5.35,5.75,9974800
2002-06-27 16:00:00-04:00,6.02,6.08,5.3,5.47,4974700
2002-06-28 16:00:00-04:00,5.47,6.02,5.45,5.99,7026200
2002-07-01 16:00:00-04:00,6.2,6.41,5.5,5.66,5613700
2002-07-02 16:00:00-04:00,5.57,5.64,4.65,4.99,7760300
2002-07-03 16:00:00-04:00,5.0,5.36,4.85,5.36,5189000
2002-07-05 16:00:00-04:00,5.56,5.65,5.36,5.45,1710900
2002-07-08 16:00:00-04:00,5.5,5.65,5.15,5.4,3088500
2002-07-09 16:00:00-04:00,5.39,5.5,5.1,5.1,3100000
2002-07-10 16:00:00-04:00,5.25,5.29,5.01,5.09,3566700
2002-07-11 16:00:00-04:00,5.03,5.74,5.02,5.56,5377000
2002-07-12 16:00:00-04:00,5.96,6.16,5.67,5.69,6709100
2002-07-15 16:00:00-04:00,5.69,5.9,5.11,5.88,4988900
2002-07-16 16:00:00-04:00,5.98,6.15,5.51,5.93,6382500
2002-07-17 16:00:00-04:00,6.35,6.6,6.16,6.2,5104800
2002-07-18 16:00:00-04:00,6.3,6.73,6.2,6.32,4781200
2002-07-19 16:00:00-04:00,6.22,6.22,5.15,5.16,7334200
2002-07-22 16:00:00-04:00,3.5,3.69,1.99,2.01,49645600
2002-07-23 16:00:00-04:00,2.01,2.01,0.99,1.19,52356400
2002-07-24 16:00:00-04:00,1.1,1.3,0.83,1.25,34518700
2002-07-25 16:00:00-04:00,1.15,1.15,0.85,0.88,27430100
2002-07-26 16:00:00-04:00,0.88,1.49,0.78,1.06,30989500
2002-07-29 16:00:00-04:00,1.23,1.99,1.2,1.99,28377200
2002-07-30 16:00:00-04:00,1.99,2.99,1.65,2.41,39962500
2002-07-31 16:00:00-04:00,2.6,3.0,2.04,2.95,32386700
2002-08-01 16:00:00-04:00,3.99,4.3,3.2,3.8,33378900
2002-08-02 16:00:00-04:00,4.0,4.0,3.25,3.4,17037200
2002-08-05 16:00:00-04:00,2.9,3.17,2.25,2.31,14981900
2002-08-06 16:00:00-04:00,2.5,2.99,2.37,2.56,9987800
2002-08-07 16:00:00-04:00,2.65,2.85,2.41,2.64,5760300
2002-08-08 16:00:00-04:00,2.7,2.9,2.6,2.82,5369500
2002-08-09 16:00:00-04:00,2.75,2.83,2.57,2.82,3973200
2002-08-12 16:00:00-04:00,2.74,2.97,2.6,2.8,3211400
2002-08-13 16:00:00-04:00,2.84,2.9,2.61,2.61,3472600
2002-08-14 16:00:00-04:00,2.63,2.84,2.56,2.78,5751200
2002-08-15 16:00:00-04:00,2.78,2.79,2.62,2.62,4286500
2002-08-16 16:00:00-04:00,2.59,2.6,2.37,2.53,5628500
2002-08-19 16:00:00-04:00,2.58,2.8,2.41,2.8,3517900
2002-08-20 16:00:00-04:00,2.9,2.94,2.6,2.82,3919800
2002-08-21 16:00:00-04:00,3.0,3.65,3.0,3.61,12414300
2002-08-22 16:00:00-04:00,3.71,4.15,3.65,3.77,14958500
2002-08-23 16:00:00-04:00,3.8,3.95,3.41,3.56,5802900
2002-08-26 16:00:00-04:00,3.73,3.75,3.5,3.74,4442800
2002-08-27 16:00:00-04:00,3.85,3.89,3.62,3.75,4903400
2002-08-28 16:00:00-04:00,3.73,3.73,3.31,3.39,4623900
2002-08-29 16:00:00-04:00,3.09,3.39,3.02,3.15,4865600
2002-08-30 16:00:00-04:00,3.05,3.35,3.01,3.22,3200500
2002-09-03 16:00:00-04:00,3.03,3.17,2.8,2.88,4181100
2002-09-04 16:00:00-04:00,2.88,3.13,2.87,3.13,3631100
2002-09-05 16:00:00-04:00,3.1,3.5,2.92,3.23,4497500
2002-09-06 16:00:00-04:00,3.33,3.39,3.0,3.0,3185200
2002-09-09 16:00:00-04:00,2.85,3.16,2.82,3.12,3535400
2002-09-10 16:00:00-04:00,3.12,3.12,2.96,2.96,2478800
2002-09-11 16:00:00-04:00,2.96,3.07,2.96,2.99,2024000
2002-09-12 16:00:00-04:00,2.96,3.0,2.8,2.87,2854100
2002-09-13 16:00:00-04:00,2.8,2.85,2.73,2.8,2993900
2002-09-16 16:00:00-04:00,2.81,3.0,2.57,2.6,3706400
2002-09-17 16:00:00-04:00,2.75,2.78,2.39,2.41,5585500
2002-09-18 16:00:00-04:00,2.25,2.35,2.15,2.27,7531400
2002-09-19 16:00:00-04:00,2.24,2.49,2.19,2.3,4727500
2002-09-20 16:00:00-04:00,2.3,2.43,2.25,2.34,3937200
2002-09-23 16:00:00-04:00,2.25,2.3,1.88,1.99,7105200
2002-09-24 16:00:00-04:00,1.98,1.98,1.68,1.76,6734200
2002-09-25 16:00:00-04:00,1.88,2.15,1.88,2.07,4311600
2002-09-26 16:00:00-04:00,2.3,2.51,2.12,2.21,4041200
2002-09-27 16:00:00-04:00,2.21,2.23,2.0,2.06,2318900
2002-09-30 16:00:00-04:00,2.0,2.32,1.9,2.26,4789700
2002-10-01 16:00:00-04:00,2.28,2.38,2.12,2.29,2475600
2002-10-02 16:00:00-04:00,2.22,2.34,2.12,2.14,2874700
2002-10-03 16:00:00-04:00,2.14,2.25,2.05,2.13,1905800
2002-10-04 16:00:00-04:00,2.11,2.16,1.9,1.91,3801300
2002-10-07 16:00:00-04:00,1.9,1.99,1.79,1.8,3436300
2002-10-08 16:00:00-04:00,1.85,1.94,1.55,1.67,4691300
2002-10-09 16:00:00-04:00,1.67,1.67,1.46,1.48,5240800
2002-10-10 16:00:00-04:00,1.5,1.67,1.49,1.54,4721700
2002-10-11 16:00:00-04:00,1.8,1.83,1.7,1.73,4021500
2002-10-14 16:00:00-04:00,1.75,1.93,1.68,1.87,2541700
2002-10-15 16:00:00-04:00,1.93,2.05,1.75,1.85,3740100
2002-10-16 16:00:00-04:00,1.86,1.93,1.71,1.76,2570000
2002-10-17 16:00:00-04:00,2.5,2.5,1.54,1.55,3965400
2002-10-18 16:00:00-04:00,1.6,1.69,1.56,1.6,3033300
2002-10-21 16:00:00-04:00,1.55,1.657,1.55,1.61,3087200
2002-10-22 16:00:00-04:00,1.59,1.62,1.53,1.59,3008800
2002-10-23 16:00:00-04:00,1.59,1.59,1.31,1.46,4661700
2002-10-24 16:00:00-04:00,1.49,1.54,1.43,1.47,2626100
2002-10-25 16:00:00-04:00,1.42,1.42,1.3,1.4,4464700
2002-10-28 16:00:00-05:00,1.42,1.48,1.33,1.35,3337100
2002-10-29 16:00:00-05:00,1.36,1.58,1.35,1.56,4361500
2002-10-30 16:00:00-05:00,1.59,1.62,1.41,1.51,5376400
2002-10-31 16:00:00-05:00,1.51,1.88,1.46,1.88,6336200
2002-11-01 16:00:00-05:00,1.87,2.2,1.8,2.08,6553300
2002-11-04 16:00:00-05:00,2.0,2.49,2.0,2.21,6694100
2002-11-05 16:00:00-05:00,2.21,2.48,2.2,2.38,4219400
2002-11-06 16:00:00-05:00,2.45,2.77,2.43,2.75,8266700
2002-11-07 16:00:00-05:00,2.8,3.1,2.55,3.06,9346000
2002-11-08 16:00:00-05:00,2.88,3.08,2.35,2.61,9470200
2002-11-11 16:00:00-05:00,2.21,2.6,2.03,2.6,8623300
2002-11-12 16:00:00-05:00,2.93,2.97,2.65,2.72,9794600
2002-11-13 16:00:00-05:00,2.72,2.78,2.3,2.43,7546200
2002-11-14 16:00:00-05:00,2.55,2.85,2.1,2.79,8162900
2002-11-15 16:00:00-05:00,2.55,2.75,2.41,2.52,8545100
2002-11-18 16:00:00-05:00,2.75,2.75,2.44,2.57,3831100
2002-11-19 16:00:00-05:00,2.57,2.65,2.5,2.56,3275500
2002-11-20 16:00:00-05:00,2.52,2.57,2.5,2.56,2422600
2002-11-21 16:00:00-05:00,2.55,2.87,2.55,2.68,5298300
2002-11-22 16:00:00-05:00,2.75,2.93,2.49,2.93,6984300
2002-11-25 16:00:00-05:00,2.89,3.1,2.78,2.81,7542600
2002-11-26 16:00:00-05:00,2.8,2.95,2.8,2.84,5095100
2002-11-27 16:00:00-05:00,2.83,2.89,2.54,2.58,5243700
2002-11-29 16:00:00-05:00,2.57,2.77,2.57,2.65,2164700
2002-12-02 16:00:00-05:00,2.8,2.8,2.48,2.6,3742500
2002-12-03 16:00:00-05:00,2.53,2.6,2.45,2.53,2893600
2002-12-04 16:00:00-05:00,2.45,2.5,2.3,2.41,3956800
2002-12-05 16:00:00-05:00,2.41,2.48,2.3,2.38,3276900
2002-12-06 16:00:00-05:00,2.29,2.44,2.26,2.37,2232600
2002-12-09 16:00:00-05:00,2.28,2.37,2.19,2.23,3026800
2002-12-10 16:00:00-05:00,2.5,2.5,2.15,2.3,3132000
2002-12-11 16:00:00-05:00,2.28,2.29,2.2,2.2,1754200
2002-12-12 16:00:00-05:00,2.19,2.37,2.17,2.34,2988400
2002-12-13 16:00:00-05:00,2.5,2.83,2.41,2.82,7766300
2002-12-16 16:00:00-05:00,2.9,3.1,2.63,2.67,5956400
2002-12-17 16:00:00-05:00,2.66,2.68,2.51,2.51,2682800
2002-12-18 16:00:00-05:00,2.42,2.56,2.35,2.42,3302800
2002-12-19 16:00:00-05:00,2.4,2.5,2.35,2.35,2782000
2002-12-20 16:00:00-05:00,2.35,2.44,2.2,2.25,5354900
2002-12-23 16:00:00-05:00,2.2,2.31,2.2,2.28,3527800
2002-12-24 16:00:00-05:00,2.26,2.29,2.2,2.25,1947200
2002-12-26 16:00:00-05:00,2.25,2.27,2.2,2.24,3754700
2002-12-27 16:00:00-05:00,2.3,2.3,2.16,2.2,3405300
2002-12-30 16:00:00-05:00,2.2,2.27,2.18,2.27,4774100
2002-12-31 16:00:00-05:00,2.26,2.74,2.25,2.7,9064100
2003-01-02 16:00:00-05:00,2.9,3.0,2.7,2.82,8856800
2003-01-03 16:00:00-05:00,2.82,2.82,2.62,2.74,3562200
2003-01-06 16:00:00-05:00,2.74,2.82,2.67,2.71,2751700
2003-01-07 16:00:00-05:00,2.83,2.98,2.78,2.98,7685900
2003-01-08 16:00:00-05:00,2.99,3.32,2.98,3.14,11738200
2003-01-09 16:00:00-05:00,3.17,3.35,3.05,3.2,6971500
2003-01-10 16:00:00-05:00,3.2,3.45,3.15,3.37,9741700
2003-01-13 16:00:00-05:00,3.4,3.49,3.19,3.21,3677800
2003-01-14 16:00:00-05:00,3.21,3.39,3.21,3.38,3426700
2003-01-15 16:00:00-05:00,3.3,3.49,3.3,3.48,4080300
2003-01-16 16:00:00-05:00,3.52,3.89,3.49,3.86,10458600
2003-01-17 16:00:00-05:00,3.85,4.16,3.8,4.08,13133300
2003-01-21 16:00:00-05:00,4.05,4.06,3.2,3.54,7886000
2003-01-22 16:00:00-05:00,3.42,3.48,3.15,3.17,6613300
2003-01-23 16:00:00-05:00,3.21,3.77,3.21,3.64,9316700
2003-01-24 16:00:00-05:00,3.65,3.68,3.4,3.4,4869700
2003-01-27 16:00:00-05:00,3.35,3.77,3.4,3.46,6561700
2003-01-28 16:00:00-05:00,3.5,3.67,3.35,3.51,4020000
2003-01-29 16:00:00-05:00,3.41,3.5,3.36,3.41,3430600
2003-01-30 16:00:00-05:00,3.48,3.53,3.41,3.49,4009400
2003-01-31 16:00:00-05:00,3.1,3.501,3.1,3.24,7350600
2003-02-03 16:00:00-05:00,3.22,3.26,2.77,3.01,11215500
2003-02-04 16:00:00-05:00,3.01,3.35,2.95,3.25,4917900
2003-02-05 16:00:00-05:00,3.27,3.3,3.03,3.1,4084900
2003-02-06 16:00:00-05:00,3.11,3.18,2.9,3.0,5410700
2003-02-07 16:00:00-05:00,3.0,3.0,2.86,2.92,5335100
2003-02-10 16:00:00-05:00,2.87,2.92,2.75,2.9,3828000
2003-02-11 16:00:00-05:00,2.96,3.08,2.85,3.03,3547000
2003-02-12 16:00:00-05:00,2.87,3.08,2.76,2.8,3236600
2003-02-13 16:00:00-05:00,2.74,2.77,2.55,2.6,3900400
2003-02-14 16:00:00-05:00,2.73,2.73,2.51,2.6,3301900
2003-02-18 16:00:00-05:00,2.75,2.98,2.67,2.98,3252800
2003-02-19 16:00:00-05:00,2.98,3.17,2.87,2.9,3982500
2003-02-20 16:00:00-05:00,3.45,3.75,3.12,3.67,17589100
2003-02-21 16:00:00-05:00,3.76,3.9,3.53,3.58,7465100
2003-02-24 16:00:00-05:00,3.5,3.59,3.4,3.54,5106200
2003-02-25 16:00:00-05:00,3.85,3.87,3.56,3.78,7206500
2003-02-26 16:00:00-05:00,3.8,3.85,3.66,3.72,2969700
2003-02-27 16:00:00-05:00,3.77,3.92,3.72,3.85,3959400
2003-02-28 16:00:00-05:00,3.94,3.96,3.78,3.81,3929800
2003-03-03 16:00:00-05:00,3.85,3.92,3.8,3.87,3308500
2003-03-04 16:00:00-05:00,3.83,3.88,3.65,3.78,3399200
2003-03-05 16:00:00-05:00,3.78,3.96,3.69,3.9,3692300
2003-03-06 16:00:00-05:00,3.9,4.25,3.82,4.24,8262800
2003-03-07 16:00:00-05:00,4.2,4.28,4.05,4.27,4854800
2003-03-10 16:00:00-05:00,4.27,4.39,3.95,4.0,5576400
2003-03-11 16:00:00-05:00,4.03,4.09,3.63,3.7,5152800
2003-03-12 16:00:00-05:00,3.67,3.86,3.59,3.68,4011300
2003-03-13 16:00:00-05:00,3.8,4.05,3.76,4.05,3645500
2003-03-14 16:00:00-05:00,3.97,4.09,3.9,4.0,3179100
2003-03-17 16:00:00-05:00,4.0,4.16,3.9,4.16,3896500
2003-03-18 16:00:00-05:00,4.2,4.27,4.09,4.21,3617200
2003-03-19 16:00:00-05:00,4.23,4.26,4.05,4.15,2476100
2003-03-20 16:00:00-05:00,4.0,4.09,3.8,4.05,5272400
2003-03-21 16:00:00-05:00,4.25,4.39,4.15,4.31,5429300
2003-03-24 16:00:00-05:00,4.05,4.45,3.89,4.3,4031800
2003-03-25 16:00:00-05:00,4.3,4.76,4.3,4.74,6144400
2003-03-26 16:00:00-05:00,4.8,4.8,4.35,4.39,9358900
2003-03-27 16:00:00-05:00,4.25,4.7,4.21,4.7,6020300
2003-03-28 16:00:00-05:00,4.61,4.84,4.61,4.7,4180700
2003-03-31 16:00:00-05:00,4.6,4.68,4.53,4.58,2519700
2003-04-01 16:00:00-05:00,4.63,5.05,4.63,5.0,7531300
2003-04-02 16:00:00-05:00,5.24,5.25,4.85,4.87,7931300
2003-04-03 16:00:00-05:00,4.9,5.0,4.8,4.87,2841500
2003-04-04 16:00:00-05:00,5.0,5.04,4.75,4.9,3161500
2003-04-07 16:00:00-04:00,5.1,5.15,4.97,5.09,5741500
2003-04-08 16:00:00-04:00,5.06,5.08,4.85,4.92,4592900
2003-04-09 16:00:00-04:00,5.03,5.23,4.95,5.17,4972300
2003-04-10 16:00:00-04:00,5.19,5.3,5.07,5.3,4573000
2003-04-11 16:00:00-04:00,5.36,5.55,5.33,5.4,5636300
2003-04-14 16:00:00-04:00,5.54,5.55,5.32,5.4,5025100
2003-04-15 16:00:00-04:00,5.44,5.45,5.33,5.39,2418400
2003-04-16 16:00:00-04:00,5.65,5.42,4.91,5.1,5786200
2003-04-17 16:00:00-04:00,5.48,6.0,5.21,5.9,13997600
2003-04-21 16:00:00-04:00,6.14,6.6,5.95,6.59,12724600
2003-04-22 16:00:00-04:00,6.35,7.34,6.37,6.86,18888900
2003-04-23 16:00:00-04:00,7.0,6.98,6.41,6.56,10415400
2003-04-24 16:00:00-04:00,6.58,6.9,6.52,6.76,5294700
2003-04-25 16:00:00-04:00,6.9,6.91,6.65,6.73,3472600
2003-04-28 16:00:00-04:00,6.83,7.0,6.81,6.96,4874800
2003-04-29 16:00:00-04:00,7.0,7.25,6.85,6.96,7023300
2003-04-30 16:00:00-04:00,7.0,7.08,6.91,6.95,6208900
2003-05-01 16:00:00-04:00,6.85,6.99,6.4,6.79,6126100
2003-05-02 16:00:00-04:00,6.8,7.09,6.85,7.06,6050300
2003-05-05 16:00:00-04:00,7.14,7.19,7.0,7.02,4347400
2003-05-06 16:00:00-04:00,6.98,7.13,6.82,6.86,4447300
2003-05-07 16:00:00-04:00,6.75,6.93,6.62,6.93,4832300
2003-05-08 16:00:00-04:00,6.9,6.9,6.6,6.73,5080700
2003-05-09 16:00:00-04:00,6.7,6.78,6.56,6.78,4018100
2003-05-12 16:00:00-04:00,6.8,7.14,6.79,7.0,6017500
2003-05-13 16:00:00-04:00,6.7,7.09,6.69,7.08,7644700
2003-05-14 16:00:00-04:00,7.09,7.98,7.2,7.96,14827600
2003-05-15 16:00:00-04:00,8.0,8.31,8.0,8.19,9698500
2003-05-16 16:00:00-04:00,8.25,8.3,7.92,8.3,5251800
2003-05-19 16:00:00-04:00,8.3,8.14,7.83,7.86,4282500
2003-05-20 16:00:00-04:00,7.97,7.86,7.1,7.46,15354400
2003-05-21 16:00:00-04:00,7.5,7.53,7.18,7.38,11600200
2003-05-22 16:00:00-04:00,7.43,7.76,7.4,7.7,10473800
2003-05-23 16:00:00-04:00,7.7,7.95,7.66,7.9,5915500
2003-05-27 16:00:00-04:00,7.9,8.2,7.81,8.17,7141200
2003-05-28 16:00:00-04:00,8.45,8.29,8.07,8.08,13242800
2003-05-29 16:00:00-04:00,8.09,8.21,7.83,7.95,5147200
2003-05-30 16:00:00-04:00,7.87,8.08,7.86,7.91,3517000
2003-06-02 16:00:00-04:00,8.0,8.35,7.95,8.04,6515700
2003-06-03 16:00:00-04:00,8.04,8.05,7.81,7.96,3304700
2003-06-04 16:00:00-04:00,7.95,8.58,7.94,8.58,8072100
2003-06-05 16:00:00-04:00,8.52,8.8,8.38,8.75,5790700
2003-06-06 16:00:00-04:00,8.95,9.04,8.61,8.73,6737500
2003-06-09 16:00:00-04:00,8.85,8.85,8.3,8.59,4805400
2003-06-10 16:00:00-04:00,8.9,8.8,8.26,8.41,5398600
2003-06-11 16:00:00-04:00,8.52,8.77,8.42,8.77,3441100
2003-06-12 16:00:00-04:00,8.83,8.85,8.62,8.74,3046100
2003-06-13 16:00:00-04:00,8.74,8.75,8.16,8.42,4208200
2003-06-16 16:00:00-04:00,8.35,8.6,8.22,8.5,3364700
2003-06-17 16:00:00-04:00,8.5,8.57,8.3,8.33,2769700
2003-06-18 16:00:00-04:00,8.32,8.51,8.1,8.51,5237900
2003-06-19 16:00:00-04:00,8.54,8.59,8.39,8.48,3129500
2003-06-20 16:00:00-04:00,8.48,8.54,8.25,8.25,3347600
2003-06-23 16:00:00-04:00,8.1,8.15,7.4,7.54,8518400
2003-06-24 16:00:00-04:00,7.62,7.74,7.4,7.6,3311500
2003-06-25 16:00:00-04:00,7.6,7.98,7.6,7.8,2973600
2003-06-26 16:00:00-04:00,7.75,8.02,7.75,7.9,3193900
2003-06-27 16:00:00-04:00,7.93,8.09,7.87,7.87,2226900
2003-06-30 16:00:00-04:00,7.87,7.97,7.84,7.9,3872800
2003-07-01 16:00:00-04:00,7.73,7.8,7.55,7.59,4047900
2003-07-02 16:00:00-04:00,7.55,7.85,7.55,7.75,2726300
2003-07-03 16:00:00-04:00,7.69,7.74,7.5,7.6,1551900
2003-07-07 16:00:00-04:00,7.63,7.89,7.63,7.82,2302400
2003-07-08 16:00:00-04:00,7.65,7.9,7.65,7.79,3158600
2003-07-09 16:00:00-04:00,7.71,7.83,7.71,7.75,3435000
2003-07-10 16:00:00-04:00,7.75,7.73,7.45,7.72,4341900
2003-07-11 16:00:00-04:00,7.76,7.86,7.74,7.79,2887600
2003-07-14 16:00:00-04:00,7.86,7.93,7.73,7.74,2611500
2003-07-15 16:00:00-04:00,7.72,7.82,7.49,7.56,2974200
2003-07-16 16:00:00-04:00,7.54,7.55,6.8,6.92,8050700
2003-07-17 16:00:00-04:00,6.88,6.98,6.43,6.78,6608600
2003-07-18 16:00:00-04:00,6.85,6.98,6.74,6.84,2987900
2003-07-21 16:00:00-04:00,6.85,6.99,6.8,6.9,3046600
2003-07-22 16:00:00-04:00,6.9,7.29,6.9,7.27,4333500
2003-07-23 16:00:00-04:00,7.31,7.31,6.91,6.99,3283100
2003-07-24 16:00:00-04:00,7.0,7.04,6.77,6.85,3096200
2003-07-25 16:00:00-04:00,6.85,7.0,6.75,6.95,2951500
2003-07-28 16:00:00-04:00,7.0,7.01,6.82,6.82,2572300
2003-07-29 16:00:00-04:00,6.88,6.95,6.75,6.84,2263300
2003-07-30 16:00:00-04:00,6.84,6.94,6.5,6.56,3218400
2003-07-31 16:00:00-04:00,5.75,6.55,6.3,6.35,5597800
2003-08-01 16:00:00-04:00,7.05,6.7,6.33,6.53,4214400
2003-08-04 16:00:00-04:00,6.55,6.55,6.05,6.2,5710100
2003-08-05 16:00:00-04:00,6.25,6.56,6.11,6.31,3535100
2003-08-06 16:00:00-04:00,6.49,6.73,6.34,6.72,5467700
2003-08-07 16:00:00-04:00,6.8,7.05,6.76,7.02,4938600
2003-08-08 16:00:00-04:00,7.5,7.8,7.5,7.6,8376000
2003-08-11 16:00:00-04:00,7.7,7.9,7.6,7.86,4357300
2003-08-12 16:00:00-04:00,8.25,8.35,7.86,8.35,12188900
2003-08-13 16:00:00-04:00,8.33,8.35,8.1,8.28,4479400
2003-08-14 16:00:00-04:00,8.2,8.35,8.19,8.25,4793700
2003-08-15 16:00:00-04:00,8.24,8.24,8.01,8.09,2670600
2003-08-18 16:00:00-04:00,8.11,8.24,8.04,8.2,2942200
2003-08-19 16:00:00-04:00,8.21,8.39,8.17,8.28,2982700
2003-08-20 16:00:00-04:00,8.29,8.6,8.28,8.51,2544600
2003-08-21 16:00:00-04:00,8.59,8.71,8.48,8.53,2512600
2003-08-22 16:00:00-04:00,8.7,8.72,8.45,8.51,3122000
2003-08-25 16:00:00-04:00,8.6,8.68,8.51,8.64,1837300
2003-08-26 16:00:00-04:00,8.68,8.74,8.61,8.73,2453500
2003-08-27 16:00:00-04:00,8.74,9.0,8.73,8.98,3753400
2003-08-28 16:00:00-04:00,9.0,9.1,8.88,9.09,3421900
2003-08-29 16:00:00-04:00,9.01,9.15,8.91,9.13,2814400
2003-09-02 16:00:00-04:00,9.13,9.25,9.0,9.2,3348000
2003-09-03 16:00:00-04:00,9.2,9.2,9.15,9.19,3193500
2003-09-04 16:00:00-04:00,9.14,9.18,9.01,9.11,3575000
2003-09-05 16:00:00-04:00,8.5,9.05,8.49,8.94,4702400
2003-09-08 16:00:00-04:00,9.0,9.1,8.91,9.07,3164100
2003-09-09 16:00:00-04:00,9.18,9.24,8.85,8.94,3758800
2003-09-10 16:00:00-04:00,8.98,9.05,8.78,8.88,2655800
2003-09-11 16:00:00-04:00,8.97,9.04,8.75,8.78,3991900
2003-09-12 16:00:00-04:00,8.66,8.84,8.55,8.8,4415500
2003-09-15 16:00:00-04:00,8.77,8.79,8.63,8.67,3190500
2003-09-16 16:00:00-04:00,8.65,8.82,8.68,8.78,2352200
2003-09-17 16:00:00-04:00,8.74,8.97,8.72,8.94,3740900
2003-09-18 16:00:00-04:00,9.12,9.12,9.12,9.12,0
2003-09-19 16:00:00-04:00,9.12,9.28,9.07,9.28,4640300
2003-09-22 16:00:00-04:00,9.28,9.5,9.07,9.4,5294900
2003-09-23 16:00:00-04:00,9.4,9.46,9.29,9.41,2612300
2003-09-24 16:00:00-04:00,9.4,9.57,9.19,9.25,4037700
2003-09-25 16:00:00-04:00,8.98,8.98,8.98,8.98,0
2003-09-26 16:00:00-04:00,8.93,9.03,8.8,8.85,2079700
2003-09-29 16:00:00-04:00,8.84,9.0,8.681,8.97,2024300
2003-09-30 16:00:00-04:00,9.17,9.5,9.0,9.42,8101900
2003-10-01 16:00:00-04:00,9.5,9.83,9.42,9.79,8222800
2003-10-02 16:00:00-04:00,9.71,9.71,9.71,9.71,0
2003-10-03 16:00:00-04:00,9.71,9.92,9.82,9.86,3903400
2003-10-06 16:00:00-04:00,9.94,9.94,9.76,9.82,2959200
2003-10-07 16:00:00-04:00,9.82,9.98,9.74,9.97,5805600
2003-10-08 16:00:00-04:00,9.99,10.1,9.86,9.9,5138500
2003-10-09 16:00:00-04:00,10.0,10.0,10.0,10.0,0
2003-10-10 16:00:00-04:00,10.01,10.34,10.01,10.3,3935400
2003-10-13 16:00:00-04:00,10.6,10.73,10.36,10.62,4739700
2003-10-14 16:00:00-04:00,10.7,10.7,10.24,10.43,3994400
2003-10-15 16:00:00-04:00,10.46,10.52,9.92,10.08,4134400
2003-10-16 16:00:00-04:00,10.25,10.25,10.25,10.25,0
2003-10-17 16:00:00-04:00,10.1,10.25,9.87,9.93,3053900
2003-10-20 16:00:00-04:00,9.92,10.05,9.85,10.05,2924100
2003-10-21 16:00:00-04:00,10.0,10.24,10.0,10.2,2268500
2003-10-22 16:00:00-04:00,10.0,10.0,10.0,10.0,0
2003-10-23 16:00:00-04:00,9.85,10.06,9.76,9.99,2939100
2003-10-24 16:00:00-04:00,9.96,10.06,9.84,9.96,1662800
2003-10-27 16:00:00-05:00,10.05,10.2,10.0,10.0,2367900
2003-10-28 16:00:00-05:00,10.05,10.08,9.9,10.04,1777100
2003-10-29 16:00:00-05:00,10.0,10.07,9.91,10.04,1461100
2003-10-30 16:00:00-05:00,10.05,10.05,10.05,10.05,0
2003-10-31 16:00:00-05:00,10.07,10.21,9.97,10.2,2597900
2003-11-03 16:00:00-05:00,10.25,10.45,10.25,10.38,3173796
2003-11-04 16:00:00-05:00,10.33,10.4,10.16,10.18,2366104
2003-11-05 16:00:00-05:00,10.22,10.28,10.04,10.22,3094200
2003-11-06 16:00:00-05:00,9.85,9.85,9.85,9.85,0
2003-11-07 16:00:00-05:00,9.82,9.8,8.79,9.21,10072700
2003-11-10 16:00:00-05:00,9.16,9.75,9.03,9.1,3867300
2003-11-11 16:00:00-05:00,9.03,9.19,9.01,9.1,1939500
2003-11-12 16:00:00-05:00,9.05,9.18,9.04,9.18,1565300
2003-11-13 16:00:00-05:00,9.11,9.11,9.11,9.11,0
2003-11-14 16:00:00-05:00,9.11,9.15,9.04,9.08,2365900
2003-11-17 16:00:00-05:00,9.08,9.17,8.87,9.16,4098200
2003-11-18 16:00:00-05:00,9.16,9.18,9.05,9.1,2225700
2003-11-19 16:00:00-05:00,9.02,9.11,8.9,8.96,2683000
2003-11-20 16:00:00-05:00,8.94,8.94,8.94,8.94,0
2003-11-21 16:00:00-05:00,8.94,9.1,8.81,9.09,2559100
2003-11-24 16:00:00-05:00,9.11,9.11,9.11,9.11,0
2003-11-25 16:00:00-05:00,9.09,9.36,9.07,9.3,2423900
2003-11-26 16:00:00-05:00,9.35,9.4,9.21,9.38,1190900
2003-11-28 13:00:00-05:00,9.38,9.45,9.25,9.38,705600
2003-12-01 16:00:00-05:00,9.45,9.77,9.43,9.76,2834000
2003-12-02 16:00:00-05:00,9.76,9.89,9.6,9.85,2920500
2003-12-03 16:00:00-05:00,9.88,9.93,9.71,9.73,2735300
2003-12-04 16:00:00-05:00,9.94,9.94,9.94,9.94,0
2003-12-05 16:00:00-05:00,9.94,10.0,9.68,9.72,2024200
2003-12-08 16:00:00-05:00,9.62,9.8,9.56,9.8,1821300
2003-12-09 16:00:00-05:00,9.84,9.89,9.64,9.69,1289900
2003-12-10 16:00:00-05:00,9.7,9.7,9.49,9.51,1323700
2003-12-11 16:00:00-05:00,9.78,9.78,9.78,9.78,0
2003-12-12 16:00:00-05:00,9.82,10.01,9.78,9.92,2518100
2003-12-15 16:00:00-05:00,10.1,9.98,9.68,9.7,2110200
2003-12-16 16:00:00-05:00,9.77,9.89,9.65,9.85,2221600
2003-12-17 16:00:00-05:00,9.85,9.97,9.77,9.91,1908800
2003-12-18 16:00:00-05:00,9.99,9.99,9.99,9.99,0
2003-12-19 16:00:00-05:00,10.0,10.03,9.75,9.86,2666900
2003-12-22 16:00:00-05:00,9.82,9.9,9.72,9.9,2579800
2003-12-23 16:00:00-05:00,9.93,9.98,9.82,9.93,1553400
2003-12-24 13:00:00-05:00,9.93,9.95,9.83,9.89,800800
2003-12-26 13:00:00-05:00,9.9,9.97,9.85,9.93,828600
2003-12-29 16:00:00-05:00,9.9,10.08,9.745,10.0,2552000
2003-12-30 16:00:00-05:00,9.87,9.87,9.87,9.87,0
2003-12-31 16:00:00-05:00,9.91,9.93,9.75,9.82,2123900
2004-01-02 16:00:00-05:00,9.82,9.91,9.75,9.84,2694200
2004-01-05 16:00:00-05:00,9.91,10.48,9.86,10.47,9715700
2004-01-06 16:00:00-05:00,10.49,10.62,10.31,10.56,5846400
2004-01-07 16:00:00-05:00,10.53,10.64,10.38,10.61,3224400
2004-01-08 16:00:00-05:00,10.82,10.82,10.82,10.82,0
2004-01-09 16:00:00-05:00,10.73,10.97,10.61,10.86,3777800
2004-01-12 16:00:00-05:00,10.91,11.03,10.75,10.98,3914400
2004-01-13 16:00:00-05:00,10.99,11.0,10.62,10.62,2689400
2004-01-14 16:00:00-05:00,10.64,10.87,10.51,10.79,3196200
2004-01-15 16:00:00-05:00,10.85,10.94,10.49,10.53,3109700
2004-01-16 16:00:00-05:00,10.73,11.07,10.55,11.0,5423500
2004-01-20 16:00:00-05:00,11.25,11.19,10.96,10.98,4321500
2004-01-21 16:00:00-05:00,11.02,11.47,10.9,11.3,6131500
2004-01-22 16:00:00-05:00,11.04,11.04,11.04,11.04,0
2004-01-23 16:00:00-05:00,11.02,11.28,10.98,11.02,2413900
2004-01-26 16:00:00-05:00,11.0,11.02,10.74,10.91,3595700
2004-01-27 16:00:00-05:00,10.93,10.94,10.75,10.9,2950300
2004-01-28 16:00:00-05:00,10.86,10.86,10.1,10.5,4573500
2004-01-29 16:00:00-05:00,10.14,10.14,10.14,10.14,0
2004-01-30 16:00:00-05:00,10.08,10.25,10.0,10.14,2434100
2004-02-02 16:00:00-05:00,10.1,10.14,9.92,10.0,3009600
2004-02-03 16:00:00-05:00,10.0,10.32,9.93,10.25,2543800
2004-02-04 16:00:00-05:00,10.22,10.4,10.17,10.2,4540600
2004-02-05 16:00:00-05:00,9.93,9.93,9.93,9.93,0
2004-02-06 16:00:00-05:00,9.9,9.98,9.7,9.91,3653300
2004-02-09 16:00:00-05:00,9.91,10.25,9.9,10.2,3887500
2004-02-10 16:00:00-05:00,10.0,10.44,10.16,10.41,2217700
2004-02-11 16:00:00-05:00,10.41,10.41,10.03,10.19,2949200
2004-02-12 16:00:00-05:00,10.43,10.43,10.43,10.43,0
2004-02-13 16:00:00-05:00,10.43,10.43,10.02,10.14,6398600
2004-02-17 16:00:00-05:00,10.19,10.34,10.11,10.33,2803500
2004-02-18 16:00:00-05:00,10.3,10.29,9.97,9.97,5754300
2004-02-19 16:00:00-05:00,9.39,9.39,9.39,9.39,0
2004-02-20 16:00:00-05:00,9.39,9.43,8.95,9.19,9744300
2004-02-23 16:00:00-05:00,9.03,9.16,8.84,8.96,6834500
2004-02-24 16:00:00-05:00,8.94,8.96,8.49,8.75,5643800
2004-02-25 16:00:00-05:00,8.99,9.27,8.92,9.21,8920500
2004-02-26 16:00:00-05:00,9.38,9.38,9.38,9.38,0
2004-02-27 16:00:00-05:00,8.85,9.55,8.85,9.47,4286600
2004-03-01 16:00:00-05:00,9.47,9.65,9.45,9.5,3490200
2004-03-02 16:00:00-05:00,9.5,9.5,9.34,9.36,1933900
2004-03-03 16:00:00-05:00,9.38,9.4,9.29,9.39,1501700
2004-03-04 16:00:00-05:00,9.74,9.74,9.74,9.74,0
2004-03-05 16:00:00-05:00,9.7,10.08,9.63,10.04,6444100
2004-03-08 16:00:00-05:00,9.97,10.04,9.79,9.88,2010900
2004-03-09 16:00:00-05:00,9.88,9.9,9.66,9.69,1872200
2004-03-10 16:00:00-05:00,9.63,9.7,9.31,9.39,3005100
2004-03-11 16:00:00-05:00,8.93,8.93,8.93,8.93,0
2004-03-12 16:00:00-05:00,8.93,9.42,9.07,9.38,4371100
2004-03-15 16:00:00-05:00,9.55,9.55,9.33,9.51,3384800
2004-03-16 16:00:00-05:00,9.58,9.77,9.35,9.53,3709100
2004-03-17 16:00:00-05:00,9.51,9.65,9.45,9.57,1953400
2004-03-18 16:00:00-05:00,9.7,9.7,9.7,9.7,0
2004-03-19 16:00:00-05:00,9.68,9.84,9.65,9.65,1738600
2004-03-22 16:00:00-05:00,9.55,9.65,9.3,9.35,2656700
2004-03-23 16:00:00-05:00,9.38,9.5,9.26,9.29,2043900
2004-03-24 16:00:00-05:00,9.26,9.33,9.08,9.09,3158600
2004-03-25 16:00:00-05:00,9.3,9.3,9.3,9.3,0
2004-03-26 16:00:00-05:00,9.4,9.67,9.33,9.61,2369900
2004-03-29 16:00:00-05:00,9.62,9.7,9.5,9.58,2146400
2004-03-30 16:00:00-05:00,9.5,9.59,9.49,9.57,2807200
2004-03-31 16:00:00-05:00,9.52,9.62,9.48,9.57,2674800
2004-04-01 16:00:00-05:00,10.03,10.03,10.03,10.03,0
2004-04-02 16:00:00-05:00,10.2,10.2,9.9,10.0,2947300
2004-04-05 16:00:00-04:00,10.0,10.04,9.92,10.04,1863500
2004-04-06 16:00:00-04:00,10.02,10.09,9.95,10.06,2228600
2004-04-07 16:00:00-04:00,10.13,10.22,10.03,10.13,3111100
2004-04-08 16:00:00-04:00,10.08,10.08,10.08,10.08,0
2004-04-12 16:00:00-04:00,10.12,10.23,10.0,10.1,2362300
2004-04-13 16:00:00-04:00,10.02,10.06,9.9,9.97,3016000
2004-04-14 16:00:00-04:00,9.93,10.05,9.84,9.89,2424600
2004-04-15 16:00:00-04:00,10.23,10.23,10.23,10.23,0
2004-04-16 16:00:00-04:00,10.33,10.38,10.22,10.31,6817100
2004-04-19 16:00:00-04:00,10.2,10.3,10.11,10.26,3376100
2004-04-20 16:00:00-04:00,10.15,10.28,10.0,10.06,3467700
2004-04-21 16:00:00-04:00,10.06,10.13,9.96,9.98,2606800
2004-04-22 16:00:00-04:00,10.13,10.13,10.13,10.13,0
2004-04-23 16:00:00-04:00,10.07,10.38,10.06,10.37,2437300
2004-04-26 16:00:00-04:00,10.38,10.49,10.37,10.39,2544000
2004-04-27 16:00:00-04:00,10.44,10.59,10.41,10.48,2807500
2004-04-28 16:00:00-04:00,10.58,10.6,10.4,10.51,2146500
2004-04-29 16:00:00-04:00,10.4,10.4,10.4,10.4,0
2004-04-30 16:00:00-04:00,10.4,10.4,10.19,10.3,3638600
2004-05-03 16:00:00-04:00,10.24,10.5,10.17,10.5,2834300
2004-05-04 16:00:00-04:00,10.42,10.95,10.4,10.86,6647900
2004-05-05 16:00:00-04:00,10.95,11.25,10.81,10.94,6091000
2004-05-06 16:00:00-04:00,10.75,10.75,10.75,10.75,0
2004-05-07 16:00:00-04:00,10.6,10.75,10.31,10.39,2850600
2004-05-10 16:00:00-04:00,10.5,10.66,10.13,10.29,6538900
2004-05-11 16:00:00-04:00,10.28,10.85,10.27,10.6,5413200
2004-05-12 16:00:00-04:00,10.64,10.65,10.35,10.6,3371600
2004-05-13 16:00:00-04:00,11.03,11.03,11.03,11.03,0
2004-05-14 16:00:00-04:00,11.04,11.23,10.95,11.17,3370000
2004-05-17 16:00:00-04:00,11.05,11.09,10.78,10.91,3543100
2004-05-18 16:00:00-04:00,10.94,11.01,10.8,10.96,2865900
2004-05-19 16:00:00-04:00,10.99,11.02,10.86,10.89,2873000
2004-05-20 16:00:00-04:00,10.87,10.87,10.87,10.87,0
2004-05-21 16:00:00-04:00,10.95,11.03,10.74,10.83,2631500
2004-05-24 16:00:00-04:00,10.87,11.19,10.87,11.1,3038400
2004-05-25 16:00:00-04:00,11.1,11.99,11.06,11.94,10004300
2004-05-26 16:00:00-04:00,11.94,11.95,11.7,11.73,3796600
2004-05-27 16:00:00-04:00,11.93,11.93,11.93,11.93,0
2004-05-28 16:00:00-04:00,11.9,11.96,11.87,11.91,2423900
2004-06-01 16:00:00-04:00,11.9,12.31,11.89,12.23,6264300
2004-06-02 16:00:00-04:00,12.28,12.32,11.85,11.88,5363800
2004-06-03 16:00:00-04:00,11.88,11.91,11.5,11.62,3823700
2004-06-04 16:00:00-04:00,11.7,11.8,11.58,11.7,2319200
2004-06-07 16:00:00-04:00,11.75,12.0,11.65,11.85,3620600
2004-06-08 16:00:00-04:00,11.8,11.95,11.8,11.84,2107200
2004-06-09 16:00:00-04:00,11.81,11.87,11.65,11.7,2630900
2004-06-10 16:00:00-04:00,11.75,11.92,11.72,11.81,2360600
2004-06-14 16:00:00-04:00,11.73,11.82,11.7,11.71,1683000
2004-06-15 16:00:00-04:00,11.9,12.07,11.85,12.07,2735100
2004-06-16 16:00:00-04:00,11.99,12.04,11.86,11.94,2910900
2004-06-17 16:00:00-04:00,11.8,12.19,11.8,12.02,4013300
2004-06-18 16:00:00-04:00,11.98,12.02,11.89,12.0,2279200
2004-06-21 16:00:00-04:00,12.15,12.33,11.93,11.99,3719400
2004-06-22 16:00:00-04:00,12.0,12.1,11.96,12.03,2365500
2004-06-23 16:00:00-04:00,12.03,12.24,11.93,12.23,3222200
2004-06-24 16:00:00-04:00,12.24,12.36,12.19,12.23,2653900
2004-06-25 16:00:00-04:00,12.27,12.35,12.01,12.09,2320700
2004-06-28 16:00:00-04:00,12.17,12.28,11.97,11.98,2171500
2004-06-29 16:00:00-04:00,12.02,12.14,11.76,11.88,2360300
2004-06-30 16:00:00-04:00,11.97,11.98,11.82,11.9,3391700
2004-07-01 16:00:00-04:00,11.9,12.15,11.84,12.13,2719100
2004-07-02 16:00:00-04:00,12.13,12.2,12.02,12.09,1795700
2004-07-06 16:00:00-04:00,12.1,12.24,12.08,12.17,2282300
2004-07-07 16:00:00-04:00,12.16,12.25,12.08,12.2,1826100
2004-07-08 16:00:00-04:00,12.21,12.42,12.03,12.04,3441700
2004-07-09 16:00:00-04:00,12.03,12.2,12.03,12.19,1549400
2004-07-12 16:00:00-04:00,12.1,12.19,12.04,12.14,983800
2004-07-13 16:00:00-04:00,12.13,12.24,12.07,12.16,2170600
2004-07-14 16:00:00-04:00,12.11,12.23,12.11,12.2,1711500
2004-07-15 16:00:00-04:00,12.2,12.34,12.15,12.3,1865500
2004-07-16 16:00:00-04:00,12.35,12.58,12.28,12.48,3180100
2004-07-19 16:00:00-04:00,12.53,12.67,12.4,12.51,3320900
2004-07-20 16:00:00-04:00,12.48,12.54,12.3,12.33,1862000
2004-07-21 16:00:00-04:00,12.35,12.47,11.91,11.96,2361700
2004-07-22 16:00:00-04:00,11.9,12.05,11.82,11.96,2079100
2004-07-23 16:00:00-04:00,11.98,12.1,11.93,12.05,2013100
2004-07-26 16:00:00-04:00,12.15,12.28,11.65,11.65,3347500
2004-07-27 16:00:00-04:00,11.7,11.98,11.65,11.89,1968200
2004-07-28 16:00:00-04:00,11.73,11.95,11.55,11.75,2355600
2004-07-29 16:00:00-04:00,11.84,12.03,11.78,12.0,1455900
2004-07-30 16:00:00-04:00,12.0,12.2,11.95,12.15,1171600
2004-08-02 16:00:00-04:00,11.95,12.1,11.81,12.0,2554800
2004-08-03 16:00:00-04:00,12.02,12.05,11.89,11.96,4099700
2004-08-04 16:00:00-04:00,11.9,11.91,11.75,11.78,3179600
2004-08-05 16:00:00-04:00,11.8,12.33,11.8,11.98,4925900
2004-08-06 16:00:00-04:00,11.95,11.95,11.75,11.84,2343600
2004-08-09 16:00:00-04:00,11.84,11.94,11.75,11.76,2618000
2004-08-10 16:00:00-04:00,11.76,11.78,11.53,11.65,2590000
2004-08-11 16:00:00-04:00,11.54,11.7,11.47,11.62,2503500
2004-08-12 16:00:00-04:00,11.57,11.66,11.52,11.55,1949600
2004-08-13 16:00:00-04:00,11.54,11.63,11.36,11.45,3173500
2004-08-16 16:00:00-04:00,11.39,11.65,11.37,11.54,2076200
2004-08-17 16:00:00-04:00,11.4,11.61,11.36,11.58,2382300
2004-08-18 16:00:00-04:00,11.58,11.9,11.57,11.88,2448900
2004-08-19 16:00:00-04:00,11.85,12.04,11.79,11.95,2348400
2004-08-20 16:00:00-04:00,11.93,12.05,11.87,11.94,1349600
2004-08-23 16:00:00-04:00,11.94,11.94,11.73,11.78,1240200
2004-08-24 16:00:00-04:00,11.84,11.84,11.59,11.66,2464000
2004-08-25 16:00:00-04:00,11.64,11.84,11.64,11.74,1894200
2004-08-26 16:00:00-04:00,11.69,11.89,11.68,11.84,1309100
2004-08-27 16:00:00-04:00,11.83,11.87,11.75,11.78,798200
2004-08-30 16:00:00-04:00,11.75,11.83,11.65,11.71,1340000
2004-08-31 16:00:00-04:00,11.8,11.89,11.7,11.89,1121500
2004-09-01 16:00:00-04:00,11.83,12.06,11.78,11.84,2216700
2004-09-02 16:00:00-04:00,11.85,11.99,11.841,11.96,1309500
2004-09-03 16:00:00-04:00,12.02,12.05,11.93,11.95,930700
2004-09-07 16:00:00-04:00,11.91,12.01,11.88,11.88,3154700
2004-09-08 16:00:00-04:00,11.94,12.0,11.87,11.92,1745600
2004-09-09 16:00:00-04:00,11.94,12.24,11.88,12.19,2646600
2004-09-10 16:00:00-04:00,12.23,12.26,12.15,12.24,1679900
2004-09-13 16:00:00-04:00,12.26,12.34,12.22,12.31,1941700
2004-09-14 16:00:00-04:00,12.35,12.35,12.16,12.34,1680100
2004-09-15 16:00:00-04:00,12.34,12.34,12.0,12.04,1828800
2004-09-16 16:00:00-04:00,11.98,12.12,11.94,12.05,1518700
2004-09-17 16:00:00-04:00,11.96,12.03,11.92,12.0,2313200
2004-09-20 16:00:00-04:00,11.97,12.03,11.92,11.94,1638400
2004-09-21 16:00:00-04:00,11.95,12.0,11.88,11.94,2163200
2004-09-22 16:00:00-04:00,11.91,11.98,11.77,11.94,3242800
2004-09-23 16:00:00-04:00,11.98,12.17,11.94,12.16,3005300
2004-09-24 16:00:00-04:00,12.15,12.24,12.02,12.22,1610500
2004-09-27 16:00:00-04:00,12.1,12.25,12.05,12.06,1384500
2004-09-28 16:00:00-04:00,12.1,12.17,12.08,12.11,3016000
2004-09-29 16:00:00-04:00,12.05,12.06,11.85,11.96,3615700
2004-09-30 16:00:00-04:00,12.04,12.1,11.9,12.1,3534600
2004-10-01 16:00:00-04:00,12.13,12.49,12.04,12.48,5901500
2004-10-04 16:00:00-04:00,12.49,12.55,12.34,12.4,3437000
2004-10-05 16:00:00-04:00,12.43,12.74,12.38,12.7,4344600
2004-10-06 16:00:00-04:00,12.71,13.0,12.6,12.95,4680700
2004-10-07 16:00:00-04:00,12.96,12.99,12.75,12.83,2199400
2004-10-08 16:00:00-04:00,12.77,12.95,12.76,12.85,2110400
2004-10-11 16:00:00-04:00,12.8,12.86,12.58,12.73,2743000
2004-10-12 16:00:00-04:00,12.68,12.73,12.55,12.67,1662100
2004-10-13 16:00:00-04:00,12.67,12.7,12.28,12.35,2658100
2004-10-14 16:00:00-04:00,12.35,12.67,12.35,12.62,2210000
2004-10-15 16:00:00-04:00,12.61,12.7,12.47,12.58,2204100
2004-10-18 16:00:00-04:00,12.58,12.72,12.48,12.53,1917900
2004-10-19 16:00:00-04:00,12.53,12.63,12.51,12.6,2212100
2004-10-20 16:00:00-04:00,12.7,12.97,12.68,12.89,8023500
2004-10-21 16:00:00-04:00,12.9,12.98,12.78,12.9,2128400
2004-10-22 16:00:00-04:00,12.93,12.96,12.79,12.82,1473500
2004-10-25 16:00:00-04:00,12.85,12.87,12.65,12.75,2061000
2004-10-26 16:00:00-04:00,12.77,12.85,12.67,12.83,4407300
2004-10-27 16:00:00-04:00,12.83,12.93,12.55,12.6,4094000
2004-10-28 16:00:00-04:00,12.6,12.69,12.44,12.5,3460400
2004-10-29 16:00:00-04:00,12.45,12.55,12.44,12.51,1958200
2004-11-01 16:00:00-05:00,12.52,12.66,12.45,12.52,1659100
2004-11-02 16:00:00-05:00,12.64,12.66,12.37,12.42,2643400
2004-11-03 16:00:00-05:00,12.6,12.8,12.55,12.78,3112600
2004-11-04 16:00:00-05:00,12.85,13.2,12.92,13.11,7168200
2004-11-05 16:00:00-05:00,13.2,13.4,13.05,13.26,3712900
2004-11-08 16:00:00-05:00,13.26,13.39,13.11,13.37,4334800
2004-11-09 16:00:00-05:00,13.32,13.58,13.15,13.57,5091000
2004-11-10 16:00:00-05:00,13.91,14.49,13.75,14.41,10689800
2004-11-11 16:00:00-05:00,14.5,14.75,14.41,14.68,6916400
2004-11-12 16:00:00-05:00,14.63,14.75,14.39,14.66,4175400
2004-11-15 16:00:00-05:00,14.67,14.67,14.16,14.33,3567700
2004-11-16 16:00:00-05:00,14.25,14.4,14.16,14.27,4056100
2004-11-17 16:00:00-05:00,14.27,14.38,14.11,14.28,3382000
2004-11-18 16:00:00-05:00,14.58,15.07,14.45,14.96,6399900
2004-11-19 16:00:00-05:00,15.23,15.6,15.11,15.39,8182400
2004-11-22 16:00:00-05:00,15.44,15.75,15.3,15.7,5436100
2004-11-23 16:00:00-05:00,15.84,16.03,15.68,15.75,5221600
2004-11-24 16:00:00-05:00,15.8,16.53,15.75,16.44,5677400
2004-11-26 16:00:00-05:00,16.55,16.92,16.41,16.72,2825000
2004-11-29 16:00:00-05:00,17.1,17.18,16.56,17.1,10170300
2004-11-30 16:00:00-05:00,16.85,17.0,16.35,16.67,6085200
2004-12-01 16:00:00-05:00,16.74,16.89,16.17,16.34,8501700
2004-12-02 16:00:00-05:00,16.34,16.34,15.11,15.65,9455100
2004-12-03 16:00:00-05:00,15.45,16.05,15.21,15.93,6412100
2004-12-06 16:00:00-05:00,16.03,16.18,15.71,15.74,3320500
2004-12-07 16:00:00-05:00,15.87,15.88,15.26,15.43,3325900
2004-12-08 16:00:00-05:00,15.36,15.47,14.94,15.2,5863000
2004-12-09 16:00:00-05:00,15.3,15.5,15.17,15.45,3270200
2004-12-10 16:00:00-05:00,15.49,15.69,15.36,15.5,2486700
2004-12-13 16:00:00-05:00,15.59,15.91,15.54,15.91,2400500
2004-12-14 16:00:00-05:00,16.0,16.21,15.8,15.89,2472700
2004-12-15 16:00:00-05:00,15.94,16.56,15.85,16.4,5365100
2004-12-16 16:00:00-05:00,16.69,16.7,16.05,16.15,3232600
2004-12-17 16:00:00-05:00,15.99,16.32,15.96,16.25,3345500
2004-12-20 16:00:00-05:00,16.37,16.55,16.2,16.37,2494500
2004-12-21 16:00:00-05:00,16.5,16.55,16.34,16.45,1997700
2004-12-22 16:00:00-05:00,16.6,16.62,16.0,16.16,4969400
2004-12-23 16:00:00-05:00,16.15,16.34,16.1,16.12,1401000
2004-12-27 16:00:00-05:00,16.23,16.28,16.02,16.09,1520500
2004-12-28 16:00:00-05:00,16.11,16.16,15.87,15.99,1632500
2004-12-29 16:00:00-05:00,15.87,16.15,15.86,16.1,1842500
2004-12-30 16:00:00-05:00,16.1,16.31,16.04,16.09,1576800
2004-12-31 16:00:00-05:00,16.09,16.29,16.09,16.29,1297600
2005-01-03 16:00:00-05:00,16.24,16.25,15.43,15.53,5123200
2005-01-04 16:00:00-05:00,15.6,15.8,15.3,15.4,3151900
2005-01-05 16:00:00-05:00,15.41,15.59,15.2,15.29,3039800
2005-01-06 16:00:00-05:00,15.24,15.69,15.18,15.5,3411200
2005-01-07 16:00:00-05:00,15.5,15.62,15.25,15.33,1994300
2005-01-10 16:00:00-05:00,15.37,15.85,15.28,15.7,2395800
2005-01-11 16:00:00-05:00,15.78,15.88,15.51,15.72,2256600
2005-01-12 16:00:00-05:00,15.73,16.08,15.69,15.99,3509800
2005-01-13 16:00:00-05:00,16.03,16.25,15.95,16.0,2677200
2005-01-14 16:00:00-05:00,16.08,16.1,15.72,15.85,2979800
2005-01-18 16:00:00-05:00,15.76,16.16,15.75,15.96,3111300
2005-01-19 16:00:00-05:00,16.0,16.03,15.79,15.8,1750800
2005-01-20 16:00:00-05:00,15.8,15.86,15.54,15.69,2315600
2005-01-21 16:00:00-05:00,15.87,16.04,15.8,15.89,2987800
2005-01-24 16:00:00-05:00,15.92,16.12,15.77,15.79,1967200
2005-01-25 16:00:00-05:00,15.81,15.96,15.56,15.73,2648200
2005-01-26 16:00:00-05:00,15.74,15.979,15.7,15.89,1843400
2005-01-27 16:00:00-05:00,15.89,16.91,15.39,16.63,8504000
2005-01-28 16:00:00-05:00,16.7,16.74,16.29,16.73,3255600
2005-01-31 16:00:00-05:00,16.76,17.0,16.62,16.81,6072500
2005-02-01 16:00:00-05:00,16.93,17.09,16.8,16.96,2686100
2005-02-02 16:00:00-05:00,17.13,17.66,17.1,17.55,6109600
2005-02-03 16:00:00-05:00,17.6,17.7,17.36,17.6,3001700
2005-02-04 16:00:00-05:00,17.53,17.75,17.45,17.64,3207900
2005-02-07 16:00:00-05:00,17.7,17.76,17.14,17.24,3029200
2005-02-08 16:00:00-05:00,17.2,17.51,17.1,17.2,2126100
2005-02-09 16:00:00-05:00,17.24,17.28,16.95,17.05,2747700
2005-02-10 16:00:00-05:00,17.19,17.95,17.16,17.89,4955400
2005-02-11 16:00:00-05:00,17.8,17.97,17.55,17.73,2302200
2005-02-14 16:00:00-05:00,17.7,17.81,17.5,17.63,1838000
2005-02-15 16:00:00-05:00,17.55,17.84,17.55,17.77,2241600
2005-02-16 16:00:00-05:00,17.6,18.79,17.6,18.75,6830300
2005-02-17 16:00:00-05:00,18.7,18.88,18.5,18.62,4767900
2005-02-18 16:00:00-05:00,18.79,19.19,18.74,18.84,5388300
2005-02-22 16:00:00-05:00,18.94,19.11,18.33,18.56,5630700
2005-02-23 16:00:00-05:00,18.61,19.12,18.6,18.82,7442400
2005-02-24 16:00:00-05:00,18.86,19.03,18.55,19.0,3328400
2005-02-25 16:00:00-05:00,19.0,19.32,18.97,19.29,2997600
2005-02-28 16:00:00-05:00,19.29,19.38,18.29,18.83,5693000
2005-03-01 16:00:00-05:00,18.8,18.94,17.85,18.28,5975700
2005-03-02 16:00:00-05:00,18.26,18.76,17.99,18.76,3784400
2005-03-03 16:00:00-05:00,18.87,19.07,18.74,19.05,4458200
2005-03-04 16:00:00-05:00,19.14,19.27,19.01,19.18,3430700
2005-03-07 16:00:00-05:00,19.4,19.48,18.94,19.23,3211900
2005-03-08 16:00:00-05:00,19.23,19.3,18.83,18.88,3117800
2005-03-09 16:00:00-05:00,18.83,18.99,18.57,18.59,5067800
2005-03-10 16:00:00-05:00,18.56,18.58,17.64,17.79,5396600
2005-03-11 16:00:00-05:00,17.69,18.09,17.69,17.89,3730000
2005-03-14 16:00:00-05:00,18.02,18.63,18.09,18.6,5494100
2005-03-15 16:00:00-05:00,18.8,18.9,18.43,18.45,4398100
2005-03-16 16:00:00-05:00,18.45,18.61,18.23,18.26,2477800
2005-03-17 16:00:00-05:00,18.44,18.93,18.44,18.85,3877000
2005-03-18 16:00:00-05:00,18.85,19.03,18.6,18.88,4627700
2005-03-21 16:00:00-05:00,18.95,18.95,18.5,18.8,3114300
2005-03-22 16:00:00-05:00,18.8,18.92,18.29,18.41,3273600
2005-03-23 16:00:00-05:00,18.29,18.55,18.14,18.32,4360800
2005-03-24 16:00:00-05:00,18.44,18.84,18.39,18.75,3726300
2005-03-28 16:00:00-05:00,18.81,18.96,18.43,18.43,3111500
2005-03-29 16:00:00-05:00,18.39,18.62,17.88,17.94,3841300
2005-03-30 16:00:00-05:00,18.0,18.22,17.52,18.2,3786000
2005-03-31 16:00:00-05:00,18.44,18.95,18.31,18.81,4165500
2005-04-01 16:00:00-05:00,18.93,19.1,18.69,19.06,3165400
2005-04-04 16:00:00-04:00,19.13,19.31,18.7,18.73,3763000
2005-04-05 16:00:00-04:00,18.8,18.89,18.71,18.85,2926500
2005-04-06 16:00:00-04:00,18.94,19.08,18.61,19.0,2395100
2005-04-07 16:00:00-04:00,19.05,19.23,18.66,18.74,2991300
2005-04-08 16:00:00-04:00,18.75,18.85,18.27,18.3,1686800
2005-04-11 16:00:00-04:00,18.24,18.4888,18.03,18.35,2865200
2005-04-12 16:00:00-04:00,18.23,18.26,17.83,18.12,3906700
2005-04-13 16:00:00-04:00,18.07,18.25,17.75,17.82,3467600
2005-04-14 16:00:00-04:00,17.88,17.94,17.15,17.35,5473000
2005-04-15 16:00:00-04:00,17.35,17.48,16.45,16.55,6835200
2005-04-18 16:00:00-04:00,16.59,17.15,16.28,17.1,4276000
2005-04-19 16:00:00-04:00,17.18,17.79,17.17,17.68,3280000
2005-04-20 16:00:00-04:00,17.75,17.92,17.29,17.32,3510300
2005-04-21 16:00:00-04:00,17.5,18.0,17.39,17.98,3120400
2005-04-22 16:00:00-04:00,18.0,18.39,17.79,18.0,3901900
2005-04-25 16:00:00-04:00,18.15,18.5,18.05,18.27,2493700
2005-04-26 16:00:00-04:00,18.27,18.38,17.87,17.9,2240700
2005-04-27 16:00:00-04:00,17.91,17.91,17.26,17.54,3629100
2005-04-28 16:00:00-04:00,17.41,17.49,17.13,17.2,2289100
2005-04-29 16:00:00-04:00,17.3,17.56,16.76,17.02,4681500
2005-05-02 16:00:00-04:00,17.15,17.49,17.02,17.44,2645400
2005-05-03 16:00:00-04:00,17.35,17.5,17.02,17.13,2229400
2005-05-04 16:00:00-04:00,17.0,17.47,16.92,17.47,2928700
2005-05-05 16:00:00-04:00,17.5,17.87,17.32,17.71,2957600
2005-05-06 16:00:00-04:00,17.91,17.96,17.73,17.77,2136600
2005-05-09 16:00:00-04:00,17.72,18.0,17.62,17.78,2006400
2005-05-10 16:00:00-04:00,17.78,17.91,17.69,17.82,2050300
2005-05-11 16:00:00-04:00,17.82,18.05,17.25,18.03,2441100
2005-05-12 16:00:00-04:00,17.97,17.97,16.6,16.96,5638200
2005-05-13 16:00:00-04:00,16.94,17.04,16.15,16.4,4775200
2005-05-16 16:00:00-04:00,16.29,16.32,15.62,16.29,5886400
2005-05-17 16:00:00-04:00,16.25,16.84,16.1,16.8,3267500
2005-05-18 16:00:00-04:00,17.0,17.2,16.96,17.11,4380800
2005-05-19 16:00:00-04:00,17.1,17.6,17.04,17.48,2945900
2005-05-20 16:00:00-04:00,17.54,17.75,17.33,17.52,2946500
2005-05-23 16:00:00-04:00,18.2,18.2,17.6,17.68,5970500
2005-05-24 16:00:00-04:00,17.71,17.98,17.65,17.98,2971100
2005-05-25 16:00:00-04:00,17.88,18.15,17.71,18.06,5028800
2005-05-26 16:00:00-04:00,18.18,18.32,18.1,18.3,3132300
2005-05-27 16:00:00-04:00,18.29,18.45,18.19,18.38,1752100
2005-05-31 16:00:00-04:00,18.38,18.58,18.04,18.41,2196000
2005-06-01 16:00:00-04:00,18.42,18.88,18.38,18.7,3656900
2005-06-02 16:00:00-04:00,18.7,18.86,18.48,18.65,1710300
2005-06-03 16:00:00-04:00,18.68,18.9,18.6,18.8,1632300
2005-06-06 16:00:00-04:00,18.77,18.98,18.678,18.83,2152700
2005-06-07 16:00:00-04:00,18.79,18.95,18.6,18.67,2382300
2005-06-08 16:00:00-04:00,18.64,18.99,18.49,18.59,3702800
2005-06-09 16:00:00-04:00,18.5,19.0,18.4,18.93,2964300
2005-06-10 16:00:00-04:00,18.87,18.94,18.71,18.75,1627900
2005-06-13 16:00:00-04:00,18.79,19.01,18.68,18.95,1858300
2005-06-14 16:00:00-04:00,18.92,19.04,18.87,18.95,1568600
2005-06-15 16:00:00-04:00,19.0,19.06,18.71,18.93,2079500
2005-06-16 16:00:00-04:00,18.96,19.2,18.82,19.11,2248700
2005-06-17 16:00:00-04:00,19.38,19.4,19.08,19.21,2981800
2005-06-20 16:00:00-04:00,19.09,19.39,19.03,19.2,2362200
2005-06-21 16:00:00-04:00,19.15,19.23,18.76,18.76,3201100
2005-06-22 16:00:00-04:00,18.81,18.94,18.64,18.88,2931800
2005-06-23 16:00:00-04:00,18.85,19.08,18.79,18.99,3623500
2005-06-24 16:00:00-04:00,19.04,19.05,18.6,18.77,2150300
2005-06-27 16:00:00-04:00,18.75,18.93,18.61,18.69,2281100
2005-06-28 16:00:00-04:00,18.82,18.9,18.27,18.5,3109000
2005-06-29 16:00:00-04:00,18.45,18.78,18.33,18.68,2966200
2005-06-30 16:00:00-04:00,18.82,19.14,18.79,19.0,3300200
2005-07-01 16:00:00-04:00,18.99,19.29,18.95,19.16,2866900
2005-07-05 16:00:00-04:00,19.23,19.77,19.18,19.71,5011100
2005-07-06 16:00:00-04:00,19.79,19.85,19.24,19.25,2853700
2005-07-07 16:00:00-04:00,19.1,19.95,18.91,19.95,4470700
2005-07-08 16:00:00-04:00,19.9,20.0,19.67,19.9,3659600
2005-07-11 16:00:00-04:00,19.77,20.16,19.67,20.02,3255400
2005-07-12 16:00:00-04:00,20.06,20.53,20.01,20.35,3366700
2005-07-13 16:00:00-04:00,20.27,20.49,20.13,20.21,1422900
2005-07-14 16:00:00-04:00,20.35,20.38,19.65,19.82,3678600
2005-07-15 16:00:00-04:00,19.88,20.1,19.76,19.83,2558100
2005-07-18 16:00:00-04:00,20.03,20.09,19.77,19.82,2273600
2005-07-19 16:00:00-04:00,20.09,20.48,19.86,20.44,2431800
2005-07-20 16:00:00-04:00,20.45,20.7,20.22,20.61,2019000
2005-07-21 16:00:00-04:00,20.73,20.89,20.06,20.14,7629400
2005-07-22 16:00:00-04:00,20.14,20.8,20.05,20.8,4166000
2005-07-25 16:00:00-04:00,20.68,21.13,20.47,20.83,3215100
2005-07-26 16:00:00-04:00,20.95,21.0,20.59,20.87,1930200
2005-07-27 16:00:00-04:00,20.95,21.14,20.75,21.12,2336300
2005-07-28 16:00:00-04:00,21.25,21.63,21.15,21.49,3646800
2005-07-29 16:00:00-04:00,21.49,21.5,21.22,21.24,1890900
2005-08-01 16:00:00-04:00,21.24,21.85,21.21,21.66,2292300
2005-08-02 16:00:00-04:00,21.69,22.12,21.66,22.03,5003500
2005-08-03 16:00:00-04:00,22.03,22.03,21.42,21.73,2853900
2005-08-04 16:00:00-04:00,21.5,22.4,21.5,22.22,5403400
2005-08-05 16:00:00-04:00,22.23,22.27,21.77,21.88,4109500
2005-08-08 16:00:00-04:00,21.92,22.07,21.69,21.74,3887100
2005-08-09 16:00:00-04:00,21.79,21.96,21.1,21.47,3574200
2005-08-10 16:00:00-04:00,21.5,21.86,21.37,21.71,4009200
2005-08-11 16:00:00-04:00,21.9,22.4,21.88,22.2,5252400
2005-08-12 16:00:00-04:00,22.2,22.32,21.85,21.93,3741000
2005-08-15 16:00:00-04:00,21.9,21.9,21.4,21.83,3984900
2005-08-16 16:00:00-04:00,21.71,21.91,21.33,21.41,3588800
2005-08-17 16:00:00-04:00,21.3,21.54,20.61,20.73,4113300
2005-08-18 16:00:00-04:00,20.61,20.77,20.44,20.73,4248200
2005-08-19 16:00:00-04:00,20.82,21.32,20.82,21.18,3099500
2005-08-22 16:00:00-04:00,21.39,21.65,20.94,21.2,4666000
2005-08-23 16:00:00-04:00,21.23,21.5,20.99,21.37,3948500
2005-08-24 16:00:00-04:00,21.3,21.73,21.21,21.51,4140700
2005-08-25 16:00:00-04:00,21.56,21.56,21.17,21.34,1332900
2005-08-26 16:00:00-04:00,21.34,21.48,20.99,20.99,2332500
2005-08-29 16:00:00-04:00,20.99,21.25,20.766,21.11,2365200
2005-08-30 16:00:00-04:00,21.11,21.78,20.95,21.69,3881600
2005-08-31 16:00:00-04:00,21.69,22.49,21.48,22.44,4349500
2005-09-01 16:00:00-04:00,22.5,23.25,22.44,23.15,4556100
2005-09-02 16:00:00-04:00,23.15,23.16,22.19,22.21,3710900
2005-09-06 16:00:00-04:00,22.22,22.57,22.03,22.42,2576500
2005-09-07 16:00:00-04:00,22.42,22.62,22.18,22.34,3804500
2005-09-08 16:00:00-04:00,22.25,22.78,22.25,22.69,4436500
2005-09-09 16:00:00-04:00,22.84,23.72,22.84,23.49,6304500
2005-09-12 16:00:00-04:00,23.49,23.49,22.74,22.84,4233800
2005-09-13 16:00:00-04:00,23.79,23.79,22.74,22.89,3307800
2005-09-14 16:00:00-04:00,23.0,23.28,22.8,23.22,2712600
2005-09-15 16:00:00-04:00,23.32,23.46,22.64,22.99,2665100
2005-09-16 16:00:00-04:00,23.23,23.8,23.04,23.59,5155300
2005-09-19 16:00:00-04:00,23.69,24.5,23.67,24.01,4848700
2005-09-20 16:00:00-04:00,23.93,24.22,23.41,23.47,3973700
2005-09-21 16:00:00-04:00,23.7,24.0,23.7,23.98,3864600
2005-09-22 16:00:00-04:00,24.25,24.47,22.92,23.55,4087800
2005-09-23 16:00:00-04:00,23.44,23.47,23.06,23.23,2120800
2005-09-26 16:00:00-04:00,23.22,23.69,22.96,23.52,2984300
2005-09-27 16:00:00-04:00,23.68,24.01,23.37,23.93,3026000
2005-09-28 16:00:00-04:00,24.12,24.82,24.05,24.8,5701600
2005-09-29 16:00:00-04:00,24.8,25.22,24.5,25.01,4236200
2005-09-30 16:00:00-04:00,25.13,25.32,24.82,25.05,3351200
2005-10-03 16:00:00-04:00,25.0,25.72,24.72,25.4,4675200
2005-10-04 16:00:00-04:00,25.3,25.39,24.5,24.64,6402200
2005-10-05 16:00:00-04:00,24.33,24.6,23.07,23.2,8405100
2005-10-06 16:00:00-04:00,22.8,23.34,21.65,22.4,10831400
2005-10-07 16:00:00-04:00,22.55,22.96,22.15,22.95,3045800
2005-10-10 16:00:00-04:00,23.1,23.17,22.0,22.21,3629900
2005-10-11 16:00:00-04:00,22.43,22.7,22.26,22.53,3269200
2005-10-12 16:00:00-04:00,22.66,23.25,21.9317,22.12,4081100
2005-10-13 16:00:00-04:00,21.95,22.0,20.57,21.3,6177600
2005-10-14 16:00:00-04:00,21.35,22.03,20.92,22.0,4051600
2005-10-17 16:00:00-04:00,22.11,22.7,22.11,22.4,2283100
2005-10-18 16:00:00-04:00,22.3,22.43,21.5,21.5,3085800
2005-10-19 16:00:00-04:00,21.3,22.05,20.7,22.0,6064100
2005-10-20 16:00:00-04:00,21.99,22.08,20.79,21.35,5827000
2005-10-21 16:00:00-04:00,21.35,21.89,20.83,21.56,7356000
2005-10-24 16:00:00-04:00,21.56,22.79,21.22,22.68,4714500
2005-10-25 16:00:00-04:00,22.68,23.11,22.21,22.75,4416600
2005-10-26 16:00:00-04:00,22.82,23.49,22.49,22.51,8049000
2005-10-27 16:00:00-04:00,22.55,22.73,21.55,21.55,3212600
2005-10-28 16:00:00-04:00,21.85,22.35,21.16,22.11,4218800
2005-10-31 16:00:00-05:00,22.2,22.66,21.9,22.3,3045200
2005-11-01 16:00:00-05:00,22.16,22.63,21.85,22.07,3437700
2005-11-02 16:00:00-05:00,21.9,22.24,21.44,21.52,5662400
2005-11-03 16:00:00-05:00,21.4,22.54,21.4,22.49,4901300
2005-11-04 16:00:00-05:00,22.34,22.39,21.52,21.87,3873800
2005-11-07 16:00:00-05:00,21.85,21.85,20.42,20.86,5661800
2005-11-08 16:00:00-05:00,20.65,21.05,20.37,20.52,4712800
2005-11-09 16:00:00-05:00,20.52,20.85,20.0,20.54,5207500
2005-11-10 16:00:00-05:00,20.2,20.33,19.71,19.97,7177500
2005-11-11 16:00:00-05:00,19.75,20.33,19.5416,20.22,4963000
2005-11-14 16:00:00-05:00,21.67,21.67,20.0,20.44,4957600
2005-11-15 16:00:00-05:00,20.4,20.96,20.31,20.43,3413400
2005-11-16 16:00:00-05:00,20.59,21.14,20.45,20.93,4396900
2005-11-17 16:00:00-05:00,21.9,21.95,21.4,21.75,6433000
2005-11-18 16:00:00-05:00,21.99,21.99,21.37,21.75,12833300
2005-11-21 16:00:00-05:00,21.68,22.07,21.6,22.03,3962200
2005-11-22 16:00:00-05:00,22.3,22.55,22.19,22.53,3175800
2005-11-23 16:00:00-05:00,22.36,22.5,21.85,21.97,3397500
2005-11-25 16:00:00-05:00,22.15,22.35,21.99,22.35,1984800
2005-11-28 16:00:00-05:00,22.1,22.16,21.45,21.55,3912200
2005-11-29 16:00:00-05:00,21.91,21.94,21.59,21.75,4011300
2005-11-30 16:00:00-05:00,21.68,21.91,21.35,21.5,7268600
2005-12-01 16:00:00-05:00,21.73,22.2,21.71,22.15,4063400
2005-12-02 16:00:00-05:00,22.06,22.3,21.85,22.13,2734400
2005-12-05 16:00:00-05:00,22.33,22.48,22.07,22.18,4544300
2005-12-06 16:00:00-05:00,22.4,23.43,22.22,22.99,6360800
2005-12-07 16:00:00-05:00,22.99,23.4,22.59,22.86,3144500
2005-12-08 16:00:00-05:00,23.0,23.51,22.99,23.2,5669300
2005-12-09 16:00:00-05:00,23.17,23.23,22.7,22.74,3442700
2005-12-12 16:00:00-05:00,24.0,24.0,23.35,23.65,8719000
2005-12-13 16:00:00-05:00,23.86,24.03,23.69,23.78,6173200
2005-12-14 16:00:00-05:00,23.94,24.72,23.93,24.62,7196400
2005-12-15 16:00:00-05:00,24.77,24.78,24.01,24.31,3634200
2005-12-16 16:00:00-05:00,24.48,24.48,23.7,23.74,5483900
2005-12-19 16:00:00-05:00,25.73,23.93,23.65,23.69,4586200
2005-12-20 16:00:00-05:00,23.59,24.15,23.58,23.99,4802700
2005-12-21 16:00:00-05:00,23.85,24.12,23.59,23.92,4800400
2005-12-22 16:00:00-05:00,24.14,24.25,23.75,23.82,4041900
2005-12-23 16:00:00-05:00,23.76,23.8585,23.23,23.83,2678000
2005-12-27 16:00:00-05:00,23.74,23.75,22.89,23.15,3732700
2005-12-28 16:00:00-05:00,23.33,23.38,22.91,23.25,3086700
2005-12-29 16:00:00-05:00,23.25,23.54,22.95,23.02,2465700
2005-12-30 16:00:00-05:00,22.91,23.31,22.75,23.17,2463400
2006-01-03 16:00:00-05:00,23.3,23.99,23.25,23.9,4833400
2006-01-04 16:00:00-05:00,23.86,24.18,23.59,24.05,3972700
2006-01-05 16:00:00-05:00,24.05,24.08,23.49,23.8,4159000
2006-01-06 16:00:00-05:00,23.9,24.09,23.8,23.89,2744600
2006-01-09 16:00:00-05:00,23.88,24.29,23.762,24.28,4214600
2006-01-10 16:00:00-05:00,24.05,24.52,24.04,24.49,3027200
2006-01-11 16:00:00-05:00,24.41,24.47,23.99,24.35,3486400
2006-01-12 16:00:00-05:00,24.4,24.73,24.21,24.46,5775300
2006-01-13 16:00:00-05:00,24.5,24.69,24.4,24.6,3360600
2006-01-17 16:00:00-05:00,24.98,25.29,24.8,25.12,5535300
2006-01-18 16:00:00-05:00,25.0,25.15,24.58,24.99,5798000
2006-01-19 16:00:00-05:00,24.8,25.13,24.58,25.08,3504300
2006-01-20 16:00:00-05:00,25.45,25.58,24.92,25.02,7648900
2006-01-23 16:00:00-05:00,25.2,25.2,24.47,24.52,4808800
2006-01-24 16:00:00-05:00,24.49,24.76,24.304,24.47,4268600
2006-01-25 16:00:00-05:00,24.67,24.74,23.5,23.77,5759500
2006-01-26 16:00:00-05:00,23.92,23.96,22.65,23.63,6944500
2006-01-27 16:00:00-05:00,23.85,24.2,23.68,23.9,3626400
2006-01-30 16:00:00-05:00,23.8,24.34,23.78,24.12,2954100
2006-01-31 16:00:00-05:00,23.9,24.24,23.68,23.84,4331100
2006-02-01 16:00:00-05:00,23.67,24.24,23.61,23.76,3478700
2006-02-02 16:00:00-05:00,23.63,23.79,22.86,23.22,4500000
2006-02-03 16:00:00-05:00,23.18,23.47,22.92,23.05,3265000
2006-02-06 16:00:00-05:00,23.15,23.68,23.15,23.43,2692000
2006-02-07 16:00:00-05:00,23.15,23.17,22.3,22.51,5257100
2006-02-08 16:00:00-05:00,22.15,22.52,21.9,22.45,4521900
2006-02-09 16:00:00-05:00,22.48,22.82,22.05,22.13,4280900
2006-02-10 16:00:00-05:00,22.2,22.42,21.72,21.9,4442900
2006-02-13 16:00:00-05:00,22.0,22.3,21.83,21.96,3081000
2006-02-14 16:00:00-05:00,21.7,21.85,21.19,21.45,5917800
2006-02-15 16:00:00-05:00,21.55,22.11,21.53,21.76,4140800
2006-02-16 16:00:00-05:00,21.76,22.39,21.76,22.15,3851900
2006-02-17 16:00:00-05:00,22.15,22.55,22.1,22.25,4911200
2006-02-21 16:00:00-05:00,22.75,23.0,22.51,22.69,3606400
2006-02-22 16:00:00-05:00,22.6,22.66,22.0,22.03,4020300
2006-02-23 16:00:00-05:00,21.8,22.14,21.44,21.84,7074600
2006-02-24 16:00:00-05:00,22.1,22.5,22.1,22.36,3474700
2006-02-27 16:00:00-05:00,22.37,22.5,21.956,22.13,3452300
2006-02-28 16:00:00-05:00,21.45,21.9,20.8,21.57,11026700
2006-03-01 16:00:00-05:00,22.06,22.33,21.82,21.85,6041300
2006-03-02 16:00:00-05:00,22.15,22.21,21.75,21.92,4605200
2006-03-03 16:00:00-05:00,21.93,21.93,21.65,21.67,4107600
2006-03-06 16:00:00-05:00,21.3,21.31,20.02,20.28,11522300
2006-03-07 16:00:00-05:00,20.29,20.3,19.35,19.49,12084500
2006-03-08 16:00:00-05:00,19.6,20.22,19.5,20.06,10685400
2006-03-09 16:00:00-05:00,20.02,20.33,19.78,19.82,4755700
2006-03-10 16:00:00-05:00,19.87,20.35,19.75,19.96,4972100
2006-03-13 16:00:00-05:00,20.06,20.43,20.05,20.35,3833100
2006-03-14 16:00:00-05:00,20.35,20.59,20.19,20.54,3482700
2006-03-15 16:00:00-05:00,20.42,20.55,20.19,20.42,4532200
2006-03-16 16:00:00-05:00,20.43,21.06,20.3,20.96,5973300
2006-03-17 16:00:00-05:00,20.97,21.04,20.68,20.89,6243500
2006-03-20 16:00:00-05:00,20.89,21.15,20.44,20.63,5574300
2006-03-21 16:00:00-05:00,20.45,20.73,20.08,20.11,4548900
2006-03-22 16:00:00-05:00,20.15,20.7,20.09,20.39,3389500
2006-03-23 16:00:00-05:00,20.5,20.99,20.42,20.72,4993100
2006-03-24 16:00:00-05:00,20.75,21.12,20.55,20.81,5177600
2006-03-27 16:00:00-05:00,20.69,20.8705,20.51,20.77,3161200
2006-03-28 16:00:00-05:00,20.82,21.09,20.78,20.95,4405100
2006-03-29 16:00:00-05:00,20.98,21.08,20.81,20.98,4393700
2006-03-30 16:00:00-05:00,20.84,21.5,20.84,21.43,8554900
2006-03-31 16:00:00-05:00,21.42,21.5,21.25,21.39,4822900
2006-04-03 16:00:00-04:00,21.5,21.75,21.22,21.39,3958400
2006-04-04 16:00:00-04:00,21.29,21.51,21.2,21.35,4704600
2006-04-05 16:00:00-04:00,21.52,22.0,21.51,21.97,5824500
2006-04-06 16:00:00-04:00,22.03,22.5,21.99,22.47,7068200
2006-04-07 16:00:00-04:00,22.49,22.5,21.78,21.97,7640400
2006-04-10 16:00:00-04:00,22.11,22.33,22.0,22.2,3597200
2006-04-11 16:00:00-04:00,22.2,22.43,21.62,21.9,3359900
2006-04-12 16:00:00-04:00,21.9,22.07,21.61,21.92,3087600
2006-04-13 16:00:00-04:00,21.66,21.94,21.53,21.83,2211800
2006-04-17 16:00:00-04:00,21.95,22.25,21.8,22.24,2788000
2006-04-18 16:00:00-04:00,22.45,23.06,22.37,23.02,4974500
2006-04-19 16:00:00-04:00,23.06,23.3,22.62,23.24,4192800
2006-04-20 16:00:00-04:00,23.2,23.34,22.55,22.87,2336700
2006-04-21 16:00:00-04:00,23.08,23.09,22.52,22.74,4222600
2006-04-24 16:00:00-04:00,22.78,22.87,22.18,22.42,3985800
2006-04-25 16:00:00-04:00,22.46,22.58,22.15,22.26,5480500
2006-04-26 16:00:00-04:00,22.4,22.81,22.0,22.18,3559400
2006-04-27 16:00:00-04:00,22.0,22.4,21.49,22.16,4067800
2006-04-28 16:00:00-04:00,22.25,22.33,21.85,21.93,3431000
2006-05-01 16:00:00-04:00,22.03,22.25,21.97,22.08,4465200
2006-05-02 16:00:00-04:00,22.26,22.61,22.26,22.52,5853700
2006-05-03 16:00:00-04:00,22.52,22.9,22.35,22.49,4159400
2006-05-04 16:00:00-04:00,22.0,22.54,21.45,22.03,7397100
2006-05-05 16:00:00-04:00,22.48,22.77,22.32,22.68,5637600
2006-05-08 16:00:00-04:00,22.59,23.1,22.33,23.08,4297100
2006-05-09 16:00:00-04:00,23.12,23.35,22.85,23.27,4265900
2006-05-10 16:00:00-04:00,23.09,23.47,23.09,23.32,2415700
2006-05-11 16:00:00-04:00,23.47,23.47,22.73,22.88,3224900
2006-05-12 16:00:00-04:00,22.7,22.75,22.09,22.12,4965000
2006-05-15 16:00:00-04:00,21.89,22.03,21.35,21.63,6082500
2006-05-16 16:00:00-04:00,21.75,21.92,21.3,21.37,7931500
2006-05-17 16:00:00-04:00,21.25,21.47,20.8,20.9,4459800
2006-05-18 16:00:00-04:00,20.88,21.5,20.59,20.69,5100400
2006-05-19 16:00:00-04:00,20.7,20.99,20.32,20.83,4928400
2006-05-22 16:00:00-04:00,20.75,20.79,20.1,20.58,5562000
2006-05-23 16:00:00-04:00,20.81,21.2,20.39,20.44,4384700
2006-05-24 16:00:00-04:00,20.45,20.83,20.01,20.4,5146800
2006-05-25 16:00:00-04:00,20.5,21.27,20.29,21.09,4796900
2006-05-26 16:00:00-04:00,21.0,21.35,20.85,21.34,2850600
2006-05-30 16:00:00-04:00,22.7,23.0,21.95,22.04,8365100
2006-05-31 16:00:00-04:00,22.28,22.62,22.18,22.6,4541100
2006-06-01 16:00:00-04:00,22.6,22.93,22.3,22.88,4658000
2006-06-02 16:00:00-04:00,22.95,23.27,22.8,23.26,7291400
2006-06-05 16:00:00-04:00,23.3,23.34,22.54,22.58,3910200
2006-06-06 16:00:00-04:00,22.42,22.81,21.92,22.25,6153400
2006-06-07 16:00:00-04:00,22.0,22.2099,21.52,21.6,5591500
2006-06-08 16:00:00-04:00,21.5,21.5,20.43,21.27,10270000
2006-06-09 16:00:00-04:00,21.22,21.59,21.22,21.5,3955400
2006-06-12 16:00:00-04:00,21.42,21.59,20.96,21.02,6547000
2006-06-13 16:00:00-04:00,20.87,20.92,20.29,20.33,5465400
2006-06-14 16:00:00-04:00,20.29,20.83,20.06,20.8,3599700
2006-06-15 16:00:00-04:00,21.0,21.75,20.95,21.68,4641800
2006-06-16 16:00:00-04:00,21.68,21.81,21.27,21.69,3342300
2006-06-19 16:00:00-04:00,21.65,21.67,20.71,20.87,5334600
2006-06-20 16:00:00-04:00,20.87,21.13,20.62,20.71,3353600
2006-06-21 16:00:00-04:00,20.93,21.45,20.82,21.08,3279400
2006-06-22 16:00:00-04:00,20.99,21.04,20.55,20.65,3832100
2006-06-23 16:00:00-04:00,22.65,22.65,21.75,22.25,11267800
2006-06-26 16:00:00-04:00,22.23,22.3,21.9,22.25,5350700
2006-06-27 16:00:00-04:00,22.3,22.9,22.26,22.82,6450600
2006-06-28 16:00:00-04:00,22.81,23.12,22.67,23.05,3801500
2006-06-29 16:00:00-04:00,23.15,23.59,22.94,23.36,5793700
2006-06-30 16:00:00-04:00,23.45,23.55,23.103,23.36,4048100
2006-07-03 16:00:00-04:00,22.81,23.74,22.81,23.73,2652300
2006-07-05 16:00:00-04:00,23.42,23.51,22.99,23.39,3752600
2006-07-06 16:00:00-04:00,23.39,23.49,22.92,23.08,4508200
2006-07-07 16:00:00-04:00,23.15,23.25,22.61,22.86,4261000
2006-07-10 16:00:00-04:00,22.79,23.02,22.67,22.85,2215700
2006-07-11 16:00:00-04:00,22.92,23.19,22.72,23.1,3119900
2006-07-12 16:00:00-04:00,23.15,23.17,22.81,23.02,2813100
2006-07-13 16:00:00-04:00,23.0,23.1,22.58,22.79,4847400
2006-07-14 16:00:00-04:00,22.9,23.2,22.65,23.16,3493800
2006-07-17 16:00:00-04:00,23.01,23.11,22.4,22.63,3247300
2006-07-18 16:00:00-04:00,22.8,22.93,22.59,22.86,4063000
2006-07-19 16:00:00-04:00,23.0,23.29,22.74,23.18,3425900
2006-07-20 16:00:00-04:00,22.95,23.2,22.66,22.68,2578000
2006-07-21 16:00:00-04:00,22.95,22.95,22.48,22.52,4375000
2006-07-24 16:00:00-04:00,22.46,23.37,22.44,23.17,3310700
2006-07-25 16:00:00-04:00,23.24,23.87,23.22,23.64,3278200
2006-07-26 16:00:00-04:00,23.64,24.27,23.45,24.1,3939700
2006-07-27 16:00:00-04:00,24.26,24.4,23.73,23.92,3767000
2006-07-28 16:00:00-04:00,24.11,24.12,23.64,23.85,3226800
2006-07-31 16:00:00-04:00,23.95,24.56,23.92,24.25,4541400
2006-08-01 16:00:00-04:00,24.25,24.65,24.19,24.43,4321200
2006-08-02 16:00:00-04:00,24.57,24.87,23.99,24.32,4209700
2006-08-03 16:00:00-04:00,24.84,24.92,24.47,24.69,4623800
2006-08-04 16:00:00-04:00,24.94,24.95,24.2,24.45,3455600
2006-08-07 16:00:00-04:00,24.94,25.02,24.61,24.63,4327500
2006-08-08 16:00:00-04:00,24.4,24.83,24.23,24.42,3352000
2006-08-09 16:00:00-04:00,24.5,24.9,24.27,24.44,3623500
2006-08-10 16:00:00-04:00,24.31,24.46,24.01,24.25,2680600
2006-08-11 16:00:00-04:00,24.2,24.54,24.13,24.35,2536500
2006-08-14 16:00:00-04:00,24.25,24.66,24.1301,24.6,5575500
2006-08-15 16:00:00-04:00,24.62,24.9,24.51,24.83,3875700
2006-08-16 16:00:00-04:00,24.97,25.4,24.86,25.06,4520100
2006-08-17 16:00:00-04:00,24.84,25.05,24.56,24.75,2756200
2006-08-18 16:00:00-04:00,24.83,24.94,24.47,24.93,3043500
2006-08-21 16:00:00-04:00,24.93,25.21,24.87,24.9,3336700
2006-08-22 16:00:00-04:00,24.61,25.09,24.61,25.08,8901500
2006-08-23 16:00:00-04:00,24.89,25.2,24.52,24.61,1856600
2006-08-24 16:00:00-04:00,24.75,24.81,24.46,24.77,3973100
2006-08-25 16:00:00-04:00,24.84,25.37,24.78,25.17,2598100
2006-08-28 16:00:00-04:00,25.04,25.37,24.82,25.21,3225200
2006-08-29 16:00:00-04:00,25.08,25.26,24.9,25.23,2114100
2006-08-30 16:00:00-04:00,25.23,25.23,24.27,24.64,3922400
2006-08-31 16:00:00-04:00,24.65,24.77,24.51,24.63,2212200
2006-09-01 16:00:00-04:00,24.79,24.94,24.52,24.83,1481400
2006-09-05 16:00:00-04:00,24.82,25.05,24.61,24.97,2497600
2006-09-06 16:00:00-04:00,24.95,24.96,24.23,24.23,5223600
2006-09-07 16:00:00-04:00,24.5,24.71,24.14,24.49,3450300
2006-09-08 16:00:00-04:00,24.45,24.59,23.87,23.95,4048400
2006-09-11 16:00:00-04:00,23.74,23.98,23.16,23.43,3895600
2006-09-12 16:00:00-04:00,23.25,23.53,23.13,23.36,4712700
2006-09-13 16:00:00-04:00,23.41,23.73,23.26,23.32,4064100
2006-09-14 16:00:00-04:00,23.35,23.55,22.5,22.73,8305300
2006-09-15 16:00:00-04:00,22.93,23.11,22.48,23.04,6083300
2006-09-18 16:00:00-04:00,23.12,23.54,22.92,23.48,3834500
2006-09-19 16:00:00-04:00,23.4,23.61,22.88,23.0,2499300
2006-09-20 16:00:00-04:00,22.95,23.25,22.5,22.51,8609800
2006-09-21 16:00:00-04:00,22.62,23.34,22.62,22.96,5672300
2006-09-22 16:00:00-04:00,22.99,23.07,22.5,22.82,3334300
2006-09-25 16:00:00-04:00,22.8,22.89,22.33,22.64,5911700
2006-09-26 16:00:00-04:00,22.64,23.4,22.5,23.33,4272700
2006-09-27 16:00:00-04:00,23.5,23.83,23.22,23.59,4424800
2006-09-28 16:00:00-04:00,23.55,23.98,23.51,23.94,5243600
2006-09-29 16:00:00-04:00,23.9,24.03,23.59,23.87,3321200
2006-10-02 16:00:00-04:00,23.99,24.04,23.66,23.86,3890200
2006-10-03 16:00:00-04:00,23.85,23.86,23.0,23.03,4552600
2006-10-04 16:00:00-04:00,23.2,23.46,22.73,22.95,8551500
2006-10-05 16:00:00-04:00,23.32,23.93,23.32,23.68,6345600
2006-10-06 16:00:00-04:00,23.54,23.81,23.32,23.79,3535000
2006-10-09 16:00:00-04:00,23.8,24.11,23.51,23.61,2261000
2006-10-10 16:00:00-04:00,23.49,23.9,23.37,23.84,2448200
2006-10-11 16:00:00-04:00,24.16,24.16,23.56,23.62,2111700
2006-10-12 16:00:00-04:00,23.62,24.38,23.53,24.24,4501600
2006-10-13 16:00:00-04:00,24.32,24.58,24.14,24.25,2956900
2006-10-16 16:00:00-04:00,24.16,24.59,24.08,24.58,2571900
2006-10-17 16:00:00-04:00,24.55,24.57,24.15,24.45,3212500
2006-10-18 16:00:00-04:00,24.48,24.7,23.95,24.11,3367000
2006-10-19 16:00:00-04:00,24.0,24.57,23.94,24.52,3852100
2006-10-20 16:00:00-04:00,24.59,24.65,24.15,24.54,3756600
2006-10-23 16:00:00-04:00,24.35,24.82,24.15,24.39,3311800
2006-10-24 16:00:00-04:00,24.23,24.63,24.22,24.62,4280400
2006-10-25 16:00:00-04:00,24.62,25.04,24.29,24.73,4584500
2006-10-26 16:00:00-04:00,24.73,24.88,24.26,24.6,10111100
2006-10-27 16:00:00-04:00,24.6,25.11,24.48,24.51,3813100
2006-10-30 16:00:00-05:00,24.53,24.53,24.1,24.2,8093200
2006-10-31 16:00:00-05:00,24.3,24.47,23.72,24.43,3335000
2006-11-01 16:00:00-05:00,24.59,24.62,23.97,24.34,4178700
2006-11-02 16:00:00-05:00,24.34,24.89,24.15,24.43,4069300
2006-11-03 16:00:00-05:00,24.7,25.0,24.48,24.75,4075700
2006-11-06 16:00:00-05:00,24.85,25.04,24.66,25.04,4532700
2006-11-07 16:00:00-05:00,25.04,25.0516,24.78,25.0,4996800
2006-11-08 16:00:00-05:00,24.98,25.82,24.78,25.74,6111500
2006-11-09 16:00:00-05:00,25.87,26.58,25.81,26.47,7765300
2006-11-10 16:00:00-05:00,26.5,26.53,26.07,26.52,3576200
2006-11-13 16:00:00-05:00,26.4,26.85,26.23,26.63,3137000
2006-11-14 16:00:00-05:00,26.66,26.76,26.32,26.56,2302300
2006-11-15 16:00:00-05:00,26.69,27.05,26.56,26.6,4339700
2006-11-16 16:00:00-05:00,26.8,26.94,26.33,26.41,4125700
2006-11-17 16:00:00-05:00,26.32,26.86,26.22,26.71,3548600
2006-11-20 16:00:00-05:00,26.65,26.9,26.49,26.5,3212700
2006-11-21 16:00:00-05:00,26.6,26.99,26.5,26.93,3392600
2006-11-22 16:00:00-05:00,26.83,27.07,26.35,26.7,2222100
2006-11-24 16:00:00-05:00,26.75,27.01,26.6,26.61,919400
2006-11-27 16:00:00-05:00,26.68,27.24,26.56,26.65,2903100
2006-11-28 16:00:00-05:00,26.73,27.36,26.72,27.27,4756000
2006-11-29 16:00:00-05:00,27.4,28.32,27.3,27.91,6516100
2006-11-30 16:00:00-05:00,27.92,28.14,27.56,27.76,4212000
2006-12-01 16:00:00-05:00,27.77,27.95,27.52,27.95,4335000
2006-12-04 16:00:00-05:00,27.9,27.9,27.65,27.8,2158700
2006-12-05 16:00:00-05:00,27.85,28.0,27.68,27.86,3481800
2006-12-06 16:00:00-05:00,27.78,28.05,27.7,27.78,3160400
2006-12-07 16:00:00-05:00,27.75,28.0,27.51,27.62,2673800
2006-12-08 16:00:00-05:00,27.72,27.72,27.32,27.42,2428600
2006-12-11 16:00:00-05:00,27.31,27.44,27.13,27.23,2669200
2006-12-12 16:00:00-05:00,27.3,27.5,27.11,27.36,3135300
2006-12-13 16:00:00-05:00,27.56,27.84,27.43,27.67,2186000
2006-12-14 16:00:00-05:00,27.56,28.02,27.55,27.66,2680200
2006-12-15 16:00:00-05:00,27.68,27.68,27.14,27.15,3495700
2006-12-18 16:00:00-05:00,27.2,27.23,26.47,26.49,3586200
2006-12-19 16:00:00-05:00,26.45,27.0,26.15,26.86,5629300
2006-12-20 16:00:00-05:00,26.79,27.04,26.55,26.56,2189000
2006-12-21 16:00:00-05:00,26.69,26.76,26.08,26.4,2631700
2006-12-22 16:00:00-05:00,26.49,26.71,26.21,26.42,1882400
2006-12-26 16:00:00-05:00,26.31,26.63,26.05,26.28,2392100
2006-12-27 16:00:00-05:00,26.4,26.48,26.16,26.37,2418900
2006-12-28 16:00:00-05:00,26.53,26.67,26.38,26.49,2780900
2006-12-29 16:00:00-05:00,26.4,26.52,26.05,26.12,2552200
2007-01-03 16:00:00-05:00,26.12,26.12,25.4,25.69,9118500
2007-01-04 16:00:00-05:00,26.14,26.59,25.28,25.62,4889500
2007-01-05 16:00:00-05:00,25.55,25.92,25.44,25.76,4765300
2007-01-08 16:00:00-05:00,25.76,26.23,25.73,25.93,3845100
2007-01-09 16:00:00-05:00,25.82,25.88,25.21,25.6,4964700
2007-01-10 16:00:00-05:00,25.6,25.6,25.17,25.32,5831600
2007-01-11 16:00:00-05:00,25.32,26.12,25.2,25.36,4870900
2007-01-12 16:00:00-05:00,25.36,25.94,25.32,25.83,4548700
2007-01-16 16:00:00-05:00,25.86,26.0,25.54,25.67,3443900
2007-01-17 16:00:00-05:00,25.67,26.07,25.55,25.99,3979400
2007-01-18 16:00:00-05:00,26.1,26.41,25.65,25.74,4015400
2007-01-19 16:00:00-05:00,25.9,26.39,25.87,26.35,3727800
2007-01-22 16:00:00-05:00,26.49,26.72,26.37,26.55,4126000
2007-01-23 16:00:00-05:00,26.58,27.2,26.58,27.13,3063500
2007-01-24 16:00:00-05:00,27.01,27.18,26.52,27.15,2827500
2007-01-25 16:00:00-05:00,27.07,27.14,26.54,26.59,2256800
2007-01-26 16:00:00-05:00,26.65,26.84,26.42,26.52,2355000
2007-01-29 16:00:00-05:00,26.45,26.69,26.2,26.4,3662200
2007-01-30 16:00:00-05:00,26.5,27.06,26.45,26.96,4252500
2007-01-31 16:00:00-05:00,26.95,27.23,26.61,26.99,3106600
2007-02-01 16:00:00-05:00,27.13,27.41,27.01,27.28,4083000
2007-02-02 16:00:00-05:00,27.36,27.5,27.09,27.42,3335300
2007-02-05 16:00:00-05:00,26.91,27.68,26.8,27.36,5596200
2007-02-06 16:00:00-05:00,27.53,27.54,27.06,27.25,3466500
2007-02-07 16:00:00-05:00,27.25,27.57,27.21,27.35,4790000
2007-02-08 16:00:00-05:00,27.45,27.88,27.24,27.85,3992800
2007-02-09 16:00:00-05:00,27.98,28.18,27.67,27.81,3993900
2007-02-12 16:00:00-05:00,27.82,27.82,27.39,27.56,2526405
2007-02-13 16:00:00-05:00,27.62,27.82,27.51,27.72,3090209
2007-02-14 16:00:00-05:00,27.87,27.937,27.47,27.58,4199945
2007-02-15 16:00:00-05:00,27.9,27.9,27.16,27.37,2942500
2007-02-16 16:00:00-05:00,27.27,27.51,27.19,27.5,3375600
2007-02-20 16:00:00-05:00,27.5,27.73,27.35,27.73,3412800
2007-02-21 16:00:00-05:00,27.73,28.38,27.51,28.33,4538700
2007-02-22 16:00:00-05:00,28.3,28.34,27.61,28.01,5547900
2007-02-23 16:00:00-05:00,27.72,28.06,27.6,27.91,4490800
2007-02-26 16:00:00-05:00,28.0,28.71,27.99,28.3,6570440
2007-02-27 16:00:00-05:00,27.92,27.95,26.53,26.94,9601400
2007-02-28 16:00:00-05:00,26.94,27.3,26.46,26.97,5955500
2007-03-01 16:00:00-05:00,26.75,27.12,26.04,26.89,8186078
2007-03-02 16:00:00-05:00,26.68,26.79,26.15,26.23,4475600
2007-03-05 16:00:00-05:00,26.23,26.44,25.9,26.3,4435600
2007-03-06 16:00:00-05:00,26.1,26.5,26.08,26.29,5354900
2007-03-07 16:00:00-05:00,26.75,27.47,26.39,27.18,6800800
2007-03-08 16:00:00-05:00,27.26,27.5,27.19,27.29,3423300
2007-03-09 16:00:00-05:00,27.34,27.69,27.13,27.43,3295000
2007-03-12 16:00:00-04:00,27.23,27.44,27.11,27.34,2667900
2007-03-13 16:00:00-04:00,27.08,27.64,26.58,26.61,5402500
2007-03-14 16:00:00-04:00,26.61,27.03,26.4,27.02,3178900
2007-03-15 16:00:00-04:00,26.75,27.06,26.65,26.89,3301714
2007-03-16 16:00:00-04:00,27.0,27.1,26.51,26.59,3760200
2007-03-19 16:00:00-04:00,26.56,26.99,26.56,26.99,2384942
2007-03-20 16:00:00-04:00,27.08,27.21,26.83,27.2,3198008
2007-03-21 16:00:00-04:00,27.35,28.12,27.13,28.01,4032364
2007-03-22 16:00:00-04:00,28.26,28.81,28.22,28.58,7260860
2007-03-23 16:00:00-04:00,28.59,28.69,28.01,28.21,4188495
2007-03-26 16:00:00-04:00,28.5,28.87,28.09,28.56,5028100
2007-03-27 16:00:00-04:00,28.38,28.56,28.15,28.4,3798100
2007-03-28 16:00:00-04:00,28.6,28.8,28.4,28.52,4078300
2007-03-29 16:00:00-04:00,28.52,29.05,28.49,28.94,7653574
2007-03-30 16:00:00-04:00,28.94,28.95,28.15,28.46,4302817
2007-04-02 16:00:00-04:00,28.51,29.0,28.38,28.89,5100908
2007-04-03 16:00:00-04:00,28.9,28.9,28.44,28.52,5290849
2007-04-04 16:00:00-04:00,28.52,28.75,28.31,28.37,3592900
2007-04-05 16:00:00-04:00,28.46,28.57,28.1,28.43,4881734
2007-04-09 16:00:00-04:00,28.43,28.58,28.18,28.32,4277502
2007-04-10 16:00:00-04:00,28.28,28.75,28.28,28.62,4363100
2007-04-11 16:00:00-04:00,28.75,28.75,28.17,28.2,3732157
2007-04-12 16:00:00-04:00,29.14,29.14,28.11,28.5,3884593
2007-04-13 16:00:00-04:00,27.61,29.09,27.61,28.47,2141378
2007-04-16 16:00:00-04:00,28.47,28.73,28.26,28.61,5770071
2007-04-17 16:00:00-04:00,28.55,28.89,28.52,28.78,5524498
2007-04-18 16:00:00-04:00,28.37,28.69,28.37,28.58,3869810
2007-04-19 16:00:00-04:00,29.09,29.09,28.24,28.29,2580818
2007-04-20 16:00:00-04:00,29.08,29.08,28.45,29.02,6466760
2007-04-23 16:00:00-04:00,29.15,29.65,29.0,29.47,4432700
2007-04-24 16:00:00-04:00,29.48,29.71,29.44,29.54,2990779
2007-04-25 16:00:00-04:00,29.1,30.23,29.1,30.21,4679247
2007-04-26 16:00:00-04:00,30.11,30.21,29.77,29.98,7017797
2007-04-27 16:00:00-04:00,29.8,30.2,29.6,30.09,4764062
2007-04-30 16:00:00-04:00,30.01,30.23,29.49,29.5,3978612
2007-05-01 16:00:00-04:00,29.43,29.73,29.05,29.41,3778780
2007-05-02 16:00:00-04:00,29.46,29.96,29.21,29.88,3747692
2007-05-03 16:00:00-04:00,29.7,29.7,29.04,29.2,7496749
2007-05-04 16:00:00-04:00,29.29,29.57,29.07,29.37,3710700
2007-05-07 16:00:00-04:00,29.37,29.63,29.15,29.57,4130164
2007-05-08 16:00:00-04:00,29.45,29.45,28.82,29.22,4358917
2007-05-09 16:00:00-04:00,29.28,29.5,28.66,29.1,9112622
2007-05-10 16:00:00-04:00,28.85,29.09,28.18,28.25,7684381
2007-05-11 16:00:00-04:00,28.34,28.79,28.3,28.6,5976142
2007-05-14 16:00:00-04:00,28.55,28.91,28.48,28.73,3520162
2007-05-15 16:00:00-04:00,28.73,29.13,28.54,28.75,5213249
2007-05-16 16:00:00-04:00,28.76,28.93,28.24,28.54,4093283
2007-05-17 16:00:00-04:00,28.54,28.91,28.26,28.51,4517000
2007-05-18 16:00:00-04:00,28.51,28.97,28.51,28.95,3453228
2007-05-21 16:00:00-04:00,30.5,31.69,30.01,31.06,22546114
2007-05-22 16:00:00-04:00,31.6,32.45,30.95,31.37,8171608
2007-05-23 16:00:00-04:00,31.25,31.75,31.25,31.45,7766228
2007-05-24 16:00:00-04:00,31.4,31.74,30.71,30.83,7654195
2007-05-25 16:00:00-04:00,31.37,31.37,30.65,31.0,3513781
2007-05-29 16:00:00-04:00,30.81,31.3,30.6,31.22,5577560
2007-05-30 16:00:00-04:00,31.07,32.25,30.86,32.19,7217600
2007-05-31 16:00:00-04:00,32.34,32.34,31.71,31.76,6541523
2007-06-01 16:00:00-04:00,31.97,32.1,31.64,32.05,4702503
2007-06-04 16:00:00-04:00,32.0,32.45,31.91,32.43,6068449
2007-06-05 16:00:00-04:00,32.18,32.35,31.76,31.98,4002526
2007-06-06 16:00:00-04:00,31.92,31.92,31.19,31.41,3992756
2007-06-07 16:00:00-04:00,31.42,31.43,29.95,30.08,7042515
2007-06-08 16:00:00-04:00,30.02,30.34,29.61,30.27,6421647
2007-06-11 16:00:00-04:00,30.33,30.79,30.11,30.45,3216025
2007-06-12 16:00:00-04:00,30.25,30.39,29.58,29.71,5330960
2007-06-13 16:00:00-04:00,29.96,30.78,29.87,30.69,4691900
2007-06-14 16:00:00-04:00,30.7,31.51,30.78,31.28,4726302
2007-06-15 16:00:00-04:00,32.05,32.05,31.4624,31.78,6926244
2007-06-18 16:00:00-04:00,31.79,31.85,31.47,31.72,3043869
2007-06-19 16:00:00-04:00,31.73,32.0,31.51,31.92,3220600
2007-06-20 16:00:00-04:00,31.92,32.27,31.01,31.1,4288185
2007-06-21 16:00:00-04:00,31.11,32.47,31.36,32.33,6250700
2007-06-22 16:00:00-04:00,32.12,32.62,31.48,31.96,5980664
2007-06-25 16:00:00-04:00,32.26,32.39,31.59,31.93,4948186
2007-06-26 16:00:00-04:00,31.94,32.0,31.02,31.27,5155732
2007-06-27 16:00:00-04:00,31.28,32.15,30.38,32.09,4714652
2007-06-28 16:00:00-04:00,32.1,32.36,31.46,31.69,4490195
2007-06-29 16:00:00-04:00,31.9,32.29,31.39,31.62,4532427
2007-07-02 16:00:00-04:00,31.63,32.08,31.61,32.05,4251218
2007-07-03 16:00:00-04:00,32.05,32.41,31.85,32.25,2000707
2007-07-05 16:00:00-04:00,32.19,33.49,32.19,32.75,6480318
2007-07-06 16:00:00-04:00,32.85,33.15,32.53,32.99,3330783
2007-07-09 16:00:00-04:00,32.99,33.72,32.86,33.59,4930705
2007-07-10 16:00:00-04:00,33.2,33.9,33.05,33.4,7246723
2007-07-11 16:00:00-04:00,33.32,33.66,33.07,33.37,6316577
2007-07-12 16:00:00-04:00,33.38,33.79,33.15,33.7,6821668
2007-07-13 16:00:00-04:00,33.7,34.22,33.55,34.05,3785525
2007-07-16 16:00:00-04:00,33.95,34.03,33.23,33.37,4077146
2007-07-17 16:00:00-04:00,33.47,34.07,33.06,33.25,2787456
2007-07-18 16:00:00-04:00,33.26,34.0,33.06,33.87,5411400
2007-07-19 16:00:00-04:00,33.87,34.54,33.63,34.39,4431200
2007-07-20 16:00:00-04:00,35.83,35.84,34.56,34.72,11734766
2007-07-23 16:00:00-04:00,34.8,34.86,34.28,34.3,6258729
2007-07-24 16:00:00-04:00,33.81,33.99,33.06,33.16,6705803
2007-07-25 16:00:00-04:00,33.16,33.56,32.5,33.31,6408458
2007-07-26 16:00:00-04:00,33.12,33.2,30.6,31.9,11935997
2007-07-27 16:00:00-04:00,31.9,31.87,30.71,31.4,10839334
2007-07-30 16:00:00-04:00,31.39,32.05,30.83,31.81,8221676
2007-07-31 16:00:00-04:00,32.7,33.11,32.19,32.25,6942266
2007-08-01 16:00:00-04:00,32.5,33.8,31.75,32.79,9685186
2007-08-02 16:00:00-04:00,33.5,33.78,32.47,33.16,9436628
2007-08-03 16:00:00-04:00,33.69,34.25,32.61,32.79,7612882
2007-08-06 16:00:00-04:00,32.85,33.05,30.5,31.85,12326305
2007-08-07 16:00:00-04:00,31.85,32.2,31.27,31.97,8116810
2007-08-08 16:00:00-04:00,32.05,33.32,31.97,33.0,9330801
2007-08-09 16:00:00-04:00,33.0,33.0,31.64,31.66,9469319
2007-08-10 16:00:00-04:00,31.44,32.0,30.0,31.73,7163303
2007-08-13 16:00:00-04:00,31.73,33.24,31.88,32.77,5490400
2007-08-14 16:00:00-04:00,32.9,33.09,32.05,32.1,5127200
2007-08-15 16:00:00-04:00,32.3,32.36,30.79,30.89,7564321
2007-08-16 16:00:00-04:00,30.6,31.06,29.16,30.95,9790900
2007-08-17 16:00:00-04:00,32.5,32.55,30.86,31.38,7968787
2007-08-20 16:00:00-04:00,31.17,31.65,30.57,31.18,5264800
2007-08-21 16:00:00-04:00,30.69,31.29,30.65,30.96,3521800
2007-08-22 16:00:00-04:00,31.19,31.72,31.19,31.5,3419000
2007-08-23 16:00:00-04:00,31.51,31.82,31.18,31.42,3124600
2007-08-24 16:00:00-04:00,31.5,32.0,31.44,31.88,2761700
2007-08-27 16:00:00-04:00,31.58,31.65,30.95,31.02,2822200
2007-08-28 16:00:00-04:00,30.67,31.0,30.01,30.08,5337000
2007-08-29 16:00:00-04:00,30.29,31.48,30.16,31.36,5377900
2007-08-30 16:00:00-04:00,31.37,31.57,30.86,31.02,2495300
2007-08-31 16:00:00-04:00,31.5,31.73,30.9,31.0,4039700
2007-09-04 16:00:00-04:00,31.01,32.14,31.01,31.87,4445400
2007-09-05 16:00:00-04:00,31.8,32.21,31.63,32.14,5666300
2007-09-06 16:00:00-04:00,32.03,32.78,32.03,32.51,4890800
2007-09-07 16:00:00-04:00,32.0,32.28,31.66,31.91,4977600
2007-09-10 16:00:00-04:00,31.85,31.96,31.0,31.55,5010800
2007-09-11 16:00:00-04:00,31.69,32.25,31.2,32.03,4306300
2007-09-12 16:00:00-04:00,31.9,32.76,31.87,32.43,4011700
2007-09-13 16:00:00-04:00,32.43,32.92,32.33,32.86,4895142
2007-09-14 16:00:00-04:00,32.52,33.1,32.49,32.88,3678200
2007-09-17 16:00:00-04:00,32.87,33.33,32.8,32.98,3690000
2007-09-18 16:00:00-04:00,33.2,33.77,32.83,33.66,3294284
2007-09-19 16:00:00-04:00,34.2,36.25,33.6,33.82,4936543
2007-09-20 16:00:00-04:00,33.89,34.54,33.44,33.62,2873700
2007-09-21 16:00:00-04:00,33.65,34.16,33.42,33.49,4816810
2007-09-24 16:00:00-04:00,33.27,33.74,33.11,33.57,2441500
2007-09-25 16:00:00-04:00,34.07,34.07,31.49,33.42,2227400
2007-09-26 16:00:00-04:00,33.65,34.08,33.35,33.87,3269800
2007-09-27 16:00:00-04:00,34.05,34.57,33.22,34.28,6136637
2007-09-28 16:00:00-04:00,34.25,34.74,33.81,34.06,3051400
2007-10-01 16:00:00-04:00,34.06,34.76,33.89,34.6,3076500
2007-10-02 16:00:00-04:00,34.8,34.98,34.13,34.75,3281000
2007-10-03 16:00:00-04:00,34.55,34.74,34.01,34.12,4593900
2007-10-04 16:00:00-04:00,34.08,34.6,33.61,34.5,2814900
2007-10-05 16:00:00-04:00,34.71,34.95,34.62,34.84,2607300
2007-10-08 16:00:00-04:00,34.7,34.99,34.51,34.84,2226700
2007-10-09 16:00:00-04:00,35.0,35.28,34.81,35.03,6356363
2007-10-10 16:00:00-04:00,34.91,35.05,34.75,34.81,2677595
2007-10-11 16:00:00-04:00,35.05,35.45,34.55,34.82,3385500
2007-10-12 16:00:00-04:00,34.95,35.3,34.69,34.9,1963046
2007-10-15 16:00:00-04:00,35.14,35.2,34.66,34.93,3416300
2007-10-16 16:00:00-04:00,34.93,35.2,34.74,35.04,2428010
2007-10-17 16:00:00-04:00,35.15,35.28,34.61,34.88,2787000
2007-10-18 16:00:00-04:00,34.79,35.32,34.65,35.01,2528600
2007-10-19 16:00:00-04:00,34.83,34.94,33.71,33.82,5459263
2007-10-22 16:00:00-04:00,33.35,33.86,33.1,33.68,2810667
2007-10-23 16:00:00-04:00,33.97,34.15,33.36,34.07,2696100
2007-10-24 16:00:00-04:00,34.15,35.05,33.83,35.0,4294563
2007-10-25 16:00:00-04:00,35.2,35.93,35.05,35.78,6783524
2007-10-26 16:00:00-04:00,36.0,36.52,35.85,36.36,6536030
2007-10-29 16:00:00-04:00,36.38,36.64,36.24,36.33,2869500
2007-10-30 16:00:00-04:00,36.44,36.62,35.66,35.91,3831800
2007-10-31 16:00:00-04:00,36.3,36.94,36.12,36.49,5393822
2007-11-01 16:00:00-04:00,36.2,36.87,35.48,35.65,7322196
2007-11-02 16:00:00-04:00,36.0,36.39,35.46,36.3,4592423
2007-11-05 16:00:00-05:00,35.94,36.55,35.74,36.37,4540414
2007-11-06 16:00:00-05:00,36.36,37.19,36.36,37.16,4421900
2007-11-07 16:00:00-05:00,37.29,37.74,36.24,36.29,3910815
2007-11-08 16:00:00-05:00,35.51,36.66,35.08,35.66,6893640
2007-11-09 16:00:00-05:00,35.3,35.93,35.21,35.35,5436186
2007-11-12 16:00:00-05:00,35.29,35.29,34.26,34.34,6502022
2007-11-13 16:00:00-05:00,34.09,34.84,33.86,34.55,6678496
2007-11-14 16:00:00-05:00,34.83,35.52,34.55,34.82,4586818
2007-11-15 16:00:00-05:00,34.47,34.7899,34.03,34.45,8455740
2007-11-16 16:00:00-05:00,34.61,35.08,34.33,34.91,6132396
2007-11-19 16:00:00-05:00,34.62,35.03,34.23,34.36,5875459
2007-11-20 16:00:00-05:00,34.5,35.34,34.09,34.58,5055690
2007-11-21 16:00:00-05:00,34.5,34.67,33.95,34.04,3549843
2007-11-23 16:00:00-05:00,34.33,35.23,34.09,34.94,1893707
2007-11-26 16:00:00-05:00,35.03,35.27,34.28,34.34,4633588
2007-11-27 16:00:00-05:00,34.52,34.52,33.07,33.84,4952315
2007-11-28 16:00:00-05:00,34.1,34.17,33.39,33.98,9040051
2007-11-29 16:00:00-05:00,34.18,34.85,33.5,34.27,6565665
2007-11-30 16:00:00-05:00,34.6,34.77,34.2,34.71,5481271
2007-12-03 16:00:00-05:00,34.1,35.47,34.1,35.11,6175982
2007-12-04 16:00:00-05:00,34.9,35.6,34.73,34.83,3380801
2007-12-05 16:00:00-05:00,35.08,35.27,34.88,35.11,4229335
2007-12-06 16:00:00-05:00,35.1,35.62,35.03,35.47,3266002
2007-12-07 16:00:00-05:00,35.55,35.77,35.14,35.57,2337580
2007-12-10 16:00:00-05:00,35.63,35.95,35.48,35.89,2219339
2007-12-11 16:00:00-05:00,35.87,36.2,35.0,35.11,2800999
2007-12-12 16:00:00-05:00,35.15,36.04,34.61,35.67,4954051
2007-12-13 16:00:00-05:00,35.42,35.85,35.21,35.8,3878598
2007-12-14 16:00:00-05:00,35.51,35.84,35.0,35.01,2679481
2007-12-17 16:00:00-05:00,34.96,35.19,34.38,34.62,3600214
2007-12-18 16:00:00-05:00,34.81,35.33,34.52,34.72,4157723
2007-12-19 16:00:00-05:00,34.8,35.62,34.8,35.27,3637578
2007-12-20 16:00:00-05:00,35.66,35.66,34.97,35.44,2452843
2007-12-21 16:00:00-05:00,35.8,36.05,34.0,35.98,4506939
2007-12-24 16:00:00-05:00,35.91,36.04,35.74,35.93,3805645
2007-12-26 16:00:00-05:00,35.67,36.21,35.67,36.08,2221497
2007-12-27 16:00:00-05:00,35.96,36.23,35.84,35.89,1916389
2007-12-28 16:00:00-05:00,35.97,36.64,35.97,36.31,2750885
2007-12-31 16:00:00-05:00,36.13,36.25,35.66,35.78,1820612
2008-01-02 16:00:00-05:00,35.94,36.17,35.6,35.78,3622779
2008-01-03 16:00:00-05:00,35.83,36.88,35.52,36.7,4439350
2008-01-04 16:00:00-05:00,36.42,36.67,35.55,35.59,3491805
2008-01-07 16:00:00-05:00,35.74,35.95,35.12,35.41,6087174
2008-01-08 16:00:00-05:00,35.58,36.3,35.48,35.6,5268659
2008-01-09 16:00:00-05:00,35.65,36.0,35.16,36.0,4042061
2008-01-10 16:00:00-05:00,35.64,36.11,35.38,35.98,3739540
2008-01-11 16:00:00-05:00,35.61,35.95,34.98,35.14,4678277
2008-01-14 16:00:00-05:00,35.35,35.86,35.27,35.71,4052369
2008-01-15 16:00:00-05:00,35.34,35.43,34.07,34.2,5295500
2008-01-16 16:00:00-05:00,33.78,34.35,33.34,33.88,6541697
2008-01-17 16:00:00-05:00,33.33,34.25,31.63,31.73,8265146
2008-01-18 16:00:00-05:00,31.74,32.95,31.23,31.77,6806051
2008-01-22 16:00:00-05:00,30.27,31.4,26.82,31.04,9592232
2008-01-23 16:00:00-05:00,28.36,30.97,28.24,30.96,10323260
2008-01-24 16:00:00-05:00,31.0,32.39,30.87,31.94,9905330
2008-01-25 16:00:00-05:00,31.88,32.35,31.53,31.87,6361353
2008-01-28 16:00:00-05:00,31.98,32.1,31.28,31.9,4682043
2008-01-29 16:00:00-05:00,32.04,32.5,31.7,31.82,5626211
2008-01-30 16:00:00-05:00,31.64,32.66,31.64,31.99,5493386
2008-01-31 16:00:00-05:00,31.43,32.17,31.35,31.97,6415566
2008-02-01 16:00:00-05:00,32.04,32.51,31.71,32.49,4306942
2008-02-04 16:00:00-05:00,32.37,33.11,32.19,32.89,3818729
2008-02-05 16:00:00-05:00,32.38,33.27,32.1,32.2,6567577
2008-02-06 16:00:00-05:00,32.45,33.01,32.0,32.12,4310610
2008-02-07 16:00:00-05:00,31.91,32.54,31.65,32.24,4116460
2008-02-08 16:00:00-05:00,31.95,33.02,31.95,32.9,4306042
2008-02-11 16:00:00-05:00,32.96,34.3,32.96,34.2,6131639
2008-02-12 16:00:00-05:00,34.34,34.89,33.48,33.86,4109976
2008-02-13 16:00:00-05:00,34.18,34.55,33.95,34.46,3330770
2008-02-14 16:00:00-05:00,34.41,34.98,34.31,34.35,2944948
2008-02-15 16:00:00-05:00,34.27,34.39,33.68,34.1,3203596
2008-02-19 16:00:00-05:00,34.77,35.37,34.63,35.04,4389332
2008-02-20 16:00:00-05:00,34.99,35.87,34.86,35.87,5516757
2008-02-21 16:00:00-05:00,36.51,36.75,35.35,35.53,6025825
2008-02-22 16:00:00-05:00,36.29,36.42,34.66,35.57,7197888
2008-02-25 16:00:00-05:00,35.6,36.54,35.6,36.5,6802512
2008-02-26 16:00:00-05:00,36.2,37.0,36.04,36.91,6073226
2008-02-27 16:00:00-05:00,36.83,36.92,36.16,36.19,6453103
2008-02-28 16:00:00-05:00,35.86,36.75,35.79,36.62,7944698
2008-02-29 16:00:00-05:00,36.29,36.62,35.76,36.02,4532806
2008-03-03 16:00:00-05:00,36.0,36.5,35.87,36.43,6976943
2008-03-04 16:00:00-05:00,36.46,36.59,35.05,35.72,7748719
2008-03-05 16:00:00-05:00,35.8,37.0,35.8,36.99,5769020
2008-03-06 16:00:00-05:00,37.04,37.1,35.28,35.31,11258603
2008-03-07 16:00:00-05:00,35.18,35.37,34.36,34.85,6046462
2008-03-10 16:00:00-04:00,34.81,34.91,34.0,34.13,4790482
2008-03-11 16:00:00-04:00,34.83,35.25,34.17,34.56,7550594
2008-03-12 16:00:00-04:00,34.5,34.69,34.04,34.19,4245737
2008-03-13 16:00:00-04:00,34.19,34.6,33.68,34.44,8578590
2008-03-14 16:00:00-04:00,34.7,34.7,33.18,33.7,5980940
2008-03-17 16:00:00-04:00,32.96,33.11,31.6,32.27,8962280
2008-03-18 16:00:00-04:00,32.94,33.36,32.46,33.28,9378606
2008-03-19 16:00:00-04:00,33.38,33.74,31.46,31.5,9349394
2008-03-20 16:00:00-04:00,31.66,31.83,30.45,31.71,10528958
2008-03-24 16:00:00-04:00,31.97,32.39,31.74,32.21,8139710
2008-03-25 16:00:00-04:00,32.19,32.87,32.16,32.66,7553017
2008-03-26 16:00:00-04:00,32.58,32.94,32.55,32.65,5877335
2008-03-27 16:00:00-04:00,32.9,33.13,32.65,32.85,8786769
2008-03-28 16:00:00-04:00,33.0,33.23,32.29,32.47,4527643
2008-03-31 16:00:00-04:00,32.51,33.13,32.49,32.98,4992052
2008-04-01 16:00:00-04:00,33.05,33.75,32.77,33.65,4745821
2008-04-02 16:00:00-04:00,33.46,34.0,33.23,33.75,5180365
2008-04-03 16:00:00-04:00,33.48,34.02,33.48,33.74,3592670
2008-04-04 16:00:00-04:00,33.86,34.47,33.76,34.09,4330883
2008-04-07 16:00:00-04:00,34.25,34.61,33.9,34.08,4709502
2008-04-08 16:00:00-04:00,33.91,34.74,33.85,34.57,4564143
2008-04-09 16:00:00-04:00,34.58,35.28,34.49,34.77,3676717
2008-04-10 16:00:00-04:00,35.15,35.26,34.18,34.55,4534525
2008-04-11 16:00:00-04:00,34.21,34.89,34.19,34.63,7453919
2008-04-14 16:00:00-04:00,34.55,35.27,34.43,35.04,5259804
2008-04-15 16:00:00-04:00,35.2,35.64,34.85,35.55,6492196
2008-04-16 16:00:00-04:00,35.78,35.97,35.44,35.68,7177290
2008-04-17 16:00:00-04:00,35.51,36.26,35.51,35.88,6025497
2008-04-18 16:00:00-04:00,36.23,36.65,35.77,36.58,5072610
2008-04-21 16:00:00-04:00,36.45,37.02,36.3,36.93,3945223
2008-04-22 16:00:00-04:00,36.94,37.84,36.94,37.54,5743636
2008-04-23 16:00:00-04:00,37.75,37.75,37.26,37.36,7081227
2008-04-24 16:00:00-04:00,37.34,37.45,36.4,37.14,5879372
2008-04-25 16:00:00-04:00,37.45,37.96,37.24,37.88,4772827
2008-04-28 16:00:00-04:00,37.84,38.41,37.7,37.85,5914949
2008-04-29 16:00:00-04:00,37.59,37.66,36.35,36.37,7620670
2008-04-30 16:00:00-04:00,36.47,36.9,35.24,35.5,12010202
2008-05-01 16:00:00-04:00,35.85,36.19,35.29,36.03,9892824
2008-05-02 16:00:00-04:00,36.2,37.34,36.2,37.27,4836697
2008-05-05 16:00:00-04:00,37.3,38.0,37.09,37.15,7152043
2008-05-06 16:00:00-04:00,37.05,37.5,36.6,37.26,6543748
2008-05-07 16:00:00-04:00,37.35,37.73,36.3,36.51,11685084
2008-05-08 16:00:00-04:00,36.6,37.14,36.32,36.63,6821464
2008-05-09 16:00:00-04:00,36.05,36.71,36.0,36.47,4864936
2008-05-12 16:00:00-04:00,36.49,36.94,36.13,36.65,4664266
2008-05-13 16:00:00-04:00,36.81,37.22,36.43,37.07,4035703
2008-05-14 16:00:00-04:00,37.28,37.39,36.43,36.47,4261071
2008-05-15 16:00:00-04:00,36.57,37.75,36.37,37.59,7860149
2008-05-16 16:00:00-04:00,37.84,38.99,37.69,38.83,9947253
2008-05-19 16:00:00-04:00,39.0,39.61,38.8,39.22,5140176
2008-05-20 16:00:00-04:00,39.19,39.61,39.0,39.48,4375896
2008-05-21 16:00:00-04:00,39.47,39.93,38.99,39.03,5972054
2008-05-22 16:00:00-04:00,39.12,39.33,37.84,38.4,8148594
2008-05-23 16:00:00-04:00,38.15,39.0,37.51,37.84,5055103
2008-05-27 16:00:00-04:00,37.8,37.83,37.33,37.43,4001188
2008-05-28 16:00:00-04:00,37.46,38.5,37.33,38.41,4886369
2008-05-29 16:00:00-04:00,38.39,38.6,37.67,37.75,5048478
2008-05-30 16:00:00-04:00,37.8,38.25,37.46,38.04,3746815
2008-06-02 16:00:00-04:00,38.0,38.245,37.56,37.88,5333947
2008-06-03 16:00:00-04:00,37.98,38.74,37.77,38.26,6200661
2008-06-04 16:00:00-04:00,38.13,38.53,38.0,38.14,5344721
2008-06-05 16:00:00-04:00,38.25,39.42,38.17,39.37,4563124
2008-06-06 16:00:00-04:00,39.53,40.58,39.18,39.18,12804765
2008-06-09 16:00:00-04:00,39.44,40.05,38.34,39.71,3146946
2008-06-10 16:00:00-04:00,39.5,39.6,38.33,38.87,3972228
2008-06-11 16:00:00-04:00,38.91,39.41,38.66,39.17,5106943
2008-06-12 16:00:00-04:00,39.1,39.1,38.21,38.23,4875572
2008-06-13 16:00:00-04:00,38.27,38.89,38.22,38.78,3756760
2008-06-16 16:00:00-04:00,38.64,39.21,38.14,38.67,4630999
2008-06-17 16:00:00-04:00,38.94,39.79,38.86,39.68,4940490
2008-06-18 16:00:00-04:00,39.75,40.23,39.24,39.75,5571524
2008-06-19 16:00:00-04:00,39.89,40.2,38.71,38.71,7502891
2008-06-20 16:00:00-04:00,38.84,39.11,38.12,38.15,6211875
2008-06-23 16:00:00-04:00,38.12,39.3,38.12,39.13,6924647
2008-06-24 16:00:00-04:00,39.14,39.42,38.25,39.13,6279937
2008-06-25 16:00:00-04:00,40.61,40.75,38.82,39.87,9675465
2008-06-26 16:00:00-04:00,40.0,40.26,38.9,39.26,5431084
2008-06-27 16:00:00-04:00,39.595,39.68,39.02,39.17,8259302
2008-06-30 16:00:00-04:00,39.64,40.59,39.5,40.31,7233905
2008-07-01 16:00:00-04:00,40.06,40.4,39.57,39.9,7297555
2008-07-02 16:00:00-04:00,40.03,40.5,38.5,38.5,7995850
2008-07-03 16:00:00-04:00,38.75,38.89,36.79,37.8,5142144
2008-07-07 16:00:00-04:00,37.44,37.86,36.13,36.6,7482306
2008-07-08 16:00:00-04:00,36.25,36.45,34.81,35.98,10027915
2008-07-09 16:00:00-04:00,36.09,36.72,35.5,35.55,6341577
2008-07-10 16:00:00-04:00,35.49,36.09,34.86,36.09,6558896
2008-07-11 16:00:00-04:00,35.88,36.88,35.82,36.36,6574306
2008-07-14 16:00:00-04:00,36.76,37.95,36.47,37.65,8267973
2008-07-15 16:00:00-04:00,37.88,37.88,35.79,35.84,7399002
2008-07-16 16:00:00-04:00,35.82,36.03,34.43,35.01,7644706
2008-07-17 16:00:00-04:00,35.45,35.69,32.62,33.38,11400021
2008-07-18 16:00:00-04:00,32.81,34.62,32.81,34.12,8195758
2008-07-21 16:00:00-04:00,34.53,34.964,34.01,34.6,5206972
2008-07-22 16:00:00-04:00,34.75,34.75,32.68,32.85,8260775
2008-07-23 16:00:00-04:00,32.76,33.03,31.37,32.22,10255847
2008-07-24 16:00:00-04:00,32.29,33.16,31.21,32.23,8444072
2008-07-25 16:00:00-04:00,32.35,32.96,31.9,32.21,6730791
2008-07-28 16:00:00-04:00,32.39,32.67,31.88,31.88,4927128
2008-07-29 16:00:00-04:00,31.76,32.13,31.15,32.01,6339128
2008-07-30 16:00:00-04:00,31.97,33.28,31.75,33.27,7366370
2008-07-31 16:00:00-04:00,33.24,34.6,31.78,32.05,9357527
2008-08-01 16:00:00-04:00,32.02,32.48,31.72,31.76,7116854
2008-08-04 16:00:00-04:00,31.54,31.95,29.45,29.74,10669555
2008-08-05 16:00:00-04:00,29.85,30.36,29.23,30.01,10075373
2008-08-06 16:00:00-04:00,30.16,31.25,30.16,31.01,6800488
2008-08-07 16:00:00-04:00,31.61,31.61,29.28,29.37,8107424
2008-08-08 16:00:00-04:00,29.48,29.48,27.8,28.27,14087754
2008-08-11 16:00:00-04:00,28.25,29.0,26.94,27.9,16432151
2008-08-12 16:00:00-04:00,27.9,28.26,27.23,27.28,12197116
2008-08-13 16:00:00-04:00,27.55,28.52,27.25,28.19,13081907
2008-08-14 16:00:00-04:00,28.15,28.68,27.82,28.11,8551142
2008-08-15 16:00:00-04:00,28.11,28.33,27.36,28.09,8764392
2008-08-18 16:00:00-04:00,28.1,28.5836,27.81,28.04,6618309
2008-08-19 16:00:00-04:00,27.7,29.4,27.6,29.1,11014900
2008-08-20 16:00:00-04:00,29.47,30.5,29.4,30.3,11362707
2008-08-21 16:00:00-04:00,30.58,31.24,30.21,30.84,9324563
2008-08-22 16:00:00-04:00,30.92,30.98,30.04,30.3,4694104
2008-08-25 16:00:00-04:00,30.99,30.99,30.08,30.37,7101378
2008-08-26 16:00:00-04:00,30.62,31.41,30.45,31.35,11139719
2008-08-27 16:00:00-04:00,31.99,32.35,31.78,31.93,5675496
2008-08-28 16:00:00-04:00,32.08,32.44,30.66,31.33,5737500
2008-08-29 16:00:00-04:00,31.55,31.56,30.63,30.89,3977146
2008-09-02 16:00:00-04:00,29.63,30.36,28.77,28.92,9645389
2008-09-03 16:00:00-04:00,29.15,29.24,27.985,28.35,9458585
2008-09-04 16:00:00-04:00,28.19,28.83,27.61,28.15,10914777
2008-09-05 16:00:00-04:00,28.04,28.42,27.17,27.85,8995507
2008-09-08 16:00:00-04:00,28.27,28.55,27.23,27.5,8474603
2008-09-09 16:00:00-04:00,27.43,27.99,25.62,25.68,15009065
2008-09-10 16:00:00-04:00,25.75,26.69,25.59,26.09,8744996
2008-09-11 16:00:00-04:00,25.91,26.43,24.8,26.4,10920846
2008-09-12 16:00:00-04:00,26.35,27.54,26.29,26.75,9034784
2008-09-15 16:00:00-04:00,26.01,26.25,23.61,23.88,12255948
2008-09-16 16:00:00-04:00,23.51,25.46,21.77,25.36,21106029
2008-09-17 16:00:00-04:00,25.05,25.63,23.62,23.87,12279224
2008-09-18 16:00:00-04:00,24.57,26.12,24.0,24.86,13369861
2008-09-19 16:00:00-04:00,25.37,28.5,25.37,26.88,12650942
2008-09-22 16:00:00-04:00,27.5,27.5,25.93,26.11,7988988
2008-09-23 16:00:00-04:00,25.96,26.49,24.9,24.95,8545902
2008-09-24 16:00:00-04:00,24.96,25.53,24.51,25.01,7241475
2008-09-25 16:00:00-04:00,25.14,26.21,25.04,26.03,13998040
2008-09-26 16:00:00-04:00,25.61,25.9,25.04,25.49,7822979
2008-09-29 16:00:00-04:00,24.51,24.82,19.77,21.85,15395879
2008-09-30 16:00:00-04:00,22.18,23.69,22.18,23.65,11971992
2008-10-01 16:00:00-04:00,23.26,23.26,21.82,22.5,7726939
2008-10-02 16:00:00-04:00,22.36,22.36,19.5,19.61,16370120
2008-10-03 16:00:00-04:00,19.71,20.55,18.93,19.06,14562451
2008-10-06 16:00:00-04:00,17.74,17.77,15.11,17.69,25052943
2008-10-07 16:00:00-04:00,17.93,18.57,17.34,17.51,21102848
2008-10-08 16:00:00-04:00,16.85,18.61,16.09,17.78,19927447
2008-10-09 16:00:00-04:00,18.0,18.39,15.37,15.6,12966865
2008-10-10 16:00:00-04:00,14.63,15.36,12.38,14.4,19759871
2008-10-13 16:00:00-04:00,15.99,18.69,15.3,18.19,16380270
2008-10-14 16:00:00-04:00,19.94,20.0,17.53,18.17,13618396
2008-10-15 16:00:00-04:00,17.55,17.98,16.23,16.34,12861742
2008-10-16 16:00:00-04:00,15.93,17.4,15.17,17.26,13273628
2008-10-17 16:00:00-04:00,16.85,19.26,16.44,18.34,14497270
2008-10-20 16:00:00-04:00,18.95,20.95,18.66,20.71,12415101
2008-10-21 16:00:00-04:00,20.15,20.57,19.25,19.74,9195416
2008-10-22 16:00:00-04:00,19.02,19.55,16.11,16.91,10223998
2008-10-23 16:00:00-04:00,17.25,18.4,15.75,17.41,12847604
2008-10-24 16:00:00-04:00,15.79,16.99,15.26,16.77,10938155
2008-10-27 16:00:00-04:00,16.31,17.53,15.83,15.9,8810139
2008-10-28 16:00:00-04:00,16.5,17.38,15.18,17.27,10780123
2008-10-29 16:00:00-04:00,17.43,18.9625,17.31,17.84,9386364
2008-10-30 16:00:00-04:00,18.23,19.8,18.11,19.31,8878860
2008-10-31 16:00:00-04:00,18.83,21.0,18.75,20.97,13444377
2008-11-03 16:00:00-05:00,20.75,21.1,19.63,20.12,9822651
2008-11-04 16:00:00-05:00,20.54,21.61,20.37,21.02,9064443
2008-11-05 16:00:00-05:00,20.98,20.98,19.0,19.59,11875030
2008-11-06 16:00:00-05:00,17.69,20.21,17.6,18.08,12960213
2008-11-07 16:00:00-05:00,18.3,19.6,18.18,19.48,9949743
2008-11-10 16:00:00-05:00,20.07,20.81,19.0,19.41,5278571
2008-11-11 16:00:00-05:00,18.85,19.13,17.96,18.26,5693842
2008-11-12 16:00:00-05:00,17.81,18.18,15.84,16.1,8171536
2008-11-13 16:00:00-05:00,16.27,17.34,14.67,17.27,10901741
2008-11-14 16:00:00-05:00,16.5,17.66,16.03,16.45,7464794
2008-11-17 16:00:00-05:00,15.95,17.32,15.95,16.69,8806214
2008-11-18 16:00:00-05:00,16.91,17.06,15.805,16.7,8135889
2008-11-19 16:00:00-05:00,16.39,16.58,14.48,14.53,10539294
2008-11-20 16:00:00-05:00,13.7,14.17,11.93,12.13,15334613
2008-11-21 16:00:00-05:00,12.43,14.12,12.13,14.08,13451734
2008-11-24 16:00:00-05:00,14.28,15.48,13.78,15.11,9807120
2008-11-25 16:00:00-05:00,15.71,15.8,14.81,15.03,7439900
2008-11-26 16:00:00-05:00,14.82,16.85,14.44,16.73,6602874
2008-11-28 16:00:00-05:00,16.64,16.64,15.4,16.22,3623684
2008-12-01 16:00:00-05:00,15.75,15.76,13.96,13.98,10137155
2008-12-02 16:00:00-05:00,14.3,14.88,13.81,14.28,9076280
2008-12-03 16:00:00-05:00,13.99,14.74,13.27,14.71,8445718
2008-12-04 16:00:00-05:00,14.46,14.79,12.63,13.15,6333980
2008-12-05 16:00:00-05:00,12.9,13.13,11.69,13.02,12670760
2008-12-08 16:00:00-05:00,13.92,14.5,13.3275,13.82,7987461
2008-12-09 16:00:00-05:00,13.57,14.5,13.46,13.93,5672145
2008-12-10 16:00:00-05:00,14.18,15.27,14.1,14.87,7040486
2008-12-11 16:00:00-05:00,14.99,15.6,14.18,14.45,7622250
2008-12-12 16:00:00-05:00,13.78,15.05,13.55,14.72,8956668
2008-12-15 16:00:00-05:00,15.08,15.32,14.47,14.79,8617132
2008-12-16 16:00:00-05:00,14.99,15.2,14.19,15.0,8210828
2008-12-17 16:00:00-05:00,14.08,15.04,13.86,14.28,5920743
2008-12-18 16:00:00-05:00,14.39,14.59,13.32,13.56,8701281
2008-12-19 16:00:00-05:00,13.57,14.35,13.57,13.91,9514708
2008-12-22 16:00:00-05:00,13.94,14.24,13.13,13.43,6016392
2008-12-23 16:00:00-05:00,13.52,13.87,13.12,13.33,4562608
2008-12-24 16:00:00-05:00,13.23,13.6,13.03,13.46,1831625
2008-12-26 16:00:00-05:00,13.5,13.8,13.33,13.73,1600279
2008-12-29 16:00:00-05:00,13.92,14.0,13.53,13.92,3658802
2008-12-30 16:00:00-05:00,13.99,14.33,13.66,14.32,3772771
2008-12-31 16:00:00-05:00,14.32,14.68,14.04,14.48,6762753
2009-01-02 16:00:00-05:00,14.53,15.4,14.5,15.23,5823604
2009-01-05 16:00:00-05:00,15.26,16.1,15.0,15.6,8095224
2009-01-06 16:00:00-05:00,16.31,16.87,15.9,16.31,11847042
2009-01-07 16:00:00-05:00,16.08,16.4,15.61,15.87,7358109
2009-01-08 16:00:00-05:00,15.73,16.13,15.47,16.12,7238035
2009-01-09 16:00:00-05:00,16.31,16.46,15.66,15.84,7596834
2009-01-12 16:00:00-05:00,15.61,16.15,14.7575,15.08,11034899
2009-01-13 16:00:00-05:00,15.05,15.38,14.73,15.19,8367249
2009-01-14 16:00:00-05:00,14.89,15.0,13.97,14.37,8827916
2009-01-15 16:00:00-05:00,14.34,14.4,13.55,14.19,11554026
2009-01-16 16:00:00-05:00,14.39,14.68,13.39,14.0,10944055
2009-01-20 16:00:00-05:00,13.94,14.01,12.88,12.93,9578043
2009-01-21 16:00:00-05:00,13.12,13.96,13.1,13.91,13424891
2009-01-22 16:00:00-05:00,13.59,13.72,12.9,13.24,11847589
2009-01-23 16:00:00-05:00,12.65,13.95,12.64,13.71,11166544
2009-01-26 16:00:00-05:00,13.92,14.3,13.42,13.69,6816859
2009-01-27 16:00:00-05:00,13.6,14.14,13.47,14.01,13064155
2009-01-28 16:00:00-05:00,14.21,14.9,14.21,14.82,11884025
2009-01-29 16:00:00-05:00,14.53,14.65,14.105,14.23,6497244
2009-01-30 16:00:00-05:00,14.37,14.61,14.01,14.15,10871263
2009-02-02 16:00:00-05:00,13.87,14.08,13.45,13.63,8089725
2009-02-03 16:00:00-05:00,13.73,14.02,13.64,13.87,8948574
2009-02-04 16:00:00-05:00,13.83,14.42,13.7,14.27,11504261
2009-02-05 16:00:00-05:00,14.2,15.17,13.98,14.98,12547112
2009-02-06 16:00:00-05:00,14.75,16.0,14.74,15.76,10762745
2009-02-09 16:00:00-05:00,15.8,16.0,15.41,15.62,7637733
2009-02-10 16:00:00-05:00,15.57,15.93,14.78,15.01,9485328
2009-02-11 16:00:00-05:00,15.17,15.44,14.7,15.14,8088015
2009-02-12 16:00:00-05:00,15.01,15.25,14.48,15.2,10406214
2009-02-13 16:00:00-05:00,15.15,15.69,15.0,15.36,6887067
2009-02-17 16:00:00-05:00,14.67,15.09,14.13,14.16,8789647
2009-02-18 16:00:00-05:00,14.29,14.46,13.53,13.85,9053728
2009-02-19 16:00:00-05:00,13.88,14.24,12.38,12.5,21385671
2009-02-20 16:00:00-05:00,12.17,12.45,10.97,11.59,25128457
2009-02-23 16:00:00-05:00,11.8,11.94,10.82,10.86,19619275
2009-02-24 16:00:00-05:00,11.01,11.87,10.9,11.79,18999944
2009-02-25 16:00:00-05:00,11.65,12.29,11.29,11.97,17262022
2009-02-26 16:00:00-05:00,12.2,12.51,11.61,11.62,9902854
2009-02-27 16:00:00-05:00,11.39,11.83,10.91,11.3,8930939
2009-03-02 16:00:00-05:00,10.86,11.16,9.98,10.01,19563450
2009-03-03 16:00:00-05:00,10.2,10.29,9.59,10.06,19609429
2009-03-04 16:00:00-05:00,10.29,10.73,10.12,10.43,11103082
2009-03-05 16:00:00-05:00,10.1,10.3,9.67,9.84,9528482
2009-03-06 16:00:00-05:00,9.97,10.35,9.52,9.83,10738162
2009-03-09 16:00:00-04:00,9.69,10.53,9.64,10.0,8745110
2009-03-10 16:00:00-04:00,10.14,11.1925,10.1,10.96,12154702
2009-03-11 16:00:00-04:00,10.94,11.41,10.58,10.85,7690289
2009-03-12 16:00:00-04:00,10.81,11.285,10.67,11.22,9302493
2009-03-13 16:00:00-04:00,11.35,11.38,10.72,10.97,14163760
2009-03-16 16:00:00-04:00,11.1,11.65,10.97,11.15,6557676
2009-03-17 16:00:00-04:00,11.14,11.63,10.91,11.39,9055404
2009-03-18 16:00:00-04:00,11.36,11.63,10.945,11.53,9884715
2009-03-19 16:00:00-04:00,11.82,12.425,11.68,12.11,11791955
2009-03-20 16:00:00-04:00,12.31,12.32,11.6699,11.74,12173547
2009-03-23 16:00:00-04:00,12.09,12.86,11.87,12.85,12397314
2009-03-24 16:00:00-04:00,12.63,12.65,11.87,11.96,11412290
2009-03-25 16:00:00-04:00,12.14,12.48,11.6,12.06,12651490
2009-03-26 16:00:00-04:00,12.25,12.56,11.78,12.05,18882601
2009-03-27 16:00:00-04:00,11.81,11.98,11.5,11.55,6982260
2009-03-30 16:00:00-04:00,11.31,11.37,10.83,11.07,7291063
2009-03-31 16:00:00-04:00,11.48,11.715,11.21,11.38,9751029
2009-04-01 16:00:00-04:00,11.9,11.94,11.302,11.53,8187539
2009-04-02 16:00:00-04:00,11.81,12.4,11.76,12.18,9468762
2009-04-03 16:00:00-04:00,12.17,12.6,12.12,12.48,6327335
2009-04-06 16:00:00-04:00,12.31,12.4,12.0,12.14,6086751
2009-04-07 16:00:00-04:00,11.87,11.905,11.52,11.57,6662302
2009-04-08 16:00:00-04:00,11.61,12.54,11.32,12.34,9828289
2009-04-09 16:00:00-04:00,12.8,13.06,12.54,12.87,12873206
2009-04-13 16:00:00-04:00,12.68,12.83,12.32,12.78,8834529
2009-04-14 16:00:00-04:00,12.68,13.29,12.41,12.87,8481508
2009-04-15 16:00:00-04:00,12.8,13.07,12.68,12.98,5580410
2009-04-16 16:00:00-04:00,13.12,13.39,12.8699,13.28,6005212
2009-04-17 16:00:00-04:00,13.33,14.11,13.33,13.97,9131809
2009-04-20 16:00:00-04:00,13.66,13.71,12.67,12.69,8096463
2009-04-21 16:00:00-04:00,12.57,13.49,12.345,13.31,8527968
2009-04-22 16:00:00-04:00,13.16,13.56,12.89,13.22,9064184
2009-04-23 16:00:00-04:00,13.32,13.58,12.93,13.38,8004120
2009-04-24 16:00:00-04:00,13.49,13.93,13.36,13.77,7048558
2009-04-27 16:00:00-04:00,13.47,13.75,13.2,13.42,5866520
2009-04-28 16:00:00-04:00,13.25,13.33,12.95,13.14,5946948
2009-04-29 16:00:00-04:00,13.27,13.77,13.26,13.62,8687701
2009-04-30 16:00:00-04:00,13.75,14.61,13.75,14.1,10911989
2009-05-01 16:00:00-04:00,14.16,14.7,14.02,14.45,6167099
2009-05-04 16:00:00-04:00,14.7,15.17,14.22,15.17,6371769
2009-05-05 16:00:00-04:00,15.14,15.26,14.15,14.74,9373458
2009-05-06 16:00:00-04:00,15.05,15.6101,14.82,15.3,7411492
2009-05-07 16:00:00-04:00,15.67,15.95,15.01,15.26,8285096
2009-05-08 16:00:00-04:00,15.64,16.31,15.51,16.16,9708310
2009-05-11 16:00:00-04:00,15.88,15.88,15.429,15.47,5962230
2009-05-12 16:00:00-04:00,15.64,15.74,14.76,15.32,7775730
2009-05-13 16:00:00-04:00,15.1,15.37,14.73,14.93,8758950
2009-05-14 16:00:00-04:00,14.93,15.55,14.81,15.46,8634668
2009-05-15 16:00:00-04:00,15.31,15.76,14.8375,15.05,8419671
2009-05-18 16:00:00-04:00,15.21,15.93,15.12,15.91,5190231
2009-05-19 16:00:00-04:00,16.03,16.28,15.82,16.01,4586766
2009-05-20 16:00:00-04:00,16.35,16.89,16.13,16.21,5743523
2009-05-21 16:00:00-04:00,16.01,16.01,15.4695,15.62,4991673
2009-05-22 16:00:00-04:00,15.69,16.21,15.62,15.82,4788721
2009-05-26 16:00:00-04:00,15.68,16.26,15.43,16.24,5252625
2009-05-27 16:00:00-04:00,16.12,16.33,15.48,15.51,8890242
2009-05-28 16:00:00-04:00,15.56,16.44,15.51,16.25,6183780
2009-05-29 16:00:00-04:00,16.3,16.9,16.262,16.78,7177390
2009-06-01 16:00:00-04:00,17.17,17.99,17.14,17.82,7338953
2009-06-02 16:00:00-04:00,17.85,17.85,17.34,17.56,4984697
2009-06-03 16:00:00-04:00,17.26,17.69,16.66,16.9,5113400
2009-06-04 16:00:00-04:00,17.13,17.47,16.84,17.3,5378848
2009-06-05 16:00:00-04:00,17.4,17.64,16.84,17.05,6382690
2009-06-08 16:00:00-04:00,17.02,17.2,16.71,17.01,4562603
2009-06-09 16:00:00-04:00,17.17,17.3,16.79,16.96,5482254
2009-06-10 16:00:00-04:00,17.13,17.25,16.67,17.05,5651003
2009-06-11 16:00:00-04:00,17.06,17.93,17.05,17.64,6200046
2009-06-12 16:00:00-04:00,17.47,17.57,17.2,17.31,5026146
2009-06-15 16:00:00-04:00,17.01,17.16,16.45,16.69,4855322
2009-06-16 16:00:00-04:00,16.87,16.95,16.06,16.2,6115749
2009-06-17 16:00:00-04:00,16.1,16.12,15.38,15.77,7145224
2009-06-18 16:00:00-04:00,15.69,16.04,15.52,15.88,4948186
2009-06-19 16:00:00-04:00,16.11,16.1996,15.3,15.47,8689378
2009-06-22 16:00:00-04:00,15.21,15.25,14.48,14.5,6648231
2009-06-23 16:00:00-04:00,14.63,14.988,14.35,14.68,6985518
2009-06-24 16:00:00-04:00,14.79,15.27,14.71,14.91,5683977
2009-06-25 16:00:00-04:00,14.88,15.7,14.77,15.57,5902050
2009-06-26 16:00:00-04:00,15.51,15.61,15.17,15.28,11174831
2009-06-29 16:00:00-04:00,15.32,15.79,15.3,15.64,6310418
2009-06-30 16:00:00-04:00,15.6,15.92,15.28,15.61,4975874
2009-07-01 16:00:00-04:00,15.77,15.93,15.35,15.38,6161976
2009-07-02 16:00:00-04:00,15.16,15.16,14.63,14.63,4455178
2009-07-06 16:00:00-04:00,14.29,14.58,13.9,14.57,6160623
2009-07-07 16:00:00-04:00,14.55,14.55,13.78,13.83,7632239
2009-07-08 16:00:00-04:00,13.62,14.21,13.59,13.87,8099397
2009-07-09 16:00:00-04:00,14.01,14.61,13.82,14.3,8185899
2009-07-10 16:00:00-04:00,14.09,14.42,13.82,14.28,6309328
2009-07-13 16:00:00-04:00,14.28,14.54,14.06,14.5,10336859
2009-07-14 16:00:00-04:00,14.71,14.89,14.32,14.69,8903732
2009-07-15 16:00:00-04:00,14.97,15.42,14.96,15.27,7661724
2009-07-16 16:00:00-04:00,15.04,15.78,15.0,15.71,4854307
2009-07-17 16:00:00-04:00,15.67,15.8,15.38,15.68,5288730
2009-07-20 16:00:00-04:00,15.81,16.15,15.77,16.08,4219755
2009-07-21 16:00:00-04:00,16.23,16.46,15.66,16.18,5288285
2009-07-22 16:00:00-04:00,15.93,16.07,15.68,15.83,5597638
2009-07-23 16:00:00-04:00,15.85,16.63,15.85,16.36,7400166
2009-07-24 16:00:00-04:00,16.29,16.56,16.1,16.52,3875231
2009-07-27 16:00:00-04:00,16.53,17.03,16.45,16.91,5746038
2009-07-28 16:00:00-04:00,16.76,16.76,16.18,16.61,4558346
2009-07-29 16:00:00-04:00,16.33,16.49,16.02,16.27,4826302
2009-07-30 16:00:00-04:00,16.6,16.92,16.36,16.72,3850842
2009-07-31 16:00:00-04:00,16.63,16.88,16.28,16.69,4512159
2009-08-03 16:00:00-04:00,17.07,17.53,16.93,17.36,6365006
2009-08-04 16:00:00-04:00,17.22,17.495,17.06,17.41,5633206
2009-08-05 16:00:00-04:00,17.36,17.45,16.85,17.03,7392215
2009-08-06 16:00:00-04:00,17.05,17.24,16.09,16.36,6711085
2009-08-07 16:00:00-04:00,16.61,17.0,16.38,16.93,5623558
2009-08-10 16:00:00-04:00,16.06,17.32,16.06,17.23,5387694
2009-08-11 16:00:00-04:00,17.24,17.26,16.73,16.78,4759209
2009-08-12 16:00:00-04:00,16.87,17.3,16.83,17.17,3898924
2009-08-13 16:00:00-04:00,17.3,17.4,16.96,17.18,3810433
2009-08-14 16:00:00-04:00,17.18,17.25,16.59,16.83,3766452
2009-08-17 16:00:00-04:00,16.45,16.59,16.09,16.12,5353992
2009-08-18 16:00:00-04:00,16.16,16.38,16.09,16.31,5522958
2009-08-19 16:00:00-04:00,16.16,16.68,16.01,16.59,6165880
2009-08-20 16:00:00-04:00,16.56,16.98,16.5,16.96,4474717
2009-08-21 16:00:00-04:00,17.15,17.4,17.1,17.38,4253057
2009-08-24 16:00:00-04:00,17.51,17.7,17.25,17.42,4075447
2009-08-25 16:00:00-04:00,17.44,17.78,17.25,17.35,5161567
2009-08-26 16:00:00-04:00,17.24,17.43,16.9,17.27,3402287
2009-08-27 16:00:00-04:00,17.21,17.21,16.69,17.06,4131273
2009-08-28 16:00:00-04:00,17.1,17.31,16.73,16.8,4888320
2009-08-31 16:00:00-04:00,16.55,16.79,16.3,16.44,5775728
2009-09-01 16:00:00-04:00,16.42,16.69,16.07,16.11,5589214
2009-09-02 16:00:00-04:00,16.02,16.28,15.81,16.15,9971300
2009-09-03 16:00:00-04:00,16.17,16.53,16.16,16.39,5534171
2009-09-04 16:00:00-04:00,16.5,16.75,16.28,16.75,2815323
2009-09-08 16:00:00-04:00,17.07,17.31,16.87,17.3,5007316
2009-09-09 16:00:00-04:00,17.31,17.56,17.02,17.12,5358007
2009-09-10 16:00:00-04:00,17.29,17.82,16.91,17.67,5576495
2009-09-11 16:00:00-04:00,17.78,18.23,17.72,18.2,6803699
2009-09-14 16:00:00-04:00,18.02,18.47,17.92,18.3,9500927
2009-09-15 16:00:00-04:00,18.44,18.87,18.35,18.73,7927948
2009-09-16 16:00:00-04:00,18.9,19.11,18.64,18.82,6391320
2009-09-17 16:00:00-04:00,19.08,19.21,18.46,18.56,6412524
2009-09-18 16:00:00-04:00,18.66,18.74,18.15,18.37,5672200
2009-09-21 16:00:00-04:00,18.06,18.52,17.88,18.42,4312738
2009-09-22 16:00:00-04:00,18.68,19.02,18.66,18.98,4575337
2009-09-23 16:00:00-04:00,19.03,19.09,18.39,18.4,5205036
2009-09-24 16:00:00-04:00,18.49,18.5,17.87,17.99,4752054
2009-09-25 16:00:00-04:00,17.88,18.22,17.66,17.73,4677742
2009-09-28 16:00:00-04:00,17.83,18.11,17.63,18.0,4461378
2009-09-29 16:00:00-04:00,17.95,18.37,17.86,18.17,4667837
2009-09-30 16:00:00-04:00,18.27,18.35,17.64,17.87,8962953
2009-10-01 16:00:00-04:00,17.82,17.96,16.86,16.89,10963320
2009-10-02 16:00:00-04:00,16.59,17.23,16.57,16.89,7663268
2009-10-05 16:00:00-04:00,16.88,17.78,16.83,17.65,11185853
2009-10-06 16:00:00-04:00,17.97,18.47,17.86,18.29,7273199
2009-10-07 16:00:00-04:00,18.36,18.46,18.14,18.46,4919950
2009-10-08 16:00:00-04:00,18.5,19.52,18.45,19.42,10674907
2009-10-09 16:00:00-04:00,19.33,19.53,19.22,19.39,4558433
2009-10-12 16:00:00-04:00,19.51,19.93,19.4,19.5,3558420
2009-10-13 16:00:00-04:00,19.53,19.77,19.2,19.67,5477982
2009-10-14 16:00:00-04:00,19.8,19.86,19.51,19.77,4787380
2009-10-15 16:00:00-04:00,19.68,20.25,19.61,20.23,6383856
2009-10-16 16:00:00-04:00,20.05,20.2,19.77,19.94,5833220
2009-10-19 16:00:00-04:00,19.83,20.19,19.82,20.12,3959254
2009-10-20 16:00:00-04:00,20.21,20.21,19.49,19.86,5106536
2009-10-21 16:00:00-04:00,19.65,20.32,19.64,19.84,7555456
2009-10-22 16:00:00-04:00,19.83,19.84,19.45,19.79,6048335
2009-10-23 16:00:00-04:00,19.91,20.02,19.0,19.13,6355645
2009-10-26 16:00:00-04:00,19.2,19.8,18.75,18.87,8696251
2009-10-27 16:00:00-04:00,18.91,19.3,18.81,18.92,5690357
2009-10-28 16:00:00-04:00,18.75,19.05,18.23,18.25,7982393
2009-10-29 16:00:00-04:00,19.12,19.63,18.51,19.52,9343722
2009-10-30 16:00:00-04:00,19.38,19.4,18.535,18.85,9356015
2009-11-02 16:00:00-05:00,18.98,19.21,18.17,18.48,8733437
2009-11-03 16:00:00-05:00,18.25,19.09,18.2,19.05,7603120
2009-11-04 16:00:00-05:00,19.29,19.59,19.17,19.23,6374526
2009-11-05 16:00:00-05:00,19.36,19.74,19.21,19.67,5251776
2009-11-06 16:00:00-05:00,19.46,19.83,19.37,19.57,4094509
2009-11-09 16:00:00-05:00,19.81,20.2,19.81,20.18,4668464
2009-11-10 16:00:00-05:00,20.13,20.29,19.79,20.17,4221617
2009-11-11 16:00:00-05:00,20.48,20.48,19.92,20.15,4855847
2009-11-12 16:00:00-05:00,20.06,20.36,19.75,19.84,5248477
2009-11-13 16:00:00-05:00,19.86,20.25,19.62,20.05,4992920
2009-11-16 16:00:00-05:00,20.0,20.66,20.0,20.66,6337383
2009-11-17 16:00:00-05:00,20.56,20.6,20.27,20.53,4338427
2009-11-18 16:00:00-05:00,20.65,20.65,20.06,20.39,4812941
2009-11-19 16:00:00-05:00,20.27,20.27,19.64,19.82,5286883
2009-11-20 16:00:00-05:00,19.67,19.91,19.45,19.85,7265925
2009-11-23 16:00:00-05:00,20.21,20.47,19.92,20.06,4456837
2009-11-24 16:00:00-05:00,20.09,20.37,19.74,20.29,4931208
2009-11-25 16:00:00-05:00,20.35,20.59,20.141,20.53,5063794
2009-11-27 13:00:00-05:00,20.1,20.1,19.55,19.97,3710614
2009-11-30 16:00:00-05:00,20.07,20.16,19.63,19.89,7371991
2009-12-01 16:00:00-05:00,20.12,20.33,19.98,20.18,7341915
2009-12-02 16:00:00-05:00,20.19,20.3,19.99,20.18,8488828
2009-12-03 16:00:00-05:00,20.31,20.49,19.94,19.95,5848387
2009-12-04 16:00:00-05:00,20.12,20.53,19.51,19.75,7356710
2009-12-07 16:00:00-05:00,19.8,19.96,19.59,19.74,6822310
2009-12-08 16:00:00-05:00,19.45,19.68,19.34,19.44,5088797
2009-12-09 16:00:00-05:00,19.41,19.6,19.14,19.34,5370020
2009-12-10 16:00:00-05:00,19.54,19.68,19.34,19.61,5384266
2009-12-11 16:00:00-05:00,19.62,19.78,19.5,19.59,4592022
2009-12-14 16:00:00-05:00,19.89,20.5,19.89,20.32,5029258
2009-12-15 16:00:00-05:00,20.22,20.72,20.2,20.59,4428232
2009-12-16 16:00:00-05:00,20.82,20.94,20.61,20.77,3602814
2009-12-17 16:00:00-05:00,20.78,20.87,20.46,20.61,3241214
2009-12-18 16:00:00-05:00,20.92,20.95,20.5,20.68,6534110
2009-12-21 16:00:00-05:00,20.75,21.05,20.75,20.97,3267180
2009-12-22 16:00:00-05:00,20.99,21.1325,20.9,21.1,3795712
2009-12-23 16:00:00-05:00,21.19,21.28,20.92,21.24,2890925
2009-12-24 13:00:00-05:00,21.21,21.4301,21.21,21.37,822747
2009-12-28 16:00:00-05:00,21.52,21.52,21.16,21.25,2590646
2009-12-29 16:00:00-05:00,21.37,21.47,21.28,21.31,4113902
2009-12-30 16:00:00-05:00,21.23,21.36,21.13,21.3,6179230
2009-12-31 16:00:00-05:00,21.4,21.54,21.05,21.08,4208327
2010-01-04 16:00:00-05:00,21.44,21.65,21.4,21.61,5723309
2010-01-05 16:00:00-05:00,21.51,22.02,21.51,21.88,6045013
2010-01-06 16:00:00-05:00,21.97,22.65,21.8,22.59,9910483
2010-01-07 16:00:00-05:00,22.56,22.57,22.17,22.43,5038951
2010-01-08 16:00:00-05:00,22.41,22.61,22.22,22.61,3834480
2010-01-11 16:00:00-05:00,22.72,22.92,22.31,22.47,4997273
2010-01-12 16:00:00-05:00,22.31,22.31,21.78,21.81,5327193
2010-01-13 16:00:00-05:00,21.85,22.03,21.74,21.83,7256861
2010-01-14 16:00:00-05:00,21.5,21.99,21.5,21.7,6944878
2010-01-15 16:00:00-05:00,21.66,21.68,21.23,21.37,5532500
2010-01-19 16:00:00-05:00,22.76,23.76,22.75,23.1,22185069
2010-01-20 16:00:00-05:00,22.93,23.53,22.79,23.14,12811479
2010-01-21 16:00:00-05:00,23.21,23.5,22.55,22.62,10480756
2010-01-22 16:00:00-05:00,22.38,22.78,22.08,22.12,11453838
2010-01-25 16:00:00-05:00,22.49,22.87,22.38,22.69,7115168
2010-01-26 16:00:00-05:00,21.78,22.635,21.78,22.19,8419486
2010-01-27 16:00:00-05:00,22.13,22.28,21.53,21.98,6591502
2010-01-28 16:00:00-05:00,22.16,22.43,21.5302,21.7,11214726
2010-01-29 16:00:00-05:00,21.74,22.24,20.7,20.84,10441636
2010-02-01 16:00:00-05:00,21.11,21.49,20.99,21.49,8517606
2010-02-02 16:00:00-05:00,21.64,22.09,21.32,21.96,9895623
2010-02-03 16:00:00-05:00,21.84,22.01,21.59,21.66,4645629
2010-02-04 16:00:00-05:00,21.48,21.48,20.45,20.47,9710004
2010-02-05 16:00:00-05:00,20.27,20.56,19.51,20.26,14344369
2010-02-08 16:00:00-05:00,20.33,20.76,20.25,20.5,9692722
2010-02-09 16:00:00-05:00,20.79,21.4,20.74,21.06,10602691
2010-02-10 16:00:00-05:00,21.06,21.3,20.71,21.15,9048445
2010-02-11 16:00:00-05:00,21.08,21.73,20.93,21.69,7223950
2010-02-12 16:00:00-05:00,21.38,21.69,21.12,21.64,6582186
2010-02-16 16:00:00-05:00,22.04,22.37,22.04,22.37,6945244
2010-02-17 16:00:00-05:00,22.39,22.51,22.18,22.39,5455427
2010-02-18 16:00:00-05:00,22.12,22.46,21.63,22.16,8910662
2010-02-19 16:00:00-05:00,22.07,22.26,21.89,22.24,6737212
2010-02-22 16:00:00-05:00,22.31,22.47,21.47,21.58,8165903
2010-02-23 16:00:00-05:00,21.49,21.63,21.04,21.22,6702332
2010-02-24 16:00:00-05:00,21.26,21.62,21.17,21.6,7455796
2010-02-25 16:00:00-05:00,21.26,21.77,21.05,21.73,4923363
2010-02-26 16:00:00-05:00,21.8,21.86,21.4,21.54,7052786
2010-03-01 16:00:00-05:00,21.63,22.06,21.61,22.06,6682320
2010-03-02 16:00:00-05:00,22.1,22.44,22.09,22.28,6670494
2010-03-03 16:00:00-05:00,22.29,22.71,22.27,22.59,5426166
2010-03-04 16:00:00-05:00,22.59,22.85,22.28,22.55,5434525
2010-03-05 16:00:00-05:00,22.8,23.15,22.72,23.13,6248896
2010-03-08 16:00:00-05:00,23.12,23.2,22.73,22.86,5087313
2010-03-09 16:00:00-05:00,22.71,22.905,22.62,22.8,5242156
2010-03-10 16:00:00-05:00,22.72,22.96,22.6,22.72,8112107
2010-03-11 16:00:00-05:00,22.59,22.87,22.42,22.81,3903834
2010-03-12 16:00:00-05:00,22.92,23.05,22.68,22.88,4436077
2010-03-15 16:00:00-04:00,22.56,22.88,22.3,22.7,4807319
2010-03-16 16:00:00-04:00,22.84,23.15,22.64,23.11,4824803
2010-03-17 16:00:00-04:00,23.08,23.34,22.96,23.1,6353935
2010-03-18 16:00:00-04:00,23.16,23.16,22.57,22.82,5932135
2010-03-19 16:00:00-04:00,22.89,22.9,22.22,22.53,5555082
2010-03-22 16:00:00-04:00,22.27,22.63,22.0,22.51,5271036
2010-03-23 16:00:00-04:00,22.44,22.88,22.38,22.83,5251735
2010-03-24 16:00:00-04:00,22.67,22.97,22.57,22.87,4957216
2010-03-25 16:00:00-04:00,23.0,23.15,22.67,22.7,8580627
2010-03-26 16:00:00-04:00,22.75,22.92,22.62,22.75,8904972
2010-03-29 16:00:00-04:00,22.82,23.15,22.79,22.98,7527607
2010-03-30 16:00:00-04:00,23.16,23.16,22.87,23.13,4601121
2010-03-31 16:00:00-04:00,23.06,23.31,22.98,23.1,5326808
2010-04-01 16:00:00-04:00,23.26,23.49,23.2,23.38,4559209
2010-04-05 16:00:00-04:00,23.44,23.96,23.44,23.83,4015715
2010-04-06 16:00:00-04:00,24.0,24.29,23.85,24.08,4544284
2010-04-07 16:00:00-04:00,24.03,24.07,23.63,23.73,3830087
2010-04-08 16:00:00-04:00,23.62,24.01,23.41,23.93,3469026
2010-04-09 16:00:00-04:00,24.03,24.23,23.9819,24.12,3729959
2010-04-12 16:00:00-04:00,24.18,24.5,24.03,24.22,3755857
2010-04-13 16:00:00-04:00,24.11,24.17,23.75,23.98,3030948
2010-04-14 16:00:00-04:00,24.02,24.23,23.8,24.2,3652612
2010-04-15 16:00:00-04:00,24.09,24.35,24.01,24.23,3756673
2010-04-16 16:00:00-04:00,24.11,24.23,23.34,23.57,7360187
2010-04-19 16:00:00-04:00,23.32,23.66,23.17,23.66,3791228
2010-04-20 16:00:00-04:00,23.88,24.035,23.8,23.92,3821390
2010-04-21 16:00:00-04:00,24.06,24.06,23.52,23.68,3855550
2010-04-22 16:00:00-04:00,23.41,23.82,23.19,23.74,5936769
2010-04-23 16:00:00-04:00,23.73,24.53,23.71,24.5,4606264
2010-04-26 16:00:00-04:00,24.66,24.66,24.33,24.46,3855138
2010-04-27 16:00:00-04:00,24.3,24.37,23.48,23.53,5434119
2010-04-28 16:00:00-04:00,23.47,23.77,23.36,23.68,5238447
2010-04-29 16:00:00-04:00,23.86,24.1,23.67,23.77,3990320
2010-04-30 16:00:00-04:00,23.85,23.99,23.39,23.61,5786153
2010-05-03 16:00:00-04:00,23.78,24.33,23.78,24.13,5367518
2010-05-04 16:00:00-04:00,23.64,23.8,23.17,23.33,6739988
2010-05-05 16:00:00-04:00,22.9,22.98,22.05,22.22,9548371
2010-05-06 16:00:00-04:00,22.03,22.28,20.11,21.05,13971190
2010-05-07 16:00:00-04:00,21.04,21.44,20.04,20.33,15036442
2010-05-10 16:00:00-04:00,21.28,21.58,21.02,21.48,9198953
2010-05-11 16:00:00-04:00,21.03,22.02,21.03,21.81,10286560
2010-05-12 16:00:00-04:00,22.01,22.545,21.93,22.41,7480201
2010-05-13 16:00:00-04:00,22.33,22.57,22.01,22.25,6437240
2010-05-14 16:00:00-04:00,22.01,22.21,21.27,21.64,8314548
2010-05-17 16:00:00-04:00,21.72,21.86,20.7,21.14,8001862
2010-05-18 16:00:00-04:00,21.44,21.76,20.69,20.84,6843850
2010-05-19 16:00:00-04:00,20.65,20.77,19.85,20.2,12213191
2010-05-20 16:00:00-04:00,19.74,19.74,19.0,19.11,11215381
2010-05-21 16:00:00-04:00,18.59,19.54,18.5,19.4,9472398
2010-05-24 16:00:00-04:00,19.28,19.46,19.01,19.01,7299871
2010-05-25 16:00:00-04:00,18.16,19.15,18.16,19.13,9752559
2010-05-26 16:00:00-04:00,19.46,19.79,19.2,19.28,8064939
2010-05-27 16:00:00-04:00,19.78,20.14,19.695,20.12,6679481
2010-05-28 16:00:00-04:00,20.07,20.3,19.67,19.75,6258779
2010-06-01 16:00:00-04:00,19.48,19.67,18.86,18.89,6204825
2010-06-02 16:00:00-04:00,19.1,19.49,18.95,19.49,8860875
2010-06-03 16:00:00-04:00,19.45,20.16,19.31,20.11,7797270
2010-06-04 16:00:00-04:00,19.63,20.07,19.15,19.24,8641350
2010-06-07 16:00:00-04:00,19.39,19.525,18.76,18.8,7220583
2010-06-08 16:00:00-04:00,18.75,19.27,18.65,19.23,8524129
2010-06-09 16:00:00-04:00,19.39,19.96,19.07,19.17,7490993
2010-06-10 16:00:00-04:00,19.58,19.98,19.45,19.96,7744023
2010-06-11 16:00:00-04:00,19.58,20.03,19.55,20.02,4599439
2010-06-14 16:00:00-04:00,20.27,20.38,19.91,19.94,5634818
2010-06-15 16:00:00-04:00,20.22,21.14,20.2,21.08,8507239
2010-06-16 16:00:00-04:00,20.89,21.175,20.76,20.9,8851281
2010-06-17 16:00:00-04:00,21.17,21.25,20.82,21.07,6877603
2010-06-18 16:00:00-04:00,21.44,21.68,21.13,21.42,9174206
2010-06-21 16:00:00-04:00,21.75,21.81,21.03,21.18,5828912
2010-06-22 16:00:00-04:00,21.19,21.32,20.19,20.27,8271037
2010-06-23 16:00:00-04:00,20.32,20.37,19.89,20.15,6388606
2010-06-24 16:00:00-04:00,20.11,20.18,19.7,19.79,5952263
2010-06-25 16:00:00-04:00,19.85,20.04,19.46,19.82,10459652
2010-06-28 16:00:00-04:00,19.75,19.88,19.37,19.43,6351171
2010-06-29 16:00:00-04:00,19.21,19.21,18.35,18.51,11395318
2010-06-30 16:00:00-04:00,18.7,18.8,18.18,18.28,7766471
2010-07-01 16:00:00-04:00,18.31,18.45,17.5701,17.9,11674741
2010-07-02 16:00:00-04:00,17.9,18.19,17.53,17.67,7227184
2010-07-06 16:00:00-04:00,17.99,18.21,17.63,17.83,8272779
2010-07-07 16:00:00-04:00,17.8,18.8,17.8,18.78,10934254
2010-07-08 16:00:00-04:00,19.03,19.14,18.7,19.1,7453883
2010-07-09 16:00:00-04:00,19.09,19.2,18.9,19.13,3592649
2010-07-12 16:00:00-04:00,19.05,19.27,18.87,19.22,5676622
2010-07-13 16:00:00-04:00,19.43,19.6,19.31,19.47,6185535
2010-07-14 16:00:00-04:00,19.31,19.45,19.13,19.29,4739623
2010-07-15 16:00:00-04:00,19.28,19.365,18.8,19.28,5257166
2010-07-16 16:00:00-04:00,19.04,19.12,18.56,18.67,6450641
2010-07-19 16:00:00-04:00,18.81,18.945,18.48,18.75,3713198
2010-07-20 16:00:00-04:00,18.44,19.3,18.38,19.23,5365236
2010-07-21 16:00:00-04:00,19.34,19.34,18.78,19.01,5624711
2010-07-22 16:00:00-04:00,19.28,19.68,19.17,19.52,4595589
2010-07-23 16:00:00-04:00,19.46,19.74,19.25,19.66,3736834
2010-07-26 16:00:00-04:00,19.57,19.96,19.57,19.83,5168313
2010-07-27 16:00:00-04:00,19.88,19.94,19.56,19.74,4999342
2010-07-28 16:00:00-04:00,19.7,19.86,19.37,19.45,5505189
2010-07-29 16:00:00-04:00,18.56,19.39,18.56,19.14,8376178
2010-07-30 16:00:00-04:00,18.87,19.54,18.7375,19.41,6595340
2010-08-02 16:00:00-04:00,19.95,20.26,19.72,20.19,5570816
2010-08-03 16:00:00-04:00,20.18,20.35,20.0,20.26,4617893
2010-08-04 16:00:00-04:00,20.28,20.56,20.17,20.49,4825781
2010-08-05 16:00:00-04:00,20.37,20.81,20.14,20.8,7784672
2010-08-06 16:00:00-04:00,20.51,20.9,20.47,20.84,7987927
2010-08-09 16:00:00-04:00,20.91,21.0,20.68,20.77,3723096
2010-08-10 16:00:00-04:00,20.5,20.57,20.24,20.48,4339455
2010-08-11 16:00:00-04:00,20.07,20.09,19.51,19.62,4857363
2010-08-12 16:00:00-04:00,19.39,19.61,19.28,19.45,3689760
2010-08-13 16:00:00-04:00,19.37,19.68,19.37,19.44,2938978
2010-08-16 16:00:00-04:00,19.42,19.57,19.13,19.44,3054822
2010-08-17 16:00:00-04:00,19.65,19.78,19.56,19.69,4036230
2010-08-18 16:00:00-04:00,19.63,19.715,19.2975,19.38,5551960
2010-08-19 16:00:00-04:00,19.29,19.31,18.84,18.9,8313424
2010-08-20 16:00:00-04:00,18.75,18.86,18.5,18.65,5036605
2010-08-23 16:00:00-04:00,18.7,18.95,18.48,18.49,3878983
2010-08-24 16:00:00-04:00,18.2,18.35,18.01,18.09,5781603
2010-08-25 16:00:00-04:00,17.92,18.21,17.72,18.16,5355226
2010-08-26 16:00:00-04:00,18.29,18.59,18.08,18.16,6758703
2010-08-27 16:00:00-04:00,18.28,18.53,17.84,18.51,5788814
2010-08-30 16:00:00-04:00,18.47,18.6253,18.17,18.17,5049421
2010-08-31 16:00:00-04:00,18.09,18.33,17.97,18.13,6263795
2010-09-01 16:00:00-04:00,18.44,18.91,18.34,18.86,6362305
2010-09-02 16:00:00-04:00,18.83,19.16,18.75,19.13,3584799
2010-09-03 16:00:00-04:00,19.28,19.44,19.09,19.32,5060767
2010-09-07 16:00:00-04:00,19.1,19.18,18.89,19.0,6362121
2010-09-08 16:00:00-04:00,19.05,19.29,19.03,19.21,7459406
2010-09-09 16:00:00-04:00,19.45,19.49,19.16,19.28,4141268
2010-09-10 16:00:00-04:00,19.33,19.41,19.23,19.26,4087536
2010-09-13 16:00:00-04:00,19.48,19.7,19.34,19.68,6090558
2010-09-14 16:00:00-04:00,19.58,19.7,19.32,19.34,4560538
2010-09-15 16:00:00-04:00,19.13,19.23,18.98,19.1,4900831
2010-09-16 16:00:00-04:00,18.43,18.74,18.14,18.44,13439381
2010-09-17 16:00:00-04:00,18.48,18.58,18.17,18.4,8241757
2010-09-20 16:00:00-04:00,18.44,18.95,18.43,18.86,6268635
2010-09-21 16:00:00-04:00,18.92,19.02,18.63,18.81,5120577
2010-09-22 16:00:00-04:00,18.76,18.97,18.65,18.65,4774749
2010-09-23 16:00:00-04:00,18.4,18.74,18.37,18.5,4866628
2010-09-24 16:00:00-04:00,18.75,19.13,18.52,18.85,5827479
2010-09-27 16:00:00-04:00,18.82,18.96,18.73,18.73,2689711
2010-09-28 16:00:00-04:00,18.78,18.93,18.5,18.89,2869270
2010-09-29 16:00:00-04:00,18.8,19.15,18.76,19.06,3507025
2010-09-30 16:00:00-04:00,19.21,19.3,18.9,19.11,5634460
2010-10-01 16:00:00-04:00,19.25,19.5,19.0203,19.37,5585823
2010-10-04 16:00:00-04:00,19.3,19.37,18.88,19.02,4734734
2010-10-05 16:00:00-04:00,19.26,19.38,19.09,19.27,6565356
2010-10-06 16:00:00-04:00,19.21,19.49,19.07,19.32,5562390
2010-10-07 16:00:00-04:00,19.47,19.47,19.06,19.32,5256146
2010-10-08 16:00:00-04:00,19.4,19.78,19.31,19.72,5215034
2010-10-11 16:00:00-04:00,19.78,19.92,19.65,19.71,2575592
2010-10-12 16:00:00-04:00,19.63,19.7,19.35,19.61,3666726
2010-10-13 16:00:00-04:00,20.12,22.24,20.02,21.53,34183336
2010-10-14 16:00:00-04:00,21.5,21.64,21.08,21.29,7223972
2010-10-15 16:00:00-04:00,21.48,21.49,21.0,21.24,12663784
2010-10-18 16:00:00-04:00,21.28,21.59,21.065,21.51,6273925
2010-10-19 16:00:00-04:00,21.17,21.36,20.86,21.01,10072432
2010-10-20 16:00:00-04:00,21.1,21.71,21.1,21.38,8642469
2010-10-21 16:00:00-04:00,21.49,21.64,20.95,21.19,6905882
2010-10-22 16:00:00-04:00,21.28,21.41,20.92,20.99,4519803
2010-10-25 16:00:00-04:00,21.2,21.36,20.81,20.83,6492167
2010-10-26 16:00:00-04:00,20.42,20.87,20.4,20.44,11327086
2010-10-27 16:00:00-04:00,20.28,20.77,20.2,20.71,10259315
2010-10-28 16:00:00-04:00,20.44,21.65,20.38,21.15,16034489
2010-10-29 16:00:00-04:00,20.96,21.61,20.91,21.51,10129711
2010-11-01 16:00:00-04:00,21.64,21.69,21.04,21.18,7703622
2010-11-02 16:00:00-04:00,21.33,21.75,21.26,21.57,6308295
2010-11-03 16:00:00-04:00,21.56,21.61,20.98,21.43,5528393
2010-11-04 16:00:00-04:00,21.72,22.25,21.63,22.23,7546857
2010-11-05 16:00:00-04:00,22.2,22.37,22.0,22.34,5942644
2010-11-08 16:00:00-05:00,22.28,22.65,22.19,22.6,6977271
2010-11-09 16:00:00-05:00,22.75,23.3,22.39,22.95,11223962
2010-11-10 16:00:00-05:00,22.8,22.99,22.54,22.71,9407525
2010-11-11 16:00:00-05:00,22.45,23.74,22.35,23.61,18626352
2010-11-12 16:00:00-05:00,23.52,23.96,22.9,23.05,11768441
2010-11-15 16:00:00-05:00,23.12,23.5,22.78,22.83,8700091
2010-11-16 16:00:00-05:00,22.64,22.98,22.41,22.7,10173117
2010-11-17 16:00:00-05:00,22.69,23.27,22.6,23.16,8320274
2010-11-18 16:00:00-05:00,23.28,23.6,23.22,23.49,6939803
2010-11-19 16:00:00-05:00,23.38,23.52,23.0,23.51,6013301
2010-11-22 16:00:00-05:00,23.28,23.42,22.89,23.41,6159525
2010-11-23 16:00:00-05:00,23.12,23.17,22.75,22.95,6951893
2010-11-24 16:00:00-05:00,23.04,23.3,22.99,23.27,4230227
2010-11-26 13:00:00-05:00,23.02,23.21,22.81,22.9,2207218
2010-11-29 16:00:00-05:00,22.55,22.86,22.49,22.86,7241399
2010-11-30 16:00:00-05:00,22.58,22.97,22.41,22.81,9003772
2010-12-01 16:00:00-05:00,23.21,23.6,23.21,23.33,9484494
2010-12-02 16:00:00-05:00,23.3,23.86,23.2101,23.77,6172890
2010-12-03 16:00:00-05:00,23.63,23.845,23.53,23.72,5185815
2010-12-06 16:00:00-05:00,23.68,24.27,23.5,23.93,8641846
2010-12-07 16:00:00-05:00,24.15,24.25,23.5,23.63,9627722
2010-12-08 16:00:00-05:00,23.52,23.64,23.24,23.49,5393047
2010-12-09 16:00:00-05:00,23.58,24.05,23.48,23.93,6857725
2010-12-10 16:00:00-05:00,24.0,24.14,23.7201,23.98,7885540
2010-12-13 16:00:00-05:00,24.06,24.4925,24.02,24.14,10061706
2010-12-14 16:00:00-05:00,24.19,24.305,23.89,23.95,9070206
2010-12-15 16:00:00-05:00,23.84,23.96,23.36,23.67,8294107
2010-12-16 16:00:00-05:00,23.75,23.78,23.46,23.65,4976088
2010-12-17 16:00:00-05:00,23.64,24.21,23.6,23.9,6284928
2010-12-20 16:00:00-05:00,23.89,24.53,23.89,24.43,5266644
2010-12-21 16:00:00-05:00,24.54,24.69,24.48,24.55,2964981
2010-12-22 16:00:00-05:00,24.73,24.77,24.54,24.64,2835767
2010-12-23 16:00:00-05:00,24.64,24.745,24.575,24.62,1921936
2010-12-27 16:00:00-05:00,24.56,24.69,24.44,24.63,1891704
2010-12-28 16:00:00-05:00,24.68,24.74,24.55,24.62,1760070
2010-12-29 16:00:00-05:00,24.71,24.8,24.55,24.75,2071325
2010-12-30 16:00:00-05:00,24.53,24.89,24.47,24.66,2334184
2010-12-31 16:00:00-05:00,24.55,24.89,24.53,24.72,3088836
2011-01-03 16:00:00-05:00,24.97,25.2,24.66,24.72,7310866
2011-01-04 16:00:00-05:00,24.7,24.8,24.3,24.54,6213652
2011-01-05 16:00:00-05:00,24.4,24.74,24.26,24.58,5252567
2011-01-06 16:00:00-05:00,24.68,24.68,24.26,24.53,3244904
2011-01-07 16:00:00-05:00,24.62,24.95,24.39,24.92,6105038
2011-01-10 16:00:00-05:00,24.37,24.83,24.37,24.75,7123246
2011-01-11 16:00:00-05:00,24.77,25.44,24.61,25.37,6368225
2011-01-12 16:00:00-05:00,25.55,25.9,25.49,25.89,7804276
2011-01-13 16:00:00-05:00,26.27,27.06,26.13,26.52,14738751
2011-01-14 16:00:00-05:00,26.43,26.52,26.22,26.46,7621868
2011-01-18 16:00:00-05:00,26.47,26.58,26.2,26.25,7306085
2011-01-19 16:00:00-05:00,26.27,26.42,25.89,26.03,6578784
2011-01-20 16:00:00-05:00,25.95,26.3,25.77,26.12,11407822
2011-01-21 16:00:00-05:00,26.23,26.73,26.18,26.4,9691166
2011-01-24 16:00:00-05:00,26.27,26.565,26.23,26.54,4726394
2011-01-25 16:00:00-05:00,26.53,26.53,26.17,26.35,5508261
2011-01-26 16:00:00-05:00,26.47,26.95,26.47,26.87,5198633
2011-01-27 16:00:00-05:00,26.87,27.05,26.62,26.97,7293163
2011-01-28 16:00:00-05:00,26.96,27.17,26.49,26.6,11127216
2011-01-31 16:00:00-05:00,26.7,27.14,26.7,26.99,7027438
2011-02-01 16:00:00-05:00,27.13,27.43,27.1,27.37,6565432
2011-02-02 16:00:00-05:00,27.13,27.46,27.08,27.14,3207267
2011-02-03 16:00:00-05:00,27.24,27.77,27.17,27.6,8048331
2011-02-04 16:00:00-05:00,27.64,27.78,27.39,27.46,4940368
2011-02-07 16:00:00-05:00,27.58,27.94,27.52,27.58,4270129
2011-02-08 16:00:00-05:00,27.74,28.07,27.47,27.74,9016228
2011-02-09 16:00:00-05:00,27.63,27.73,27.02,27.25,4611416
2011-02-10 16:00:00-05:00,27.08,27.47,27.08,27.36,4639678
2011-02-11 16:00:00-05:00,27.2,27.44,26.92,26.99,6625819
2011-02-14 16:00:00-05:00,26.99,27.24,26.845,27.01,7513468
2011-02-15 16:00:00-05:00,26.93,27.22,26.73,27.03,7978872
2011-02-16 16:00:00-05:00,27.64,27.98,27.4,27.76,22860659
2011-02-17 16:00:00-05:00,30.42,30.95,29.45,30.08,49116929
2011-02-18 16:00:00-05:00,30.25,30.73,30.16,30.37,16243216
2011-02-22 16:00:00-05:00,30.47,30.72,29.71,29.88,10553105
2011-02-23 16:00:00-05:00,29.75,30.46,29.51,29.9,9887495
2011-02-24 16:00:00-05:00,29.93,30.03,29.48,29.73,6704927
2011-02-25 16:00:00-05:00,29.89,30.3,29.75,30.26,9835144
2011-02-28 16:00:00-05:00,30.31,30.42,30.03,30.36,7415528
2011-03-01 16:00:00-05:00,30.67,30.82,29.98,30.02,9074110
2011-03-02 16:00:00-05:00,30.03,30.7,29.86,30.39,7297429
2011-03-03 16:00:00-05:00,30.64,30.81,30.12,30.77,8339880
2011-03-04 16:00:00-05:00,30.67,30.89,30.45,30.84,6528323
2011-03-07 16:00:00-05:00,30.86,31.0,29.97,30.28,8724824
2011-03-08 16:00:00-05:00,30.37,30.52,29.9,30.03,5691727
2011-03-09 16:00:00-05:00,29.81,30.15,29.7,29.84,5723046
2011-03-10 16:00:00-05:00,29.67,29.91,28.93,29.36,10953297
2011-03-11 16:00:00-05:00,29.45,30.12,29.28,29.98,6019918
2011-03-14 16:00:00-04:00,29.84,29.99,29.45,29.8,5689143
2011-03-15 16:00:00-04:00,29.01,29.58,28.73,29.44,7593173
2011-03-16 16:00:00-04:00,29.56,29.85,28.7019,29.02,10320202
2011-03-17 16:00:00-04:00,29.61,29.8599,29.31,29.63,7783504
2011-03-18 16:00:00-04:00,29.99,30.04,29.59,29.69,8604446
2011-03-21 16:00:00-04:00,30.08,30.93,30.0,30.75,6920678
2011-03-22 16:00:00-04:00,30.77,30.88,30.29,30.5,3247119
2011-03-23 16:00:00-04:00,30.43,30.54,30.05,30.46,4964939
2011-03-24 16:00:00-04:00,30.56,30.76,30.32,30.65,4409119
2011-03-25 16:00:00-04:00,30.72,31.34,30.63,31.13,5220181
2011-03-28 16:00:00-04:00,31.26,31.45,30.63,30.64,4463496
2011-03-29 16:00:00-04:00,30.58,30.78,30.29,30.75,4463374
2011-03-30 16:00:00-04:00,30.94,31.61,30.76,31.45,7078337
2011-03-31 16:00:00-04:00,31.53,31.77,31.14,31.18,6997964
2011-04-01 16:00:00-04:00,31.64,31.89,31.21,31.28,5208367
2011-04-04 16:00:00-04:00,31.28,31.36,30.93,31.1,5971122
2011-04-05 16:00:00-04:00,31.0,31.2,30.85,30.92,5624599
2011-04-06 16:00:00-04:00,31.13,31.21,30.35,30.68,4357979
2011-04-07 16:00:00-04:00,30.61,31.06,30.43,31.02,5999786
2011-04-08 16:00:00-04:00,31.14,31.4,30.63,30.83,4262106
2011-04-11 16:00:00-04:00,31.02,31.31,30.53,30.68,7128226
2011-04-12 16:00:00-04:00,30.47,30.5,29.86,30.42,8683121
2011-04-13 16:00:00-04:00,30.51,30.86,29.92,30.36,5782798
2011-04-14 16:00:00-04:00,30.22,30.92,30.04,30.73,5001280
2011-04-15 16:00:00-04:00,30.78,31.21,30.76,31.05,5873151
2011-04-18 16:00:00-04:00,30.52,30.63,30.05,30.28,4869794
2011-04-19 16:00:00-04:00,30.3,30.66,30.22,30.55,3993038
2011-04-20 16:00:00-04:00,31.21,31.79,31.16,31.78,7848015
2011-04-21 16:00:00-04:00,31.9,32.07,31.7,31.97,3687429
2011-04-25 16:00:00-04:00,32.03,32.14,31.59,32.02,3368722
2011-04-26 16:00:00-04:00,32.21,32.64,31.96,32.55,6708908
2011-04-27 16:00:00-04:00,32.58,32.84,32.0,32.74,5082070
2011-04-28 16:00:00-04:00,32.71,32.97,32.43,32.66,5697798
2011-04-29 16:00:00-04:00,32.7,33.33,32.59,33.17,9920201
2011-05-02 16:00:00-04:00,33.29,33.47,32.5,32.7,10360725
2011-05-03 16:00:00-04:00,32.52,32.61,31.56,31.9,10232379
2011-05-04 16:00:00-04:00,31.98,31.98,30.7,31.38,9098125
2011-05-05 16:00:00-04:00,31.09,31.28,30.37,30.76,9420853
2011-05-06 16:00:00-04:00,31.21,31.5101,30.54,30.85,6573730
2011-05-09 16:00:00-04:00,30.92,31.71,30.83,31.62,5312319
2011-05-10 16:00:00-04:00,31.71,31.92,31.47,31.73,4214885
2011-05-11 16:00:00-04:00,31.72,31.78,30.57,30.84,6710619
2011-05-12 16:00:00-04:00,30.72,30.88,30.3,30.52,8186225
2011-05-13 16:00:00-04:00,30.68,30.96,29.92,30.26,7411428
2011-05-16 16:00:00-04:00,30.16,30.48,29.67,29.78,8378219
2011-05-17 16:00:00-04:00,29.58,29.97,29.39,29.89,7138986
2011-05-18 16:00:00-04:00,29.96,30.9,29.86,30.63,7526271
2011-05-19 16:00:00-04:00,30.73,30.95,30.41,30.63,6518074
2011-05-20 16:00:00-04:00,30.52,31.15,30.25,30.76,8825956
2011-05-23 16:00:00-04:00,30.33,30.62,30.15,30.34,5716806
2011-05-24 16:00:00-04:00,30.64,31.07,30.61,30.66,6204773
2011-05-25 16:00:00-04:00,30.44,31.35,30.32,31.05,8797285
2011-05-26 16:00:00-04:00,30.9,31.01,30.48,30.7,7587802
2011-05-27 16:00:00-04:00,30.75,31.22,30.75,31.0,3965303
2011-05-31 16:00:00-04:00,31.58,31.73,30.98,31.39,8592897
2011-06-01 16:00:00-04:00,31.39,31.57,30.64,30.7,6690414
2011-06-02 16:00:00-04:00,30.69,30.97,30.12,30.58,5920185
2011-06-03 16:00:00-04:00,30.14,30.77,29.97,30.46,4626299
2011-06-06 16:00:00-04:00,30.37,30.44,29.68,29.72,6031388
2011-06-07 16:00:00-04:00,29.9,30.32,29.64,29.83,5142667
2011-06-08 16:00:00-04:00,29.71,30.11,29.62,29.8,7166713
2011-06-09 16:00:00-04:00,29.95,30.11,29.72,29.91,5183825
2011-06-10 16:00:00-04:00,29.76,29.88,29.25,29.34,5549816
2011-06-13 16:00:00-04:00,29.46,29.59,28.39,28.91,9809928
2011-06-14 16:00:00-04:00,29.26,29.84,29.16,29.65,7201380
2011-06-15 16:00:00-04:00,29.27,29.36,28.6692,28.77,10753670
2011-06-16 16:00:00-04:00,28.82,29.12,27.92,28.31,12486592
2011-06-17 16:00:00-04:00,28.54,28.68,28.12,28.31,9869406
2011-06-20 16:00:00-04:00,28.17,28.58,28.01,28.54,5421797
2011-06-21 16:00:00-04:00,28.7,29.41,28.54,29.38,7025034
2011-06-22 16:00:00-04:00,29.3,29.73,29.16,29.32,5746574
2011-06-23 16:00:00-04:00,28.81,29.27,28.11,29.23,10017725
2011-06-24 16:00:00-04:00,28.85,29.57,28.44,28.55,24878241
2011-06-27 16:00:00-04:00,28.64,29.14,28.36,28.8,7419451
2011-06-28 16:00:00-04:00,28.98,29.78,28.96,29.67,6071293
2011-06-29 16:00:00-04:00,29.76,30.145,29.52,29.82,5637457
2011-06-30 16:00:00-04:00,29.98,30.29,29.93,30.25,5171941
2011-07-01 16:00:00-04:00,30.37,30.84,30.11,30.75,7096717
2011-07-05 16:00:00-04:00,30.6,30.81,30.27,30.68,6508361
2011-07-06 16:00:00-04:00,30.57,30.61,30.15,30.19,6437463
2011-07-07 16:00:00-04:00,30.65,30.73,30.04,30.27,5597388
2011-07-08 16:00:00-04:00,29.78,30.14,29.5,29.58,9062012
2011-07-11 16:00:00-04:00,29.19,29.26,28.41,28.59,9910751
2011-07-12 16:00:00-04:00,28.55,28.769,28.34,28.4,6412042
2011-07-13 16:00:00-04:00,28.63,29.11,28.63,28.79,7163720
2011-07-14 16:00:00-04:00,28.85,29.47,28.84,29.1,12730255
2011-07-15 16:00:00-04:00,29.43,30.48,29.35,30.37,15211081
2011-07-18 16:00:00-04:00,30.06,30.38,29.795,30.04,9747201
2011-07-19 16:00:00-04:00,30.26,30.765,29.87,30.64,9074689
2011-07-20 16:00:00-04:00,30.73,30.73,30.07,30.56,6919339
2011-07-21 16:00:00-04:00,30.75,31.13,30.71,31.02,6165335
2011-07-22 16:00:00-04:00,31.08,31.13,30.725,31.09,3432957
2011-07-25 16:00:00-04:00,30.6,31.02,30.47,30.71,7033031
2011-07-26 16:00:00-04:00,30.71,30.91,30.43,30.62,5197612
2011-07-27 16:00:00-04:00,30.43,33.16,30.13,32.1,27849203
2011-07-28 16:00:00-04:00,32.0,33.95,31.67,31.79,7575367
2011-07-29 16:00:00-04:00,31.3,32.14,31.12,31.7,8770332
2011-08-01 16:00:00-04:00,31.84,32.11,31.42,31.61,6804249
2011-08-02 16:00:00-04:00,31.35,31.68,30.3,30.36,8904523
2011-08-03 16:00:00-04:00,30.23,30.37,29.26,30.06,10138347
2011-08-04 16:00:00-04:00,29.6,29.66,26.92,27.04,18295880
2011-08-05 16:00:00-04:00,27.52,27.87,25.47,27.05,16242719
2011-08-08 16:00:00-04:00,26.14,26.5,23.48,24.04,27235151
2011-08-09 16:00:00-04:00,24.84,27.04,24.18,27.03,15002572
2011-08-10 16:00:00-04:00,26.47,28.04,26.26,26.38,18487563
2011-08-11 16:00:00-04:00,27.01,28.06,26.28,27.52,14765317
2011-08-12 16:00:00-04:00,28.03,28.18,27.27,27.68,7749558
2011-08-15 16:00:00-04:00,28.03,28.83,27.93,28.67,7012311
2011-08-16 16:00:00-04:00,28.0,28.73,27.9,28.15,7756623
2011-08-17 16:00:00-04:00,28.43,28.95,27.96,28.15,6412850
2011-08-18 16:00:00-04:00,27.24,27.31,25.07,25.31,16305575
2011-08-19 16:00:00-04:00,25.0,25.77,24.48,24.73,13439348
2011-08-22 16:00:00-04:00,25.46,25.67,23.55,23.84,12348970
2011-08-23 16:00:00-04:00,24.01,25.68,23.46,25.5,17140715
2011-08-24 16:00:00-04:00,25.21,25.66,24.85,25.55,10014198
2011-08-25 16:00:00-04:00,25.46,26.15,24.61,24.79,10900895
2011-08-26 16:00:00-04:00,24.53,25.45,24.3,25.22,8478315
2011-08-29 16:00:00-04:00,25.64,26.49,25.63,26.48,5274650
2011-08-30 16:00:00-04:00,26.35,27.06,26.17,26.9,9127433
2011-08-31 16:00:00-04:00,27.1,27.58,26.66,26.99,7548733
2011-09-01 16:00:00-04:00,26.98,27.5,26.82,26.89,6175344
2011-09-02 16:00:00-04:00,25.28,26.34,25.28,25.94,6595952
2011-09-06 16:00:00-04:00,24.98,25.57,24.62,25.53,8561178
2011-09-07 16:00:00-04:00,26.21,27.08,26.09,26.47,12437933
2011-09-08 16:00:00-04:00,26.42,26.975,26.14,26.73,9765458
2011-09-09 16:00:00-04:00,26.19,26.5,25.5,25.71,9809458
2011-09-12 16:00:00-04:00,25.42,26.04,25.07,25.86,6450424
2011-09-13 16:00:00-04:00,26.08,26.48,25.55,26.39,7383681
2011-09-14 16:00:00-04:00,26.6,27.45,26.03,27.03,9319828
2011-09-15 16:00:00-04:00,27.45,27.65,27.01,27.25,6338886
2011-09-16 16:00:00-04:00,27.52,27.59,26.75,27.05,7692091
2011-09-19 16:00:00-04:00,26.68,27.54,25.83,27.23,9048607
2011-09-20 16:00:00-04:00,27.33,27.6425,26.41,26.86,8642566
2011-09-21 16:00:00-04:00,26.89,28.26,26.37,26.37,10792439
2011-09-22 16:00:00-04:00,25.41,25.55,24.43,24.83,15606870
2011-09-23 16:00:00-04:00,24.59,25.2501,24.45,25.01,7236492
2011-09-26 16:00:00-04:00,25.2,26.26,24.58,26.16,9346419
2011-09-27 16:00:00-04:00,26.87,27.17,25.75,25.95,9076454
2011-09-28 16:00:00-04:00,25.89,26.305,25.04,25.12,7279980
2011-09-29 16:00:00-04:00,25.87,25.93,24.46,25.04,9822280
2011-09-30 16:00:00-04:00,24.57,25.0,24.27,24.34,7974306
2011-10-03 16:00:00-04:00,24.04,24.57,23.35,23.35,9151265
2011-10-04 16:00:00-04:00,22.92,23.61,21.9,23.61,19572292
2011-10-05 16:00:00-04:00,23.62,24.83,23.17,24.75,16241900
2011-10-06 16:00:00-04:00,24.66,25.74,24.32,25.44,7921155
2011-10-07 16:00:00-04:00,25.69,25.69,24.91,24.97,8783700
2011-10-10 16:00:00-04:00,25.57,26.39,25.57,26.39,8692004
2011-10-11 16:00:00-04:00,26.05,26.54,25.86,26.41,5391943
2011-10-12 16:00:00-04:00,26.77,27.2,26.62,26.73,8053694
2011-10-13 16:00:00-04:00,26.39,26.89,26.02,26.69,5642628
2011-10-14 16:00:00-04:00,27.27,27.3825,26.94,27.32,5716207
2011-10-17 16:00:00-04:00,28.72,28.87,27.4,27.54,13813399
2011-10-18 16:00:00-04:00,27.58,29.26,27.41,29.06,15186934
2011-10-19 16:00:00-04:00,29.17,30.0,29.16,29.48,21024097
2011-10-20 16:00:00-04:00,29.44,29.95,29.15,29.81,8650514
2011-10-21 16:00:00-04:00,30.13,30.25,29.73,30.16,9784106
2011-10-24 16:00:00-04:00,30.32,30.62,29.88,30.5,8900591
2011-10-25 16:00:00-04:00,30.25,30.45,29.42,29.57,9035861
2011-10-26 16:00:00-04:00,30.09,30.29,29.14,29.85,10166638
2011-10-27 16:00:00-04:00,30.64,31.4,30.23,31.13,11401785
2011-10-28 16:00:00-04:00,30.79,31.31,30.59,31.25,8476654
2011-10-31 16:00:00-04:00,30.63,30.87,30.06,30.11,7090257
2011-11-01 16:00:00-04:00,29.27,30.06,29.02,29.36,12341211
2011-11-02 16:00:00-04:00,31.6,31.6,29.74,30.2,12028832
2011-11-03 16:00:00-04:00,30.76,31.115,30.1,31.03,11933898
2011-11-04 16:00:00-04:00,30.75,31.55,30.47,31.27,9156106
2011-11-07 16:00:00-05:00,31.24,31.47,30.64,31.32,5449634
2011-11-08 16:00:00-05:00,31.44,31.46,30.63,31.29,6688320
2011-11-09 16:00:00-05:00,30.26,31.09,30.15,30.29,7819187
2011-11-10 16:00:00-05:00,30.76,30.955,30.04,30.75,5625373
2011-11-11 16:00:00-05:00,31.15,31.49,30.99,31.34,4521559
2011-11-14 16:00:00-05:00,31.17,31.28,30.438,30.6,6570645
2011-11-15 16:00:00-05:00,30.47,31.44,30.47,31.27,6039142
2011-11-16 16:00:00-05:00,30.65,31.49,30.53,30.62,7066381
2011-11-17 16:00:00-05:00,30.47,30.84,29.84,30.29,7420129
2011-11-18 16:00:00-05:00,30.59,30.74,30.27,30.45,6131876
2011-11-21 16:00:00-05:00,29.86,30.25,29.49,30.07,7317641
2011-11-22 16:00:00-05:00,30.07,30.49,29.82,30.01,6116320
2011-11-23 16:00:00-05:00,29.63,29.91,29.18,29.37,7440587
2011-11-25 13:00:00-05:00,29.2,29.94,29.12,29.7,3378879
2011-11-28 16:00:00-05:00,30.61,31.3,30.465,30.77,9511794
2011-11-29 16:00:00-05:00,30.96,31.25,30.7,31.1,6483072
2011-11-30 16:00:00-05:00,32.02,32.5,31.48,32.28,10355790
2011-12-01 16:00:00-05:00,32.26,32.83,31.87,32.41,10540384
2011-12-02 16:00:00-05:00,32.69,32.89,32.28,32.37,11762817
2011-12-05 16:00:00-05:00,32.8,32.97,32.2,32.59,8053672
2011-12-06 16:00:00-05:00,32.54,32.7,32.01,32.14,9346811
2011-12-07 16:00:00-05:00,31.74,32.46,31.49,32.2,9870194
2011-12-08 16:00:00-05:00,31.93,32.14,31.03,31.12,10402550
2011-12-09 16:00:00-05:00,31.37,31.88,31.28,31.65,9065011
2011-12-12 16:00:00-05:00,31.41,31.46,31.05,31.34,10026203
2011-12-13 16:00:00-05:00,31.44,31.89,31.14,31.37,8928787
2011-12-14 16:00:00-05:00,31.04,31.22,30.44,30.59,9338938
2011-12-15 16:00:00-05:00,30.91,31.05,30.36,30.4,7143134
2011-12-16 16:00:00-05:00,30.75,31.02,30.38,31.0,11282612
2011-12-19 16:00:00-05:00,31.04,31.219,30.66,30.79,5845842
2011-12-20 16:00:00-05:00,31.37,31.87,31.3,31.7,4894032
2011-12-21 16:00:00-05:00,31.7,32.07,31.41,32.01,3878617
2011-12-22 16:00:00-05:00,32.04,32.29,31.98,32.24,5134962
2011-12-23 16:00:00-05:00,32.39,32.71,32.28,32.71,3549719
2011-12-27 16:00:00-05:00,32.63,33.0,32.61,32.82,3528402
2011-12-28 16:00:00-05:00,32.89,32.93,32.08,32.13,5215572
2011-12-29 16:00:00-05:00,32.23,32.61,32.105,32.55,5866442
2011-12-30 16:00:00-05:00,32.61,33.11,32.54,33.02,6576364
2012-01-03 16:00:00-05:00,27.55,27.92,26.21,26.82,18725154
2012-01-04 16:00:00-05:00,26.81,26.99,26.56,26.98,11200519
2012-01-05 16:00:00-05:00,27.64,27.75,26.96,27.55,11763610
2012-01-06 16:00:00-05:00,27.66,27.73,27.34,27.39,7258519
2012-01-09 16:00:00-05:00,27.52,27.81,27.235,27.78,8695979
2012-01-10 16:00:00-05:00,28.13,28.48,27.97,28.33,15125592
2012-01-11 16:00:00-05:00,28.22,28.24,27.78,27.84,8874798
2012-01-12 16:00:00-05:00,27.9,28.3869,27.87,28.14,7920602
2012-01-13 16:00:00-05:00,27.99,28.27,27.88,28.22,5666896
2012-01-17 16:00:00-05:00,28.51,28.69,28.1,28.43,7677684
2012-01-18 16:00:00-05:00,28.68,29.14,28.54,29.05,11798767
2012-01-19 16:00:00-05:00,29.11,29.29,28.44,28.74,13195162
2012-01-20 16:00:00-05:00,28.75,28.94,28.33,28.84,7713168
2012-01-23 16:00:00-05:00,28.82,29.23,28.82,29.03,7570527
2012-01-24 16:00:00-05:00,28.86,29.1,28.81,29.06,4899451
2012-01-25 16:00:00-05:00,29.03,29.47,28.66,29.41,6829091
2012-01-26 16:00:00-05:00,29.63,29.68,28.68,28.87,6524149
2012-01-27 16:00:00-05:00,28.76,28.8196,28.2,28.55,6325673
2012-01-30 16:00:00-05:00,28.39,28.71,28.15,28.71,7173453
2012-01-31 16:00:00-05:00,28.97,29.02,28.52,28.82,5346081
2012-02-01 16:00:00-05:00,29.08,29.6,29.03,29.19,6619118
2012-02-02 16:00:00-05:00,29.27,29.31,28.76,28.84,4051302
2012-02-03 16:00:00-05:00,29.17,29.78,29.1018,29.7,7613614
2012-02-06 16:00:00-05:00,29.57,29.6902,29.3,29.41,7010596
2012-02-07 16:00:00-05:00,29.33,29.36,28.93,29.2,7646861
2012-02-08 16:00:00-05:00,29.21,29.41,29.052,29.21,4755385
2012-02-09 16:00:00-05:00,29.28,29.35,28.95,29.19,5048542
2012-02-10 16:00:00-05:00,28.91,29.14,28.66,29.06,4427891
2012-02-13 16:00:00-05:00,29.25,29.6,29.13,29.52,5086674
2012-02-14 16:00:00-05:00,29.47,29.6,28.97,29.18,4542987
2012-02-15 16:00:00-05:00,29.38,29.38,28.85,28.97,5433802
2012-02-16 16:00:00-05:00,28.89,29.06,28.71,28.87,5826121
2012-02-17 16:00:00-05:00,29.33,29.37,29.05,29.11,6576844
2012-02-21 16:00:00-05:00,29.37,29.58,29.18,29.46,3912299
2012-02-22 16:00:00-05:00,29.39,29.72,29.22,29.3,4592670
2012-02-23 16:00:00-05:00,28.97,29.32,28.51,29.06,10453334
2012-02-24 16:00:00-05:00,29.14,29.46,29.01,29.31,5145974
2012-02-27 16:00:00-05:00,29.18,29.47,29.04,29.11,4060442
2012-02-28 16:00:00-05:00,29.14,29.3,28.86,29.0,5488709
2012-02-29 16:00:00-05:00,29.47,30.0,29.33,29.88,10287350
2012-03-01 16:00:00-05:00,29.94,30.55,29.83,30.26,8196364
2012-03-02 16:00:00-05:00,30.22,30.48,30.13,30.26,5393102
2012-03-05 16:00:00-05:00,30.14,30.46,29.88,30.35,3739927
2012-03-06 16:00:00-05:00,29.84,30.13,29.6,29.72,4834212
2012-03-07 16:00:00-05:00,29.54,29.83,29.33,29.65,4603339
2012-03-08 16:00:00-05:00,29.86,30.0,29.5505,29.78,3825611
2012-03-09 16:00:00-05:00,29.84,30.22,29.81,29.86,4493867
2012-03-12 16:00:00-04:00,29.85,29.93,29.41,29.67,3523389
2012-03-13 16:00:00-04:00,29.84,30.25,29.57,30.23,5777620
2012-03-14 16:00:00-04:00,30.33,30.405,29.93,30.04,4233736
2012-03-15 16:00:00-04:00,30.03,30.21,29.72,30.02,4050942
2012-03-16 16:00:00-04:00,30.11,30.495,30.06,30.46,6646998
2012-03-19 16:00:00-04:00,30.45,30.52,29.98,30.42,3096768
2012-03-20 16:00:00-04:00,31.29,32.09,31.06,31.3,16513462
2012-03-21 16:00:00-04:00,31.3,31.36,30.93,31.01,5695563
2012-03-22 16:00:00-04:00,30.69,30.74,29.91,30.21,8202045
2012-03-23 16:00:00-04:00,30.19,30.45,30.05,30.18,7905412
2012-03-26 16:00:00-04:00,30.73,30.84,30.29,30.61,6764807
2012-03-27 16:00:00-04:00,30.97,31.15,30.75,30.99,5872470
2012-03-28 16:00:00-04:00,30.84,31.03,30.3794,30.68,6947442
2012-03-29 16:00:00-04:00,30.4,30.65,30.21,30.59,6613016
2012-03-30 16:00:00-04:00,31.38,31.44,30.66,30.81,21688115
2012-04-02 16:00:00-04:00,30.85,31.17,30.71,31.06,6104065
2012-04-03 16:00:00-04:00,30.81,31.44,30.66,31.44,10015414
2012-04-04 16:00:00-04:00,31.07,31.45,30.96,31.4,7262515
2012-04-05 16:00:00-04:00,31.28,31.69,31.1441,31.46,6281615
2012-04-09 16:00:00-04:00,30.93,31.2,30.81,31.0,5443483
2012-04-10 16:00:00-04:00,30.98,31.28,30.51,30.56,8339856
2012-04-11 16:00:00-04:00,30.93,31.17,30.76,31.02,6225914
2012-04-12 16:00:00-04:00,31.13,31.83,31.07,31.82,6419192
2012-04-13 16:00:00-04:00,31.61,32.21,31.56,32.1,8775832
2012-04-16 16:00:00-04:00,32.35,32.52,31.315,31.34,9322618
2012-04-17 16:00:00-04:00,31.34,31.79,31.33,31.75,5726590
2012-04-18 16:00:00-04:00,31.71,32.29,31.58,32.28,6030257
2012-04-19 16:00:00-04:00,32.32,32.388,32.0,32.18,5784258
2012-04-20 16:00:00-04:00,32.42,32.5,32.21,32.3,4733518
2012-04-23 16:00:00-04:00,31.87,32.37,31.8,32.31,5366927
2012-04-24 16:00:00-04:00,32.35,32.61,32.29,32.31,6656539
2012-04-25 16:00:00-04:00,32.45,33.0,32.39,32.96,5303618
2012-04-26 16:00:00-04:00,33.0,33.96,32.75,33.89,6942977
2012-04-27 16:00:00-04:00,33.86,34.12,33.59,33.63,6809480
2012-04-30 16:00:00-04:00,33.59,34.04,33.53,34.03,7660651
2012-05-01 16:00:00-04:00,34.45,34.63,34.0,34.38,8300943
2012-05-02 16:00:00-04:00,34.1,34.14,33.61,33.75,7445555
2012-05-03 16:00:00-04:00,33.72,34.0,32.93,32.96,8290210
2012-05-04 16:00:00-04:00,32.78,32.91,32.24,32.7,7186556
2012-05-07 16:00:00-04:00,32.87,33.28,32.49,33.16,5825946
2012-05-08 16:00:00-04:00,32.96,32.96,31.99,32.58,7122287
2012-05-09 16:00:00-04:00,32.22,32.65,32.08,32.23,13992864
2012-05-10 16:00:00-04:00,32.49,32.84,32.335,32.53,7167452
2012-05-11 16:00:00-04:00,32.33,32.82,32.23,32.54,4658074
2012-05-14 16:00:00-04:00,32.23,32.33,31.6,31.67,6279511
2012-05-15 16:00:00-04:00,31.52,31.7,31.075,31.24,5591386
2012-05-16 16:00:00-04:00,31.37,31.64,30.48,30.52,8040910
2012-05-17 16:00:00-04:00,30.55,30.65,29.76,29.79,10296546
2012-05-18 16:00:00-04:00,29.97,30.32,29.56,29.67,11048798
2012-05-21 16:00:00-04:00,29.76,31.08,29.76,31.01,10843116
2012-05-22 16:00:00-04:00,30.84,31.815,30.8,31.29,8819820
2012-05-23 16:00:00-04:00,31.39,31.47,30.64,31.39,7625336
2012-05-24 16:00:00-04:00,31.4,31.61,30.67,31.05,20422826
2012-05-25 16:00:00-04:00,31.1,31.215,30.72,30.77,20409340
2012-05-29 16:00:00-04:00,30.9,31.49,30.89,31.39,18425439
2012-05-30 16:00:00-04:00,31.11,31.12,30.6,30.68,5921824
2012-05-31 16:00:00-04:00,30.64,30.9,29.9,30.53,7775273
2012-06-01 16:00:00-04:00,29.79,29.93,29.0,29.01,11584556
2012-06-04 16:00:00-04:00,29.07,29.29,28.25,28.67,11864066
2012-06-05 16:00:00-04:00,28.56,29.35,28.51,29.3,8845280
2012-06-06 16:00:00-04:00,29.09,29.7,29.09,29.55,8661509
2012-06-07 16:00:00-04:00,29.55,30.28,29.53,29.85,6934604
2012-06-08 16:00:00-04:00,29.61,29.62,29.24,29.37,6869872
2012-06-11 16:00:00-04:00,29.7,29.85,29.22,29.27,5757702
2012-06-12 16:00:00-04:00,29.42,29.705,29.13,29.54,6557112
2012-06-13 16:00:00-04:00,29.41,29.84,29.18,29.46,5598721
2012-06-14 16:00:00-04:00,29.53,29.685,29.17,29.45,8818585
2012-06-15 16:00:00-04:00,29.53,30.07,29.37,30.07,9916743
2012-06-18 16:00:00-04:00,29.85,29.9,29.48,29.49,7042962
2012-06-19 16:00:00-04:00,29.71,30.19,29.63,30.04,5420781
2012-06-20 16:00:00-04:00,30.12,30.24,29.33,29.53,8685579
2012-06-21 16:00:00-04:00,29.55,29.61,28.38,28.42,9879325
2012-06-22 16:00:00-04:00,28.49,28.65,28.07,28.43,20632902
2012-06-25 16:00:00-04:00,28.06,28.18,27.25,27.36,10736952
2012-06-26 16:00:00-04:00,27.44,27.88,27.3459,27.76,9333159
2012-06-27 16:00:00-04:00,27.8,28.31,27.8,28.21,8657163
2012-06-28 16:00:00-04:00,28.02,28.29,27.76,28.04,9319785
2012-06-29 16:00:00-04:00,28.44,28.82,28.25,28.82,8742644
2012-07-02 16:00:00-04:00,28.82,29.04,28.5,29.04,5707688
2012-07-03 13:00:00-04:00,29.12,29.29,29.05,29.28,3260918
2012-07-05 16:00:00-04:00,29.27,29.36,28.94,29.1,3842639
2012-07-06 16:00:00-04:00,28.76,28.98,28.54,28.94,5541580
2012-07-09 16:00:00-04:00,28.83,29.19,28.645,29.15,5539581
2012-07-10 16:00:00-04:00,29.48,29.57,28.61,28.78,6235274
2012-07-11 16:00:00-04:00,28.89,29.05,28.65,28.9,4860027
2012-07-12 16:00:00-04:00,28.71,29.13,28.47,28.94,4851239
2012-07-13 16:00:00-04:00,29.03,29.92,29.0,29.89,5839368
2012-07-16 16:00:00-04:00,29.79,30.16,29.54,29.99,4690500
2012-07-17 16:00:00-04:00,30.07,30.69,29.69,30.67,5860735
2012-07-18 16:00:00-04:00,30.53,30.98,30.48,30.86,7548750
2012-07-19 16:00:00-04:00,30.97,31.19,30.73,31.05,4278460
2012-07-20 16:00:00-04:00,30.93,31.66,30.65,31.31,7057684
2012-07-23 16:00:00-04:00,29.9,31.82,29.7,31.47,12349646
2012-07-24 16:00:00-04:00,31.2,31.44,30.43,30.97,8361352
2012-07-25 16:00:00-04:00,31.14,31.326,30.41,30.61,5560736
2012-07-26 16:00:00-04:00,31.12,31.25,30.81,31.13,6554239
2012-07-27 16:00:00-04:00,31.34,31.75,31.11,31.6,10349332
2012-07-30 16:00:00-04:00,31.6,31.89,31.56,31.76,6447906
2012-07-31 16:00:00-04:00,31.56,31.945,31.56,31.79,7226539
2012-08-01 16:00:00-04:00,32.05,32.11,31.61,31.85,13321411
2012-08-02 16:00:00-04:00,29.92,31.23,29.885,30.93,9368422
2012-08-03 16:00:00-04:00,31.52,31.68,31.25,31.52,5146680
2012-08-06 16:00:00-04:00,31.63,31.88,31.58,31.74,4687698
2012-08-07 16:00:00-04:00,32.05,32.16,31.88,31.97,4514038
2012-08-08 16:00:00-04:00,31.82,31.9,31.39,31.63,5051055
2012-08-09 16:00:00-04:00,31.66,31.975,31.42,31.61,5709558
2012-08-10 16:00:00-04:00,31.38,31.885,31.23,31.85,3906788
2012-08-13 16:00:00-04:00,31.86,31.93,31.64,31.78,2597561
2012-08-14 16:00:00-04:00,32.0,32.29,31.87,32.15,4820396
2012-08-15 16:00:00-04:00,32.09,32.39,32.02,32.37,3811302
2012-08-16 16:00:00-04:00,32.42,32.79,32.33,32.66,18650059
2012-08-17 16:00:00-04:00,32.67,32.68,32.11,32.31,4944487
2012-08-20 16:00:00-04:00,32.29,32.52,32.11,32.17,3072268
2012-08-21 16:00:00-04:00,32.25,32.68,32.19,32.28,3139292
2012-08-22 16:00:00-04:00,32.0,32.33,31.81,32.26,5079556
2012-08-23 16:00:00-04:00,32.29,32.29,31.68,31.88,3705353
2012-08-24 16:00:00-04:00,31.87,32.196,31.64,32.11,2609305
2012-08-27 16:00:00-04:00,32.18,32.5,31.97,32.46,4339276
2012-08-28 16:00:00-04:00,32.3,32.68,32.27,32.56,5453129
2012-08-29 16:00:00-04:00,32.59,32.61,32.27,32.44,4255813
2012-08-30 16:00:00-04:00,32.21,32.24,31.91,32.04,4411012
2012-08-31 16:00:00-04:00,32.26,32.35,32.09,32.27,4562687
2012-09-04 16:00:00-04:00,32.26,32.6201,32.14,32.37,3824722
2012-09-05 16:00:00-04:00,32.41,32.49,32.02,32.13,3995163
2012-09-06 16:00:00-04:00,32.41,33.18,32.39,33.18,4987663
2012-09-07 16:00:00-04:00,33.31,33.9,33.16,33.89,4945237
2012-09-10 16:00:00-04:00,33.92,33.92,33.49,33.62,3664322
2012-09-11 16:00:00-04:00,33.75,33.93,33.69,33.74,2867887
2012-09-12 16:00:00-04:00,33.88,33.99,33.67,33.97,2489636
2012-09-13 16:00:00-04:00,33.95,35.0,33.75,34.69,7093862
2012-09-14 16:00:00-04:00,34.75,35.39,34.7,35.1,6121001
2012-09-17 16:00:00-04:00,35.03,35.05,34.42,34.54,11364058
2012-09-18 16:00:00-04:00,34.44,34.51,33.895,34.08,4449726
2012-09-19 16:00:00-04:00,34.14,34.17,33.795,33.96,4549456
2012-09-20 16:00:00-04:00,33.82,34.37,33.68,34.36,5917776
2012-09-21 16:00:00-04:00,34.62,34.63,34.2,34.32,7154242
2012-09-24 16:00:00-04:00,34.14,34.61,33.97,34.49,4164484
2012-09-25 16:00:00-04:00,34.56,34.98,34.46,34.74,6308978
2012-09-26 16:00:00-04:00,34.74,34.85,33.88,33.98,6950289
2012-09-27 16:00:00-04:00,34.27,34.98,34.13,34.98,5026869
2012-09-28 16:00:00-04:00,34.91,35.0,34.4701,34.97,5509778
2012-10-01 16:00:00-04:00,35.0,35.79,35.0,35.6,6588081
2012-10-02 16:00:00-04:00,35.64,35.75,35.06,35.55,6616303
2012-10-03 16:00:00-04:00,35.57,36.7,35.52,36.48,9869542
2012-10-04 16:00:00-04:00,36.68,37.56,36.17,36.19,11459271
2012-10-05 16:00:00-04:00,36.4,36.61,35.84,35.95,4894547
2012-10-08 16:00:00-04:00,35.81,36.06,35.62,36.04,3752400
2012-10-09 16:00:00-04:00,36.05,36.525,35.91,35.95,4067230
2012-10-10 16:00:00-04:00,35.94,36.05,35.46,35.55,5120950
2012-10-11 16:00:00-04:00,35.99,36.17,35.44,35.64,3515997
2012-10-12 16:00:00-04:00,35.57,35.64,35.12,35.14,4779429
2012-10-15 16:00:00-04:00,35.21,35.95,35.11,35.85,4424457
2012-10-16 16:00:00-04:00,35.98,37.39,35.98,36.77,12650467
2012-10-17 16:00:00-04:00,36.85,37.17,36.02,36.15,8464847
2012-10-18 16:00:00-04:00,35.96,36.07,35.32,35.51,9035626
2012-10-19 16:00:00-04:00,35.31,35.505,34.55,34.97,10840921
2012-10-22 16:00:00-04:00,34.93,35.3,34.625,34.97,4028100
2012-10-23 16:00:00-04:00,34.32,34.71,34.08,34.44,5487564
2012-10-24 16:00:00-04:00,34.7,35.11,34.38,34.66,4435083
2012-10-25 16:00:00-04:00,34.93,35.05,34.26,34.71,3146740
2012-10-26 16:00:00-04:00,34.77,35.08,34.405,34.82,2998301
2012-10-31 16:00:00-04:00,35.08,35.205,34.52,34.99,4831647
2012-11-01 16:00:00-04:00,34.31,35.4,33.28,33.69,13208431
2012-11-02 16:00:00-04:00,33.84,33.93,32.855,33.07,9631769
2012-11-05 16:00:00-05:00,33.11,33.27,32.89,33.21,4689956
2012-11-06 16:00:00-05:00,33.38,33.58,32.69,33.46,7291738
2012-11-07 16:00:00-05:00,33.0,33.11,32.52,32.85,6980948
2012-11-08 16:00:00-05:00,32.81,32.88,32.15,32.2,5473082
2012-11-09 16:00:00-05:00,32.03,32.54,31.83,32.07,4895288
2012-11-12 16:00:00-05:00,32.09,32.17,31.65,31.65,4131152
2012-11-13 16:00:00-05:00,31.35,32.36,31.35,31.87,5683049
2012-11-14 16:00:00-05:00,31.94,32.03,31.14,31.19,5530148
2012-11-15 16:00:00-05:00,31.09,31.4,30.55,30.97,6996494
2012-11-16 16:00:00-05:00,31.57,31.76,30.83,31.68,8272139
2012-11-19 16:00:00-05:00,31.98,32.69,31.96,32.67,7016542
2012-11-20 16:00:00-05:00,32.84,33.02,32.46,32.8,5456059
2012-11-21 16:00:00-05:00,32.91,33.11,32.72,33.03,4580937
2012-11-23 13:00:00-05:00,33.3,33.47,33.08,33.44,1763235
2012-11-26 16:00:00-05:00,33.13,33.27,32.65,32.79,4548056
2012-11-27 16:00:00-05:00,32.76,32.94,32.55,32.69,4343529
2012-11-28 16:00:00-05:00,32.5,33.01,32.36,33.0,3625987
2012-11-29 16:00:00-05:00,33.13,33.228,32.39,32.58,4211185
2012-11-30 16:00:00-05:00,32.66,32.9,32.37,32.84,5105104
2012-12-03 16:00:00-05:00,33.0,33.14,32.51,32.59,3999686
2012-12-04 16:00:00-05:00,32.5,32.54,32.15,32.24,4855845
2012-12-05 16:00:00-05:00,32.17,32.41,31.85,32.28,4675652
2012-12-06 16:00:00-05:00,32.24,32.41,31.45,31.56,5708161
2012-12-07 16:00:00-05:00,31.68,31.74,31.1,31.22,6872889
2012-12-10 16:00:00-05:00,31.23,31.54,31.055,31.22,4485858
2012-12-11 16:00:00-05:00,31.24,31.52,31.16,31.38,4101267
2012-12-12 16:00:00-05:00,30.68,31.59,30.59,31.13,9507099
2012-12-13 16:00:00-05:00,31.33,31.74,31.0,31.02,46308336
2012-12-14 16:00:00-05:00,31.2,31.7,31.11,31.49,13056547
2012-12-17 16:00:00-05:00,31.57,31.92,31.47,31.89,8622112
2012-12-18 16:00:00-05:00,32.05,32.47,31.8,32.38,8990397
2012-12-19 16:00:00-05:00,32.37,32.79,32.16,32.53,5497530
2012-12-20 16:00:00-05:00,32.6,32.885,32.435,32.85,5567693
2012-12-21 16:00:00-05:00,32.62,32.8,32.3,32.8,10864613
2012-12-24 13:00:00-05:00,32.62,32.8,32.41,32.53,1516869
2012-12-26 16:00:00-05:00,32.59,32.65,32.08,32.29,2987640
2012-12-27 16:00:00-05:00,32.29,32.37,31.75,32.02,4960066
2012-12-28 16:00:00-05:00,32.05,32.215,31.73,31.79,4629767
2012-12-31 16:00:00-05:00,31.72,32.76,31.65,32.74,5216475
2013-01-02 16:00:00-05:00,33.41,34.06,33.19,34.03,9399788
2013-01-03 16:00:00-05:00,34.02,34.2,33.56,33.77,7693960
2013-01-04 16:00:00-05:00,33.74,34.39,33.71,34.14,6857880
2013-01-07 16:00:00-05:00,33.91,34.08,33.83,33.99,4013481
2013-01-08 16:00:00-05:00,34.03,34.03,33.44,33.57,7699523
2013-01-09 16:00:00-05:00,33.57,33.96,33.57,33.77,5637986
2013-01-10 16:00:00-05:00,33.96,34.1,33.545,33.81,5646831
2013-01-11 16:00:00-05:00,33.95,34.01,33.43,33.49,5474952
2013-01-14 16:00:00-05:00,33.52,33.62,33.25,33.47,3605621
2013-01-15 16:00:00-05:00,33.28,33.42,33.1,33.3,7038515
2013-01-16 16:00:00-05:00,33.23,33.5131,33.12,33.44,5550921
2013-01-17 16:00:00-05:00,33.57,34.04,33.38,33.8,6936668
2013-01-18 16:00:00-05:00,33.78,34.76,33.7,34.74,8918646
2013-01-22 16:00:00-05:00,34.68,35.215,34.64,35.15,6436149
2013-01-23 16:00:00-05:00,35.07,35.24,34.845,35.07,4795449
2013-01-24 16:00:00-05:00,35.07,35.4,34.53,34.63,5235346
2013-01-25 16:00:00-05:00,34.75,34.89,34.37,34.83,4459732
2013-01-28 16:00:00-05:00,35.06,35.22,34.45,34.87,4894055
2013-01-29 16:00:00-05:00,34.76,34.97,34.38,34.89,4822150
2013-01-30 16:00:00-05:00,34.99,35.45,34.8,35.1,7522630
2013-01-31 16:00:00-05:00,34.95,35.3,34.81,35.05,4160968
2013-02-01 16:00:00-05:00,35.33,35.5,35.1,35.43,4160466
2013-02-04 16:00:00-05:00,35.35,35.405,35.035,35.08,3277883
2013-02-05 16:00:00-05:00,35.38,35.85,35.22,35.74,4249613
2013-02-06 16:00:00-05:00,35.53,35.78,35.26,35.78,4317070
2013-02-07 16:00:00-05:00,35.77,36.0,35.64,35.87,4280606
2013-02-08 16:00:00-05:00,35.84,36.22,35.8001,36.0,5509077
2013-02-11 16:00:00-05:00,36.03,36.03,35.54,35.74,2789688
2013-02-12 16:00:00-05:00,35.67,35.88,35.45,35.84,3701167
2013-02-13 16:00:00-05:00,35.94,35.94,35.55,35.64,3761733
2013-02-14 16:00:00-05:00,35.59,35.72,35.445,35.46,5304120
2013-02-15 16:00:00-05:00,35.46,35.5737,34.98,35.11,8842293
2013-02-19 16:00:00-05:00,35.23,35.56,35.02,35.45,5284147
2013-02-20 16:00:00-05:00,35.47,35.48,34.76,34.82,6629114
2013-02-21 16:00:00-05:00,34.15,35.06,33.54,34.08,12465966
2013-02-22 16:00:00-05:00,34.21,34.44,34.15,34.44,16989129
2013-02-25 16:00:00-05:00,34.56,34.75,33.55,33.57,21003883
2013-02-26 16:00:00-05:00,33.75,33.8755,33.09,33.79,19850886
2013-02-27 16:00:00-05:00,33.71,34.51,33.64,34.35,5569678
2013-02-28 16:00:00-05:00,34.3,34.85,34.24,34.71,7033033
2013-03-01 16:00:00-05:00,34.53,34.65,33.7,33.83,15129352
2013-03-04 16:00:00-05:00,33.75,33.88,33.39,33.57,10186350
2013-03-05 16:00:00-05:00,33.67,33.97,33.34,33.71,8434935
2013-03-06 16:00:00-05:00,33.59,33.91,33.47,33.72,6947214
2013-03-07 16:00:00-05:00,33.77,34.42,33.59,34.31,7672119
2013-03-08 16:00:00-05:00,34.43,34.78,34.41,34.71,10559659
2013-03-11 16:00:00-04:00,34.65,35.17,34.59,35.03,6475445
2013-03-12 16:00:00-04:00,35.09,35.1,34.725,34.79,4680105
2013-03-13 16:00:00-04:00,34.71,34.86,34.515,34.8,4942401
2013-03-14 16:00:00-04:00,34.81,35.64,34.8,35.42,10419163
2013-03-15 16:00:00-04:00,35.28,35.66,35.2,35.43,7040168
2013-03-18 16:00:00-04:00,35.15,35.465,34.82,35.19,4625709
2013-03-19 16:00:00-04:00,35.26,35.42,35.01,35.29,4663323
2013-03-20 16:00:00-04:00,35.64,36.15,35.4975,35.98,5201844
2013-03-21 16:00:00-04:00,35.91,36.78,35.785,36.55,9472220
2013-03-22 16:00:00-04:00,36.82,37.28,36.62,36.87,6168041
2013-03-25 16:00:00-04:00,37.09,37.32,36.75,36.99,4844739
2013-03-26 16:00:00-04:00,37.18,37.26,36.815,37.18,4645244
2013-03-27 16:00:00-04:00,36.95,38.0,36.53,36.99,6257079
2013-03-28 16:00:00-04:00,37.01,37.68,37.01,37.46,6466173
2013-04-01 16:00:00-04:00,37.84,38.24,37.635,37.94,5161541
2013-04-02 16:00:00-04:00,38.0,38.12,37.46,37.67,5802988
2013-04-03 16:00:00-04:00,37.7,37.74,36.74,36.74,6696146
2013-04-04 16:00:00-04:00,36.65,37.1,36.52,36.88,3713817
2013-04-05 16:00:00-04:00,36.5,37.06,36.11,36.91,3325006
2013-04-08 16:00:00-04:00,36.79,37.24,36.79,37.2,3532897
2013-04-09 16:00:00-04:00,37.25,37.8601,37.17,37.66,4626424
2013-04-10 16:00:00-04:00,37.81,38.15,37.7416,37.79,4242782
2013-04-11 16:00:00-04:00,37.93,38.19,37.72,37.81,4579730
2013-04-12 16:00:00-04:00,36.98,37.78,36.93,37.73,3614507
2013-04-15 16:00:00-04:00,37.41,37.57,36.41,36.42,6531298
2013-04-16 16:00:00-04:00,36.73,37.64,36.46,37.51,4896616
2013-04-17 16:00:00-04:00,37.32,37.32,36.5488,36.97,4445553
2013-04-18 16:00:00-04:00,37.1,37.78,36.89,37.38,3808818
2013-04-19 16:00:00-04:00,37.51,37.64,37.04,37.27,5764396
2013-04-22 16:00:00-04:00,37.48,37.94,37.08,37.73,3714765
2013-04-23 16:00:00-04:00,37.81,38.4,37.5,38.05,4676337
2013-04-24 16:00:00-04:00,38.22,38.5,38.0095,38.38,3313248
2013-04-25 16:00:00-04:00,38.5,38.57,37.86,37.91,5524095
2013-04-26 16:00:00-04:00,37.94,38.15,37.535,38.04,4213178
2013-04-29 16:00:00-04:00,38.24,38.45,38.18,38.22,3150976
2013-04-30 16:00:00-04:00,38.16,38.275,37.89,38.13,4558815
2013-05-01 16:00:00-04:00,37.97,38.01,37.46,37.51,6282302
2013-05-02 16:00:00-04:00,37.56,37.62,37.22,37.31,5318731
2013-05-03 16:00:00-04:00,37.59,37.76,37.5,37.54,5939007
2013-05-06 16:00:00-04:00,37.52,37.67,37.22,37.3,5798320
2013-05-07 16:00:00-04:00,37.53,37.595,36.885,36.98,8397090
2013-05-08 16:00:00-04:00,35.48,35.82,35.02,35.6,28178258
2013-05-09 16:00:00-04:00,35.625,36.92,35.47,36.86,20140093
2013-05-10 16:00:00-04:00,36.57,36.825,36.37,36.5,6542402
2013-05-13 16:00:00-04:00,36.5,36.59,36.08,36.48,8058459
2013-05-14 16:00:00-04:00,36.47,36.71,36.39,36.63,5969198
2013-05-15 16:00:00-04:00,36.59,36.93,36.305,36.74,4487230
2013-05-16 16:00:00-04:00,36.63,37.01,36.5,36.76,8400923
2013-05-17 16:00:00-04:00,36.89,37.23,36.87,37.21,5736401
2013-05-20 16:00:00-04:00,37.21,38.03,37.2,37.88,8740554
2013-05-21 16:00:00-04:00,37.95,38.2,37.45,37.75,7185462
2013-05-22 16:00:00-04:00,37.8,37.83,36.94,37.02,9452472
2013-05-23 16:00:00-04:00,36.62,37.27,36.49,37.24,13511873
2013-05-24 16:00:00-04:00,37.03,37.08,36.59,36.67,14538334
2013-05-28 16:00:00-04:00,37.13,37.24,36.36,36.4,14786323
2013-05-29 16:00:00-04:00,36.13,36.2,35.395,35.88,12393467
2013-05-30 16:00:00-04:00,35.94,36.0107,35.58,35.81,4848258
2013-05-31 16:00:00-04:00,35.67,35.83,35.14,35.18,7233821
2013-06-03 16:00:00-04:00,35.22,35.3446,34.76,34.95,8422285
2013-06-04 16:00:00-04:00,34.86,35.11,34.34,34.46,7135686
2013-06-05 16:00:00-04:00,34.24,34.6,33.93,34.14,11237517
2013-06-06 16:00:00-04:00,34.06,34.87,34.0,34.85,8890171
2013-06-07 16:00:00-04:00,34.98,35.32,34.91,35.23,6366664
2013-06-10 16:00:00-04:00,35.36,35.37,34.67,34.72,4571867
2013-06-11 16:00:00-04:00,34.33,34.43,34.0,34.08,5548004
2013-06-12 16:00:00-04:00,34.36,34.72,33.95,34.03,4822578
2013-06-13 16:00:00-04:00,34.01,34.25,32.54,33.7,20606386
2013-06-14 16:00:00-04:00,33.65,33.66,33.24,33.31,8643169
2013-06-17 16:00:00-04:00,33.48,33.76,33.31,33.64,7457456
2013-06-18 16:00:00-04:00,33.15,33.48,33.07,33.24,7176296
2013-06-19 16:00:00-04:00,33.3,33.35,32.59,32.61,6435041
2013-06-20 16:00:00-04:00,32.22,32.235,31.67,31.75,9035673
2013-06-21 16:00:00-04:00,31.98,32.35,31.59,32.29,11575061
2013-06-24 16:00:00-04:00,32.0,32.135,31.25,31.65,10898218
2013-06-25 16:00:00-04:00,31.91,32.36,31.78,31.9,7564047
2013-06-26 16:00:00-04:00,33.29,33.94,32.565,32.65,8252135
2013-06-27 16:00:00-04:00,32.78,33.138,32.49,32.58,4816037
2013-06-28 16:00:00-04:00,32.55,32.85,32.47,32.47,7987161
2013-07-01 16:00:00-04:00,32.65,32.94,32.36,32.52,5307631
2013-07-02 16:00:00-04:00,32.56,33.24,32.47,32.98,5346951
2013-07-03 16:00:00-04:00,32.88,32.938,32.46,32.82,1869027
2013-07-05 16:00:00-04:00,32.92,33.015,32.48,32.68,3492526
2013-07-08 16:00:00-04:00,32.81,33.26,32.81,33.26,3336297
2013-07-09 16:00:00-04:00,33.48,33.63,33.31,33.53,3236173
2013-07-10 16:00:00-04:00,33.58,33.6997,33.11,33.18,4710264
2013-07-11 16:00:00-04:00,33.51,33.93,33.43,33.79,5769910
2013-07-12 16:00:00-04:00,33.84,33.88,33.53,33.82,3114208
2013-07-15 16:00:00-04:00,33.78,34.01,33.62,33.81,3472423
2013-07-16 16:00:00-04:00,33.86,33.911,33.295,33.48,5052928
2013-07-17 16:00:00-04:00,33.64,33.78,33.295,33.5,4739819
2013-07-18 16:00:00-04:00,33.65,34.09,33.62,34.0,6609165
2013-07-19 16:00:00-04:00,34.12,34.66,33.95,34.28,5635535
2013-07-22 16:00:00-04:00,34.2,34.62,34.18,34.49,3473182
2013-07-23 16:00:00-04:00,34.49,34.76,34.26,34.29,3952000
2013-07-24 16:00:00-04:00,34.26,34.3,33.26,33.44,6653923
2013-07-25 16:00:00-04:00,33.44,33.82,33.37,33.81,4098903
2013-07-26 16:00:00-04:00,33.75,33.97,33.55,33.91,3423203
2013-07-29 16:00:00-04:00,33.9,34.03,33.82,33.99,3402537
2013-07-30 16:00:00-04:00,34.09,34.3,33.66,33.81,4821536
2013-07-31 16:00:00-04:00,33.85,34.36,33.7,34.17,6595456
2013-08-01 16:00:00-04:00,34.79,36.45,34.79,36.1,13887670
2013-08-02 16:00:00-04:00,35.98,36.34,35.905,36.22,7019079
2013-08-05 16:00:00-04:00,36.13,36.34,35.98,36.19,4061018
2013-08-06 16:00:00-04:00,36.1,36.21,35.81,36.05,3923840
2013-08-07 16:00:00-04:00,35.88,36.01,35.62,35.84,4276738
2013-08-08 16:00:00-04:00,35.83,36.22,35.275,35.42,23870083
2013-08-09 16:00:00-04:00,35.43,35.66,35.19,35.39,13144067
2013-08-12 16:00:00-04:00,35.2,35.66,35.18,35.49,12696321
2013-08-13 16:00:00-04:00,35.47,35.55,35.19,35.34,3508572
2013-08-14 16:00:00-04:00,35.24,35.47,35.24,35.31,3310336
2013-08-15 16:00:00-04:00,35.02,35.47,34.76,35.35,3842310
2013-08-16 16:00:00-04:00,35.17,35.35,34.92,34.99,3766542
2013-08-19 16:00:00-04:00,34.94,34.99,34.27,34.31,4199381
2013-08-20 16:00:00-04:00,34.26,34.9,34.02,34.68,4133073
2013-08-21 16:00:00-04:00,34.7,35.13,34.38,34.83,3901570
2013-08-22 16:00:00-04:00,34.98,36.13,34.94,35.88,7785353
2013-08-23 16:00:00-04:00,35.98,36.35,35.64,36.31,6156945
2013-08-26 16:00:00-04:00,36.5,36.77,36.16,36.22,5072680
2013-08-27 16:00:00-04:00,35.73,36.25,35.69,36.12,3392361
2013-08-28 16:00:00-04:00,36.12,36.46,36.12,36.21,3592417
2013-08-29 16:00:00-04:00,36.15,36.35,36.0,36.22,2477875
2013-08-30 16:00:00-04:00,36.33,36.4599,36.14,36.24,2987158
2013-09-03 16:00:00-04:00,36.6,36.64,35.63,35.93,5026677
2013-09-04 16:00:00-04:00,36.08,36.118,35.03,35.14,8754025
2013-09-05 16:00:00-04:00,35.24,35.61,35.085,35.13,5267668
2013-09-06 16:00:00-04:00,35.28,35.44,34.95,35.12,14185332
2013-09-09 16:00:00-04:00,35.29,35.71,35.27,35.6,13375814
2013-09-10 16:00:00-04:00,35.64,36.26,35.53,36.19,17816373
2013-09-11 16:00:00-04:00,35.83,35.88,35.395,35.75,6488410
2013-09-12 16:00:00-04:00,35.78,35.78,35.3019,35.31,4910932
2013-09-13 16:00:00-04:00,35.39,36.04,35.37,35.93,4212064
2013-09-16 16:00:00-04:00,36.16,36.2,35.46,35.54,3439675
2013-09-17 16:00:00-04:00,35.49,35.6,35.04,35.2,5685408
2013-09-18 16:00:00-04:00,35.21,35.96,35.21,35.93,6865857
2013-09-19 16:00:00-04:00,36.02,36.91,36.02,36.84,7764668
2013-09-20 16:00:00-04:00,36.93,36.94,36.445,36.63,6096389
2013-09-23 16:00:00-04:00,36.46,36.68,36.31,36.51,3876171
2013-09-24 16:00:00-04:00,36.51,36.83,36.32,36.6,3281370
2013-09-25 16:00:00-04:00,36.7,36.75,36.21,36.23,3041299
2013-09-26 16:00:00-04:00,36.39,36.43,36.18,36.33,2924871
2013-09-27 16:00:00-04:00,36.06,36.315,35.91,36.24,2997396
2013-09-30 16:00:00-04:00,36.04,36.66,35.97,36.36,4825324
2013-10-01 16:00:00-04:00,36.32,36.98,36.27,36.75,6827016
2013-10-02 16:00:00-04:00,36.59,36.82,36.29,36.58,3915830
2013-10-03 16:00:00-04:00,36.44,36.46,35.76,36.3,5393023
2013-10-04 16:00:00-04:00,36.23,36.33,35.83,35.92,4753021
2013-10-07 16:00:00-04:00,35.6,35.9699,35.38,35.52,3185751
2013-10-08 16:00:00-04:00,35.49,35.68,35.05,35.05,4774802
2013-10-09 16:00:00-04:00,35.06,35.15,34.67,34.96,5849506
2013-10-10 16:00:00-04:00,35.24,35.78,35.165,35.75,3880522
2013-10-11 16:00:00-04:00,35.71,36.3,35.67,36.15,4333442
2013-10-14 16:00:00-04:00,35.67,35.83,35.42,35.77,7193222
2013-10-15 16:00:00-04:00,35.72,35.75,35.28,35.53,6263601
2013-10-16 16:00:00-04:00,35.78,36.07,35.575,35.95,5118887
2013-10-17 16:00:00-04:00,35.92,36.14,35.745,36.03,3811007
2013-10-18 16:00:00-04:00,36.2,36.35,35.92,36.24,4206825
2013-10-21 16:00:00-04:00,36.16,36.34,35.81,36.17,3069763
2013-10-22 16:00:00-04:00,36.31,37.29,36.2,36.97,6724651
2013-10-23 16:00:00-04:00,36.9,37.03,36.4,36.67,5011586
2013-10-24 16:00:00-04:00,36.61,37.04,36.58,36.88,2304920
2013-10-25 16:00:00-04:00,37.03,37.35,36.82,37.3,3260598
2013-10-28 16:00:00-04:00,37.37,37.4,36.93,37.18,4309241
2013-10-29 16:00:00-04:00,37.19,37.39,37.08,37.29,4215782
2013-10-30 16:00:00-04:00,37.4,37.47,36.825,36.95,4088227
2013-10-31 16:00:00-04:00,36.9,36.97,35.025,35.71,13617249
2013-11-01 16:00:00-04:00,35.69,35.9,35.19,35.52,7714612
2013-11-04 16:00:00-05:00,35.82,35.94,35.4299,35.73,4863216
2013-11-05 16:00:00-05:00,35.5,35.62,34.93,35.01,6996104
2013-11-06 16:00:00-05:00,35.08,35.17,34.71,34.9,6336618
2013-11-07 16:00:00-05:00,35.02,35.1,34.3,34.5,6300501
2013-11-08 16:00:00-05:00,34.47,34.87,34.235,34.79,6202129
2013-11-11 16:00:00-05:00,34.85,35.075,34.535,34.93,3660953
2013-11-12 16:00:00-05:00,34.74,34.83,34.36,34.57,5009219
2013-11-13 16:00:00-05:00,34.53,34.68,34.2199,34.39,7343488
2013-11-14 16:00:00-05:00,34.48,35.22,34.45,35.06,6813036
2013-11-15 16:00:00-05:00,34.96,35.29,34.76,35.23,7550653
2013-11-18 16:00:00-05:00,35.29,35.55,35.06,35.28,4839689
2013-11-19 16:00:00-05:00,35.28,35.45,34.92,35.03,6227379
2013-11-20 16:00:00-05:00,35.13,35.42,34.66,34.78,3793420
2013-11-21 16:00:00-05:00,34.76,35.02,34.53,34.91,4573598
2013-11-22 16:00:00-05:00,34.85,35.36,34.83,35.27,4682613
2013-11-25 16:00:00-05:00,35.25,35.95,35.13,35.8,6889052
2013-11-26 16:00:00-05:00,35.85,36.23,35.67,35.68,5408360
2013-11-27 16:00:00-05:00,35.57,35.62,35.11,35.18,4852256
2013-11-29 16:00:00-05:00,35.38,35.5296,35.14,35.22,2326328
2013-12-02 16:00:00-05:00,35.34,35.69,35.02,35.18,3687814
2013-12-03 16:00:00-05:00,34.94,36.33,34.94,36.27,9416346
2013-12-04 16:00:00-05:00,36.3,36.91,35.83,36.78,14296614
2013-12-05 16:00:00-05:00,36.6,36.67,36.05,36.29,7099646
2013-12-06 16:00:00-05:00,36.5,36.64,36.07,36.21,5796656
2013-12-09 16:00:00-05:00,36.22,36.4,35.79,35.84,4440647
2013-12-10 16:00:00-05:00,35.81,35.9,35.31,35.48,5273931
2013-12-11 16:00:00-05:00,35.01,35.12,34.14,34.34,9694077
2013-12-12 16:00:00-05:00,34.44,34.5,33.98,34.36,7504198
2013-12-13 16:00:00-05:00,34.36,34.5,34.06,34.25,6821629
2013-12-16 16:00:00-05:00,34.53,35.45,34.4,35.33,12510144
2013-12-17 16:00:00-05:00,36.31,37.325,35.67,36.84,21486285
2013-12-18 16:00:00-05:00,36.81,37.07,36.09,36.65,11975634
2013-12-19 16:00:00-05:00,36.66,36.93,36.26,36.89,6595892
2013-12-20 16:00:00-05:00,37.01,37.3,36.83,37.01,8972244
2013-12-23 16:00:00-05:00,37.3,38.03,37.205,37.6,8123392
2013-12-24 16:00:00-05:00,37.54,37.765,37.5301,37.7,3750259
2013-12-26 16:00:00-05:00,37.83,38.42,37.8,38.23,6959694
2013-12-27 16:00:00-05:00,38.23,38.4,37.76,38.3,4078958
2013-12-30 16:00:00-05:00,38.41,38.61,38.25,38.41,4259123
2013-12-31 16:00:00-05:00,38.49,38.68,38.3254,38.57,6645144
2014-01-02 16:00:00-05:00,38.39,38.64,38.05,38.28,6257569
2014-01-03 16:00:00-05:00,38.25,38.39,37.77,38.03,4621525
2014-01-06 16:00:00-05:00,38.25,38.49,37.945,38.4,6996308
2014-01-07 16:00:00-05:00,38.24,39.04,38.17,39.01,8347660
2014-01-08 16:00:00-05:00,38.53,39.23,38.43,39.16,10443500
2014-01-09 16:00:00-05:00,39.36,39.86,38.85,39.25,9484115
2014-01-10 16:00:00-05:00,39.36,39.5401,39.04,39.35,7248795
2014-01-13 16:00:00-05:00,39.2,39.59,38.95,39.04,9007884
2014-01-14 16:00:00-05:00,39.22,39.39,38.94,39.16,6162554
2014-01-15 16:00:00-05:00,39.29,39.32,38.94,39.11,6001235
2014-01-16 16:00:00-05:00,39.1,39.4,38.92,39.37,7425884
2014-01-17 16:00:00-05:00,39.46,39.475,38.97,39.22,7221257
2014-01-21 16:00:00-05:00,39.5,39.68,39.17,39.45,4329866
2014-01-22 16:00:00-05:00,39.51,39.58,38.73,38.96,5340229
2014-01-23 16:00:00-05:00,38.87,39.43,38.66,39.26,5460467
2014-01-24 16:00:00-05:00,39.02,39.2,38.53,38.97,7258287
2014-01-27 16:00:00-05:00,38.97,39.2276,38.45,38.88,5884954
2014-01-28 16:00:00-05:00,38.9,39.95,38.9,39.8,5858457
2014-01-29 16:00:00-05:00,39.46,40.11,39.29,39.72,5999134
2014-01-30 16:00:00-05:00,39.89,40.27,39.8,40.15,7431633
2014-01-31 16:00:00-05:00,39.94,40.89,39.64,40.49,8390758
2014-02-03 16:00:00-05:00,40.49,40.76,39.29,39.33,6638448
2014-02-04 16:00:00-05:00,39.48,40.0,39.34,39.92,7803200
2014-02-05 16:00:00-05:00,39.94,40.41,39.4901,39.85,17500183
2014-02-06 16:00:00-05:00,39.93,41.34,39.7,41.07,13618178
2014-02-07 16:00:00-05:00,41.28,41.54,41.0,41.42,11206526
2014-02-10 16:00:00-05:00,41.35,41.44,40.61,40.92,6831409
2014-02-11 16:00:00-05:00,40.93,41.9,40.83,41.76,9669380
2014-02-12 16:00:00-05:00,41.15,41.36,40.63,40.69,10777299
2014-02-13 16:00:00-05:00,40.59,41.31,40.32,40.85,14214661
2014-02-14 16:00:00-05:00,40.96,41.02,40.625,40.83,14024509
2014-02-18 16:00:00-05:00,41.03,41.15,40.45,40.54,8899762
2014-02-19 16:00:00-05:00,40.51,40.89,40.4,40.5,9659492
2014-02-20 16:00:00-05:00,40.6,42.47,40.44,42.0,13324593
2014-02-21 16:00:00-05:00,42.07,42.295,41.775,42.06,9441784
2014-02-24 16:00:00-05:00,42.31,42.37,41.5906,41.77,7725398
2014-02-25 16:00:00-05:00,41.29,41.9635,41.27,41.54,5155316
2014-02-26 16:00:00-05:00,41.65,41.69,40.74,41.22,7383352
2014-02-27 16:00:00-05:00,41.35,42.24,41.14,41.26,6072625
2014-02-28 16:00:00-05:00,41.42,41.69,41.08,41.3,5219259
2014-03-03 16:00:00-05:00,41.15,41.65,40.89,41.64,6089836
2014-03-04 16:00:00-05:00,41.91,42.66,41.9,42.63,7513165
2014-03-05 16:00:00-05:00,42.47,42.7199,42.33,42.45,4634268
2014-03-06 16:00:00-05:00,42.42,42.83,42.41,42.65,6858247
2014-03-07 16:00:00-05:00,42.86,42.94,42.37,42.69,5073627
2014-03-10 16:00:00-04:00,42.55,42.58,41.895,42.08,3018983
2014-03-11 16:00:00-04:00,41.77,41.888,41.441,41.6,6594195
2014-03-12 16:00:00-04:00,41.02,41.28,40.78,41.18,3481694
2014-03-13 16:00:00-04:00,41.24,41.42,40.81,41.0,3715108
2014-03-14 16:00:00-04:00,41.03,41.56,41.0,41.41,3527667
2014-03-17 16:00:00-04:00,41.51,41.609,41.11,41.53,4103110
2014-03-18 16:00:00-04:00,41.57,41.835,41.29,41.59,2365682
2014-03-19 16:00:00-04:00,41.55,41.855,41.37,41.64,4778948
2014-03-20 16:00:00-04:00,40.94,41.08,40.45,40.86,6386720
2014-03-21 16:00:00-04:00,41.16,41.39,40.49,40.61,8848741
2014-03-24 16:00:00-04:00,40.12,41.08,40.12,40.76,3087160
2014-03-25 16:00:00-04:00,40.92,41.03,40.39,40.78,3710501
2014-03-26 16:00:00-04:00,40.91,41.1,39.96,40.0,6152033
2014-03-27 16:00:00-04:00,40.09,40.94,39.86,40.64,4814592
2014-03-28 16:00:00-04:00,40.82,40.99,40.6,40.92,3607421
2014-03-31 16:00:00-04:00,41.07,41.13,40.2,40.58,6639658
2014-04-01 16:00:00-04:00,39.97,41.03,39.96,41.03,6724293
2014-04-02 16:00:00-04:00,41.1,41.13,40.48,40.6,5230011
2014-04-03 16:00:00-04:00,40.71,40.93,40.43,40.6,3588976
2014-04-04 16:00:00-04:00,40.83,41.18,40.23,40.26,4468425
2014-04-07 16:00:00-04:00,40.26,40.51,39.31,39.64,5514904
2014-04-08 16:00:00-04:00,39.68,40.705,39.65,40.59,5628475
2014-04-09 16:00:00-04:00,40.81,40.885,40.46,40.79,2996532
2014-04-10 16:00:00-04:00,40.76,40.99,40.01,40.24,3630357
2014-04-11 16:00:00-04:00,39.92,40.37,39.9,40.14,4768149
2014-04-14 16:00:00-04:00,40.31,40.8,40.14,40.42,2222437
2014-04-15 16:00:00-04:00,40.37,40.83,40.1601,40.7,2948563
2014-04-16 16:00:00-04:00,41.0,41.36,40.77,41.28,2730027
2014-04-17 16:00:00-04:00,41.18,41.93,41.15,41.79,3449549
2014-04-21 16:00:00-04:00,41.78,42.13,41.71,42.06,3745658
2014-04-22 16:00:00-04:00,41.86,42.22,41.71,41.97,3416877
2014-04-23 16:00:00-04:00,42.0,42.42,41.94,42.05,2891880
2014-04-24 16:00:00-04:00,42.02,42.09,41.06,41.33,5136480
2014-04-25 16:00:00-04:00,41.31,41.57,41.0901,41.26,3384597
2014-04-28 16:00:00-04:00,42.03,42.03,41.15,41.7,4861411
2014-04-29 16:00:00-04:00,41.91,42.32,41.84,42.2,4950090
2014-04-30 16:00:00-04:00,42.17,42.265,41.84,42.17,4810826
2014-05-01 16:00:00-04:00,41.74,43.56,40.92,43.27,6677616
2014-05-02 16:00:00-04:00,43.27,43.48,42.77,42.84,3399190
2014-05-05 16:00:00-04:00,42.77,43.62,42.52,43.52,3864261
2014-05-06 16:00:00-04:00,43.47,43.86,43.345,43.48,3613544
2014-05-07 16:00:00-04:00,43.81,44.5,43.72,44.41,6576287
2014-05-08 16:00:00-04:00,44.17,44.39,43.9,43.98,3408363
2014-05-09 16:00:00-04:00,43.97,44.08,43.42,43.69,4429865
2014-05-12 16:00:00-04:00,44.36,45.43,43.93,44.04,3775640
2014-05-13 16:00:00-04:00,44.04,44.54,43.89,44.51,5800791
2014-05-14 16:00:00-04:00,44.99,45.36,44.62,45.29,7061863
2014-05-15 16:00:00-04:00,45.22,45.52,44.92,45.45,8860862
2014-05-16 16:00:00-04:00,45.39,45.87,45.09,45.6,6974782
2014-05-19 16:00:00-04:00,45.58,46.15,45.54,45.94,4087480
2014-05-20 16:00:00-04:00,45.84,46.41,45.83,46.33,5321261
2014-05-21 16:00:00-04:00,46.34,46.7972,46.22,46.58,3927327
2014-05-22 16:00:00-04:00,46.66,46.805,46.6001,46.67,3879598
2014-05-23 16:00:00-04:00,46.77,46.92,46.68,46.87,3503879
2014-05-27 16:00:00-04:00,47.0,47.11,46.55,46.85,4312305
2014-05-28 16:00:00-04:00,46.84,46.92,46.32,46.71,4035564
2014-05-29 16:00:00-04:00,46.87,46.985,46.49,46.78,3390364
2014-05-30 16:00:00-04:00,46.73,47.01,46.72,46.96,4062718
2014-06-02 16:00:00-04:00,46.95,47.08,46.69,46.91,3664015
2014-06-03 16:00:00-04:00,46.88,47.005,46.67,46.82,3403559
2014-06-04 16:00:00-04:00,46.87,47.1,46.76,46.9,3004008
2014-06-05 16:00:00-04:00,46.99,47.52,46.9,47.38,3178368
2014-06-06 16:00:00-04:00,47.43,47.9463,47.4,47.73,3779058
2014-06-09 16:00:00-04:00,47.7,48.001,47.59,47.76,3369781
2014-06-10 16:00:00-04:00,47.46,47.96,47.41,47.64,3241338
2014-06-11 16:00:00-04:00,47.14,47.22,46.58,46.78,4318308
2014-06-12 16:00:00-04:00,46.97,47.1,46.57,46.85,2594662
2014-06-13 16:00:00-04:00,46.83,47.195,46.61,47.18,1976462
2014-06-16 16:00:00-04:00,54.77,59.68,54.65,56.02,37459747
2014-06-17 16:00:00-04:00,55.4,58.45,55.4,57.31,18427832
2014-06-18 16:00:00-04:00,57.94,58.2,57.03,57.35,31936320
2014-06-19 16:00:00-04:00,57.22,57.97,56.49,57.93,9691870
2014-06-20 16:00:00-04:00,57.97,58.24,57.61,57.66,7958712
2014-06-23 16:00:00-04:00,57.91,58.93,57.751,58.86,7260906
2014-06-24 16:00:00-04:00,58.51,59.0,57.41,57.51,8561199
2014-06-25 16:00:00-04:00,57.88,58.385,57.485,57.99,7686779
2014-06-26 16:00:00-04:00,57.86,58.14,57.51,58.1,4933341
2014-06-27 16:00:00-04:00,57.99,58.65,57.9,58.56,16052060
2014-06-30 16:00:00-04:00,58.12,58.65,58.09,58.21,5368148
2014-07-01 16:00:00-04:00,58.44,58.665,58.0,58.55,4287044
2014-07-02 16:00:00-04:00,58.6,58.71,57.985,58.35,4048635
2014-07-03 16:00:00-04:00,58.54,58.54,57.72,58.11,2543325
2014-07-07 16:00:00-04:00,57.67,58.39,57.54,57.7,4355009
2014-07-08 16:00:00-04:00,57.88,57.89,57.43,57.64,7853988
2014-07-09 16:00:00-04:00,57.96,58.32,57.63,57.86,6394984
2014-07-10 16:00:00-04:00,57.55,58.035,57.35,57.82,4827418
2014-07-11 16:00:00-04:00,57.84,58.23,57.49,58.21,2722596
2014-07-14 16:00:00-04:00,58.05,58.71,57.95,58.33,2925073
2014-07-15 16:00:00-04:00,58.22,58.35,57.47,57.87,4330216
2014-07-16 16:00:00-04:00,58.16,58.46,57.75,58.39,3671819
2014-07-17 16:00:00-04:00,58.19,58.83,57.51,57.6,3643224
2014-07-18 16:00:00-04:00,57.83,58.43,57.66,58.22,4498026
2014-07-21 16:00:00-04:00,58.16,58.36,57.65,58.07,3973423
2014-07-22 16:00:00-04:00,58.27,58.84,58.27,58.45,3115904
2014-07-23 16:00:00-04:00,58.34,58.85,58.05,58.66,3144075
2014-07-24 16:00:00-04:00,58.63,58.86,58.02,58.57,4513761
2014-07-25 16:00:00-04:00,58.42,58.61,58.13,58.2,3298742
2014-07-28 16:00:00-04:00,58.12,58.29,57.39,57.97,3542790
2014-07-29 16:00:00-04:00,57.83,58.37,57.7,58.07,3580815
2014-07-30 16:00:00-04:00,58.22,58.62,56.55,56.69,5431981
2014-07-31 16:00:00-04:00,55.71,58.27,55.52,56.63,13268353
2014-08-01 16:00:00-04:00,56.26,56.62,54.825,55.55,8759552
2014-08-04 16:00:00-04:00,55.32,56.44,54.96,56.17,4476060
2014-08-05 16:00:00-04:00,55.67,55.98,54.655,55.01,5681426
2014-08-06 16:00:00-04:00,54.91,55.68,54.62,55.18,5997946
2014-08-07 16:00:00-04:00,55.09,55.34,54.28,54.37,4751196
2014-08-08 16:00:00-04:00,54.68,56.32,54.55,56.25,5301655
2014-08-11 16:00:00-04:00,56.57,57.38,56.55,56.69,6668270
2014-08-12 16:00:00-04:00,56.54,57.13,56.11,57.01,4704879
2014-08-13 16:00:00-04:00,56.85,57.84,56.61,56.8,6225138
2014-08-14 16:00:00-04:00,56.92,57.27,56.56,56.78,5325283
2014-08-15 16:00:00-04:00,57.04,57.92,57.04,57.79,5147987
2014-08-18 16:00:00-04:00,57.84,58.32,57.51,58.11,3589537
2014-08-19 16:00:00-04:00,58.16,58.65,57.94,58.61,3735493
2014-08-20 16:00:00-04:00,58.58,58.8,58.22,58.65,3297079
2014-08-21 16:00:00-04:00,58.53,58.68,58.06,58.32,3692644
2014-08-22 16:00:00-04:00,58.38,58.63,57.91,58.51,3345431
2014-08-25 16:00:00-04:00,58.71,58.83,58.22,58.32,3290340
2014-08-26 16:00:00-04:00,58.63,59.18,58.42,58.84,4218139
2014-08-27 16:00:00-04:00,58.75,59.15,58.4,59.12,3167778
2014-08-28 16:00:00-04:00,59.01,59.2901,58.7,58.77,2649029
2014-08-29 16:00:00-04:00,59.06,59.455,58.7722,59.44,3493847
2014-09-02 16:00:00-04:00,59.32,59.77,58.9,59.29,4711282
2014-09-03 16:00:00-04:00,59.66,59.66,59.04,59.28,3057895
2014-09-04 16:00:00-04:00,59.34,59.71,58.49,58.65,3961601
2014-09-05 16:00:00-04:00,58.72,59.17,58.2,59.13,3405499
2014-09-08 16:00:00-04:00,58.8,58.8,57.84,57.96,6586920
2014-09-09 16:00:00-04:00,58.0,58.08,57.02,57.46,7200125
2014-09-10 16:00:00-04:00,57.04,57.26,56.58,56.82,5316283
2014-09-11 16:00:00-04:00,56.55,57.56,56.28,57.44,4968735
2014-09-12 16:00:00-04:00,57.38,57.38,55.83,56.2,6325450
2014-09-15 16:00:00-04:00,56.06,56.79,55.9,56.63,4648624
2014-09-16 16:00:00-04:00,56.45,57.76,56.4,57.32,3318714
2014-09-17 16:00:00-04:00,57.47,57.61,56.825,57.06,6601771
2014-09-18 16:00:00-04:00,57.17,57.255,56.11,56.5,6074890
2014-09-19 16:00:00-04:00,56.4,56.655,56.04,56.42,14027385
2014-09-22 16:00:00-04:00,56.47,56.52,55.48,55.64,7313589
2014-09-23 16:00:00-04:00,55.58,56.14,55.55,55.63,4152499
2014-09-24 16:00:00-04:00,55.63,56.48,54.8,56.18,6651905
2014-09-25 16:00:00-04:00,56.0,56.18,55.14,55.28,6085751
2014-09-26 16:00:00-04:00,55.15,56.92,54.98,56.51,5140322
2014-09-29 16:00:00-04:00,55.93,56.22,55.44,55.99,4078953
2014-09-30 16:00:00-04:00,55.94,56.36,55.1,55.35,4269235
2014-10-01 16:00:00-04:00,55.34,56.0,54.49,54.77,9268669
2014-10-02 16:00:00-04:00,54.62,55.25,53.59,54.76,7252836
2014-10-03 16:00:00-04:00,55.04,56.12,54.82,55.83,5676294
2014-10-06 16:00:00-04:00,55.9,55.9,54.77,55.17,3481953
2014-10-07 16:00:00-04:00,54.96,55.14,54.0,54.0,6248506
2014-10-08 16:00:00-04:00,54.0,54.0,51.6436,53.85,9292164
2014-10-09 16:00:00-04:00,53.55,53.87,49.84,50.18,16859977
2014-10-10 16:00:00-04:00,50.41,51.89,48.85,50.15,14298321
2014-10-13 16:00:00-04:00,50.0,50.91,47.86,47.89,10482870
2014-10-14 16:00:00-04:00,48.1,49.59,46.42,47.92,17603435
2014-10-15 16:00:00-04:00,47.38,49.78,46.15,49.71,14328440
2014-10-16 16:00:00-04:00,48.38,53.89,48.23,51.05,13002631
2014-10-17 16:00:00-04:00,51.67,53.28,51.67,52.1,12866861
2014-10-20 16:00:00-04:00,52.0,53.41,51.33,53.32,6991277
2014-10-21 16:00:00-04:00,53.88,54.88,53.5,54.74,9428564
2014-10-22 16:00:00-04:00,54.95,55.195,53.075,53.11,6118843
2014-10-23 16:00:00-04:00,53.48,54.36,52.96,53.1,5862050
2014-10-24 16:00:00-04:00,53.19,53.52,52.38,53.24,4639534
2014-10-27 16:00:00-04:00,53.7,54.09,52.14,53.42,7283409
2014-10-28 16:00:00-04:00,53.87,54.11,52.76,54.04,5190299
2014-10-29 16:00:00-04:00,54.68,55.94,54.68,55.7,11541189
2014-10-30 16:00:00-04:00,55.05,56.9999,54.39,55.0,8034090
2014-10-31 16:00:00-04:00,55.11,55.67,54.5,55.51,6103968
2014-11-03 16:00:00-05:00,55.52,56.81,55.24,55.68,5049916
2014-11-04 16:00:00-05:00,55.02,55.42,53.45,54.17,5849104
2014-11-05 16:00:00-05:00,54.54,54.7,53.76,54.57,3944584
2014-11-06 16:00:00-05:00,54.59,54.86,54.06,54.71,5277899
2014-11-07 16:00:00-05:00,54.74,55.5,54.7,55.38,4675169
2014-11-10 16:00:00-05:00,55.8,56.1,54.64,54.71,3818482
2014-11-11 16:00:00-05:00,54.71,55.44,54.19,55.12,3105992
2014-11-12 16:00:00-05:00,54.58,55.21,54.38,54.7,3938490
2014-11-13 16:00:00-05:00,54.59,54.6,53.3,53.88,7030892
2014-11-14 16:00:00-05:00,54.14,54.35,53.42,54.05,3365110
2014-11-17 16:00:00-05:00,53.64,54.7699,53.38,54.31,4835659
2014-11-18 16:00:00-05:00,54.44,55.08,54.23,54.54,5106637
2014-11-19 16:00:00-05:00,54.8,55.63,54.25,55.22,4270444
2014-11-20 16:00:00-05:00,55.17,55.8,55.14,55.46,3705811
2014-11-21 16:00:00-05:00,56.23,56.5,55.115,55.48,4193496
2014-11-24 16:00:00-05:00,55.5,55.8,54.54,54.77,6532289
2014-11-25 16:00:00-05:00,55.13,55.63,54.55,54.91,5340338
2014-11-26 16:00:00-05:00,54.77,55.23,54.4,54.85,3683089
2014-11-28 16:00:00-05:00,53.01,53.17,51.515,51.75,7422182
2014-12-01 16:00:00-05:00,51.35,51.72,49.2722,50.14,15046231
2014-12-02 16:00:00-05:00,50.29,51.65,49.77,50.7,8961594
2014-12-03 16:00:00-05:00,50.42,51.47,50.13,51.12,5935248
2014-12-04 16:00:00-05:00,50.78,51.65,50.77,51.13,5470096
2014-12-05 16:00:00-05:00,50.92,51.26,49.96,50.04,6028092
2014-12-08 16:00:00-05:00,49.35,49.77,46.37,46.67,20347583
2014-12-09 16:00:00-05:00,46.55,47.39,45.62,47.23,11331583
2014-12-10 16:00:00-05:00,46.08,46.19,44.335,44.73,16585394
2014-12-11 16:00:00-05:00,44.83,45.84,43.93,44.13,13387729
2014-12-12 16:00:00-05:00,43.47,44.1843,42.725,42.76,25538033
2014-12-15 16:00:00-05:00,43.32,43.45,41.69,42.14,12630693
2014-12-16 16:00:00-05:00,41.36,43.2,41.21,41.84,11683356
2014-12-17 16:00:00-05:00,42.01,43.98,41.91,43.63,20588423
2014-12-18 16:00:00-05:00,45.18,45.48,43.72,44.8,14451265
2014-12-19 16:00:00-05:00,45.12,46.07,44.85,46.0,12110395
2014-12-22 16:00:00-05:00,45.839,45.84,44.76,45.64,7062760
2014-12-23 16:00:00-05:00,45.98,46.06,45.335,45.73,8439959
2014-12-24 16:00:00-05:00,45.37,45.78,45.11,45.35,4328286
2014-12-26 16:00:00-05:00,45.5,46.0,45.185,45.63,4291133
2014-12-29 16:00:00-05:00,45.77,46.14,45.28,45.64,6846675
2014-12-30 16:00:00-05:00,45.66,45.88,45.21,45.39,4966677
2014-12-31 16:00:00-05:00,44.98,45.42,44.81,44.94,6528240
2015-01-02 16:00:00-05:00,44.83,45.57,44.83,45.22,7433471
2015-01-05 16:00:00-05:00,44.54,44.84,43.25,43.43,8826753
2015-01-06 16:00:00-05:00,43.28,43.61,42.2048,42.84,8068089
2015-01-07 16:00:00-05:00,43.32,43.757,42.365,42.61,8251953
2015-01-08 16:00:00-05:00,43.14,43.89,42.86,43.02,7745732
2015-01-09 16:00:00-05:00,42.96,43.37,41.95,42.48,6264430
2015-01-12 16:00:00-05:00,42.05,42.05,40.79,41.28,6567352
2015-01-13 16:00:00-05:00,41.33,41.715,40.4,40.94,7258038
2015-01-14 16:00:00-05:00,40.53,41.68,40.07,41.53,9703173
2015-01-15 16:00:00-05:00,42.11,42.3058,41.38,41.63,7674810
2015-01-16 16:00:00-05:00,41.9,42.44,41.485,42.0,9881644
2015-01-20 16:00:00-05:00,41.9,42.145,41.14,42.09,8936207
2015-01-21 16:00:00-05:00,42.19,43.13,42.08,42.77,7294233
2015-01-22 16:00:00-05:00,43.26,43.56,42.29,43.32,7013110
2015-01-23 16:00:00-05:00,43.25,43.98,42.72,43.35,6276311
2015-01-26 16:00:00-05:00,43.5,43.925,43.2199,43.75,7027217
2015-01-27 16:00:00-05:00,43.54,44.44,43.52,43.96,7887017
2015-01-28 16:00:00-05:00,43.95,44.02,42.42,42.51,9390134
2015-01-29 16:00:00-05:00,42.93,43.78,42.02,43.59,9570455
2015-01-30 16:00:00-05:00,43.17,44.52,42.67,43.86,15053481
2015-02-02 16:00:00-05:00,44.67,44.95,43.61,44.83,11948498
2015-02-03 16:00:00-05:00,45.29,46.2,44.85,46.08,11402777
2015-02-04 16:00:00-05:00,45.37,46.01,45.03,45.36,6519397
2015-02-05 16:00:00-05:00,46.13,46.73,45.71,46.4,7437044
2015-02-06 16:00:00-05:00,46.89,47.01,46.2,46.38,6867075
2015-02-09 16:00:00-05:00,46.49,46.9,45.87,46.05,3895209
2015-02-10 16:00:00-05:00,46.21,47.595,45.785,47.35,10771535
2015-02-11 16:00:00-05:00,46.9,47.61,46.46,47.14,10203277
2015-02-12 16:00:00-05:00,47.88,48.21,47.48,47.97,5187132
2015-02-13 16:00:00-05:00,48.37,49.59,48.16,49.41,13487394
2015-02-17 16:00:00-05:00,49.36,49.76,48.651,49.65,7170714
2015-02-18 16:00:00-05:00,49.21,49.35,48.41,48.68,11322284
2015-02-19 16:00:00-05:00,49.21,50.69,48.43,49.41,13620587
2015-02-20 16:00:00-05:00,49.22,49.5,48.66,48.97,8858451
2015-02-23 16:00:00-05:00,48.31,49.48,48.31,49.15,5623765
2015-02-24 16:00:00-05:00,48.9,49.3,48.54,49.3,7144063
2015-02-25 16:00:00-05:00,49.19,49.55,48.8,49.38,5145954
2015-02-26 16:00:00-05:00,49.04,49.37,48.46,48.81,6584258
2015-02-27 16:00:00-05:00,49.1,49.17,48.6,49.04,6442313
2015-03-02 16:00:00-05:00,48.93,49.25,48.42,49.03,6012189
2015-03-03 16:00:00-05:00,49.23,49.6,48.73,49.15,6631372
2015-03-04 16:00:00-05:00,49.15,49.19,48.0,48.9,6131830
2015-03-05 16:00:00-05:00,48.88,49.14,47.97,47.98,6173024
2015-03-06 16:00:00-05:00,47.685,48.35,47.54,47.79,6994314
2015-03-09 16:00:00-04:00,47.98,48.91,47.89,48.31,6374605
2015-03-10 16:00:00-04:00,47.74,48.31,47.61,47.69,5246660
2015-03-11 16:00:00-04:00,47.0,47.15,46.16,46.24,6729748
2015-03-12 16:00:00-04:00,46.41,46.6,46.24,46.37,7687319
2015-03-13 16:00:00-04:00,45.94,46.21,45.7,46.14,5697291
2015-03-16 16:00:00-04:00,45.81,46.79,45.81,46.74,4483703
2015-03-17 16:00:00-04:00,46.33,46.93,46.25,46.79,5191065
2015-03-18 16:00:00-04:00,46.58,48.72,46.36,48.46,6451494
2015-03-19 16:00:00-04:00,48.01,48.42,47.605,47.93,3758829
2015-03-20 16:00:00-04:00,48.23,48.72,47.96,48.28,6107661
2015-03-23 16:00:00-04:00,48.42,49.28,48.28,49.07,5269853
2015-03-24 16:00:00-04:00,49.22,49.44,48.61,48.67,5215157
2015-03-25 16:00:00-04:00,49.05,51.15,48.902,49.06,6325722
2015-03-26 16:00:00-04:00,49.67,49.75,48.97,49.26,5134446
2015-03-27 16:00:00-04:00,48.97,49.71,48.79,49.28,4975458
2015-03-30 16:00:00-04:00,49.76,50.81,49.71,50.64,5089599
2015-03-31 16:00:00-04:00,50.19,50.89,50.03,50.59,5412330
2015-04-01 16:00:00-04:00,50.88,51.0,49.98,50.05,5393776
2015-04-02 16:00:00-04:00,49.75,50.57,49.64,50.3,3200765
2015-04-06 16:00:00-04:00,50.78,50.78,50.25,50.3,4670577
2015-04-07 16:00:00-04:00,50.18,50.8,50.11,50.53,3912436
2015-04-08 16:00:00-04:00,50.55,50.745,50.065,50.29,2504745
2015-04-09 16:00:00-04:00,50.51,50.95,50.31,50.72,3584341
2015-04-10 16:00:00-04:00,50.8,50.92,50.6,50.88,3075849
2015-04-13 16:00:00-04:00,51.11,51.25,50.29,50.32,3379383
2015-04-14 16:00:00-04:00,50.55,50.93,50.4,50.79,5046002
2015-04-15 16:00:00-04:00,51.23,52.02,51.05,51.82,5410276
2015-04-16 16:00:00-04:00,51.74,52.4313,51.35,52.08,4466735
2015-04-17 16:00:00-04:00,51.66,51.82,51.33,51.72,4139036
2015-04-20 16:00:00-04:00,51.9,52.58,51.9,52.22,3880898
2015-04-21 16:00:00-04:00,52.22,52.3,51.51,51.55,4035536
2015-04-22 16:00:00-04:00,51.88,52.62,51.67,52.56,3811403
2015-04-23 16:00:00-04:00,52.74,52.88,52.39,52.55,3921371
2015-04-24 16:00:00-04:00,52.31,52.69,52.26,52.57,3199535
2015-04-27 16:00:00-04:00,52.82,52.86,51.7,51.77,4384920
2015-04-28 16:00:00-04:00,51.76,52.16,51.6,51.92,4068974
2015-04-29 16:00:00-04:00,51.83,52.63,51.64,52.55,5123631
2015-04-30 16:00:00-04:00,52.48,52.74,50.8,51.19,6192745
2015-05-01 16:00:00-04:00,51.18,51.35,50.78,51.13,4392790
2015-05-04 16:00:00-04:00,51.3,51.63,50.66,50.89,4877186
2015-05-05 16:00:00-04:00,51.21,51.21,49.455,49.5,8646865
2015-05-06 16:00:00-04:00,50.01,50.01,49.13,49.44,6134621
2015-05-07 16:00:00-04:00,49.36,49.98,48.41,49.7,6632133
2015-05-08 16:00:00-04:00,50.145,51.04,49.524,50.94,4527306
2015-05-11 16:00:00-04:00,50.79,50.94,49.35,49.64,6479343
2015-05-12 16:00:00-04:00,49.61,50.31,49.55,50.1,4422166
2015-05-13 16:00:00-04:00,53.31,54.44,51.52,53.21,36493471
2015-05-14 16:00:00-04:00,52.47,53.305,52.47,53.23,15642825
2015-05-15 16:00:00-04:00,53.21,54.49,52.68,53.8,15511583
2015-05-18 16:00:00-04:00,54.14,54.16,53.31,53.69,9484339
2015-05-19 16:00:00-04:00,53.57,53.72,52.87,53.08,9421675
2015-05-20 16:00:00-04:00,53.03,53.22,52.605,53.18,7768071
2015-05-21 16:00:00-04:00,53.56,53.67,52.8001,53.11,5561594
2015-05-22 16:00:00-04:00,52.84,53.28,52.7064,52.99,5056426
2015-05-26 16:00:00-04:00,52.59,52.81,52.1,52.27,5753914
2015-05-27 16:00:00-04:00,52.31,52.38,51.71,51.88,6477876
2015-05-28 16:00:00-04:00,51.78,51.83,50.88,51.28,7945512
2015-05-29 16:00:00-04:00,51.35,51.39,50.88,51.1,5847766
2015-06-01 16:00:00-04:00,51.03,51.72,50.82,51.32,7471808
2015-06-02 16:00:00-04:00,51.32,51.44,50.725,51.24,4427905
2015-06-03 16:00:00-04:00,50.99,51.11,49.6,49.91,10138857
2015-06-04 16:00:00-04:00,49.5,49.77,48.48,48.52,10708179
2015-06-05 16:00:00-04:00,48.31,49.28,48.06,48.77,8302182
2015-06-08 16:00:00-04:00,48.42,49.02,48.23,48.44,7286534
2015-06-09 16:00:00-04:00,48.87,48.93,48.14,48.17,7051427
2015-06-10 16:00:00-04:00,48.24,48.42,47.58,47.59,6470679
2015-06-11 16:00:00-04:00,47.84,48.06,47.32,47.54,8190507
2015-06-12 16:00:00-04:00,47.33,47.38,46.85,46.99,6704743
2015-06-15 16:00:00-04:00,46.5,47.73,46.28,47.55,6077368
2015-06-16 16:00:00-04:00,47.58,48.05,47.19,47.93,9386763
2015-06-17 16:00:00-04:00,48.26,48.68,47.81,48.55,9786871
2015-06-18 16:00:00-04:00,48.56,49.21,48.38,48.97,9940547
2015-06-19 16:00:00-04:00,48.77,49.05,48.06,48.34,8163638
2015-06-22 16:00:00-04:00,60.84,61.38,59.06,60.86,101131037
2015-06-23 16:00:00-04:00,60.17,60.51,58.6301,58.94,34777677
2015-06-24 16:00:00-04:00,58.48,58.85,57.1,57.37,27072442
2015-06-25 16:00:00-04:00,57.0,57.69,55.03,55.25,32031047
2015-06-26 16:00:00-04:00,55.28,57.85,55.24,57.12,26016112
2015-06-29 16:00:00-04:00,56.55,56.87,56.18,56.38,8502523
2015-06-30 16:00:00-04:00,56.9,57.88,56.83,57.39,9778743
2015-07-01 16:00:00-04:00,57.16,58.29,57.09,57.51,8993698
2015-07-02 16:00:00-04:00,57.79,57.87,57.28,57.6,5519525
2015-07-06 16:00:00-04:00,57.18,58.01,56.64,57.13,5696423
2015-07-07 16:00:00-04:00,57.02,57.08,55.63,56.89,10035633
2015-07-08 16:00:00-04:00,57.05,57.37,55.52,56.01,5937298
2015-07-09 16:00:00-04:00,56.9,57.46,56.43,56.45,6973056
2015-07-10 16:00:00-04:00,56.73,58.04,56.45,57.89,5573324
2015-07-13 16:00:00-04:00,57.91,58.4999,57.66,58.23,5110875
2015-07-14 16:00:00-04:00,58.22,58.77,57.59,58.03,8264910
2015-07-15 16:00:00-04:00,57.51,58.125,57.215,57.49,4903046
2015-07-16 16:00:00-04:00,57.63,58.16,57.4,57.96,6215452
2015-07-17 16:00:00-04:00,58.08,58.49,57.45,57.67,9044845
2015-07-20 16:00:00-04:00,57.38,57.52,55.78,55.94,8322619
2015-07-21 16:00:00-04:00,55.67,56.0,54.36,54.7,10924043
2015-07-22 16:00:00-04:00,54.29,54.81,53.23,53.54,6150178
2015-07-23 16:00:00-04:00,53.52,54.0,52.83,52.94,5747161
2015-07-24 16:00:00-04:00,52.93,53.5,52.43,52.64,5346322
2015-07-27 16:00:00-04:00,52.3,52.47,51.39,51.89,8250996
2015-07-28 16:00:00-04:00,52.03,53.707,51.34,53.11,6248778
2015-07-29 16:00:00-04:00,52.84,54.14,52.665,54.01,5606221
2015-07-30 16:00:00-04:00,53.92,53.92,52.89,52.98,3934863
2015-07-31 16:00:00-04:00,52.95,53.61,52.34,52.48,6839018
2015-08-03 16:00:00-04:00,52.52,52.74,51.32,51.65,6339131
2015-08-04 16:00:00-04:00,51.97,52.25,50.69,51.26,5661933
2015-08-05 16:00:00-04:00,52.28,52.65,48.6486,49.16,12589717
2015-08-06 16:00:00-04:00,48.72,49.805,46.85,48.53,9119474
2015-08-07 16:00:00-04:00,48.35,49.67,48.328,48.8,5060020
2015-08-10 16:00:00-04:00,48.93,50.09,48.93,49.89,4340439
2015-08-11 16:00:00-04:00,48.95,50.03,48.52,49.98,4698806
2015-08-12 16:00:00-04:00,50.04,51.2,49.09,51.11,5385543
2015-08-13 16:00:00-04:00,50.98,51.559,50.54,51.32,5337044
2015-08-14 16:00:00-04:00,51.76,52.62,51.6,52.23,6144352
2015-08-17 16:00:00-04:00,52.67,55.42,52.55,54.9,12597978
2015-08-18 16:00:00-04:00,54.24,55.0,53.65,53.86,5548518
2015-08-19 16:00:00-04:00,53.85,54.37,52.36,53.01,6665484
2015-08-20 16:00:00-04:00,52.88,53.49,50.65,50.7,6043650
2015-08-21 16:00:00-04:00,50.22,51.116,49.65,49.65,9642021
2015-08-24 16:00:00-04:00,45.9,48.89,43.33,46.74,13672486
2015-08-25 16:00:00-04:00,48.33,48.51,44.64,44.67,10071682
2015-08-26 16:00:00-04:00,45.83,46.15,44.5,45.67,8981540
2015-08-27 16:00:00-04:00,46.62,47.81,46.38,47.68,12605630
2015-08-28 16:00:00-04:00,47.5,49.5,47.19,48.92,7485833
2015-08-31 16:00:00-04:00,48.29,49.11,47.54,48.2,6528075
2015-09-01 16:00:00-04:00,46.87,47.78,45.66,46.01,8380599
2015-09-02 16:00:00-04:00,46.64,47.23,45.23,47.21,7952102
2015-09-03 16:00:00-04:00,47.465,48.47,47.05,47.35,7260800
2015-09-04 16:00:00-04:00,46.65,47.33,46.155,46.42,5004271
2015-09-08 16:00:00-04:00,47.2,47.275,46.34,47.07,4541357
2015-09-09 16:00:00-04:00,47.48,47.79,45.91,46.01,6757360
2015-09-10 16:00:00-04:00,45.41,45.87,43.19,44.27,14563143
2015-09-11 16:00:00-04:00,43.66,43.77,41.61,42.97,13317568
2015-09-14 16:00:00-04:00,42.92,42.97,41.62,42.27,7770600
2015-09-15 16:00:00-04:00,42.5,43.76,42.44,43.57,6698698
2015-09-16 16:00:00-04:00,44.03,46.44,43.33,45.86,15495017
2015-09-17 16:00:00-04:00,46.42,47.05,45.32,45.71,8790133
2015-09-18 16:00:00-04:00,45.96,46.94,44.98,46.14,16349006
2015-09-21 16:00:00-04:00,46.14,46.85,45.78,46.37,8908857
2015-09-22 16:00:00-04:00,45.01,45.83,44.32,44.52,7525683
2015-09-23 16:00:00-04:00,44.78,45.15,42.28,42.47,9054603
2015-09-24 16:00:00-04:00,42.68,42.88,39.62,41.82,12958959
2015-09-25 16:00:00-04:00,42.27,42.88,41.03,41.6,6422494
2015-09-28 16:00:00-04:00,39.57,40.0,36.28,36.56,30782339
2015-09-29 16:00:00-04:00,36.82,37.17,34.64,34.93,19601649
2015-09-30 16:00:00-04:00,35.74,37.18,35.01,36.85,17477852
2015-10-01 16:00:00-04:00,37.24,39.1,36.88,38.98,13760640
2015-10-02 16:00:00-04:00,38.2,41.12,37.77,41.02,9211789
2015-10-05 16:00:00-04:00,41.41,42.28,40.95,41.56,8965922
2015-10-06 16:00:00-04:00,41.65,42.9,41.4,42.12,10028148
2015-10-07 16:00:00-04:00,42.6,43.63,42.2,43.56,12984079
2015-10-08 16:00:00-04:00,43.18,44.51,43.09,43.8,10167666
2015-10-09 16:00:00-04:00,44.14,44.21,43.1035,43.83,7794724
2015-10-12 16:00:00-04:00,43.92,44.14,42.31,42.54,6156421
2015-10-13 16:00:00-04:00,42.21,43.03,41.34,41.4,6696748
2015-10-14 16:00:00-04:00,41.49,41.98,40.73,40.97,9965741
2015-10-15 16:00:00-04:00,41.08,41.8,40.5,41.65,8210029
2015-10-16 16:00:00-04:00,41.97,42.61,41.52,42.28,5113078
2015-10-19 16:00:00-04:00,41.63,42.48,40.93,41.93,4872890
2015-10-20 16:00:00-04:00,41.47,42.17,41.3,41.46,5211450
2015-10-21 16:00:00-04:00,41.46,41.66,40.1,40.48,5872967
2015-10-22 16:00:00-04:00,40.41,40.64,39.47,39.81,9185039
2015-10-23 16:00:00-04:00,39.64,40.16,39.05,39.2,6632404
2015-10-26 16:00:00-04:00,39.23,39.23,37.41,37.57,8574304
2015-10-27 16:00:00-04:00,37.03,37.53,36.6,37.47,6919084
2015-10-28 16:00:00-04:00,37.56,39.18,37.46,38.3,8996598
2015-10-29 16:00:00-04:00,38.03,38.79,37.65,38.3,6391090
2015-10-30 16:00:00-04:00,38.51,39.98,38.17,39.44,7895805
2015-11-02 16:00:00-05:00,39.1,40.31,39.05,39.57,6495213
2015-11-03 16:00:00-05:00,39.77,40.76,39.5499,40.28,4741855
2015-11-04 16:00:00-05:00,40.25,40.29,38.37,38.93,11144274
2015-11-05 16:00:00-05:00,38.83,39.03,37.2414,38.25,8280798
2015-11-06 16:00:00-05:00,37.88,38.105,37.13,37.98,4801741
2015-11-09 16:00:00-05:00,37.81,38.3,36.84,36.95,5546579
2015-11-10 16:00:00-05:00,36.81,37.14,36.19,36.81,3469905
2015-11-11 16:00:00-05:00,36.77,36.87,35.59,36.35,5975365
2015-11-12 16:00:00-05:00,35.86,36.0,34.84,35.1,5714535
2015-11-13 16:00:00-05:00,34.86,35.47,33.48,35.1,7547468
2015-11-16 16:00:00-05:00,35.1,37.42,34.92,37.31,6829775
2015-11-17 16:00:00-05:00,37.26,38.24,36.45,37.56,7702461
2015-11-18 16:00:00-05:00,37.71,38.43,37.41,38.1,5385494
2015-11-19 16:00:00-05:00,37.73,38.33,36.985,37.72,10321820
2015-11-20 16:00:00-05:00,37.58,38.11,36.55,36.82,10598743
2015-11-23 16:00:00-05:00,36.74,37.54,36.44,36.65,10878499
2015-11-24 16:00:00-05:00,36.68,37.59,36.65,37.14,13209361
2015-11-25 16:00:00-05:00,36.9,37.181,36.06,36.44,5347973
2015-11-27 16:00:00-05:00,36.09,36.38,35.85,36.14,2312250
2015-11-30 16:00:00-05:00,36.21,36.65,35.9,36.56,5517437
2015-12-01 16:00:00-05:00,36.69,36.97,36.12,36.66,6368319
2015-12-02 16:00:00-05:00,36.29,36.38,34.821,35.4,8621875
2015-12-03 16:00:00-05:00,35.61,35.62,33.135,33.26,11994820
2015-12-04 16:00:00-05:00,33.09,33.09,30.76,31.11,16569477
2015-12-07 16:00:00-05:00,29.55,29.71,25.63,26.97,25801436
2015-12-08 16:00:00-05:00,26.12,28.43,25.52,27.24,18099126
2015-12-09 16:00:00-05:00,26.97,29.16,26.71,28.94,16909227
2015-12-10 16:00:00-05:00,28.57,29.94,28.5,29.68,11899053
2015-12-11 16:00:00-05:00,28.89,29.01,26.24,26.42,12372666
2015-12-14 16:00:00-05:00,26.22,26.31,25.08,25.57,8841502
2015-12-15 16:00:00-05:00,25.84,26.61,25.69,25.84,12861123
2015-12-16 16:00:00-05:00,25.42,26.15,25.36,25.81,9425133
2015-12-17 16:00:00-05:00,25.76,25.99,23.57,23.7,13430357
2015-12-18 16:00:00-05:00,23.92,24.19,21.5,21.54,31978034
2015-12-21 16:00:00-05:00,21.64,22.09,20.95,22.0,20453848
2015-12-22 16:00:00-05:00,21.99,23.4,21.97,22.57,25095002
2015-12-23 16:00:00-05:00,23.02,25.44,23.0,25.34,27406766
2015-12-24 16:00:00-05:00,25.43,25.8,24.75,24.91,10222072
2015-12-28 16:00:00-05:00,24.66,25.02,23.97,24.81,10681303
2015-12-29 16:00:00-05:00,25.11,25.71,24.4,24.87,9578231
2015-12-30 16:00:00-05:00,24.26,24.89,23.83,24.41,10638054
2015-12-31 16:00:00-05:00,24.12,25.82,24.05,25.7,10001209
2016-01-04 16:00:00-05:00,25.52,26.59,25.32,26.24,10972367
2016-01-05 16:00:00-05:00,26.41,26.68,25.91,26.33,12394345
2016-01-06 16:00:00-05:00,25.54,25.74,22.9,22.9,16953349
2016-01-07 16:00:00-05:00,22.21,22.8,20.6,20.61,12550617
2016-01-08 16:00:00-05:00,21.06,21.2276,19.47,20.31,18822012
2016-01-11 16:00:00-05:00,20.31,20.49,18.31,18.69,17669588
2016-01-12 16:00:00-05:00,18.93,19.2199,15.19,16.54,49491580
2016-01-13 16:00:00-05:00,16.48,16.54,12.77,13.61,51997191
2016-01-14 16:00:00-05:00,13.42,18.44,13.2401,18.29,42502635
2016-01-15 16:00:00-05:00,15.78,18.0,15.62,16.1,24009065
2016-01-19 16:00:00-05:00,16.56,17.65,15.41,15.78,22936315
2016-01-20 16:00:00-05:00,15.185,15.71,14.13,15.49,15835076
2016-01-21 16:00:00-05:00,15.44,16.79,15.25,16.04,17350827
2016-01-22 16:00:00-05:00,16.91,19.85,16.87,19.74,29898543
2016-01-25 16:00:00-05:00,19.31,21.79,18.24,18.31,20351981
2016-01-26 16:00:00-05:00,18.94,20.66,18.28,20.42,18444419
2016-01-27 16:00:00-05:00,20.27,20.43,18.25,19.27,24772867
2016-01-28 16:00:00-05:00,20.41,21.08,19.03,19.29,17340667
2016-01-29 16:00:00-05:00,19.45,19.84,18.58,19.3,14937853
2016-02-01 16:00:00-05:00,18.89,19.85,18.11,19.51,14098157
2016-02-02 16:00:00-05:00,18.85,19.46,18.5,18.69,10481607
2016-02-03 16:00:00-05:00,19.02,19.23,17.13,18.41,15408256
2016-02-04 16:00:00-05:00,18.53,19.11,17.8,18.75,11551651
2016-02-05 16:00:00-05:00,18.51,18.57,16.955,17.12,11435482
2016-02-08 16:00:00-05:00,14.93,15.0,10.22,11.16,62256964
2016-02-09 16:00:00-05:00,11.26,12.15,11.0,11.98,27005994
2016-02-10 16:00:00-05:00,11.56,13.78,11.29,12.85,18321789
2016-02-11 16:00:00-05:00,12.08,13.98,11.76,13.29,16230265
2016-02-12 16:00:00-05:00,13.6,14.5,13.0,13.47,8537947
2016-02-16 16:00:00-05:00,13.88,15.05,13.81,15.01,12169303
2016-02-17 16:00:00-05:00,15.43,15.995,15.06,15.69,9671810
2016-02-18 16:00:00-05:00,15.72,16.29,14.81,15.92,11987998
2016-02-19 16:00:00-05:00,15.59,15.75,15.0,15.51,8545588
2016-02-22 16:00:00-05:00,15.95,16.3949,15.64,16.15,8653477
2016-02-23 16:00:00-05:00,16.05,16.1299,15.41,15.6,8972503
2016-02-24 16:00:00-05:00,15.29,16.7,14.7,16.63,7267262
2016-02-25 16:00:00-05:00,15.75,16.85,14.92,16.03,19203426
2016-02-26 16:00:00-05:00,16.35,16.79,15.5,15.64,10839781
2016-02-29 16:00:00-05:00,15.75,16.55,15.55,15.99,11445887
2016-03-01 16:00:00-05:00,16.14,16.59,15.78,16.55,6147808
2016-03-02 16:00:00-05:00,16.59,17.24,16.32,17.13,7216433
2016-03-03 16:00:00-05:00,17.08,18.15,17.07,18.09,7094222
2016-03-04 16:00:00-05:00,18.63,19.35,18.5,19.15,16713480
2016-03-07 16:00:00-05:00,19.32,19.9,18.795,19.06,14091094
2016-03-08 16:00:00-05:00,18.89,18.95,17.15,17.26,17309129
2016-03-09 16:00:00-05:00,17.68,18.2,17.3,17.96,12570801
2016-03-10 16:00:00-05:00,17.25,17.2999,14.84,15.89,36163690
2016-03-11 16:00:00-05:00,16.41,16.66,15.9201,16.01,12218938
2016-03-14 16:00:00-04:00,15.92,16.77,15.71,16.5,9233270
2016-03-15 16:00:00-04:00,16.14,16.18,15.53,16.15,9076516
2016-03-16 16:00:00-04:00,16.2,17.535,16.2,17.44,9901624
2016-03-17 16:00:00-04:00,17.781,18.21,17.17,17.76,9429685
2016-03-18 16:00:00-04:00,18.12,18.38,17.82,18.15,15556086
2016-03-21 16:00:00-04:00,17.99,18.02,17.21,17.35,6444831
2016-03-22 16:00:00-04:00,17.17,17.71,16.95,17.63,6730578
2016-03-23 16:00:00-04:00,17.74,17.88,15.95,16.26,9436032
2016-03-24 16:00:00-04:00,15.79,15.8,14.85,15.35,16642566
2016-03-28 16:00:00-04:00,15.77,15.88,15.08,15.14,9717644
2016-03-29 16:00:00-04:00,14.91,15.79,14.65,15.7,6496187
2016-03-30 16:00:00-04:00,15.9,16.49,15.65,15.66,7741434
2016-03-31 16:00:00-04:00,15.69,16.12,15.41,16.07,7519280
2016-04-01 16:00:00-04:00,15.7,16.32,15.4,15.52,8531444
2016-04-04 16:00:00-04:00,15.42,15.71,15.2,15.21,7139756
2016-04-05 16:00:00-04:00,15.09,15.2,14.615,14.81,7655148
2016-04-06 16:00:00-04:00,14.99,15.8,14.6,15.49,12888906
2016-04-07 16:00:00-04:00,15.39,16.02,15.3701,15.71,11947917
2016-04-08 16:00:00-04:00,16.15,16.75,15.93,16.24,16698187
2016-04-11 16:00:00-04:00,16.37,17.51,16.37,17.06,28292424
2016-04-12 16:00:00-04:00,17.19,17.865,16.8,17.71,10701708
2016-04-13 16:00:00-04:00,17.63,18.39,17.42,18.35,9296787
2016-04-14 16:00:00-04:00,18.58,18.58,17.6006,17.77,8660728
2016-04-15 16:00:00-04:00,17.57,17.94,17.36,17.55,6250874
2016-04-18 16:00:00-04:00,16.96,17.88,15.32,16.68,34735159
2016-04-19 16:00:00-04:00,16.9,18.05,16.84,18.01,15846609
2016-04-20 16:00:00-04:00,17.83,19.15,17.57,18.83,20932021
2016-04-21 16:00:00-04:00,18.9,19.59,18.62,19.14,15677767
2016-04-22 16:00:00-04:00,19.27,19.8166,19.14,19.54,10004307
2016-04-25 16:00:00-04:00,19.59,19.8,18.61,19.06,5966183
2016-04-26 16:00:00-04:00,19.25,19.7,18.97,19.39,8524727
2016-04-27 16:00:00-04:00,19.56,20.57,19.56,20.0,16131898
2016-04-28 16:00:00-04:00,20.11,20.57,19.58,19.64,8023849
2016-04-29 16:00:00-04:00,19.88,20.14,18.65,19.39,8823411
2016-05-02 16:00:00-04:00,19.37,19.37,18.46,18.81,9293952
2016-05-03 16:00:00-04:00,18.85,19.46,18.45,19.39,9146281
2016-05-04 16:00:00-04:00,19.11,19.43,18.35,19.24,9653328
2016-05-05 16:00:00-04:00,18.42,20.63,18.41,20.57,14747259
2016-05-06 16:00:00-04:00,20.52,21.0,19.69,19.7,9335391
2016-05-09 16:00:00-04:00,19.36,19.45,18.55,18.94,9214450
2016-05-10 16:00:00-04:00,19.02,19.58,18.84,19.14,5430155
2016-05-11 16:00:00-04:00,19.32,19.9,18.82,19.5,5553185
2016-05-12 16:00:00-04:00,19.83,19.98,18.89,19.05,6429905
2016-05-13 16:00:00-04:00,18.92,19.87,18.85,19.35,13751330
2016-05-16 16:00:00-04:00,19.45,20.65,19.45,20.59,17334134
2016-05-17 16:00:00-04:00,20.59,21.97,20.44,21.51,11852630
2016-05-18 16:00:00-04:00,21.5,21.76,20.66,20.83,7503202
2016-05-19 16:00:00-04:00,20.43,21.59,20.11,21.54,10950299
2016-05-20 16:00:00-04:00,21.85,22.26,21.66,22.15,12598966
2016-05-23 16:00:00-04:00,21.96,22.21,20.9,21.95,11324966
2016-05-24 16:00:00-04:00,22.03,22.3,21.445,22.13,14902881
2016-05-25 16:00:00-04:00,22.3,22.33,20.94,21.25,15267820
2016-05-26 16:00:00-04:00,21.43,21.51,20.67,20.81,9021968
2016-05-27 16:00:00-04:00,20.69,21.56,20.52,21.48,7874994
2016-05-31 16:00:00-04:00,21.66,23.0,21.66,22.16,10498431
2016-06-01 16:00:00-04:00,21.84,22.7,21.66,22.59,7214206
2016-06-02 16:00:00-04:00,22.26,22.87,22.0101,22.6,5449181
2016-06-03 16:00:00-04:00,22.71,22.91,22.22,22.83,4765240
2016-06-06 16:00:00-04:00,23.2,23.7,22.9301,23.38,8687660
2016-06-07 16:00:00-04:00,23.68,23.89,23.26,23.57,7338411
2016-06-08 16:00:00-04:00,23.41,23.63,22.79,23.18,7497962
2016-06-09 16:00:00-04:00,22.92,23.59,22.78,23.28,7747120
2016-06-10 16:00:00-04:00,22.79,22.86,21.85,22.04,8063423
2016-06-13 16:00:00-04:00,21.76,22.29,21.63,21.8,5986318
2016-06-14 16:00:00-04:00,21.67,22.04,20.99,21.18,9003483
2016-06-15 16:00:00-04:00,21.0,22.52,20.88,21.77,11692987
2016-06-16 16:00:00-04:00,20.94,22.25,20.545,22.13,13474667
2016-06-17 16:00:00-04:00,22.3,22.82,22.2,22.53,11845700
2016-06-20 16:00:00-04:00,22.69,22.91,21.65,22.32,17733725
2016-06-21 16:00:00-04:00,22.25,22.9,20.04,21.67,36802483
2016-06-22 16:00:00-04:00,21.61,21.63,20.75,20.76,8879704
2016-06-23 16:00:00-04:00,21.1,21.83,20.67,21.78,11725552
2016-06-24 16:00:00-04:00,20.5,21.7,20.47,21.31,20533696
2016-06-27 16:00:00-04:00,20.88,21.15,19.6,20.0,15907330
2016-06-28 16:00:00-04:00,20.57,21.0,20.35,20.64,8736876
2016-06-29 16:00:00-04:00,20.92,20.98,19.96,20.84,17280020
2016-06-30 16:00:00-04:00,20.61,21.73,20.55,21.63,14657045
2016-07-01 16:00:00-04:00,20.5,21.0,20.22,20.56,17743602
2016-07-05 16:00:00-04:00,20.34,20.54,19.68,20.09,10259923
2016-07-06 16:00:00-04:00,20.0,20.44,19.78,20.44,13480998
2016-07-07 16:00:00-04:00,20.42,21.34,20.16,20.35,9616300
2016-07-08 16:00:00-04:00,20.55,21.115,20.44,20.99,7719617
2016-07-11 16:00:00-04:00,21.19,21.36,20.62,20.73,8230009
2016-07-12 16:00:00-04:00,21.08,22.22,21.05,21.89,11458946
2016-07-13 16:00:00-04:00,22.72,23.0,21.595,22.23,13111359
2016-07-14 16:00:00-04:00,22.5,23.78,22.22,23.6,17948316
2016-07-15 16:00:00-04:00,23.82,24.29,22.87,23.44,15355860
2016-07-18 16:00:00-04:00,23.94,24.76,23.33,24.57,14771079
2016-07-19 16:00:00-04:00,24.49,25.0,24.14,24.99,13940739
2016-07-20 16:00:00-04:00,24.88,25.35,24.34,25.13,12277466
2016-07-21 16:00:00-04:00,25.43,25.438,24.62,24.67,16357071
2016-07-22 16:00:00-04:00,24.66,24.88,24.24,24.52,6445431
2016-07-25 16:00:00-04:00,24.39,24.495,23.48,23.63,10230536
2016-07-26 16:00:00-04:00,23.55,23.85,23.36,23.56,6192242
2016-07-27 16:00:00-04:00,23.79,24.07,23.1,23.28,8034166
2016-07-28 16:00:00-04:00,23.29,23.38,22.89,23.08,7244033
2016-07-29 16:00:00-04:00,22.99,24.195,22.62,23.97,9698236
2016-08-01 16:00:00-04:00,23.67,23.67,22.39,22.53,13007230
2016-08-02 16:00:00-04:00,23.54,24.38,23.14,23.96,36320147
2016-08-03 16:00:00-04:00,24.23,26.2,23.83,25.67,26952654
2016-08-04 16:00:00-04:00,25.6,25.75,24.77,24.98,15330689
2016-08-05 16:00:00-04:00,25.26,25.85,24.62,25.63,14012406
2016-08-08 16:00:00-04:00,25.86,26.23,25.67,25.93,11629720
2016-08-09 16:00:00-04:00,25.96,26.179,25.775,25.83,11038358
2016-08-10 16:00:00-04:00,25.75,25.92,25.02,25.39,8524099
2016-08-11 16:00:00-04:00,25.9,26.4,25.522,26.32,11634102
2016-08-12 16:00:00-04:00,26.25,26.489,25.96,26.21,7407691
2016-08-15 16:00:00-04:00,26.44,26.78,26.34,26.59,6664235
2016-08-16 16:00:00-04:00,26.62,26.99,26.23,26.29,7913260
2016-08-17 16:00:00-04:00,26.11,26.45,25.67,26.06,5567634
2016-08-18 16:00:00-04:00,26.15,29.09,26.13,28.11,22242870
2016-08-19 16:00:00-04:00,27.95,28.0,27.43,27.68,13763721
2016-08-22 16:00:00-04:00,27.24,27.91,26.89,27.43,11178725
2016-08-23 16:00:00-04:00,27.57,28.69,27.41,28.56,13232281
2016-08-24 16:00:00-04:00,28.4,28.49,27.87,28.06,10596051
2016-08-25 16:00:00-04:00,28.0,28.25,27.715,27.87,6170295
2016-08-26 16:00:00-04:00,28.04,28.2,27.5,27.83,6801836
2016-08-29 16:00:00-04:00,27.73,28.21,27.62,28.06,6221928
2016-08-30 16:00:00-04:00,28.38,28.38,27.83,28.01,6001665
2016-08-31 16:00:00-04:00,27.94,28.1,27.55,27.94,8161388
2016-09-01 16:00:00-04:00,27.77,28.23,27.5,28.15,12462521
2016-09-02 16:00:00-04:00,28.4,28.75,28.17,28.4,5897392
2016-09-06 16:00:00-04:00,28.47,29.3,28.47,29.16,12124535
2016-09-07 16:00:00-04:00,29.17,30.515,29.01,30.34,13727078
2016-09-08 16:00:00-04:00,30.59,31.43,30.31,31.15,13070965
2016-09-09 16:00:00-04:00,29.85,30.65,29.78,30.04,14000806
2016-09-12 16:00:00-04:00,29.72,30.64,29.52,30.42,8581676
2016-09-13 16:00:00-04:00,29.88,30.28,29.68,29.75,8797375
2016-09-14 16:00:00-04:00,29.54,30.1629,29.32,29.74,9018554
2016-09-15 16:00:00-04:00,29.93,30.28,29.72,29.84,5393607
2016-09-16 16:00:00-04:00,29.33,30.0,29.3,29.76,13203018
2016-09-19 16:00:00-04:00,30.17,30.51,29.89,30.0,5223430
2016-09-20 16:00:00-04:00,29.88,30.15,29.72,29.75,5819948
2016-09-21 16:00:00-04:00,30.25,31.11,30.24,30.99,8335348
2016-09-22 16:00:00-04:00,31.27,31.3,30.5201,30.66,4939759
2016-09-23 16:00:00-04:00,30.52,31.0,30.16,30.34,4607352
2016-09-26 16:00:00-04:00,30.62,31.04,30.23,30.36,6612294
2016-09-27 16:00:00-04:00,30.04,30.71,29.83,30.65,6915139
2016-09-28 16:00:00-04:00,30.83,31.07,30.02,31.0,9112530
2016-09-29 16:00:00-04:00,30.85,30.88,30.05,30.39,10114821
2016-09-30 16:00:00-04:00,30.79,30.97,30.39,30.73,6703484
2016-10-03 16:00:00-04:00,30.81,30.93,30.41,30.63,4293904
2016-10-04 16:00:00-04:00,30.72,30.81,29.94,30.21,4527690
2016-10-05 16:00:00-04:00,30.58,30.9,30.45,30.53,5005711
2016-10-06 16:00:00-04:00,30.59,30.83,30.19,30.51,5901608
2016-10-07 16:00:00-04:00,30.58,30.73,30.31,30.38,4270504
2016-10-10 16:00:00-04:00,30.73,30.76,30.42,30.57,4721535
2016-10-11 16:00:00-04:00,30.42,30.45,29.71,30.3,5611081
2016-10-12 16:00:00-04:00,30.39,30.39,29.57,29.89,5578109
2016-10-13 16:00:00-04:00,29.77,30.239,28.9,29.2,11575691
2016-10-14 16:00:00-04:00,29.53,29.72,29.07,29.13,6552828
2016-10-17 16:00:00-04:00,29.15,29.2,28.87,29.07,5038661
2016-10-18 16:00:00-04:00,29.47,29.565,28.89,29.24,4194423
2016-10-19 16:00:00-04:00,29.44,30.54,29.24,30.05,9651061
2016-10-20 16:00:00-04:00,29.93,30.33,29.58,30.18,7060017
2016-10-21 16:00:00-04:00,29.9,30.47,29.79,30.23,6061998
2016-10-24 16:00:00-04:00,30.23,30.25,29.575,30.05,4377815
2016-10-25 16:00:00-04:00,29.95,30.21,29.13,29.17,5431181
2016-10-26 16:00:00-04:00,28.83,29.59,28.72,29.56,3523358
2016-10-27 16:00:00-04:00,29.71,30.04,29.25,29.36,5161852
2016-10-28 16:00:00-04:00,29.4,29.9,28.91,29.67,7246958
2016-10-31 16:00:00-04:00,29.48,30.37,28.56,29.2,8394553
2016-11-01 16:00:00-04:00,29.63,29.74,27.81,28.57,7881967
2016-11-02 16:00:00-04:00,28.22,28.485,27.35,28.11,6742268
2016-11-03 16:00:00-04:00,28.27,28.83,28.26,28.45,4137269
2016-11-04 16:00:00-04:00,28.39,29.38,28.26,28.6,3625219
2016-11-07 16:00:00-05:00,29.04,29.51,29.01,29.25,3908311
2016-11-08 16:00:00-05:00,29.01,29.95,28.98,29.84,3309209
2016-11-09 16:00:00-05:00,30.05,31.85,29.97,30.72,11014911
2016-11-10 16:00:00-05:00,30.68,31.18,30.35,30.64,8756537
2016-11-11 16:00:00-05:00,30.33,30.41,29.13,30.1,4936937
2016-11-14 16:00:00-05:00,30.05,30.67,29.61,30.14,8376006
2016-11-15 16:00:00-05:00,30.59,31.2,30.45,30.97,8040682
2016-11-16 16:00:00-05:00,30.77,30.91,30.02,30.29,6026124
2016-11-17 16:00:00-05:00,30.76,30.97,30.03,30.18,5713520
2016-11-18 16:00:00-05:00,30.21,30.5,30.08,30.15,6955952
2016-11-21 16:00:00-05:00,30.59,30.9,29.91,30.52,13312025
2016-11-22 16:00:00-05:00,30.71,30.91,30.3,30.65,6245694
2016-11-23 16:00:00-05:00,30.42,30.96,30.32,30.62,5890568
2016-11-25 13:00:00-05:00,30.49,30.6,29.96,30.09,3218007
2016-11-28 16:00:00-05:00,30.26,30.26,29.2,29.24,6203453
2016-11-29 16:00:00-05:00,28.74,29.19,28.225,28.93,8627454
2016-11-30 16:00:00-05:00,29.82,31.06,29.82,30.7,13158270
2016-12-01 16:00:00-05:00,31.24,31.32,29.855,30.02,6998574
2016-12-02 16:00:00-05:00,30.04,30.9075,29.86,30.83,6815076
2016-12-05 16:00:00-05:00,31.12,31.66,30.88,31.41,8336020
2016-12-06 16:00:00-05:00,31.09,31.53,30.72,31.39,4463329
2016-12-07 16:00:00-05:00,31.17,31.74,30.62,31.6,7348592
2016-12-08 16:00:00-05:00,31.54,31.62,30.275,31.14,8274370
2016-12-09 16:00:00-05:00,31.24,31.28,30.065,30.2,8616591
2016-12-12 16:00:00-05:00,30.75,30.8,29.855,29.93,7663377
2016-12-13 16:00:00-05:00,30.22,30.62,30.0,30.4,6318780
2016-12-14 16:00:00-05:00,30.08,30.17,29.21,29.22,11452513
2016-12-15 16:00:00-05:00,29.14,29.29,28.79,29.12,11653830
2016-12-16 16:00:00-05:00,29.2,30.96,29.16,30.81,15661289
2016-12-19 16:00:00-05:00,31.27,31.345,30.61,30.76,6497229
2016-12-20 16:00:00-05:00,30.77,31.015,30.27,30.35,6797933
2016-12-21 16:00:00-05:00,30.52,30.82,30.38,30.62,6616623
2016-12-22 16:00:00-05:00,30.65,30.8,30.09,30.3,10499545
2016-12-23 16:00:00-05:00,30.25,31.67,30.22,31.56,5986878
2016-12-27 16:00:00-05:00,31.6,31.94,31.28,31.78,4152429
2016-12-28 16:00:00-05:00,31.9,32.21,31.01,31.04,5190225
2016-12-29 16:00:00-05:00,30.92,31.29,30.74,31.01,3432860
2016-12-30 16:00:00-05:00,30.94,31.65,30.89,31.14,3982240
2017-01-03 16:00:00-05:00,31.35,32.02,30.86,31.46,5750551
2017-01-04 16:00:00-05:00,31.46,31.58,31.07,31.36,4273897
2017-01-05 16:00:00-05:00,31.42,31.91,31.26,31.74,7443734
2017-01-06 16:00:00-05:00,31.91,32.69,31.78,32.42,5847221
2017-01-09 16:00:00-05:00,32.06,32.38,31.7,31.93,6145323
2017-01-10 16:00:00-05:00,28.55,28.94,28.46,28.5,105692958
2017-01-11 16:00:00-05:00,28.57,28.85,28.261,28.78,21372116
2017-01-12 16:00:00-05:00,28.84,28.9214,28.55,28.7,13638948
2017-01-13 16:00:00-05:00,28.62,28.81,28.495,28.56,7703767
2017-01-17 16:00:00-05:00,28.75,28.75,27.99,28.44,9665888
2017-01-18 16:00:00-05:00,28.51,28.6,28.0542,28.34,9571972
2017-01-19 16:00:00-05:00,28.33,28.55,28.14,28.45,6709853
2017-01-20 16:00:00-05:00,28.55,28.59,27.99,28.21,11521660
2017-01-23 16:00:00-05:00,28.45,28.48,28.035,28.21,9476681
2017-01-24 16:00:00-05:00,28.29,28.62,28.065,28.48,10927444
2017-01-25 16:00:00-05:00,28.43,28.84,28.36,28.81,7551393
2017-01-26 16:00:00-05:00,28.96,29.23,28.83,28.97,11390516
2017-01-27 16:00:00-05:00,28.78,28.88,28.1,28.5,7952866
2017-01-30 16:00:00-05:00,28.4,28.45,27.75,28.17,7033319
2017-01-31 16:00:00-05:00,28.36,28.9,28.23,28.84,13708862
2017-02-01 16:00:00-05:00,29.0,29.22,28.2,28.33,8535276
2017-02-02 16:00:00-05:00,28.43,28.68,28.03,28.64,4914350
2017-02-03 16:00:00-05:00,28.73,28.99,28.61,28.89,4755408
2017-02-06 16:00:00-05:00,29.3,29.69,29.0,29.18,9897698
2017-02-07 16:00:00-05:00,28.93,29.21,28.455,28.53,5653607
2017-02-08 16:00:00-05:00,28.35,28.541,27.9,28.3,7744958
2017-02-09 16:00:00-05:00,28.55,29.09,28.55,28.67,5639898
2017-02-10 16:00:00-05:00,28.93,28.93,28.39,28.44,6219709
2017-02-13 16:00:00-05:00,28.38,29.08,28.37,29.04,4798129
2017-02-14 16:00:00-05:00,29.01,29.2242,28.65,28.89,10654782
2017-02-15 16:00:00-05:00,28.84,29.105,28.75,28.99,5023455
2017-02-16 16:00:00-05:00,29.1,29.2,27.96,27.99,11752910
2017-02-17 16:00:00-05:00,27.96,28.47,27.95,28.2,6406274
2017-02-21 16:00:00-05:00,28.49,28.965,28.3849,28.87,7566189
2017-02-22 16:00:00-05:00,28.57,28.8,27.71,28.0,15363515
2017-02-23 16:00:00-05:00,28.39,28.53,27.95,28.27,9522991
2017-02-24 16:00:00-05:00,28.15,28.24,27.68,27.97,8715689
2017-02-27 16:00:00-05:00,28.04,28.43,27.95,28.15,9119472
2017-02-28 16:00:00-05:00,28.12,28.83,28.09,28.34,10093383
2017-03-01 16:00:00-05:00,28.78,29.035,28.63,28.79,8215872
2017-03-02 16:00:00-05:00,28.52,29.41,28.37,29.04,9408965
2017-03-03 16:00:00-05:00,29.05,29.88,28.97,29.65,6797536
2017-03-06 16:00:00-05:00,29.52,29.865,29.29,29.83,6454588
2017-03-07 16:00:00-05:00,29.84,29.93,29.175,29.42,7527521
2017-03-08 16:00:00-05:00,29.1,29.2,28.51,28.55,8697600
2017-03-09 16:00:00-05:00,28.39,28.87,28.105,28.85,7369029
2017-03-10 16:00:00-05:00,29.04,29.14,28.68,28.92,7794391
2017-03-13 16:00:00-04:00,28.79,29.11,28.71,28.85,4649166
2017-03-14 16:00:00-04:00,28.52,28.665,28.09,28.11,4882092
2017-03-15 16:00:00-04:00,28.46,28.93,28.28,28.84,6635814
2017-03-16 16:00:00-04:00,28.9,28.94,28.57,28.63,6554163
2017-03-17 16:00:00-04:00,28.66,28.85,28.4733,28.57,12353324
2017-03-20 16:00:00-04:00,28.49,29.02,28.45,28.74,5279228
2017-03-21 16:00:00-04:00,28.88,29.08,28.0,28.36,7804052
2017-03-22 16:00:00-04:00,28.38,28.63,28.1,28.44,5845765
2017-03-23 16:00:00-04:00,28.45,28.59,28.24,28.4,4898274
2017-03-24 16:00:00-04:00,28.58,28.92,28.505,28.69,4886256
2017-03-27 16:00:00-04:00,28.4,28.71,28.25,28.66,4361080
2017-03-28 16:00:00-04:00,28.82,28.98,28.39,28.59,10944920
2017-03-29 16:00:00-04:00,28.59,29.51,28.515,29.34,8425484
2017-03-30 16:00:00-04:00,29.48,29.48,29.03,29.06,13721493
2017-03-31 16:00:00-04:00,29.06,29.69,29.06,29.59,9239803
2017-04-03 16:00:00-04:00,29.6,29.85,29.27,29.84,8659061
2017-04-04 16:00:00-04:00,29.86,29.99,29.54,29.92,4859490
2017-04-05 16:00:00-04:00,30.03,30.33,29.572,29.66,7594432
2017-04-06 16:00:00-04:00,29.82,30.26,29.6303,30.25,5870014
2017-04-07 16:00:00-04:00,30.4,30.6,30.26,30.35,6736946
2017-04-10 16:00:00-04:00,30.53,30.59,30.36,30.52,4685014
2017-04-11 16:00:00-04:00,30.52,30.69,30.2,30.36,4207928
2017-04-12 16:00:00-04:00,30.48,30.69,30.16,30.38,5303783
2017-04-13 16:00:00-04:00,30.42,30.53,29.995,30.06,3898683
2017-04-17 16:00:00-04:00,30.15,30.56,30.11,30.18,5114511
2017-04-18 16:00:00-04:00,30.17,30.56,29.94,30.42,5411685
2017-04-19 16:00:00-04:00,30.46,30.58,30.02,30.23,5757546
2017-04-20 16:00:00-04:00,30.27,30.495,30.04,30.26,4967222
2017-04-21 16:00:00-04:00,30.17,30.24,29.72,30.01,7497355
2017-04-24 16:00:00-04:00,30.19,30.32,29.955,29.98,4966087
2017-04-25 16:00:00-04:00,29.95,30.86,29.87,30.81,10917523
2017-04-26 16:00:00-04:00,30.58,31.02,30.53,30.78,7149115
2017-04-27 16:00:00-04:00,30.59,30.9,30.35,30.75,5240066
2017-04-28 16:00:00-04:00,30.84,30.84,30.44,30.63,5962496
2017-05-01 16:00:00-04:00,30.63,30.86,30.47,30.8,4483708
2017-05-02 16:00:00-04:00,30.74,30.82,30.25,30.33,5965860
2017-05-03 16:00:00-04:00,30.24,30.91,30.16,30.71,10180618
2017-05-04 16:00:00-04:00,30.31,30.5,29.235,29.53,13769529
2017-05-05 16:00:00-04:00,29.52,30.285,29.47,30.25,5970607
2017-05-08 16:00:00-04:00,30.42,30.66,30.075,30.63,5142161
2017-05-09 16:00:00-04:00,30.54,30.589,29.88,30.06,4637619
2017-05-10 16:00:00-04:00,30.28,30.85,30.19,30.76,7436200
2017-05-11 16:00:00-04:00,30.75,30.83,30.21,30.27,7316749
2017-05-12 16:00:00-04:00,30.3,30.44,29.97,30.32,6050229
2017-05-15 16:00:00-04:00,30.83,31.25,30.68,30.78,6649126
2017-05-16 16:00:00-04:00,30.87,30.95,30.485,30.62,2899200
2017-05-17 16:00:00-04:00,30.39,30.55,30.05,30.09,4518283
2017-05-18 16:00:00-04:00,29.76,30.16,29.73,29.9,5336493
2017-05-19 16:00:00-04:00,30.1,30.44,30.005,30.2,7059752
2017-05-22 16:00:00-04:00,30.36,30.42,29.96,30.24,3610789
2017-05-23 16:00:00-04:00,30.33,30.73,30.3,30.49,4019716
2017-05-24 16:00:00-04:00,30.4,30.69,30.04,30.28,4757929
2017-05-25 16:00:00-04:00,30.24,30.62,29.75,29.86,7004092
2017-05-26 16:00:00-04:00,29.88,29.8999,29.4,29.69,5106338
2017-05-30 16:00:00-04:00,29.45,29.56,28.65,28.69,7473742
2017-05-31 16:00:00-04:00,28.45,28.68,28.1,28.6,10644564
2017-06-01 16:00:00-04:00,28.6,29.02,28.6,28.81,3667948
2017-06-02 16:00:00-04:00,28.72,28.9,28.48,28.88,5130810
2017-06-05 16:00:00-04:00,28.72,29.11,28.62,28.99,4525750
2017-06-06 16:00:00-04:00,28.85,29.32,28.79,29.25,5110285
2017-06-07 16:00:00-04:00,28.9,29.19,28.46,28.73,5110418
2017-06-08 16:00:00-04:00,28.62,29.3,28.58,28.93,7809310
2017-06-09 16:00:00-04:00,28.97,29.46,28.94,29.39,4768175
2017-06-12 16:00:00-04:00,29.49,29.61,29.13,29.47,5977616
2017-06-13 16:00:00-04:00,29.44,29.69,29.385,29.55,5917248
2017-06-14 16:00:00-04:00,29.55,29.58,28.56,28.79,5931807
2017-06-15 16:00:00-04:00,28.64,29.01,28.22,28.3,5195126
2017-06-16 16:00:00-04:00,28.52,29.21,28.5,29.12,8328096
2017-06-19 16:00:00-04:00,29.14,29.21,28.74,28.87,3869380
2017-06-20 16:00:00-04:00,28.55,28.55,28.01,28.43,8115814
2017-06-21 16:00:00-04:00,28.58,28.74,27.725,27.85,7249481
2017-06-22 16:00:00-04:00,27.92,28.2,27.65,28.17,5991810
2017-06-23 16:00:00-04:00,28.22,28.78,28.07,28.75,9003049
2017-06-26 16:00:00-04:00,28.76,29.05,28.58,28.97,3844556
2017-06-27 16:00:00-04:00,29.08,29.48,29.05,29.17,7548305
2017-06-28 16:00:00-04:00,29.2,29.84,29.1568,29.75,8364046
2017-06-29 16:00:00-04:00,29.82,30.25,29.72,29.8,11878076
2017-06-30 16:00:00-04:00,29.96,30.425,29.84,30.28,6854375
2017-07-03 13:00:00-04:00,30.49,31.02,30.45,30.83,3062085
2017-07-05 16:00:00-04:00,30.74,30.8,30.22,30.35,6948856
2017-07-06 16:00:00-04:00,30.5,30.77,30.3,30.47,5590599
2017-07-07 16:00:00-04:00,30.46,30.56,30.205,30.41,6245917
2017-07-10 16:00:00-04:00,30.39,30.58,30.26,30.44,4915587
2017-07-11 16:00:00-04:00,30.44,30.51,30.18,30.43,3698109
2017-07-12 16:00:00-04:00,30.82,31.03,30.68,30.79,4098041
2017-07-13 16:00:00-04:00,30.93,31.24,30.8,31.16,3801438
2017-07-14 16:00:00-04:00,31.12,31.63,31.11,31.43,4441069
2017-07-17 16:00:00-04:00,31.4,31.62,31.34,31.44,2592651
2017-07-18 16:00:00-04:00,31.64,31.76,31.14,31.15,4599676
2017-07-19 16:00:00-04:00,31.15,31.34,30.96,31.25,5844619
2017-07-20 16:00:00-04:00,31.47,31.855,31.255,31.43,6070893
2017-07-21 16:00:00-04:00,31.44,31.65,31.29,31.45,5769625
2017-07-24 16:00:00-04:00,31.53,31.77,31.53,31.67,4586143
2017-07-25 16:00:00-04:00,31.97,32.14,31.59,31.6,4716134
2017-07-26 16:00:00-04:00,31.73,32.07,31.55,31.61,4663029
2017-07-27 16:00:00-04:00,31.56,32.015,31.52,31.98,4622626
2017-07-28 16:00:00-04:00,31.92,32.18,31.87,31.99,3464894
2017-07-31 16:00:00-04:00,0.0,0.0,31.58,31.78,3355569
2017-08-01 16:00:00-04:00,31.87,31.94,31.59,31.72,5497202
2017-08-02 16:00:00-04:00,31.5,31.735,31.37,31.64,3942837
2017-08-03 16:00:00-04:00,30.73,31.49,30.5,31.06,5006683
2017-08-04 16:00:00-04:00,31.13,31.2593,30.91,30.98,4362331
2017-08-07 16:00:00-04:00,30.89,31.06,30.65,31.02,5057262
2017-08-08 16:00:00-04:00,30.91,31.11,30.39,30.49,5710441
2017-08-09 16:00:00-04:00,30.53,30.925,30.45,30.63,3547131
2017-08-10 16:00:00-04:00,30.64,30.73,30.01,30.05,3679890
2017-08-11 16:00:00-04:00,30.05,30.25,29.96,30.08,2391786
2017-08-14 16:00:00-04:00,30.21,30.65,30.02,30.11,3854279
2017-08-15 16:00:00-04:00,30.02,30.155,29.74,29.97,6760166
2017-08-16 16:00:00-04:00,30.0,30.02,29.435,29.62,3488406
2017-08-17 16:00:00-04:00,29.44,29.705,29.06,29.08,3442522
2017-08-18 16:00:00-04:00,29.09,29.21,28.76,29.07,4842778
2017-08-21 16:00:00-04:00,29.04,29.13,28.835,29.01,5400470
2017-08-22 16:00:00-04:00,29.12,29.63,29.1,29.5,2909944
2017-08-23 16:00:00-04:00,29.4,29.81,29.4,29.49,4670620
2017-08-24 16:00:00-04:00,29.43,29.63,29.405,29.47,2182394
2017-08-25 16:00:00-04:00,29.55,29.59,29.39,29.39,3669218
2017-08-28 16:00:00-04:00,29.45,29.49,28.92,29.17,3010959
2017-08-29 16:00:00-04:00,28.95,29.225,28.795,29.17,2919044
2017-08-30 16:00:00-04:00,29.1,29.24,28.95,29.13,2932842
2017-08-31 16:00:00-04:00,29.21,29.79,29.1,29.73,3758641
2017-09-01 16:00:00-04:00,29.81,30.22,29.635,30.06,4311890
2017-09-05 16:00:00-04:00,30.17,30.34,29.92,30.15,3707652
2017-09-06 16:00:00-04:00,30.23,30.52,30.08,30.11,6601770
2017-09-07 16:00:00-04:00,29.84,29.99,29.625,29.81,2912238
2017-09-08 16:00:00-04:00,29.71,29.93,29.55,29.69,3272457
2017-09-11 16:00:00-04:00,29.74,30.41,29.71,30.25,4822923
2017-09-12 16:00:00-04:00,30.26,30.51,30.13,30.21,3205891
2017-09-13 16:00:00-04:00,30.33,30.49,30.21,30.42,3078538
2017-09-14 16:00:00-04:00,30.41,30.78,30.3,30.41,6581051
2017-09-15 16:00:00-04:00,30.55,30.59,30.2,30.3,6718454
2017-09-18 16:00:00-04:00,30.25,30.605,30.18,30.58,6099947
2017-09-19 16:00:00-04:00,30.64,30.755,30.48,30.5,3955498
2017-09-20 16:00:00-04:00,30.52,30.74,30.33,30.39,5193543
2017-09-21 16:00:00-04:00,30.34,30.41,29.79,29.99,4455457
2017-09-22 16:00:00-04:00,29.99,30.095,29.77,30.0,2886645
2017-09-25 16:00:00-04:00,30.09,30.755,30.08,30.59,5957350
2017-09-26 16:00:00-04:00,30.5,30.64,30.22,30.23,6027660
2017-09-27 16:00:00-04:00,30.31,30.345,29.905,29.98,3525617
2017-09-28 16:00:00-04:00,29.94,30.0,29.71,30.0,3270111
2017-09-29 16:00:00-04:00,29.86,30.08,29.84,30.01,2996189
2017-10-02 16:00:00-04:00,29.84,30.22,29.75,30.05,3343357
2017-10-03 16:00:00-04:00,30.04,30.38,29.905,30.29,3966601
2017-10-04 16:00:00-04:00,30.28,30.33,29.945,30.04,3600199
2017-10-05 16:00:00-04:00,30.08,30.4,29.95,30.34,2629753
2017-10-06 16:00:00-04:00,30.16,30.31,29.93,30.11,2652045
2017-10-09 16:00:00-04:00,30.14,30.27,30.03,30.06,2257641
2017-10-10 16:00:00-04:00,30.26,30.375,29.925,30.03,3374788
2017-10-11 16:00:00-04:00,30.06,30.085,29.97,29.99,139351
2017-10-12 16:00:00-04:00,29.94,30.3,29.94,30.17,2561563
2017-10-13 16:00:00-04:00,30.38,30.39,29.855,29.87,3711738
2017-10-16 16:00:00-04:00,29.98,30.07,29.86,29.94,2241821
2017-10-17 16:00:00-04:00,29.85,29.96,29.755,29.92,2661042
2017-10-18 16:00:00-04:00,29.93,30.08,29.47,29.69,4727570
2017-10-19 16:00:00-04:00,29.52,29.75,29.31,29.6,3766649
2017-10-20 16:00:00-04:00,29.71,29.72,29.26,29.33,3634942
2017-10-23 16:00:00-04:00,29.3,29.35,28.79,28.84,4587859
2017-10-24 16:00:00-04:00,29.07,29.07,28.58,28.77,4541679
2017-10-25 16:00:00-04:00,28.71,28.81,27.8,28.34,8670043
2017-10-26 16:00:00-04:00,28.34,28.6,28.18,28.41,5617414
2017-10-27 16:00:00-04:00,28.31,28.85,28.095,28.62,6612211
2017-10-30 16:00:00-04:00,28.71,28.97,28.495,28.54,4330525
2017-10-31 16:00:00-04:00,28.43,28.55,28.27,28.5,5526668
2017-11-01 16:00:00-04:00,28.84,29.11,28.69,28.79,6665795
2017-11-02 16:00:00-04:00,28.55,28.78,27.9501,28.11,7214166
2017-11-03 16:00:00-04:00,28.13,28.435,27.91,28.26,3826233
2017-11-06 16:00:00-05:00,28.28,28.82,28.19,28.79,4539194
2017-11-07 16:00:00-05:00,28.68,28.82,28.19,28.77,8228094
2017-11-08 16:00:00-05:00,28.74,28.75,28.23,28.38,6688679
2017-11-09 16:00:00-05:00,28.22,28.93,28.22,28.67,4398884
2017-11-10 16:00:00-05:00,28.66,28.845,28.34,28.62,5926217
2017-11-13 16:00:00-05:00,28.49,28.525,28.175,28.23,3943217
2017-11-14 16:00:00-05:00,28.14,28.17,27.665,27.72,5536433
2017-11-15 16:00:00-05:00,27.5,27.725,27.21,27.5,4466145
2017-11-16 16:00:00-05:00,27.47,27.51,26.98,27.02,4871692
2017-11-17 16:00:00-05:00,27.03,27.35,26.8188,27.26,4270444
2017-11-20 16:00:00-05:00,27.26,27.5,26.97,27.32,3588807
2017-11-21 16:00:00-05:00,27.44,27.62,27.19,27.24,4742689
2017-11-22 16:00:00-05:00,27.33,27.89,27.32,27.75,4854636
2017-11-24 13:00:00-05:00,27.87,28.42,27.8575,28.07,3377363
2017-11-27 16:00:00-05:00,28.0,28.17,27.79,27.98,8213156
2017-11-28 16:00:00-05:00,28.0,28.4,27.81,28.36,8732920
2017-11-29 16:00:00-05:00,28.35,28.49,28.05,28.32,6372715
2017-11-30 16:00:00-05:00,28.47,29.24,28.36,29.05,8075506
2017-12-01 16:00:00-05:00,29.29,29.62,29.116,29.29,6037003
2017-12-04 16:00:00-05:00,29.33,29.49,29.0,29.05,5973525
2017-12-05 16:00:00-05:00,29.16,29.24,28.97,29.07,3888665
2017-12-06 16:00:00-05:00,28.92,28.9925,28.55,28.69,4160958
2017-12-07 16:00:00-05:00,28.37,28.55,28.18,28.47,4848032
2017-12-08 16:00:00-05:00,28.6,28.7,28.215,28.55,8941823
