,Open,High,Low,Close,Volume
1987-12-11 16:00:00-05:00,0.0,14.25,14.0,14.25,1600
1987-12-14 16:00:00-05:00,0.0,14.375,14.25,14.25,7200
1987-12-15 16:00:00-05:00,0.0,14.625,14.0,14.625,17600
1987-12-16 16:00:00-05:00,0.0,15.0,14.625,15.0,4600
1987-12-17 16:00:00-05:00,0.0,15.0,14.75,14.75,5700
1987-12-18 16:00:00-05:00,0.0,15.0,14.75,14.75,2900
1987-12-21 16:00:00-05:00,0.0,15.0,14.875,14.875,5500
1987-12-22 16:00:00-05:00,0.0,15.0,14.75,15.0,12600
1987-12-23 16:00:00-05:00,0.0,15.125,14.875,14.875,4700
1987-12-24 16:00:00-05:00,0.0,15.25,15.0,15.25,1100
1987-12-28 16:00:00-05:00,0.0,15.0,14.625,14.875,7100
1987-12-29 16:00:00-05:00,0.0,15.125,14.75,15.125,3600
1987-12-30 16:00:00-05:00,0.0,15.125,15.0,15.0,3300
1987-12-31 16:00:00-05:00,0.0,15.125,14.875,14.875,4100
1988-01-04 16:00:00-05:00,0.0,15.125,14.875,15.0,2500
1988-01-05 16:00:00-05:00,0.0,15.125,15.0,15.0,7300
1988-01-06 16:00:00-05:00,0.0,15.125,14.875,15.0,2900
1988-01-07 16:00:00-05:00,0.0,15.125,15.0,15.0,2600
1988-01-08 16:00:00-05:00,0.0,15.125,15.0,15.0,1200
1988-01-11 16:00:00-05:00,0.0,15.0,14.75,15.0,2400
1988-01-12 16:00:00-05:00,0.0,15.0,15.0,15.0,200
1988-01-13 16:00:00-05:00,0.0,15.25,15.125,15.25,1800
1988-01-14 16:00:00-05:00,0.0,15.25,15.125,15.25,3200
1988-01-15 16:00:00-05:00,0.0,15.0,15.0,15.0,1600
1988-01-18 16:00:00-05:00,0.0,15.375,15.25,15.375,3100
1988-01-19 16:00:00-05:00,0.0,15.375,15.25,15.25,2200
1988-01-20 16:00:00-05:00,0.0,15.375,15.25,15.25,2000
1988-01-21 16:00:00-05:00,0.0,15.375,15.25,15.375,1600
1988-01-22 16:00:00-05:00,0.0,15.375,15.25,15.25,3000
1988-01-25 16:00:00-05:00,0.0,15.375,15.25,15.375,800
1988-01-26 16:00:00-05:00,0.0,15.375,15.25,15.25,4600
1988-01-27 16:00:00-05:00,0.0,15.25,15.125,15.125,700
1988-01-28 16:00:00-05:00,0.0,15.375,15.25,15.375,1000
1988-01-29 16:00:00-05:00,0.0,15.5,15.375,15.5,2300
1988-02-01 16:00:00-05:00,0.0,15.5,15.5,15.5,700
1988-02-02 16:00:00-05:00,0.0,15.625,15.5,15.625,1300
1988-02-03 16:00:00-05:00,0.0,15.75,15.5,15.75,1400
1988-02-04 16:00:00-05:00,0.0,15.625,15.625,15.625,100
1988-02-05 16:00:00-05:00,0.0,15.875,15.75,15.875,3300
1988-02-08 16:00:00-05:00,0.0,16.0,15.875,15.875,1000
1988-02-09 16:00:00-05:00,0.0,15.75,15.75,15.75,200
1988-02-10 16:00:00-05:00,0.0,15.875,15.75,15.75,1800
1988-02-11 16:00:00-05:00,0.0,16.0,15.75,15.875,2200
1988-02-12 16:00:00-05:00,0.0,15.875,15.625,15.75,6200
1988-02-16 16:00:00-05:00,0.0,15.875,15.625,15.875,4500
1988-02-17 16:00:00-05:00,0.0,16.0,15.75,15.875,1100
1988-02-18 16:00:00-05:00,0.0,16.0,15.75,15.875,4000
1988-02-19 16:00:00-05:00,0.0,16.25,15.75,15.75,4200
1988-02-22 16:00:00-05:00,0.0,15.625,15.25,15.625,3700
1988-02-23 16:00:00-05:00,0.0,15.875,15.5,15.5,1200
1988-02-24 16:00:00-05:00,0.0,15.625,15.375,15.5,2300
1988-02-25 16:00:00-05:00,0.0,15.375,15.0,15.0,2700
1988-02-26 16:00:00-05:00,0.0,15.0,15.0,15.0,400
1988-02-29 16:00:00-05:00,0.0,15.375,15.125,15.375,3900
1988-03-01 16:00:00-05:00,0.0,15.375,15.0,15.0,4600
1988-03-02 16:00:00-05:00,0.0,15.375,15.25,15.25,1900
1988-03-03 16:00:00-05:00,0.0,15.5,15.25,15.5,1200
1988-03-04 16:00:00-05:00,0.0,15.5,15.125,15.125,5300
1988-03-07 16:00:00-05:00,0.0,15.0,14.75,14.75,2400
1988-03-08 16:00:00-05:00,0.0,15.0,14.75,15.0,3100
1988-03-09 16:00:00-05:00,0.0,14.875,14.875,14.875,200
1988-03-10 16:00:00-05:00,0.0,15.0,14.875,14.875,3200
1988-03-11 16:00:00-05:00,0.0,15.125,15.125,15.125,100
1988-03-14 16:00:00-05:00,0.0,15.25,15.0,15.125,1200
1988-03-15 16:00:00-05:00,0.0,15.375,15.125,15.375,4400
1988-03-16 16:00:00-05:00,0.0,15.375,15.375,15.375,1800
1988-03-17 16:00:00-05:00,0.0,15.375,15.25,15.25,900
1988-03-18 16:00:00-05:00,0.0,15.375,15.25,15.25,1700
1988-03-21 16:00:00-05:00,0.0,15.375,15.25,15.375,2300
1988-03-22 16:00:00-05:00,0.0,15.375,15.25,15.25,2100
1988-03-23 16:00:00-05:00,0.0,15.375,15.125,15.375,3500
1988-03-24 16:00:00-05:00,0.0,15.375,15.125,15.25,7600
1988-03-25 16:00:00-05:00,0.0,15.125,15.125,15.125,1300
1988-03-28 16:00:00-05:00,0.0,15.125,15.125,15.125,3300
1988-03-29 16:00:00-05:00,0.0,15.25,15.0,15.0,1700
1988-03-30 16:00:00-05:00,0.0,15.125,14.875,15.0,2300
1988-03-31 16:00:00-05:00,0.0,15.0,15.0,15.0,1900
1988-04-04 16:00:00-04:00,0.0,15.0,14.75,15.0,3100
1988-04-05 16:00:00-04:00,0.0,15.0,14.75,15.0,1800
1988-04-06 16:00:00-04:00,0.0,15.375,15.0,15.375,2300
1988-04-07 16:00:00-04:00,0.0,15.375,15.125,15.375,2600
1988-04-08 16:00:00-04:00,0.0,15.375,15.125,15.375,2000
1988-04-11 16:00:00-04:00,0.0,15.375,15.125,15.375,600
1988-04-12 16:00:00-04:00,0.0,15.375,15.0,15.125,5300
1988-04-13 16:00:00-04:00,0.0,15.375,15.125,15.25,2100
1988-04-14 16:00:00-04:00,0.0,15.25,15.25,15.25,2400
1988-04-15 16:00:00-04:00,0.0,15.5,15.25,15.5,6100
1988-04-18 16:00:00-04:00,0.0,15.375,15.25,15.375,400
1988-04-19 16:00:00-04:00,0.0,15.5,15.25,15.25,4800
1988-04-20 16:00:00-04:00,0.0,15.375,15.25,15.25,1400
1988-04-21 16:00:00-04:00,0.0,15.375,15.25,15.25,900
1988-04-22 16:00:00-04:00,0.0,15.375,15.125,15.25,1900
1988-04-25 16:00:00-04:00,0.0,15.375,15.125,15.25,1500
1988-04-26 16:00:00-04:00,0.0,15.375,15.375,15.375,900
1988-04-27 16:00:00-04:00,0.0,15.375,15.25,15.25,6200
1988-04-28 16:00:00-04:00,0.0,15.25,15.125,15.25,6100
1988-04-29 16:00:00-04:00,0.0,15.125,14.75,14.75,3800
1988-05-02 16:00:00-04:00,0.0,15.125,14.75,15.0,6100
1988-05-03 16:00:00-04:00,0.0,14.875,14.75,14.75,5400
1988-05-04 16:00:00-04:00,0.0,14.875,14.875,14.875,1800
1988-05-05 16:00:00-04:00,0.0,14.75,14.625,14.625,7300
1988-05-06 16:00:00-04:00,0.0,14.625,14.25,14.625,7900
1988-05-09 16:00:00-04:00,0.0,14.75,14.75,14.75,1900
1988-05-10 16:00:00-04:00,0.0,14.75,14.625,14.75,1700
1988-05-11 16:00:00-04:00,0.0,14.875,14.625,14.875,2800
1988-05-12 16:00:00-04:00,0.0,14.875,14.5,14.5,5500
1988-05-13 16:00:00-04:00,0.0,14.625,14.5,14.5,2900
1988-05-16 16:00:00-04:00,0.0,14.75,14.625,14.75,3300
1988-05-17 16:00:00-04:00,0.0,14.875,14.75,14.875,2200
1988-05-18 16:00:00-04:00,0.0,15.0,14.875,15.0,1600
1988-05-19 16:00:00-04:00,0.0,15.0,14.875,14.875,4400
1988-05-20 16:00:00-04:00,0.0,14.875,14.875,14.875,1100
1988-05-23 16:00:00-04:00,0.0,14.75,14.75,14.75,3800
1988-05-24 16:00:00-04:00,0.0,14.75,14.5,14.75,3100
1988-05-25 16:00:00-04:00,0.0,14.875,14.625,14.625,5000
1988-05-26 16:00:00-04:00,0.0,14.875,14.625,14.75,3600
1988-05-27 16:00:00-04:00,0.0,14.625,14.5,14.625,800
1988-05-31 16:00:00-04:00,0.0,14.625,14.5,14.625,800
1988-06-01 16:00:00-04:00,0.0,14.75,14.5,14.75,5400
1988-06-02 16:00:00-04:00,0.0,14.75,14.625,14.75,2100
1988-06-03 16:00:00-04:00,0.0,14.75,14.625,14.75,1800
1988-06-06 16:00:00-04:00,0.0,14.75,14.625,14.625,1500
1988-06-07 16:00:00-04:00,0.0,14.75,14.625,14.75,5000
1988-06-08 16:00:00-04:00,0.0,14.75,14.625,14.75,9000
1988-06-09 16:00:00-04:00,0.0,14.75,14.75,14.75,2400
1988-06-10 16:00:00-04:00,0.0,14.75,14.75,14.75,600
1988-06-13 16:00:00-04:00,0.0,14.875,14.75,14.875,2000
1988-06-14 16:00:00-04:00,0.0,15.0,15.0,15.0,900
1988-06-15 16:00:00-04:00,0.0,15.0,14.625,14.625,2800
1988-06-16 16:00:00-04:00,0.0,14.875,14.625,14.75,7200
1988-06-17 16:00:00-04:00,0.0,14.875,14.625,14.875,4500
1988-06-20 16:00:00-04:00,0.0,15.0,14.625,15.0,4100
1988-06-21 16:00:00-04:00,0.0,14.875,14.625,14.875,10200
1988-06-22 16:00:00-04:00,0.0,14.875,14.625,14.875,4700
1988-06-23 16:00:00-04:00,0.0,15.0,14.875,14.875,3200
1988-06-24 16:00:00-04:00,0.0,15.0,14.875,14.875,3000
1988-06-27 16:00:00-04:00,0.0,15.0,14.875,15.0,2300
1988-06-28 16:00:00-04:00,0.0,15.25,15.0,15.25,1600
1988-06-29 16:00:00-04:00,0.0,15.25,15.125,15.25,5300
1988-06-30 16:00:00-04:00,0.0,15.25,15.125,15.25,1700
1988-07-01 16:00:00-04:00,0.0,15.375,15.25,15.375,2400
1988-07-05 16:00:00-04:00,0.0,15.5,15.375,15.5,2600
1988-07-06 16:00:00-04:00,0.0,15.5,15.375,15.375,4900
1988-07-07 16:00:00-04:00,0.0,15.5,15.375,15.375,8700
1988-07-08 16:00:00-04:00,0.0,15.25,15.125,15.125,2300
1988-07-11 16:00:00-04:00,0.0,15.25,15.125,15.125,4900
1988-07-12 16:00:00-04:00,0.0,15.25,15.0,15.25,2500
1988-07-13 16:00:00-04:00,0.0,15.25,15.125,15.125,1000
1988-07-14 16:00:00-04:00,0.0,15.25,15.0,15.0,3000
1988-07-15 16:00:00-04:00,0.0,15.25,15.125,15.125,900
1988-07-18 16:00:00-04:00,0.0,15.25,15.125,15.25,3600
1988-07-19 16:00:00-04:00,0.0,15.25,15.125,15.25,9700
1988-07-20 16:00:00-04:00,0.0,15.25,15.125,15.25,7900
1988-07-21 16:00:00-04:00,0.0,15.5,15.25,15.375,8200
1988-07-22 16:00:00-04:00,0.0,15.375,15.25,15.25,13500
1988-07-25 16:00:00-04:00,0.0,15.375,15.25,15.25,3600
1988-07-26 16:00:00-04:00,0.0,15.125,15.125,15.125,1700
1988-07-27 16:00:00-04:00,0.0,15.25,15.125,15.25,6300
1988-07-28 16:00:00-04:00,0.0,15.25,15.125,15.125,3000
1988-07-29 16:00:00-04:00,0.0,15.25,15.25,15.25,200
1988-08-01 16:00:00-04:00,0.0,15.25,15.125,15.25,1900
1988-08-02 16:00:00-04:00,0.0,15.25,15.0,15.0,6600
1988-08-03 16:00:00-04:00,0.0,15.125,15.0,15.125,2700
1988-08-04 16:00:00-04:00,0.0,15.125,15.0,15.125,2600
1988-08-05 16:00:00-04:00,0.0,15.125,15.125,15.125,1800
1988-08-08 16:00:00-04:00,0.0,15.25,15.125,15.125,2700
1988-08-09 16:00:00-04:00,0.0,15.25,15.125,15.25,1100
1988-08-10 16:00:00-04:00,0.0,15.125,15.0,15.0,600
1988-08-11 16:00:00-04:00,0.0,15.0,15.0,15.0,200
1988-08-12 16:00:00-04:00,0.0,15.125,14.875,15.0,1400
1988-08-15 16:00:00-04:00,0.0,15.125,14.875,15.0,2600
1988-08-16 16:00:00-04:00,0.0,15.25,15.0,15.125,2500
1988-08-17 16:00:00-04:00,0.0,15.25,15.0,15.125,1700
1988-08-18 16:00:00-04:00,0.0,15.375,15.25,15.375,3800
1988-08-19 16:00:00-04:00,0.0,15.375,15.25,15.375,2400
1988-08-22 16:00:00-04:00,0.0,15.5,15.25,15.5,6300
1988-08-23 16:00:00-04:00,0.0,15.125,14.875,14.875,3700
1988-08-24 16:00:00-04:00,0.0,14.875,14.625,14.625,6600
1988-08-25 16:00:00-04:00,0.0,15.0,14.75,15.0,2500
1988-08-26 16:00:00-04:00,0.0,15.0,14.75,15.0,1900
1988-08-29 16:00:00-04:00,0.0,15.125,14.875,14.875,11500
1988-08-30 16:00:00-04:00,0.0,15.125,14.875,15.0,3000
1988-08-31 16:00:00-04:00,0.0,15.25,15.0,15.0,4100
1988-09-01 16:00:00-04:00,0.0,15.125,14.75,14.75,3500
1988-09-02 16:00:00-04:00,0.0,15.0,14.875,15.0,2100
1988-09-06 16:00:00-04:00,0.0,15.0,14.875,14.875,800
1988-09-07 16:00:00-04:00,0.0,15.125,14.875,15.125,4800
1988-09-08 16:00:00-04:00,0.0,15.125,15.0,15.125,900
1988-09-09 16:00:00-04:00,0.0,15.0,14.875,14.875,700
1988-09-12 16:00:00-04:00,0.0,15.0,14.75,14.75,400
1988-09-13 16:00:00-04:00,0.0,15.0,14.75,14.75,1600
1988-09-14 16:00:00-04:00,0.0,15.25,14.75,15.25,20800
1988-09-15 16:00:00-04:00,0.0,15.25,15.125,15.25,1600
1988-09-16 16:00:00-04:00,0.0,15.25,15.125,15.125,1300
1988-09-19 16:00:00-04:00,0.0,15.25,15.0,15.0,2100
1988-09-20 16:00:00-04:00,0.0,15.125,14.875,15.125,1200
1988-09-21 16:00:00-04:00,0.0,15.0,14.875,15.0,2800
1988-09-22 16:00:00-04:00,0.0,15.0,14.875,15.0,1800
1988-09-23 16:00:00-04:00,0.0,15.0,14.625,14.625,3300
1988-09-26 16:00:00-04:00,0.0,15.125,14.75,15.125,4700
1988-09-27 16:00:00-04:00,0.0,15.25,14.875,15.0,1800
1988-09-28 16:00:00-04:00,0.0,14.875,14.875,14.875,800
1988-09-29 16:00:00-04:00,0.0,14.875,14.875,14.875,3600
1988-09-30 16:00:00-04:00,0.0,15.0,14.75,14.75,2900
1988-10-03 16:00:00-04:00,0.0,15.0,14.875,14.875,300
1988-10-04 16:00:00-04:00,0.0,15.0,14.5,15.0,4800
1988-10-05 16:00:00-04:00,0.0,15.25,15.0,15.25,1400
1988-10-06 16:00:00-04:00,0.0,0.0,0.0,15.25,0
1988-10-07 16:00:00-04:00,0.0,15.25,15.125,15.25,2500
1988-10-10 16:00:00-04:00,0.0,15.25,15.125,15.25,9600
1988-10-11 16:00:00-04:00,0.0,15.25,15.0,15.125,2900
1988-10-12 16:00:00-04:00,0.0,15.25,15.125,15.125,2900
1988-10-13 16:00:00-04:00,0.0,15.25,15.25,15.25,400
1988-10-14 16:00:00-04:00,0.0,15.375,15.125,15.25,1000
1988-10-17 16:00:00-04:00,0.0,15.375,15.125,15.125,4000
1988-10-18 16:00:00-04:00,0.0,15.25,15.0,15.125,1600
1988-10-19 16:00:00-04:00,0.0,15.0,15.0,15.0,2200
1988-10-20 16:00:00-04:00,0.0,15.125,14.875,15.0,2100
1988-10-21 16:00:00-04:00,0.0,15.25,15.0,15.25,500
1988-10-24 16:00:00-04:00,0.0,15.25,15.125,15.125,1900
1988-10-25 16:00:00-04:00,0.0,15.375,15.25,15.25,1800
1988-10-26 16:00:00-04:00,0.0,15.125,15.125,15.125,600
1988-10-27 16:00:00-04:00,0.0,15.375,15.125,15.375,500
1988-10-28 16:00:00-04:00,0.0,15.375,15.125,15.125,4000
1988-10-31 16:00:00-05:00,0.0,15.25,15.125,15.125,1800
1988-11-01 16:00:00-05:00,0.0,15.125,15.125,15.125,1600
1988-11-02 16:00:00-05:00,0.0,15.375,15.375,15.375,600
1988-11-03 16:00:00-05:00,0.0,15.375,15.0,15.0,5600
1988-11-04 16:00:00-05:00,0.0,15.375,15.0,15.375,4400
1988-11-07 16:00:00-05:00,0.0,15.375,15.125,15.375,1000
1988-11-08 16:00:00-05:00,0.0,15.25,15.125,15.125,2800
1988-11-09 16:00:00-05:00,0.0,15.25,15.125,15.125,900
1988-11-10 16:00:00-05:00,0.0,15.375,15.125,15.375,3000
1988-11-11 16:00:00-05:00,0.0,15.375,15.375,15.375,200
1988-11-14 16:00:00-05:00,0.0,15.5,15.5,15.5,700
1988-11-15 16:00:00-05:00,0.0,15.75,15.375,15.75,2700
1988-11-16 16:00:00-05:00,0.0,15.75,15.5,15.75,2400
1988-11-17 16:00:00-05:00,0.0,15.75,15.625,15.75,3300
1988-11-18 16:00:00-05:00,0.0,15.125,15.125,15.125,900
1988-11-21 16:00:00-05:00,0.0,15.125,14.875,15.125,2000
1988-11-22 16:00:00-05:00,0.0,15.0,15.0,15.0,1000
1988-11-23 16:00:00-05:00,0.0,15.125,15.125,15.125,600
1988-11-25 16:00:00-05:00,0.0,15.0,15.0,15.0,500
1988-11-28 16:00:00-05:00,0.0,15.125,14.875,15.125,4400
1988-11-29 16:00:00-05:00,0.0,15.125,14.75,14.75,4800
1988-11-30 16:00:00-05:00,0.0,14.875,14.625,14.875,2100
1988-12-01 16:00:00-05:00,0.0,14.875,14.625,14.875,4500
1988-12-02 16:00:00-05:00,0.0,14.75,14.625,14.625,800
1988-12-05 16:00:00-05:00,0.0,14.75,14.625,14.625,2700
1988-12-06 16:00:00-05:00,0.0,15.0,14.625,15.0,5800
1988-12-07 16:00:00-05:00,0.0,15.25,15.0,15.125,3500
1988-12-08 16:00:00-05:00,0.0,15.25,15.0,15.125,4100
1988-12-09 16:00:00-05:00,0.0,15.25,15.0,15.25,2500
1988-12-12 16:00:00-05:00,0.0,15.25,15.125,15.125,4900
1988-12-13 16:00:00-05:00,0.0,15.375,15.125,15.25,4300
1988-12-14 16:00:00-05:00,0.0,15.25,15.0,15.0,5800
1988-12-15 16:00:00-05:00,0.0,15.0,14.75,15.0,1300
1988-12-16 16:00:00-05:00,0.0,15.125,15.0,15.0,6100
1988-12-19 16:00:00-05:00,0.0,15.125,15.0,15.0,3700
1988-12-20 16:00:00-05:00,0.0,15.125,15.0,15.0,3100
1988-12-21 16:00:00-05:00,0.0,15.125,15.0,15.125,1800
1988-12-22 16:00:00-05:00,0.0,15.125,15.0,15.125,3400
1988-12-23 16:00:00-05:00,0.0,15.0,15.0,15.0,200
1988-12-27 16:00:00-05:00,0.0,15.0,15.0,15.0,3500
1988-12-28 16:00:00-05:00,0.0,15.125,15.0,15.0,3600
1988-12-29 16:00:00-05:00,0.0,15.125,15.0,15.0,4800
1988-12-30 16:00:00-05:00,0.0,15.125,15.0,15.0,1300
1989-01-03 16:00:00-05:00,0.0,15.125,14.875,15.125,2700
1989-01-04 16:00:00-05:00,0.0,15.25,15.0,15.25,5600
1989-01-05 16:00:00-05:00,0.0,15.375,15.0,15.0,6000
1989-01-06 16:00:00-05:00,0.0,15.125,14.75,14.75,3200
1989-01-09 16:00:00-05:00,0.0,15.0,14.75,15.0,3200
1989-01-10 16:00:00-05:00,0.0,14.875,14.875,14.875,200
1989-01-11 16:00:00-05:00,0.0,14.875,14.5,14.5,10100
1989-01-12 16:00:00-05:00,0.0,14.875,14.625,14.625,2500
1989-01-13 16:00:00-05:00,0.0,14.875,14.625,14.75,2600
1989-01-16 16:00:00-05:00,0.0,14.875,14.625,14.875,3600
1989-01-17 16:00:00-05:00,0.0,14.875,14.75,14.75,3100
1989-01-18 16:00:00-05:00,0.0,14.875,14.75,14.75,1100
1989-01-19 16:00:00-05:00,0.0,14.875,14.75,14.875,3600
1989-01-20 16:00:00-05:00,0.0,15.0,14.75,15.0,4000
1989-01-23 16:00:00-05:00,0.0,15.0,14.875,14.875,2000
1989-01-24 16:00:00-05:00,0.0,15.125,14.875,14.875,7200
1989-01-25 16:00:00-05:00,0.0,14.875,14.875,14.875,700
1989-01-26 16:00:00-05:00,0.0,15.0,14.75,15.0,4200
1989-01-27 16:00:00-05:00,0.0,14.875,14.875,14.875,600
1989-01-30 16:00:00-05:00,0.0,0.0,0.0,14.875,0
1989-01-31 16:00:00-05:00,0.0,14.75,14.75,14.75,700
1989-02-01 16:00:00-05:00,0.0,14.875,14.625,14.875,5300
1989-02-02 16:00:00-05:00,0.0,14.875,14.75,14.75,1500
1989-02-03 16:00:00-05:00,0.0,15.0,14.75,15.0,2100
1989-02-06 16:00:00-05:00,0.0,15.0,14.875,14.875,2800
1989-02-07 16:00:00-05:00,0.0,14.875,14.875,14.875,1200
1989-02-08 16:00:00-05:00,0.0,15.125,14.875,15.125,2200
1989-02-09 16:00:00-05:00,0.0,14.875,14.75,14.75,3800
1989-02-10 16:00:00-05:00,0.0,15.25,14.75,15.0,5200
1989-02-13 16:00:00-05:00,0.0,14.875,14.875,14.875,800
1989-02-14 16:00:00-05:00,0.0,15.0,14.875,14.875,2400
1989-02-15 16:00:00-05:00,0.0,14.875,14.875,14.875,4500
1989-02-16 16:00:00-05:00,0.0,15.125,14.875,15.125,2900
1989-02-17 16:00:00-05:00,0.0,15.125,14.875,14.875,800
1989-02-21 16:00:00-05:00,0.0,14.375,14.25,14.25,600
1989-02-22 16:00:00-05:00,0.0,14.5,14.25,14.25,3400
1989-02-23 16:00:00-05:00,0.0,14.5,14.25,14.25,2400
1989-02-24 16:00:00-05:00,0.0,14.5,14.25,14.5,1700
1989-02-27 16:00:00-05:00,0.0,14.5,14.25,14.25,1000
1989-02-28 16:00:00-05:00,0.0,14.375,14.25,14.25,2600
1989-03-01 16:00:00-05:00,0.0,14.5,14.25,14.5,5700
1989-03-02 16:00:00-05:00,0.0,14.25,14.125,14.25,4000
1989-03-03 16:00:00-05:00,0.0,14.5,14.25,14.375,2600
1989-03-06 16:00:00-05:00,0.0,14.5,14.375,14.375,3600
1989-03-07 16:00:00-05:00,0.0,14.625,14.375,14.5,2300
1989-03-08 16:00:00-05:00,0.0,14.625,14.375,14.5,1500
1989-03-09 16:00:00-05:00,0.0,14.5,14.375,14.375,2200
1989-03-10 16:00:00-05:00,0.0,14.75,14.375,14.75,5500
1989-03-13 16:00:00-05:00,0.0,14.75,14.375,14.75,13200
1989-03-14 16:00:00-05:00,0.0,14.75,14.5,14.625,2500
1989-03-15 16:00:00-05:00,0.0,15.0,14.5,15.0,5100
1989-03-16 16:00:00-05:00,0.0,15.0,14.75,14.75,3500
1989-03-17 16:00:00-05:00,0.0,14.875,14.625,14.625,2200
1989-03-20 16:00:00-05:00,0.0,14.75,14.5,14.5,5000
1989-03-21 16:00:00-05:00,0.0,14.75,14.375,14.5,1900
1989-03-22 16:00:00-05:00,0.0,14.375,14.375,14.375,400
1989-03-23 16:00:00-05:00,0.0,14.625,14.375,14.625,400
1989-03-27 16:00:00-05:00,0.0,14.75,14.5,14.625,3100
1989-03-28 16:00:00-05:00,0.0,14.75,14.75,14.75,500
1989-03-29 16:00:00-05:00,0.0,14.875,14.5,14.875,800
1989-03-30 16:00:00-05:00,0.0,14.75,14.625,14.625,1100
1989-03-31 16:00:00-05:00,0.0,14.625,14.25,14.25,7700
1989-04-03 16:00:00-04:00,0.0,14.5,14.25,14.25,1600
1989-04-04 16:00:00-04:00,0.0,14.5,14.25,14.25,700
1989-04-05 16:00:00-04:00,0.0,14.5,14.25,14.375,1800
1989-04-06 16:00:00-04:00,0.0,14.75,14.5,14.625,1000
1989-04-07 16:00:00-04:00,0.0,14.5,14.5,14.5,300
1989-04-10 16:00:00-04:00,0.0,14.625,14.5,14.625,2700
1989-04-11 16:00:00-04:00,0.0,14.625,14.375,14.375,2000
1989-04-12 16:00:00-04:00,0.0,14.625,14.25,14.625,4200
1989-04-13 16:00:00-04:00,0.0,14.375,14.25,14.375,1400
1989-04-14 16:00:00-04:00,0.0,14.625,14.25,14.375,2100
1989-04-17 16:00:00-04:00,0.0,14.625,14.375,14.5,3200
1989-04-18 16:00:00-04:00,0.0,14.5,14.25,14.5,1700
1989-04-19 16:00:00-04:00,0.0,0.0,0.0,14.5,0
1989-04-20 16:00:00-04:00,0.0,14.625,14.5,14.5,1900
1989-04-21 16:00:00-04:00,0.0,14.625,14.625,14.625,1500
1989-04-24 16:00:00-04:00,0.0,14.5,14.375,14.375,1700
1989-04-25 16:00:00-04:00,0.0,14.625,14.25,14.625,3400
1989-04-26 16:00:00-04:00,0.0,14.625,14.5,14.5,1700
1989-04-27 16:00:00-04:00,0.0,14.625,14.5,14.625,2500
1989-04-28 16:00:00-04:00,0.0,14.625,14.5,14.5,2900
1989-05-01 16:00:00-04:00,0.0,14.625,14.5,14.625,2200
1989-05-02 16:00:00-04:00,0.0,14.75,14.5,14.625,3800
1989-05-03 16:00:00-04:00,0.0,14.625,14.125,14.125,8200
1989-05-04 16:00:00-04:00,0.0,14.25,14.25,14.25,2000
1989-05-05 16:00:00-04:00,0.0,14.625,14.25,14.625,2500
1989-05-08 16:00:00-04:00,0.0,14.875,14.625,14.875,3000
1989-05-09 16:00:00-04:00,0.0,14.875,14.875,14.875,1600
1989-05-10 16:00:00-04:00,0.0,14.75,14.5,14.5,4000
1989-05-11 16:00:00-04:00,0.0,14.875,14.625,14.625,1000
1989-05-12 16:00:00-04:00,0.0,14.625,14.625,14.625,1300
1989-05-15 16:00:00-04:00,0.0,14.875,14.625,14.625,2200
1989-05-16 16:00:00-04:00,0.0,14.875,14.625,14.75,2200
1989-05-17 16:00:00-04:00,0.0,14.875,14.625,14.75,4200
1989-05-18 16:00:00-04:00,0.0,14.75,14.5,14.625,3000
1989-05-19 16:00:00-04:00,0.0,14.875,14.5,14.875,4000
1989-05-22 16:00:00-04:00,0.0,14.875,14.625,14.875,5800
1989-05-23 16:00:00-04:00,0.0,14.75,14.75,14.75,3500
1989-05-24 16:00:00-04:00,0.0,14.875,14.625,14.625,3100
1989-05-25 16:00:00-04:00,0.0,14.875,14.875,14.875,500
1989-05-26 16:00:00-04:00,0.0,14.75,14.625,14.625,4300
1989-05-30 16:00:00-04:00,0.0,14.625,14.5,14.5,1300
1989-05-31 16:00:00-04:00,0.0,14.625,14.625,14.625,2000
1989-06-01 16:00:00-04:00,0.0,14.875,14.75,14.875,600
1989-06-02 16:00:00-04:00,0.0,14.875,14.75,14.875,1300
1989-06-05 16:00:00-04:00,0.0,14.875,14.625,14.875,4000
1989-06-06 16:00:00-04:00,0.0,14.875,14.75,14.875,3200
1989-06-07 16:00:00-04:00,0.0,15.0,14.875,14.875,1900
1989-06-08 16:00:00-04:00,0.0,15.125,15.0,15.0,4900
1989-06-09 16:00:00-04:00,0.0,15.0,14.875,15.0,1700
1989-06-12 16:00:00-04:00,0.0,15.125,14.875,15.125,5900
1989-06-13 16:00:00-04:00,0.0,15.375,15.0,15.0,21000
1989-06-14 16:00:00-04:00,0.0,15.125,15.0,15.125,1800
1989-06-15 16:00:00-04:00,0.0,15.25,15.0,15.125,4800
1989-06-16 16:00:00-04:00,0.0,15.375,15.125,15.125,4500
1989-06-19 16:00:00-04:00,0.0,15.125,15.125,15.125,2400
1989-06-20 16:00:00-04:00,0.0,15.375,15.25,15.25,1100
1989-06-21 16:00:00-04:00,0.0,15.25,15.0,15.25,4900
1989-06-22 16:00:00-04:00,0.0,15.25,15.0,15.25,2000
1989-06-23 16:00:00-04:00,0.0,15.25,15.0,15.0,600
1989-06-26 16:00:00-04:00,0.0,15.25,15.0,15.125,3600
1989-06-27 16:00:00-04:00,0.0,15.5,15.125,15.125,7500
1989-06-28 16:00:00-04:00,0.0,15.375,15.125,15.125,3700
1989-06-29 16:00:00-04:00,0.0,15.25,15.125,15.25,1900
1989-06-30 16:00:00-04:00,0.0,15.25,15.125,15.125,2800
1989-07-03 16:00:00-04:00,0.0,15.375,15.25,15.375,3200
1989-07-05 16:00:00-04:00,0.0,15.5,15.375,15.5,1700
1989-07-06 16:00:00-04:00,0.0,15.625,15.375,15.625,5000
1989-07-07 16:00:00-04:00,0.0,15.5,15.375,15.5,1800
1989-07-10 16:00:00-04:00,0.0,15.625,15.375,15.625,2700
1989-07-11 16:00:00-04:00,0.0,15.75,15.375,15.625,7500
1989-07-12 16:00:00-04:00,0.0,15.75,15.75,15.75,6200
1989-07-13 16:00:00-04:00,0.0,15.875,15.75,15.875,4300
1989-07-14 16:00:00-04:00,0.0,15.875,15.75,15.75,3000
1989-07-17 16:00:00-04:00,0.0,15.875,15.75,15.75,1400
1989-07-18 16:00:00-04:00,0.0,16.0,15.75,15.75,2600
1989-07-19 16:00:00-04:00,0.0,16.0,15.875,15.875,2800
1989-07-20 16:00:00-04:00,0.0,16.125,15.75,15.875,4300
1989-07-21 16:00:00-04:00,0.0,16.125,16.0,16.0,1500
1989-07-24 16:00:00-04:00,0.0,15.875,15.625,15.875,3100
1989-07-25 16:00:00-04:00,0.0,15.875,15.875,15.875,1600
1989-07-26 16:00:00-04:00,0.0,16.0,15.625,15.75,4600
1989-07-27 16:00:00-04:00,0.0,16.0,15.75,15.875,2900
1989-07-28 16:00:00-04:00,0.0,16.0,15.75,16.0,2700
1989-07-31 16:00:00-04:00,0.0,16.0,15.875,16.0,1400
1989-08-01 16:00:00-04:00,0.0,16.125,16.0,16.125,1800
1989-08-02 16:00:00-04:00,0.0,16.25,16.0,16.125,3500
1989-08-03 16:00:00-04:00,0.0,16.25,16.0,16.0,3600
1989-08-04 16:00:00-04:00,0.0,16.25,16.0,16.0,6100
1989-08-07 16:00:00-04:00,0.0,16.125,15.875,16.0,2100
1989-08-08 16:00:00-04:00,0.0,16.0,15.875,15.875,5400
1989-08-09 16:00:00-04:00,0.0,15.875,15.75,15.875,2000
1989-08-10 16:00:00-04:00,0.0,15.875,15.75,15.75,3900
1989-08-11 16:00:00-04:00,0.0,15.5,15.5,15.5,3100
1989-08-14 16:00:00-04:00,0.0,15.75,15.5,15.75,7400
1989-08-15 16:00:00-04:00,0.0,15.875,15.75,15.875,2800
1989-08-16 16:00:00-04:00,0.0,16.125,15.875,15.875,5500
1989-08-17 16:00:00-04:00,0.0,16.125,15.875,16.125,2600
1989-08-18 16:00:00-04:00,0.0,16.0,15.75,15.75,600
1989-08-21 16:00:00-04:00,0.0,15.5,15.25,15.25,2900
1989-08-22 16:00:00-04:00,0.0,15.5,15.25,15.375,6400
1989-08-23 16:00:00-04:00,0.0,15.125,15.125,15.125,1200
1989-08-24 16:00:00-04:00,0.0,15.5,15.375,15.5,1900
1989-08-25 16:00:00-04:00,0.0,15.625,15.125,15.625,4400
1989-08-28 16:00:00-04:00,0.0,15.625,15.5,15.625,1400
1989-08-29 16:00:00-04:00,0.0,15.625,15.125,15.25,3700
1989-08-30 16:00:00-04:00,0.0,15.5,15.25,15.25,4100
1989-08-31 16:00:00-04:00,0.0,15.25,15.25,15.25,1100
1989-09-01 16:00:00-04:00,0.0,15.25,15.25,15.25,500
1989-09-05 16:00:00-04:00,0.0,15.5,15.25,15.5,2000
1989-09-06 16:00:00-04:00,0.0,15.625,15.5,15.5,600
1989-09-07 16:00:00-04:00,0.0,15.625,15.375,15.625,3900
1989-09-08 16:00:00-04:00,0.0,15.375,15.375,15.375,600
1989-09-11 16:00:00-04:00,0.0,15.375,15.25,15.375,5000
1989-09-12 16:00:00-04:00,0.0,15.625,15.25,15.25,2100
1989-09-13 16:00:00-04:00,0.0,15.5,15.25,15.5,1300
1989-09-14 16:00:00-04:00,0.0,15.625,15.25,15.25,5800
1989-09-15 16:00:00-04:00,0.0,15.75,15.125,15.75,4000
1989-09-18 16:00:00-04:00,0.0,15.625,15.25,15.25,2800
1989-09-19 16:00:00-04:00,0.0,15.75,15.5,15.75,16800
1989-09-20 16:00:00-04:00,0.0,15.75,15.5,15.5,5400
1989-09-21 16:00:00-04:00,0.0,15.75,15.5,15.625,800
1989-09-22 16:00:00-04:00,0.0,15.75,15.625,15.625,3500
1989-09-25 16:00:00-04:00,0.0,15.75,15.375,15.375,2600
1989-09-26 16:00:00-04:00,0.0,15.375,15.25,15.375,2200
1989-09-27 16:00:00-04:00,0.0,15.375,15.125,15.125,400
1989-09-28 16:00:00-04:00,0.0,15.25,15.125,15.125,2300
1989-09-29 16:00:00-04:00,0.0,0.0,0.0,15.125,0
1989-10-02 16:00:00-04:00,0.0,15.5,15.125,15.125,4000
1989-10-03 16:00:00-04:00,0.0,15.25,15.125,15.25,2700
1989-10-04 16:00:00-04:00,0.0,15.125,15.0,15.0,5100
1989-10-05 16:00:00-04:00,0.0,15.25,15.0,15.25,4200
1989-10-06 16:00:00-04:00,0.0,15.25,15.0,15.125,3400
1989-10-09 16:00:00-04:00,0.0,15.5,15.125,15.5,700
1989-10-10 16:00:00-04:00,0.0,15.625,15.5,15.5,1100
1989-10-11 16:00:00-04:00,0.0,15.5,15.25,15.25,4700
1989-10-12 16:00:00-04:00,0.0,15.375,15.25,15.25,700
1989-10-13 16:00:00-04:00,0.0,15.375,15.25,15.25,1300
1989-10-16 16:00:00-04:00,0.0,15.375,15.25,15.25,1000
1989-10-17 16:00:00-04:00,0.0,15.5,15.5,15.5,1100
1989-10-18 16:00:00-04:00,0.0,15.25,15.125,15.25,1100
1989-10-19 16:00:00-04:00,0.0,0.0,0.0,15.25,0
1989-10-20 16:00:00-04:00,0.0,15.25,15.25,15.25,1100
1989-10-23 16:00:00-04:00,0.0,15.5,15.125,15.25,2700
1989-10-24 16:00:00-04:00,0.0,15.25,15.125,15.125,2000
1989-10-25 16:00:00-04:00,0.0,15.625,15.125,15.375,4600
1989-10-26 16:00:00-04:00,0.0,15.25,15.125,15.25,2000
1989-10-27 16:00:00-04:00,0.0,15.5,15.125,15.25,9200
1989-10-30 16:00:00-05:00,0.0,15.375,15.25,15.25,3000
1989-10-31 16:00:00-05:00,0.0,15.5,15.25,15.5,900
1989-11-01 16:00:00-05:00,0.0,15.75,15.5,15.625,2500
1989-11-02 16:00:00-05:00,0.0,15.625,15.5,15.625,800
1989-11-03 16:00:00-05:00,0.0,15.5,15.375,15.5,2000
1989-11-06 16:00:00-05:00,0.0,15.5,15.375,15.375,3700
1989-11-07 16:00:00-05:00,0.0,15.5,15.375,15.5,3100
1989-11-08 16:00:00-05:00,0.0,15.625,15.5,15.5,1900
1989-11-09 16:00:00-05:00,0.0,15.625,15.375,15.375,3700
1989-11-10 16:00:00-05:00,0.0,15.75,15.5,15.5,7800
1989-11-13 16:00:00-05:00,0.0,15.625,15.5,15.5,8700
1989-11-14 16:00:00-05:00,0.0,15.375,15.0,15.25,7200
1989-11-15 16:00:00-05:00,0.0,15.5,15.125,15.5,4500
1989-11-16 16:00:00-05:00,0.0,15.375,15.125,15.125,1600
1989-11-17 16:00:00-05:00,0.0,15.5,15.25,15.5,5000
1989-11-20 16:00:00-05:00,0.0,15.625,15.375,15.5,3200
1989-11-21 16:00:00-05:00,0.0,15.5,15.375,15.375,1000
1989-11-22 16:00:00-05:00,0.0,15.5,15.375,15.375,3100
1989-11-24 16:00:00-05:00,0.0,15.25,15.0,15.25,1500
1989-11-27 16:00:00-05:00,0.0,15.25,15.0,15.0,7100
1989-11-28 16:00:00-05:00,0.0,15.125,15.0,15.125,3000
1989-11-29 16:00:00-05:00,0.0,15.125,15.0,15.125,3100
1989-11-30 16:00:00-05:00,0.0,15.25,15.0,15.125,6700
1989-12-01 16:00:00-05:00,0.0,15.125,15.0,15.0,2200
1989-12-04 16:00:00-05:00,0.0,15.125,15.0,15.125,1700
1989-12-05 16:00:00-05:00,0.0,15.25,15.0,15.25,2200
1989-12-06 16:00:00-05:00,0.0,15.5,15.0,15.375,18500
1989-12-07 16:00:00-05:00,0.0,15.375,15.25,15.25,3900
1989-12-08 16:00:00-05:00,0.0,15.375,15.25,15.375,3600
1989-12-11 16:00:00-05:00,0.0,15.375,15.375,15.375,900
1989-12-12 16:00:00-05:00,0.0,15.375,15.25,15.25,1900
1989-12-13 16:00:00-05:00,0.0,15.5,15.25,15.375,2100
1989-12-14 16:00:00-05:00,0.0,15.5,15.375,15.375,6000
1989-12-15 16:00:00-05:00,0.0,15.75,15.5,15.75,15400
1989-12-18 16:00:00-05:00,0.0,15.75,15.5,15.625,3200
1989-12-19 16:00:00-05:00,0.0,15.625,15.5,15.625,1800
1989-12-20 16:00:00-05:00,0.0,15.625,15.5,15.5,1500
1989-12-21 16:00:00-05:00,0.0,15.625,15.375,15.375,3800
1989-12-22 16:00:00-05:00,0.0,15.25,15.125,15.125,12300
1989-12-26 16:00:00-05:00,0.0,15.25,15.125,15.125,1400
1989-12-27 16:00:00-05:00,0.0,15.25,15.125,15.125,1300
1989-12-28 16:00:00-05:00,0.0,15.25,15.125,15.25,1900
1989-12-29 16:00:00-05:00,0.0,15.375,15.375,15.375,2700
1990-01-02 16:00:00-05:00,0.0,15.5,15.25,15.5,2200
1990-01-03 16:00:00-05:00,0.0,15.375,15.25,15.375,5400
1990-01-04 16:00:00-05:00,0.0,15.375,15.25,15.25,2200
1990-01-05 16:00:00-05:00,0.0,15.375,15.125,15.375,8600
1990-01-08 16:00:00-05:00,0.0,15.375,15.25,15.25,4200
1990-01-09 16:00:00-05:00,0.0,15.375,15.25,15.25,4200
1990-01-10 16:00:00-05:00,0.0,15.25,15.25,15.25,4800
1990-01-11 16:00:00-05:00,0.0,15.375,15.25,15.375,1000
1990-01-12 16:00:00-05:00,0.0,15.25,15.25,15.25,200
1990-01-15 16:00:00-05:00,0.0,15.25,15.125,15.25,6400
1990-01-16 16:00:00-05:00,0.0,15.25,15.125,15.125,2800
1990-01-17 16:00:00-05:00,0.0,15.25,15.0,15.25,2300
1990-01-18 16:00:00-05:00,0.0,15.25,15.0,15.0,1300
1990-01-19 16:00:00-05:00,0.0,15.125,15.0,15.125,5400
1990-01-22 16:00:00-05:00,0.0,15.125,15.0,15.0,1800
1990-01-23 16:00:00-05:00,0.0,15.0,14.875,15.0,1400
1990-01-24 16:00:00-05:00,0.0,15.0,14.875,15.0,3100
1990-01-25 16:00:00-05:00,0.0,14.875,14.875,14.875,600
1990-01-26 16:00:00-05:00,0.0,15.0,14.875,15.0,2200
1990-01-29 16:00:00-05:00,0.0,15.0,14.875,14.875,1600
1990-01-30 16:00:00-05:00,0.0,15.0,14.75,14.875,5100
1990-01-31 16:00:00-05:00,0.0,15.0,14.75,15.0,8300
1990-02-01 16:00:00-05:00,0.0,14.875,14.875,14.875,1800
1990-02-02 16:00:00-05:00,0.0,15.125,14.875,14.875,1000
1990-02-05 16:00:00-05:00,0.0,15.125,15.0,15.125,1900
1990-02-06 16:00:00-05:00,0.0,15.0,15.0,15.0,400
1990-02-07 16:00:00-05:00,0.0,15.0,15.0,15.0,3600
1990-02-08 16:00:00-05:00,0.0,15.125,15.0,15.0,900
1990-02-09 16:00:00-05:00,0.0,15.0,15.0,15.0,1400
1990-02-12 16:00:00-05:00,0.0,14.75,14.625,14.625,4100
1990-02-13 16:00:00-05:00,0.0,14.75,14.625,14.75,900
1990-02-14 16:00:00-05:00,0.0,15.0,14.625,15.0,6800
1990-02-15 16:00:00-05:00,0.0,15.125,14.875,14.875,1700
1990-02-16 16:00:00-05:00,0.0,14.75,14.5,14.5,4700
1990-02-20 16:00:00-05:00,0.0,14.625,14.375,14.5,3400
1990-02-21 16:00:00-05:00,0.0,14.75,14.375,14.5,3900
1990-02-22 16:00:00-05:00,0.0,15.0,14.75,14.875,3100
1990-02-23 16:00:00-05:00,0.0,15.0,14.875,14.875,500
1990-02-26 16:00:00-05:00,0.0,15.0,14.875,14.875,3500
1990-02-27 16:00:00-05:00,0.0,15.125,15.0,15.125,7500
1990-02-28 16:00:00-05:00,0.0,15.125,14.875,14.875,1200
1990-03-01 16:00:00-05:00,0.0,15.0,14.875,14.875,700
1990-03-02 16:00:00-05:00,0.0,14.875,14.625,14.875,6000
1990-03-05 16:00:00-05:00,0.0,15.0,14.875,15.0,2100
1990-03-06 16:00:00-05:00,0.0,15.125,14.875,15.125,3300
1990-03-07 16:00:00-05:00,0.0,15.125,15.0,15.125,2100
1990-03-08 16:00:00-05:00,0.0,15.125,15.0,15.0,1700
1990-03-09 16:00:00-05:00,0.0,15.0,14.875,15.0,1500
1990-03-12 16:00:00-05:00,0.0,15.25,15.125,15.125,6700
1990-03-13 16:00:00-05:00,0.0,15.25,15.125,15.125,2100
1990-03-14 16:00:00-05:00,0.0,15.25,15.25,15.25,1400
1990-03-15 16:00:00-05:00,0.0,15.25,15.125,15.125,10500
1990-03-16 16:00:00-05:00,0.0,15.25,15.125,15.25,4100
1990-03-19 16:00:00-05:00,0.0,15.25,15.0,15.0,4400
1990-03-20 16:00:00-05:00,0.0,15.0,15.0,15.0,800
1990-03-21 16:00:00-05:00,0.0,15.125,15.0,15.125,1400
1990-03-22 16:00:00-05:00,0.0,15.0,15.0,15.0,1200
1990-03-23 16:00:00-05:00,0.0,15.0,14.875,14.875,2000
1990-03-26 16:00:00-05:00,0.0,14.875,14.875,14.875,700
1990-03-27 16:00:00-05:00,0.0,15.0,14.875,14.875,1000
1990-03-28 16:00:00-05:00,0.0,14.875,14.875,14.875,900
1990-03-29 16:00:00-05:00,0.0,14.875,14.875,14.875,700
1990-03-30 16:00:00-05:00,0.0,14.875,14.75,14.875,1500
1990-04-02 16:00:00-04:00,0.0,14.875,14.875,14.875,500
1990-04-03 16:00:00-04:00,0.0,15.0,14.75,14.75,4300
1990-04-04 16:00:00-04:00,0.0,15.0,14.75,15.0,3000
1990-04-05 16:00:00-04:00,0.0,14.875,14.75,14.875,2500
1990-04-06 16:00:00-04:00,0.0,14.875,14.875,14.875,500
1990-04-09 16:00:00-04:00,0.0,14.875,14.75,14.75,4300
1990-04-10 16:00:00-04:00,0.0,14.875,14.75,14.875,5600
1990-04-11 16:00:00-04:00,0.0,14.75,14.625,14.625,1000
1990-04-12 16:00:00-04:00,0.0,14.75,14.625,14.625,3500
1990-04-16 16:00:00-04:00,0.0,14.875,14.75,14.875,500
1990-04-17 16:00:00-04:00,0.0,14.875,14.75,14.75,900
1990-04-18 16:00:00-04:00,0.0,14.875,14.625,14.625,3100
1990-04-19 16:00:00-04:00,0.0,14.75,14.5,14.75,3600
1990-04-20 16:00:00-04:00,0.0,14.625,14.625,14.625,400
1990-04-23 16:00:00-04:00,0.0,14.75,14.625,14.625,1500
1990-04-24 16:00:00-04:00,0.0,14.75,14.5,14.75,1400
1990-04-25 16:00:00-04:00,0.0,14.75,14.5,14.5,1400
1990-04-26 16:00:00-04:00,0.0,14.625,14.375,14.625,2800
1990-04-27 16:00:00-04:00,0.0,14.625,14.625,14.625,1700
1990-04-30 16:00:00-04:00,0.0,14.5,14.375,14.375,2800
1990-05-01 16:00:00-04:00,0.0,14.375,14.25,14.25,1300
1990-05-02 16:00:00-04:00,0.0,14.25,14.25,14.25,1100
1990-05-03 16:00:00-04:00,0.0,14.5,14.25,14.25,4100
1990-05-04 16:00:00-04:00,0.0,14.5,14.375,14.5,2100
1990-05-07 16:00:00-04:00,0.0,14.5,14.25,14.25,3800
1990-05-08 16:00:00-04:00,0.0,14.5,14.25,14.375,3000
1990-05-09 16:00:00-04:00,0.0,14.25,14.125,14.125,3100
1990-05-10 16:00:00-04:00,0.0,14.25,14.125,14.125,2900
1990-05-11 16:00:00-04:00,0.0,14.25,14.125,14.125,2400
1990-05-14 16:00:00-04:00,0.0,14.375,14.25,14.25,2400
1990-05-15 16:00:00-04:00,0.0,14.25,14.125,14.125,4200
1990-05-16 16:00:00-04:00,0.0,14.375,14.125,14.25,2400
1990-05-17 16:00:00-04:00,0.0,14.375,14.0,14.0,2000
1990-05-18 16:00:00-04:00,0.0,14.25,14.0,14.125,2200
1990-05-21 16:00:00-04:00,0.0,14.0,13.875,13.875,2400
1990-05-22 16:00:00-04:00,0.0,13.875,13.75,13.75,3700
1990-05-23 16:00:00-04:00,0.0,14.125,13.875,14.0,3700
1990-05-24 16:00:00-04:00,0.0,14.25,14.0,14.0,4900
1990-05-25 16:00:00-04:00,0.0,14.0,13.875,14.0,3900
1990-05-29 16:00:00-04:00,0.0,14.125,13.875,14.125,1800
1990-05-30 16:00:00-04:00,0.0,14.25,14.125,14.25,2800
1990-05-31 16:00:00-04:00,0.0,14.25,14.125,14.25,400
1990-06-01 16:00:00-04:00,0.0,14.25,14.125,14.25,2700
1990-06-04 16:00:00-04:00,0.0,14.375,14.125,14.25,4700
1990-06-05 16:00:00-04:00,0.0,14.25,14.125,14.125,1500
1990-06-06 16:00:00-04:00,0.0,14.375,14.125,14.25,2900
1990-06-07 16:00:00-04:00,0.0,14.25,14.125,14.125,2200
1990-06-08 16:00:00-04:00,0.0,14.375,14.125,14.375,5900
1990-06-11 16:00:00-04:00,0.0,14.5,14.25,14.5,3700
1990-06-12 16:00:00-04:00,0.0,14.625,14.375,14.375,4900
1990-06-13 16:00:00-04:00,0.0,14.5,14.25,14.25,12000
1990-06-14 16:00:00-04:00,0.0,14.625,14.375,14.625,6300
1990-06-15 16:00:00-04:00,0.0,14.875,14.625,14.875,3300
1990-06-18 16:00:00-04:00,0.0,14.875,14.625,14.75,1700
1990-06-19 16:00:00-04:00,0.0,14.875,14.5,14.875,5100
1990-06-20 16:00:00-04:00,0.0,14.75,14.5,14.75,1300
1990-06-21 16:00:00-04:00,0.0,14.875,14.625,14.625,4400
1990-06-22 16:00:00-04:00,0.0,14.875,14.875,14.875,2700
1990-06-25 16:00:00-04:00,0.0,14.75,14.5,14.75,4100
1990-06-26 16:00:00-04:00,0.0,15.0,14.5,14.875,3800
1990-06-27 16:00:00-04:00,0.0,14.625,14.625,14.625,1900
1990-06-28 16:00:00-04:00,0.0,14.875,14.625,14.875,6700
1990-06-29 16:00:00-04:00,0.0,14.875,14.625,14.625,4100
1990-07-02 16:00:00-04:00,0.0,14.5,14.375,14.375,4700
1990-07-03 16:00:00-04:00,0.0,14.625,14.375,14.5,2700
1990-07-05 16:00:00-04:00,0.0,14.5,14.375,14.375,1700
1990-07-06 16:00:00-04:00,0.0,14.5,14.375,14.5,3500
1990-07-09 16:00:00-04:00,0.0,14.625,14.25,14.5,8600
1990-07-10 16:00:00-04:00,0.0,14.875,14.625,14.75,4400
1990-07-11 16:00:00-04:00,0.0,14.625,14.25,14.25,1400
1990-07-12 16:00:00-04:00,0.0,14.375,14.25,14.25,3700
1990-07-13 16:00:00-04:00,0.0,14.375,14.25,14.25,1000
1990-07-16 16:00:00-04:00,0.0,14.625,14.25,14.5,4500
1990-07-17 16:00:00-04:00,0.0,14.5,14.375,14.375,1900
1990-07-18 16:00:00-04:00,0.0,14.5,14.375,14.5,2100
1990-07-19 16:00:00-04:00,0.0,14.75,14.375,14.5,1100
1990-07-20 16:00:00-04:00,0.0,14.625,14.5,14.5,2900
1990-07-23 16:00:00-04:00,0.0,14.5,14.5,14.5,400
1990-07-24 16:00:00-04:00,0.0,14.5,14.5,14.5,1500
1990-07-25 16:00:00-04:00,0.0,14.75,14.5,14.5,2900
1990-07-26 16:00:00-04:00,0.0,14.625,14.5,14.5,3900
1990-07-27 16:00:00-04:00,0.0,14.625,14.375,14.625,1300
1990-07-30 16:00:00-04:00,0.0,14.625,14.625,14.625,500
1990-07-31 16:00:00-04:00,0.0,14.625,14.375,14.625,3100
1990-08-01 16:00:00-04:00,0.0,14.625,14.5,14.625,2200
1990-08-02 16:00:00-04:00,0.0,14.625,14.375,14.375,1000
1990-08-03 16:00:00-04:00,0.0,14.5,14.375,14.5,2600
1990-08-06 16:00:00-04:00,0.0,14.375,14.25,14.25,1500
1990-08-07 16:00:00-04:00,0.0,14.5,14.0,14.125,4900
1990-08-08 16:00:00-04:00,0.0,14.0,14.0,14.0,200
1990-08-09 16:00:00-04:00,0.0,14.375,14.0,14.25,9700
1990-08-10 16:00:00-04:00,0.0,14.25,14.0,14.125,1600
1990-08-13 16:00:00-04:00,0.0,14.25,14.25,14.25,1000
1990-08-14 16:00:00-04:00,0.0,14.25,14.125,14.25,1600
1990-08-15 16:00:00-04:00,0.0,14.25,13.875,14.0,7900
1990-08-16 16:00:00-04:00,0.0,14.375,14.0,14.25,3000
1990-08-17 16:00:00-04:00,0.0,14.0,14.0,14.0,1400
1990-08-20 16:00:00-04:00,0.0,13.875,13.5,13.875,3600
1990-08-21 16:00:00-04:00,0.0,13.875,13.75,13.875,1400
1990-08-22 16:00:00-04:00,0.0,13.875,13.75,13.75,1800
1990-08-23 16:00:00-04:00,0.0,13.75,13.625,13.75,2300
1990-08-24 16:00:00-04:00,0.0,13.625,13.5,13.625,3100
1990-08-27 16:00:00-04:00,0.0,14.0,13.875,13.875,2300
1990-08-28 16:00:00-04:00,0.0,14.0,13.875,13.875,600
1990-08-29 16:00:00-04:00,0.0,14.125,14.0,14.125,1300
1990-08-30 16:00:00-04:00,0.0,14.25,14.25,14.25,1800
1990-08-31 16:00:00-04:00,0.0,14.25,14.25,14.25,600
1990-09-04 16:00:00-04:00,0.0,14.25,14.0,14.0,3900
1990-09-05 16:00:00-04:00,0.0,14.375,14.25,14.375,3000
1990-09-06 16:00:00-04:00,0.0,14.375,14.0,14.0,2500
1990-09-07 16:00:00-04:00,0.0,14.25,14.0,14.25,500
1990-09-10 16:00:00-04:00,0.0,14.25,14.125,14.125,2600
1990-09-11 16:00:00-04:00,0.0,14.0,14.0,14.0,300
1990-09-12 16:00:00-04:00,0.0,14.5,14.0,14.5,7400
1990-09-13 16:00:00-04:00,0.0,14.5,14.25,14.5,11100
1990-09-14 16:00:00-04:00,0.0,14.625,14.25,14.625,5700
1990-09-17 16:00:00-04:00,0.0,14.625,14.375,14.625,3200
1990-09-18 16:00:00-04:00,0.0,14.625,14.375,14.625,700
1990-09-19 16:00:00-04:00,0.0,14.625,14.625,14.625,300
1990-09-20 16:00:00-04:00,0.0,14.625,14.375,14.375,2400
1990-09-21 16:00:00-04:00,0.0,14.5,14.25,14.25,3700
1990-09-24 16:00:00-04:00,0.0,14.125,14.0,14.0,8700
1990-09-25 16:00:00-04:00,0.0,13.75,13.5,13.75,7200
1990-09-26 16:00:00-04:00,0.0,13.5,13.25,13.25,1900
1990-09-27 16:00:00-04:00,0.0,13.625,13.125,13.125,6700
1990-09-28 16:00:00-04:00,0.0,12.875,12.75,12.75,900
1990-10-01 16:00:00-04:00,0.0,13.0,12.75,12.875,3400
1990-10-02 16:00:00-04:00,0.0,13.25,12.875,13.25,2200
1990-10-03 16:00:00-04:00,0.0,13.125,12.875,12.875,2000
1990-10-04 16:00:00-04:00,0.0,13.25,13.0,13.25,1600
1990-10-05 16:00:00-04:00,0.0,13.25,12.875,12.875,2500
1990-10-08 16:00:00-04:00,0.0,13.0,13.0,13.0,400
1990-10-09 16:00:00-04:00,0.0,13.0,12.75,12.75,2100
1990-10-10 16:00:00-04:00,0.0,12.875,12.625,12.875,6000
1990-10-11 16:00:00-04:00,0.0,12.875,12.625,12.625,3500
1990-10-12 16:00:00-04:00,0.0,12.75,12.625,12.75,2400
1990-10-15 16:00:00-04:00,0.0,12.625,12.5,12.625,3600
1990-10-16 16:00:00-04:00,0.0,12.5,12.0,12.0,13600
1990-10-17 16:00:00-04:00,0.0,12.375,12.0,12.375,9900
1990-10-18 16:00:00-04:00,0.0,12.625,12.375,12.625,4800
1990-10-19 16:00:00-04:00,0.0,12.625,12.25,12.25,2500
1990-10-22 16:00:00-04:00,0.0,12.5,12.125,12.125,2200
1990-10-23 16:00:00-04:00,0.0,12.375,12.0,12.375,900
1990-10-24 16:00:00-04:00,0.0,12.5,12.375,12.375,2100
1990-10-25 16:00:00-04:00,0.0,12.5,12.5,12.5,2000
1990-10-26 16:00:00-04:00,0.0,12.5,12.25,12.25,2900
1990-10-29 16:00:00-05:00,0.0,12.375,12.25,12.375,3100
1990-10-30 16:00:00-05:00,0.0,12.5,12.25,12.25,3400
1990-10-31 16:00:00-05:00,0.0,12.5,12.25,12.5,4500
1990-11-01 16:00:00-05:00,0.0,12.5,12.5,12.5,2300
1990-11-02 16:00:00-05:00,0.0,12.5,12.25,12.5,3900
1990-11-05 16:00:00-05:00,0.0,12.625,12.5,12.625,5900
1990-11-06 16:00:00-05:00,0.0,12.625,12.5,12.5,2000
1990-11-07 16:00:00-05:00,0.0,12.625,12.5,12.625,2000
1990-11-08 16:00:00-05:00,0.0,12.625,12.625,12.625,3000
1990-11-09 16:00:00-05:00,0.0,12.875,12.75,12.875,4000
1990-11-12 16:00:00-05:00,0.0,13.125,12.75,13.125,1800
1990-11-13 16:00:00-05:00,0.0,13.25,12.875,13.25,2300
1990-11-14 16:00:00-05:00,0.0,13.25,13.0,13.0,1600
1990-11-15 16:00:00-05:00,0.0,13.25,13.125,13.25,2200
1990-11-16 16:00:00-05:00,0.0,13.0,12.75,12.875,2000
1990-11-19 16:00:00-05:00,0.0,13.25,12.75,12.75,3900
1990-11-20 16:00:00-05:00,0.0,13.25,12.875,13.25,3800
1990-11-21 16:00:00-05:00,0.0,13.25,13.0,13.25,4300
1990-11-23 16:00:00-05:00,0.0,0.0,0.0,13.25,0
1990-11-26 16:00:00-05:00,0.0,13.25,13.125,13.25,5000
1990-11-27 16:00:00-05:00,0.0,13.375,13.125,13.125,6200
1990-11-28 16:00:00-05:00,0.0,13.0,12.875,12.875,4800
1990-11-29 16:00:00-05:00,0.0,13.125,12.75,12.75,5000
1990-11-30 16:00:00-05:00,0.0,12.875,12.625,12.875,800
1990-12-03 16:00:00-05:00,0.0,13.0,12.875,13.0,1000
1990-12-04 16:00:00-05:00,0.0,13.0,12.875,13.0,800
1990-12-05 16:00:00-05:00,0.0,13.125,13.0,13.0,5300
1990-12-06 16:00:00-05:00,0.0,13.25,12.875,13.25,4800
1990-12-07 16:00:00-05:00,0.0,13.375,13.0,13.25,6100
1990-12-10 16:00:00-05:00,0.0,13.625,13.375,13.625,4000
1990-12-11 16:00:00-05:00,0.0,13.875,13.5,13.875,4500
1990-12-12 16:00:00-05:00,0.0,14.25,14.0,14.25,3000
1990-12-13 16:00:00-05:00,0.0,14.5,14.25,14.25,6100
1990-12-14 16:00:00-05:00,0.0,14.5,14.25,14.5,5300
1990-12-17 16:00:00-05:00,0.0,14.25,14.0,14.25,2000
1990-12-18 16:00:00-05:00,0.0,14.5,14.125,14.5,2700
1990-12-19 16:00:00-05:00,0.0,14.375,14.125,14.375,2900
1990-12-20 16:00:00-05:00,0.0,14.375,14.125,14.25,1900
1990-12-21 16:00:00-05:00,0.0,14.25,14.0,14.0,2100
1990-12-24 16:00:00-05:00,0.0,14.0,14.0,14.0,400
1990-12-26 16:00:00-05:00,0.0,13.875,13.875,13.875,300
1990-12-27 16:00:00-05:00,0.0,13.625,13.5,13.5,900
1990-12-28 16:00:00-05:00,0.0,13.5,13.5,13.5,2600
1990-12-31 16:00:00-05:00,0.0,13.75,13.5,13.75,1300
1991-01-02 16:00:00-05:00,0.0,13.875,13.75,13.875,1100
1991-01-03 16:00:00-05:00,0.0,13.875,13.75,13.875,6300
1991-01-04 16:00:00-05:00,0.0,13.875,13.75,13.875,2700
1991-01-07 16:00:00-05:00,0.0,13.625,13.625,13.625,500
1991-01-08 16:00:00-05:00,0.0,13.875,13.625,13.875,4000
1991-01-09 16:00:00-05:00,0.0,13.625,13.5,13.5,2100
1991-01-10 16:00:00-05:00,0.0,13.5,13.5,13.5,1200
1991-01-11 16:00:00-05:00,0.0,13.75,13.625,13.625,500
1991-01-14 16:00:00-05:00,0.0,13.75,13.5,13.75,1900
1991-01-15 16:00:00-05:00,0.0,13.5,13.5,13.5,800
1991-01-16 16:00:00-05:00,0.0,13.5,13.25,13.375,12000
1991-01-17 16:00:00-05:00,0.0,13.625,13.5,13.625,4300
1991-01-18 16:00:00-05:00,0.0,13.625,13.375,13.625,4600
1991-01-21 16:00:00-05:00,0.0,13.625,13.5,13.625,3000
1991-01-22 16:00:00-05:00,0.0,13.625,13.5,13.5,4800
1991-01-23 16:00:00-05:00,0.0,13.625,13.625,13.625,400
1991-01-24 16:00:00-05:00,0.0,13.625,13.5,13.5,6300
1991-01-25 16:00:00-05:00,0.0,13.625,13.5,13.625,5200
1991-01-28 16:00:00-05:00,0.0,13.625,13.5,13.625,2700
1991-01-29 16:00:00-05:00,0.0,13.5,13.375,13.375,2800
1991-01-30 16:00:00-05:00,0.0,13.5,13.5,13.5,3000
1991-01-31 16:00:00-05:00,0.0,13.625,13.625,13.625,900
1991-02-01 16:00:00-05:00,0.0,14.0,13.375,14.0,16400
1991-02-04 16:00:00-05:00,0.0,14.25,14.0,14.25,2900
1991-02-05 16:00:00-05:00,0.0,14.25,14.0,14.125,3600
1991-02-06 16:00:00-05:00,0.0,14.25,14.0,14.125,3200
1991-02-07 16:00:00-05:00,0.0,14.125,14.0,14.125,3300
1991-02-08 16:00:00-05:00,0.0,14.0,14.0,14.0,1500
1991-02-11 16:00:00-05:00,0.0,14.375,14.125,14.375,4300
1991-02-12 16:00:00-05:00,0.0,14.375,14.25,14.375,2400
1991-02-13 16:00:00-05:00,0.0,14.5,14.25,14.25,11700
1991-02-14 16:00:00-05:00,0.0,14.625,14.25,14.375,8500
1991-02-15 16:00:00-05:00,0.0,14.75,14.375,14.375,8800
1991-02-19 16:00:00-05:00,0.0,14.375,14.25,14.375,6000
1991-02-20 16:00:00-05:00,0.0,14.625,14.5,14.5,4600
1991-02-21 16:00:00-05:00,0.0,14.625,14.375,14.375,3400
1991-02-22 16:00:00-05:00,0.0,14.625,14.5,14.625,6300
1991-02-25 16:00:00-05:00,0.0,14.5,14.125,14.125,6200
1991-02-26 16:00:00-05:00,0.0,14.375,14.125,14.25,3000
1991-02-27 16:00:00-05:00,0.0,14.25,14.125,14.25,1800
1991-02-28 16:00:00-05:00,0.0,14.25,14.125,14.25,900
1991-03-01 16:00:00-05:00,0.0,14.25,14.0,14.0,6700
1991-03-04 16:00:00-05:00,0.0,14.25,14.0,14.25,1900
1991-03-05 16:00:00-05:00,0.0,14.375,14.25,14.375,2300
1991-03-06 16:00:00-05:00,0.0,14.625,14.25,14.625,4500
1991-03-07 16:00:00-05:00,0.0,14.5,14.25,14.5,3500
1991-03-08 16:00:00-05:00,0.0,14.5,14.5,14.5,900
1991-03-11 16:00:00-05:00,0.0,14.625,14.5,14.5,1900
1991-03-12 16:00:00-05:00,0.0,14.625,14.5,14.625,2000
1991-03-13 16:00:00-05:00,0.0,14.875,14.5,14.875,5200
1991-03-14 16:00:00-05:00,0.0,15.0,14.625,14.75,6500
1991-03-15 16:00:00-05:00,0.0,15.0,14.5,15.0,7800
1991-03-18 16:00:00-05:00,0.0,15.0,14.625,14.625,4100
1991-03-19 16:00:00-05:00,0.0,14.75,14.5,14.5,4800
1991-03-20 16:00:00-05:00,0.0,14.875,14.5,14.75,5300
1991-03-21 16:00:00-05:00,0.0,15.0,14.75,14.75,2700
1991-03-22 16:00:00-05:00,0.0,14.75,14.625,14.625,1200
1991-03-25 16:00:00-05:00,0.0,14.75,14.5,14.625,9800
1991-03-26 16:00:00-05:00,0.0,14.625,14.5,14.5,5000
1991-03-27 16:00:00-05:00,0.0,14.75,14.5,14.625,5300
1991-03-28 16:00:00-05:00,0.0,14.625,14.5,14.625,1800
1991-04-01 16:00:00-05:00,0.0,14.75,14.375,14.625,2500
1991-04-02 16:00:00-05:00,0.0,14.375,14.125,14.25,4600
1991-04-03 16:00:00-05:00,0.0,14.5,14.25,14.25,1800
1991-04-04 16:00:00-05:00,0.0,14.5,14.25,14.5,1900
1991-04-05 16:00:00-05:00,0.0,14.5,14.25,14.375,1200
1991-04-08 16:00:00-04:00,0.0,14.625,14.375,14.5,1100
1991-04-09 16:00:00-04:00,0.0,14.5,14.5,14.5,3000
1991-04-10 16:00:00-04:00,0.0,14.625,14.5,14.5,5700
1991-04-11 16:00:00-04:00,0.0,14.625,14.5,14.5,4300
1991-04-12 16:00:00-04:00,0.0,14.625,14.5,14.625,1200
1991-04-15 16:00:00-04:00,0.0,14.75,14.5,14.625,1600
1991-04-16 16:00:00-04:00,0.0,14.625,14.375,14.625,3300
1991-04-17 16:00:00-04:00,0.0,14.625,14.25,14.5,8500
1991-04-18 16:00:00-04:00,0.0,14.625,14.5,14.5,2600
1991-04-19 16:00:00-04:00,0.0,14.5,14.375,14.375,4200
1991-04-22 16:00:00-04:00,0.0,14.625,14.375,14.375,2200
1991-04-23 16:00:00-04:00,0.0,14.75,14.375,14.5,4200
1991-04-24 16:00:00-04:00,0.0,14.625,14.5,14.5,1800
1991-04-25 16:00:00-04:00,0.0,14.75,14.5,14.625,5900
1991-04-26 16:00:00-04:00,0.0,14.75,14.625,14.75,3200
1991-04-29 16:00:00-04:00,0.0,14.75,14.5,14.75,2200
1991-04-30 16:00:00-04:00,0.0,14.75,14.5,14.5,1300
1991-05-01 16:00:00-04:00,0.0,14.875,14.625,14.875,1900
1991-05-02 16:00:00-04:00,0.0,14.875,14.625,14.75,5600
1991-05-03 16:00:00-04:00,0.0,14.875,14.625,14.625,3000
1991-05-06 16:00:00-04:00,0.0,14.875,14.625,14.75,1400
1991-05-07 16:00:00-04:00,0.0,15.0,14.625,14.75,6700
1991-05-08 16:00:00-04:00,0.0,15.125,14.75,15.125,8400
1991-05-09 16:00:00-04:00,0.0,15.0,14.75,14.75,1700
1991-05-10 16:00:00-04:00,0.0,15.125,14.75,15.0,4500
1991-05-13 16:00:00-04:00,0.0,15.25,15.0,15.25,3600
1991-05-14 16:00:00-04:00,0.0,15.25,15.0,15.125,6000
1991-05-15 16:00:00-04:00,0.0,15.25,15.125,15.25,500
1991-05-16 16:00:00-04:00,0.0,15.25,14.75,14.75,3700
1991-05-17 16:00:00-04:00,0.0,14.375,14.25,14.375,4300
1991-05-20 16:00:00-04:00,0.0,14.75,14.25,14.375,16200
1991-05-21 16:00:00-04:00,0.0,14.625,14.5,14.625,2500
1991-05-22 16:00:00-04:00,0.0,14.625,14.5,14.5,4200
1991-05-23 16:00:00-04:00,0.0,14.875,14.625,14.875,2800
1991-05-24 16:00:00-04:00,0.0,15.125,14.875,15.125,3400
1991-05-28 16:00:00-04:00,0.0,15.25,14.875,15.25,4400
1991-05-29 16:00:00-04:00,0.0,15.375,14.875,15.25,3300
1991-05-30 16:00:00-04:00,0.0,15.375,14.75,14.75,3700
1991-05-31 16:00:00-04:00,0.0,14.875,14.75,14.75,7100
1991-06-03 16:00:00-04:00,0.0,14.875,14.75,14.875,600
1991-06-04 16:00:00-04:00,0.0,15.0,14.75,14.75,2400
1991-06-05 16:00:00-04:00,0.0,15.0,14.75,15.0,4100
1991-06-06 16:00:00-04:00,0.0,15.0,14.75,14.875,6200
1991-06-07 16:00:00-04:00,0.0,15.125,14.75,15.125,3400
1991-06-10 16:00:00-04:00,0.0,15.125,14.75,15.125,3300
1991-06-11 16:00:00-04:00,0.0,15.0,14.875,15.0,1100
1991-06-12 16:00:00-04:00,0.0,15.5,15.125,15.125,18800
1991-06-13 16:00:00-04:00,0.0,15.25,15.0,15.125,5800
1991-06-14 16:00:00-04:00,0.0,15.25,15.125,15.125,2100
1991-06-17 16:00:00-04:00,0.0,15.375,15.125,15.375,2000
1991-06-18 16:00:00-04:00,0.0,15.5,15.25,15.375,1400
1991-06-19 16:00:00-04:00,0.0,15.5,15.125,15.25,1400
1991-06-20 16:00:00-04:00,0.0,15.375,15.125,15.125,2900
1991-06-21 16:00:00-04:00,0.0,15.375,15.125,15.25,8100
1991-06-24 16:00:00-04:00,0.0,15.5,15.25,15.25,1100
1991-06-25 16:00:00-04:00,0.0,15.5,15.25,15.25,1600
1991-06-26 16:00:00-04:00,0.0,15.25,15.25,15.25,300
1991-06-27 16:00:00-04:00,0.0,15.375,15.125,15.25,1300
1991-06-28 16:00:00-04:00,0.0,15.125,15.125,15.125,1400
1991-07-01 16:00:00-04:00,0.0,15.375,15.125,15.375,1300
1991-07-02 16:00:00-04:00,0.0,15.25,15.125,15.125,1000
1991-07-03 16:00:00-04:00,0.0,15.25,15.25,15.25,200
1991-07-05 16:00:00-04:00,0.0,15.25,15.125,15.25,800
1991-07-08 16:00:00-04:00,0.0,15.5,15.125,15.375,5900
1991-07-09 16:00:00-04:00,0.0,15.5,15.5,15.5,2600
1991-07-10 16:00:00-04:00,0.0,15.625,15.375,15.5,2000
1991-07-11 16:00:00-04:00,0.0,15.375,15.125,15.125,5000
1991-07-12 16:00:00-04:00,0.0,15.375,15.0,15.25,4600
1991-07-15 16:00:00-04:00,0.0,15.375,15.25,15.375,2400
1991-07-16 16:00:00-04:00,0.0,15.5,15.125,15.125,6100
1991-07-17 16:00:00-04:00,0.0,15.375,15.25,15.25,1300
1991-07-18 16:00:00-04:00,0.0,15.375,15.25,15.25,1500
1991-07-19 16:00:00-04:00,0.0,15.5,15.25,15.25,3200
1991-07-22 16:00:00-04:00,0.0,15.625,15.25,15.375,2200
1991-07-23 16:00:00-04:00,0.0,15.625,15.375,15.625,900
1991-07-24 16:00:00-04:00,0.0,15.625,15.375,15.625,2700
1991-07-25 16:00:00-04:00,0.0,15.375,15.375,15.375,1600
1991-07-26 16:00:00-04:00,0.0,15.5,15.25,15.25,2400
1991-07-29 16:00:00-04:00,0.0,15.375,15.25,15.375,800
1991-07-30 16:00:00-04:00,0.0,15.625,15.5,15.5,2000
1991-07-31 16:00:00-04:00,0.0,15.625,15.5,15.625,2200
1991-08-01 16:00:00-04:00,0.0,15.625,15.625,15.625,800
1991-08-02 16:00:00-04:00,0.0,15.75,15.625,15.75,2000
1991-08-05 16:00:00-04:00,0.0,15.625,15.625,15.625,1200
1991-08-06 16:00:00-04:00,0.0,15.625,15.375,15.375,3100
1991-08-07 16:00:00-04:00,0.0,15.75,15.375,15.75,1200
1991-08-08 16:00:00-04:00,0.0,15.75,15.5,15.75,5000
1991-08-09 16:00:00-04:00,0.0,15.875,15.75,15.875,6000
1991-08-12 16:00:00-04:00,0.0,15.625,15.5,15.5,2100
1991-08-13 16:00:00-04:00,0.0,15.75,15.5,15.625,6300
1991-08-14 16:00:00-04:00,0.0,15.75,15.5,15.5,6100
1991-08-15 16:00:00-04:00,0.0,15.75,15.375,15.75,5700
1991-08-16 16:00:00-04:00,0.0,15.5,15.25,15.25,2600
1991-08-19 16:00:00-04:00,0.0,15.25,15.125,15.25,1200
1991-08-20 16:00:00-04:00,0.0,15.5,15.125,15.5,1200
1991-08-21 16:00:00-04:00,0.0,15.625,15.5,15.625,2500
1991-08-22 16:00:00-04:00,0.0,15.5,15.5,15.5,1700
1991-08-23 16:00:00-04:00,0.0,15.625,15.25,15.5,2500
1991-08-26 16:00:00-04:00,0.0,15.625,15.375,15.625,2100
1991-08-27 16:00:00-04:00,0.0,15.625,15.375,15.375,2300
1991-08-28 16:00:00-04:00,0.0,15.625,15.375,15.5,3000
1991-08-29 16:00:00-04:00,0.0,15.75,15.625,15.75,900
1991-08-30 16:00:00-04:00,0.0,15.5,15.375,15.5,600
1991-09-03 16:00:00-04:00,0.0,15.375,15.25,15.25,4900
1991-09-04 16:00:00-04:00,0.0,15.25,15.25,15.25,2900
1991-09-05 16:00:00-04:00,0.0,15.375,15.25,15.375,700
1991-09-06 16:00:00-04:00,0.0,15.625,15.25,15.625,2800
1991-09-09 16:00:00-04:00,0.0,15.75,15.5,15.625,2500
1991-09-10 16:00:00-04:00,0.0,15.875,15.75,15.875,18500
1991-09-11 16:00:00-04:00,0.0,16.0,15.625,15.75,2500
1991-09-12 16:00:00-04:00,0.0,15.875,15.625,15.625,1500
1991-09-13 16:00:00-04:00,0.0,15.625,15.625,15.625,200
1991-09-16 16:00:00-04:00,0.0,15.75,15.5,15.625,4100
1991-09-17 16:00:00-04:00,0.0,15.75,15.625,15.75,1200
1991-09-18 16:00:00-04:00,0.0,15.75,15.5,15.5,1900
1991-09-19 16:00:00-04:00,0.0,15.625,15.5,15.5,4300
1991-09-20 16:00:00-04:00,0.0,15.625,15.5,15.5,1600
1991-09-23 16:00:00-04:00,0.0,15.625,15.5,15.625,4900
1991-09-24 16:00:00-04:00,0.0,15.5,15.5,15.5,4600
1991-09-25 16:00:00-04:00,0.0,15.375,15.375,15.375,1200
1991-09-26 16:00:00-04:00,0.0,15.625,15.5,15.625,3000
1991-09-27 16:00:00-04:00,0.0,15.75,15.5,15.5,3300
1991-09-30 16:00:00-04:00,0.0,15.75,15.5,15.5,2300
1991-10-01 16:00:00-04:00,0.0,16.0,15.5,16.0,5700
1991-10-02 16:00:00-04:00,0.0,16.125,15.875,16.125,2300
1991-10-03 16:00:00-04:00,0.0,16.25,15.875,15.875,1500
1991-10-04 16:00:00-04:00,0.0,15.75,15.5,15.5,2800
1991-10-07 16:00:00-04:00,0.0,15.875,15.5,15.875,1800
1991-10-08 16:00:00-04:00,0.0,15.875,15.625,15.875,3600
1991-10-09 16:00:00-04:00,0.0,15.625,15.625,15.625,2700
1991-10-10 16:00:00-04:00,0.0,15.875,15.625,15.75,3300
1991-10-11 16:00:00-04:00,0.0,15.875,15.75,15.875,1000
1991-10-14 16:00:00-04:00,0.0,15.875,15.875,15.875,700
1991-10-15 16:00:00-04:00,0.0,15.875,15.75,15.75,1900
1991-10-16 16:00:00-04:00,0.0,16.0,15.75,15.75,2200
1991-10-17 16:00:00-04:00,0.0,15.875,15.75,15.875,3700
1991-10-18 16:00:00-04:00,0.0,16.0,15.75,16.0,2100
1991-10-21 16:00:00-04:00,0.0,16.0,15.75,15.75,2500
1991-10-22 16:00:00-04:00,0.0,15.875,15.75,15.75,1100
1991-10-23 16:00:00-04:00,0.0,16.0,15.75,16.0,3600
1991-10-24 16:00:00-04:00,0.0,16.0,15.75,16.0,3000
1991-10-25 16:00:00-04:00,0.0,15.875,15.75,15.875,500
1991-10-28 16:00:00-05:00,0.0,16.0,15.75,15.75,2100
1991-10-29 16:00:00-05:00,0.0,16.0,15.875,16.0,2800
1991-10-30 16:00:00-05:00,0.0,16.0,15.875,16.0,4600
1991-10-31 16:00:00-05:00,0.0,15.875,15.75,15.875,2800
1991-11-01 16:00:00-05:00,0.0,16.0,15.75,16.0,700
1991-11-04 16:00:00-05:00,0.0,16.0,16.0,16.0,600
1991-11-05 16:00:00-05:00,0.0,16.125,15.875,16.0,5900
1991-11-06 16:00:00-05:00,0.0,16.0,15.75,16.0,3600
1991-11-07 16:00:00-05:00,0.0,16.125,16.0,16.125,2800
1991-11-08 16:00:00-05:00,0.0,16.0,15.875,16.0,1500
1991-11-11 16:00:00-05:00,0.0,16.0,15.75,15.75,2500
1991-11-12 16:00:00-05:00,0.0,15.875,15.625,15.875,24200
1991-11-13 16:00:00-05:00,0.0,16.0,15.625,16.0,4800
1991-11-14 16:00:00-05:00,0.0,16.0,15.75,15.875,1300
1991-11-15 16:00:00-05:00,0.0,16.0,15.75,15.75,1600
1991-11-18 16:00:00-05:00,0.0,16.0,15.625,16.0,3100
1991-11-19 16:00:00-05:00,0.0,16.0,15.75,15.75,2200
1991-11-20 16:00:00-05:00,0.0,16.0,16.0,16.0,700
1991-11-21 16:00:00-05:00,0.0,16.25,15.875,16.125,5800
1991-11-22 16:00:00-05:00,0.0,15.75,15.625,15.75,1100
1991-11-25 16:00:00-05:00,0.0,16.0,15.75,15.75,1600
1991-11-26 16:00:00-05:00,0.0,15.75,15.625,15.75,700
1991-11-27 16:00:00-05:00,0.0,16.0,15.625,15.625,5000
1991-11-29 16:00:00-05:00,0.0,0.0,0.0,15.625,0
1991-12-02 16:00:00-05:00,0.0,15.75,15.75,15.75,100
1991-12-03 16:00:00-05:00,0.0,15.875,15.625,15.875,500
1991-12-04 16:00:00-05:00,0.0,16.0,15.75,15.75,4300
1991-12-05 16:00:00-05:00,0.0,15.875,15.75,15.875,1900
1991-12-06 16:00:00-05:00,0.0,15.875,15.75,15.75,2000
1991-12-09 16:00:00-05:00,0.0,16.0,15.75,15.875,3700
1991-12-10 16:00:00-05:00,0.0,15.875,15.5,15.5,4800
1991-12-11 16:00:00-05:00,0.0,15.875,15.625,15.875,5300
1991-12-12 16:00:00-05:00,0.0,16.125,16.0,16.0,8800
1991-12-13 16:00:00-05:00,0.0,16.5,16.125,16.5,8800
1991-12-16 16:00:00-05:00,0.0,16.5,16.375,16.5,3600
1991-12-17 16:00:00-05:00,0.0,16.5,16.125,16.25,3600
1991-12-18 16:00:00-05:00,0.0,16.25,15.875,15.875,5100
1991-12-19 16:00:00-05:00,0.0,16.125,15.75,16.0,1700
1991-12-20 16:00:00-05:00,0.0,16.125,16.0,16.0,1300
1991-12-23 16:00:00-05:00,0.0,16.25,16.0,16.0,2400
1991-12-24 16:00:00-05:00,0.0,16.0,15.875,15.875,3400
1991-12-26 16:00:00-05:00,0.0,0.0,0.0,15.875,0
1991-12-27 16:00:00-05:00,0.0,16.125,15.5,15.5,4000
1991-12-30 16:00:00-05:00,0.0,15.875,15.5,15.875,2300
1991-12-31 16:00:00-05:00,0.0,16.125,15.75,15.75,7500
1992-01-02 16:00:00-05:00,0.0,16.0,15.625,15.75,5000
1992-01-03 16:00:00-05:00,0.0,15.875,15.625,15.875,2600
1992-01-06 16:00:00-05:00,0.0,16.0,15.75,15.75,2300
1992-01-07 16:00:00-05:00,0.0,16.0,15.875,16.0,3200
1992-01-08 16:00:00-05:00,0.0,16.0,15.875,15.875,2800
1992-01-09 16:00:00-05:00,0.0,16.125,16.0,16.125,5100
1992-01-10 16:00:00-05:00,0.0,16.125,16.0,16.0,2800
1992-01-13 16:00:00-05:00,0.0,16.125,15.75,16.0,21800
1992-01-14 16:00:00-05:00,0.0,16.125,16.125,16.125,4300
1992-01-15 16:00:00-05:00,0.0,16.125,16.0,16.125,3100
1992-01-16 16:00:00-05:00,0.0,16.25,16.0,16.0,8500
1992-01-17 16:00:00-05:00,0.0,16.25,16.0,16.0,4700
1992-01-20 16:00:00-05:00,0.0,16.0,15.875,16.0,2700
1992-01-21 16:00:00-05:00,0.0,16.0,16.0,16.0,1700
1992-01-22 16:00:00-05:00,0.0,16.0,15.875,16.0,1500
1992-01-23 16:00:00-05:00,0.0,16.125,15.875,16.125,5800
1992-01-24 16:00:00-05:00,0.0,16.125,16.0,16.0,4200
1992-01-27 16:00:00-05:00,0.0,16.0,15.75,15.75,8000
1992-01-28 16:00:00-05:00,0.0,15.875,15.75,15.75,5700
1992-01-29 16:00:00-05:00,0.0,16.0,15.75,16.0,5800
1992-01-30 16:00:00-05:00,0.0,16.0,15.75,15.75,1800
1992-01-31 16:00:00-05:00,0.0,16.0,15.75,16.0,4000
1992-02-03 16:00:00-05:00,0.0,16.0,15.625,15.625,4700
1992-02-04 16:00:00-05:00,0.0,16.125,15.75,16.0,1500
1992-02-05 16:00:00-05:00,0.0,15.875,15.75,15.75,3500
1992-02-06 16:00:00-05:00,0.0,16.0,15.75,15.875,2200
1992-02-07 16:00:00-05:00,0.0,16.0,15.875,15.875,2400
1992-02-10 16:00:00-05:00,0.0,15.875,15.5,15.625,170200
1992-02-11 16:00:00-05:00,0.0,15.75,15.625,15.75,5900
1992-02-12 16:00:00-05:00,0.0,15.875,15.625,15.75,3300
1992-02-13 16:00:00-05:00,0.0,15.875,15.625,15.625,5200
1992-02-14 16:00:00-05:00,0.0,15.75,15.625,15.625,5100
1992-02-18 16:00:00-05:00,0.0,15.75,15.625,15.625,3000
1992-02-19 16:00:00-05:00,0.0,15.75,15.25,15.5,17200
1992-02-20 16:00:00-05:00,0.0,15.625,15.375,15.5,2000
1992-02-21 16:00:00-05:00,0.0,15.75,15.5,15.5,4200
1992-02-24 16:00:00-05:00,0.0,15.375,15.125,15.125,3600
1992-02-25 16:00:00-05:00,0.0,15.375,15.125,15.375,3200
1992-02-26 16:00:00-05:00,0.0,15.5,15.375,15.5,2500
1992-02-27 16:00:00-05:00,0.0,15.5,15.25,15.375,11800
1992-02-28 16:00:00-05:00,0.0,15.5,15.25,15.5,9100
1992-03-02 16:00:00-05:00,0.0,15.625,15.375,15.5,4900
1992-03-03 16:00:00-05:00,0.0,15.625,15.5,15.5,1400
1992-03-04 16:00:00-05:00,0.0,15.5,15.375,15.5,600
1992-03-05 16:00:00-05:00,0.0,15.375,15.25,15.375,5300
1992-03-06 16:00:00-05:00,0.0,15.5,15.375,15.5,1400
1992-03-09 16:00:00-05:00,0.0,15.5,15.375,15.5,2500
1992-03-10 16:00:00-05:00,0.0,15.5,15.375,15.375,6500
1992-03-11 16:00:00-05:00,0.0,15.5,15.375,15.5,500
1992-03-12 16:00:00-05:00,0.0,15.5,15.5,15.5,200
1992-03-13 16:00:00-05:00,0.0,15.5,15.5,15.5,17800
1992-03-16 16:00:00-05:00,0.0,15.5,15.375,15.5,4100
1992-03-17 16:00:00-05:00,0.0,15.5,15.375,15.5,7300
1992-03-18 16:00:00-05:00,0.0,15.5,15.375,15.5,9500
1992-03-19 16:00:00-05:00,0.0,15.5,15.375,15.375,2700
1992-03-20 16:00:00-05:00,0.0,15.5,15.5,15.5,5700
1992-03-23 16:00:00-05:00,0.0,15.5,15.375,15.5,4400
1992-03-24 16:00:00-05:00,0.0,15.5,15.375,15.375,4400
1992-03-25 16:00:00-05:00,0.0,15.5,15.375,15.5,4600
1992-03-26 16:00:00-05:00,0.0,15.5,15.375,15.5,2700
1992-03-27 16:00:00-05:00,0.0,15.5,15.375,15.5,4400
1992-03-30 16:00:00-05:00,0.0,15.625,15.5,15.625,4700
1992-03-31 16:00:00-05:00,0.0,15.625,15.5,15.625,7100
1992-04-01 16:00:00-05:00,0.0,15.625,15.5,15.5,10300
1992-04-02 16:00:00-05:00,0.0,15.5,15.375,15.5,2600
1992-04-03 16:00:00-05:00,0.0,15.625,15.5,15.5,4800
1992-04-06 16:00:00-04:00,0.0,15.625,15.5,15.625,2100
1992-04-07 16:00:00-04:00,0.0,15.625,15.5,15.5,9000
1992-04-08 16:00:00-04:00,0.0,15.625,15.5,15.625,4500
1992-04-09 16:00:00-04:00,0.0,15.625,15.5,15.625,5000
1992-04-10 16:00:00-04:00,0.0,15.625,15.5,15.625,15600
1992-04-13 16:00:00-04:00,0.0,15.75,15.625,15.75,1100
1992-04-14 16:00:00-04:00,0.0,15.75,15.625,15.625,6600
1992-04-15 16:00:00-04:00,0.0,15.75,15.625,15.75,2000
1992-04-16 16:00:00-04:00,0.0,15.75,15.625,15.75,6200
1992-04-20 16:00:00-04:00,0.0,15.75,15.625,15.75,3700
1992-04-21 16:00:00-04:00,0.0,15.75,15.625,15.625,4600
1992-04-22 16:00:00-04:00,0.0,15.75,15.625,15.75,4000
1992-04-23 16:00:00-04:00,0.0,15.75,15.625,15.75,2500
1992-04-24 16:00:00-04:00,0.0,15.75,15.625,15.75,2000
1992-04-27 16:00:00-04:00,0.0,15.75,15.625,15.75,1900
1992-04-28 16:00:00-04:00,0.0,15.625,15.5,15.5,10500
1992-04-29 16:00:00-04:00,0.0,15.75,15.5,15.75,3800
1992-04-30 16:00:00-04:00,0.0,15.625,15.5,15.625,3200
1992-05-01 16:00:00-04:00,0.0,15.75,15.5,15.625,2000
1992-05-04 16:00:00-04:00,0.0,15.75,15.625,15.75,3000
1992-05-05 16:00:00-04:00,0.0,15.75,15.625,15.75,26400
1992-05-06 16:00:00-04:00,0.0,15.75,15.625,15.75,12200
1992-05-07 16:00:00-04:00,0.0,15.75,15.625,15.75,26800
1992-05-08 16:00:00-04:00,0.0,15.75,15.75,15.75,19800
1992-05-11 16:00:00-04:00,0.0,15.75,15.75,15.75,10000
1992-05-12 16:00:00-04:00,0.0,15.75,15.625,15.75,4900
1992-05-13 16:00:00-04:00,0.0,15.875,15.625,15.875,16400
1992-05-14 16:00:00-04:00,0.0,15.875,15.75,15.875,9900
1992-05-15 16:00:00-04:00,0.0,15.875,15.75,15.875,5700
1992-05-18 16:00:00-04:00,0.0,15.875,15.75,15.875,8700
1992-05-19 16:00:00-04:00,0.0,15.875,15.75,15.875,14400
1992-05-20 16:00:00-04:00,0.0,15.875,15.75,15.75,10100
1992-05-21 16:00:00-04:00,0.0,15.875,15.75,15.875,22700
1992-05-22 16:00:00-04:00,0.0,15.75,15.625,15.75,4800
1992-05-26 16:00:00-04:00,0.0,15.75,15.625,15.75,36500
1992-05-27 16:00:00-04:00,0.0,15.75,15.75,15.75,31900
1992-05-28 16:00:00-04:00,0.0,15.875,15.75,15.75,10700
1992-05-29 16:00:00-04:00,0.0,15.875,15.75,15.875,9500
1992-06-01 16:00:00-04:00,0.0,15.75,15.75,15.75,10200
1992-06-02 16:00:00-04:00,0.0,15.875,15.75,15.75,7400
1992-06-03 16:00:00-04:00,0.0,15.75,15.625,15.75,5800
1992-06-04 16:00:00-04:00,0.0,15.875,15.75,15.875,2400
1992-06-05 16:00:00-04:00,0.0,15.75,15.75,15.75,4100
1992-06-08 16:00:00-04:00,0.0,15.75,15.625,15.75,7100
1992-06-09 16:00:00-04:00,0.0,15.75,15.625,15.75,3100
1992-06-10 16:00:00-04:00,0.0,15.75,15.625,15.75,4100
1992-06-11 16:00:00-04:00,0.0,15.75,15.625,15.625,17200
1992-06-12 16:00:00-04:00,0.0,15.75,15.625,15.75,8700
1992-06-15 16:00:00-04:00,0.0,15.75,15.625,15.75,1900
1992-06-16 16:00:00-04:00,0.0,15.75,15.625,15.75,26900
1992-06-17 16:00:00-04:00,0.0,15.75,15.625,15.75,5000
1992-06-18 16:00:00-04:00,0.0,15.75,15.625,15.75,7700
1992-06-19 16:00:00-04:00,0.0,15.75,15.75,15.75,8900
1992-06-22 16:00:00-04:00,0.0,15.75,15.625,15.75,3600
1992-06-23 16:00:00-04:00,0.0,15.75,15.625,15.75,12600
1992-06-24 16:00:00-04:00,0.0,15.75,15.75,15.75,4800
1992-06-25 16:00:00-04:00,0.0,15.75,15.625,15.625,4000
1992-06-26 16:00:00-04:00,0.0,15.75,15.625,15.75,9500
1992-06-29 16:00:00-04:00,0.0,15.75,15.625,15.75,3300
1992-06-30 16:00:00-04:00,0.0,15.75,15.625,15.75,3600
1992-07-01 16:00:00-04:00,0.0,15.75,15.625,15.75,8400
1992-07-02 16:00:00-04:00,0.0,15.75,15.625,15.75,13300
1992-07-06 16:00:00-04:00,0.0,15.75,15.625,15.75,21700
1992-07-07 16:00:00-04:00,0.0,15.75,15.625,15.625,13300
1992-07-08 16:00:00-04:00,0.0,15.875,15.75,15.875,6100
1992-07-09 16:00:00-04:00,0.0,15.875,15.75,15.875,16500
1992-07-10 16:00:00-04:00,0.0,15.875,15.75,15.875,16100
1992-07-13 16:00:00-04:00,0.0,15.875,15.75,15.75,7100
1992-07-14 16:00:00-04:00,0.0,16.0,15.875,16.0,16100
1992-07-15 16:00:00-04:00,0.0,16.0,15.875,16.0,17400
1992-07-16 16:00:00-04:00,0.0,16.0,15.875,16.0,15600
1992-07-17 16:00:00-04:00,0.0,16.0,15.875,15.875,7100
1992-07-20 16:00:00-04:00,0.0,16.0,15.875,16.0,21600
1992-07-21 16:00:00-04:00,0.0,16.0,15.875,16.0,31200
1992-07-22 16:00:00-04:00,0.0,16.125,15.875,16.125,32800
1992-07-23 16:00:00-04:00,0.0,16.125,16.0,16.0,34100
1992-07-24 16:00:00-04:00,0.0,16.25,16.0,16.25,40200
1992-07-27 16:00:00-04:00,0.0,16.25,16.125,16.25,5700
1992-07-28 16:00:00-04:00,0.0,16.375,16.125,16.375,26300
1992-07-29 16:00:00-04:00,0.0,16.5,16.375,16.5,19100
1992-07-30 16:00:00-04:00,0.0,16.5,16.375,16.5,8700
1992-07-31 16:00:00-04:00,0.0,16.5,16.375,16.5,10300
1992-08-03 16:00:00-04:00,0.0,16.5,16.375,16.5,16100
1992-08-04 16:00:00-04:00,0.0,16.5,16.375,16.5,18200
1992-08-05 16:00:00-04:00,0.0,16.625,16.375,16.5,24200
1992-08-06 16:00:00-04:00,0.0,16.625,16.625,16.625,12500
1992-08-07 16:00:00-04:00,0.0,16.625,16.5,16.625,14400
1992-08-10 16:00:00-04:00,0.0,16.625,16.5,16.625,5700
1992-08-11 16:00:00-04:00,0.0,16.625,16.625,16.625,20200
1992-08-12 16:00:00-04:00,0.0,16.625,16.5,16.625,37500
1992-08-13 16:00:00-04:00,0.0,16.75,16.625,16.75,7800
1992-08-14 16:00:00-04:00,0.0,16.75,16.625,16.75,11200
1992-08-17 16:00:00-04:00,0.0,16.75,16.625,16.75,19100
1992-08-18 16:00:00-04:00,0.0,16.875,16.625,16.875,9900
1992-08-19 16:00:00-04:00,0.0,16.875,16.75,16.75,8100
1992-08-20 16:00:00-04:00,0.0,16.875,16.75,16.875,8800
1992-08-21 16:00:00-04:00,0.0,16.625,16.5,16.5,17500
1992-08-24 16:00:00-04:00,0.0,16.625,16.375,16.5,6500
1992-08-25 16:00:00-04:00,0.0,16.5,16.375,16.5,5400
1992-08-26 16:00:00-04:00,0.0,16.5,16.375,16.375,2500
1992-08-27 16:00:00-04:00,0.0,16.5,16.5,16.5,1000
1992-08-28 16:00:00-04:00,0.0,16.5,16.375,16.375,3800
1992-08-31 16:00:00-04:00,0.0,16.5,16.375,16.5,2100
1992-09-01 16:00:00-04:00,0.0,16.5,16.375,16.5,4700
1992-09-02 16:00:00-04:00,0.0,16.5,16.375,16.5,3800
1992-09-03 16:00:00-04:00,0.0,16.5,16.5,16.5,3000
1992-09-04 16:00:00-04:00,0.0,16.625,16.5,16.625,13700
1992-09-08 16:00:00-04:00,0.0,16.625,16.5,16.625,5500
1992-09-09 16:00:00-04:00,0.0,16.625,16.5,16.625,6900
1992-09-10 16:00:00-04:00,0.0,16.625,16.5,16.625,4600
1992-09-11 16:00:00-04:00,0.0,16.875,16.625,16.875,8900
1992-09-14 16:00:00-04:00,0.0,17.0,16.625,16.625,10200
1992-09-15 16:00:00-04:00,0.0,17.0,16.75,16.75,19000
1992-09-16 16:00:00-04:00,0.0,17.0,16.75,16.875,4400
1992-09-17 16:00:00-04:00,0.0,17.0,16.875,17.0,4800
1992-09-18 16:00:00-04:00,0.0,17.0,17.0,17.0,7200
1992-09-21 16:00:00-04:00,0.0,17.25,16.875,17.25,3500
1992-09-22 16:00:00-04:00,0.0,17.125,16.875,16.875,7700
1992-09-23 16:00:00-04:00,0.0,17.0,16.75,16.875,6000
1992-09-24 16:00:00-04:00,0.0,17.0,16.875,17.0,4800
1992-09-25 16:00:00-04:00,0.0,17.125,16.875,17.125,8900
1992-09-28 16:00:00-04:00,0.0,17.125,16.875,16.875,5000
1992-09-29 16:00:00-04:00,0.0,17.125,16.875,17.0,2900
1992-09-30 16:00:00-04:00,0.0,17.0,16.875,17.0,5100
1992-10-01 16:00:00-04:00,0.0,17.125,16.875,16.875,2700
1992-10-02 16:00:00-04:00,0.0,17.125,17.0,17.125,3000
1992-10-05 16:00:00-04:00,0.0,17.125,17.0,17.125,3000
1992-10-06 16:00:00-04:00,0.0,17.25,17.0,17.0,5200
1992-10-07 16:00:00-04:00,0.0,17.125,16.625,17.0,22600
1992-10-08 16:00:00-04:00,0.0,17.125,16.875,16.875,5800
1992-10-09 16:00:00-04:00,0.0,16.875,16.75,16.75,2300
1992-10-12 16:00:00-04:00,0.0,16.75,16.625,16.75,6600
1992-10-13 16:00:00-04:00,0.0,17.25,16.75,17.125,4500
1992-10-14 16:00:00-04:00,0.0,17.375,17.125,17.125,4700
1992-10-15 16:00:00-04:00,0.0,17.25,17.125,17.25,3700
1992-10-16 16:00:00-04:00,0.0,17.0,16.75,16.75,8300
1992-10-19 16:00:00-04:00,0.0,17.0,16.625,16.625,36900
1992-10-20 16:00:00-04:00,0.0,16.625,16.0,16.25,25700
1992-10-21 16:00:00-04:00,0.0,16.5,16.125,16.125,11200
1992-10-22 16:00:00-04:00,0.0,16.25,15.75,16.25,26700
1992-10-23 16:00:00-04:00,0.0,16.25,15.625,15.75,13200
1992-10-26 16:00:00-05:00,0.0,15.875,15.625,15.75,5400
1992-10-27 16:00:00-05:00,0.0,15.875,15.625,15.875,9400
1992-10-28 16:00:00-05:00,0.0,16.0,15.75,16.0,7300
1992-10-29 16:00:00-05:00,0.0,16.0,15.875,15.875,1600
1992-10-30 16:00:00-05:00,0.0,16.125,15.75,16.0,6800
1992-11-02 16:00:00-05:00,0.0,16.0,15.625,16.0,17400
1992-11-03 16:00:00-05:00,0.0,16.0,15.75,16.0,5100
1992-11-04 16:00:00-05:00,0.0,16.0,15.875,15.875,3500
1992-11-05 16:00:00-05:00,0.0,16.0,15.75,16.0,9900
1992-11-06 16:00:00-05:00,0.0,16.0,15.5,15.625,11100
1992-11-09 16:00:00-05:00,0.0,16.0,15.625,15.875,20400
1992-11-10 16:00:00-05:00,0.0,15.875,15.625,15.625,4200
1992-11-11 16:00:00-05:00,0.0,16.0,15.625,16.0,8100
1992-11-12 16:00:00-05:00,0.0,15.875,15.75,15.875,5000
1992-11-13 16:00:00-05:00,0.0,16.0,15.75,15.875,7800
1992-11-16 16:00:00-05:00,0.0,15.625,15.25,15.5,15000
1992-11-17 16:00:00-05:00,0.0,15.5,15.25,15.375,15100
1992-11-18 16:00:00-05:00,0.0,15.625,15.375,15.375,11600
1992-11-19 16:00:00-05:00,0.0,15.625,15.375,15.625,11400
1992-11-20 16:00:00-05:00,0.0,15.625,15.375,15.5,8700
1992-11-23 16:00:00-05:00,0.0,15.625,15.375,15.625,12100
1992-11-24 16:00:00-05:00,0.0,15.875,15.5,15.75,7600
1992-11-25 16:00:00-05:00,0.0,16.0,15.625,15.875,13300
1992-11-27 16:00:00-05:00,0.0,15.75,15.5,15.75,4500
1992-11-30 16:00:00-05:00,0.0,15.875,15.625,15.875,10200
1992-12-01 16:00:00-05:00,0.0,15.875,15.625,15.875,5300
1992-12-02 16:00:00-05:00,0.0,15.875,15.625,15.75,8300
1992-12-03 16:00:00-05:00,0.0,15.875,15.75,15.75,8900
1992-12-04 16:00:00-05:00,0.0,15.875,15.625,15.625,10400
1992-12-07 16:00:00-05:00,0.0,15.875,15.625,15.625,5900
1992-12-08 16:00:00-05:00,0.0,15.875,15.625,15.875,5100
1992-12-09 16:00:00-05:00,0.0,15.75,15.5,15.625,12900
1992-12-10 16:00:00-05:00,0.0,15.625,15.375,15.375,14400
1992-12-11 16:00:00-05:00,0.0,15.625,15.375,15.5,14400
1992-12-14 16:00:00-05:00,0.0,15.5,15.375,15.375,7800
1992-12-15 16:00:00-05:00,0.0,15.75,15.375,15.375,42200
1992-12-16 16:00:00-05:00,0.0,15.75,15.375,15.625,12700
1992-12-17 16:00:00-05:00,0.0,15.875,15.625,15.875,7100
1992-12-18 16:00:00-05:00,0.0,15.875,15.5,15.5,10000
1992-12-21 16:00:00-05:00,0.0,15.625,15.5,15.5,6500
1992-12-22 16:00:00-05:00,0.0,15.75,15.375,15.375,7500
1992-12-23 16:00:00-05:00,0.0,15.75,15.375,15.75,13300
1992-12-24 16:00:00-05:00,0.0,15.625,15.375,15.625,7300
1992-12-28 16:00:00-05:00,0.0,15.75,15.5,15.5,6400
1992-12-29 16:00:00-05:00,0.0,15.625,15.5,15.5,6400
1992-12-30 16:00:00-05:00,0.0,15.625,15.375,15.5,5800
1992-12-31 16:00:00-05:00,0.0,15.625,15.5,15.625,5400
1993-01-04 16:00:00-05:00,0.0,15.75,15.625,15.75,5900
1993-01-05 16:00:00-05:00,0.0,15.875,15.5,15.875,11600
1993-01-06 16:00:00-05:00,0.0,15.875,15.625,15.75,11400
1993-01-07 16:00:00-05:00,0.0,15.75,15.625,15.75,9000
1993-01-08 16:00:00-05:00,0.0,15.875,15.625,15.75,11800
1993-01-11 16:00:00-05:00,0.0,15.75,15.625,15.75,5900
1993-01-12 16:00:00-05:00,0.0,15.75,15.5,15.75,3100
1993-01-13 16:00:00-05:00,0.0,15.875,15.75,15.875,8400
1993-01-14 16:00:00-05:00,0.0,15.875,15.75,15.875,4100
1993-01-15 16:00:00-05:00,0.0,15.875,15.625,15.75,4800
1993-01-18 16:00:00-05:00,0.0,15.875,15.75,15.75,2800
1993-01-19 16:00:00-05:00,0.0,15.875,15.625,15.875,11300
1993-01-20 16:00:00-05:00,0.0,15.875,15.75,15.875,14000
1993-01-21 16:00:00-05:00,0.0,16.0,15.75,16.0,8000
1993-01-22 16:00:00-05:00,0.0,16.125,15.875,16.125,12700
1993-01-25 16:00:00-05:00,0.0,16.125,15.875,16.0,10800
1993-01-26 16:00:00-05:00,0.0,16.0,15.75,16.0,5800
1993-01-27 16:00:00-05:00,0.0,16.0,15.75,16.0,14900
1993-01-28 16:00:00-05:00,0.0,16.25,16.0,16.25,11500
1993-01-29 16:00:00-05:00,0.0,16.375,16.125,16.25,6700
1993-02-01 16:00:00-05:00,0.0,16.5,16.25,16.25,6100
1993-02-02 16:00:00-05:00,0.0,16.375,16.25,16.25,5300
1993-02-03 16:00:00-05:00,0.0,16.375,16.25,16.25,6000
1993-02-04 16:00:00-05:00,0.0,16.375,16.25,16.375,10600
1993-02-05 16:00:00-05:00,0.0,16.5,16.25,16.5,9000
1993-02-08 16:00:00-05:00,0.0,16.625,16.375,16.5,8600
1993-02-09 16:00:00-05:00,0.0,16.5,16.375,16.375,4400
1993-02-10 16:00:00-05:00,0.0,16.5,16.375,16.5,2000
1993-02-11 16:00:00-05:00,0.0,16.5,16.375,16.375,9800
1993-02-12 16:00:00-05:00,0.0,16.5,16.25,16.375,7700
1993-02-16 16:00:00-05:00,0.0,16.5,16.375,16.5,7200
1993-02-17 16:00:00-05:00,0.0,16.5,16.375,16.375,4600
1993-02-18 16:00:00-05:00,0.0,16.625,16.375,16.5,5900
1993-02-19 16:00:00-05:00,0.0,16.5,16.375,16.5,6200
1993-02-22 16:00:00-05:00,0.0,16.375,16.125,16.375,8000
1993-02-23 16:00:00-05:00,0.0,16.25,16.125,16.125,4900
1993-02-24 16:00:00-05:00,0.0,16.25,16.125,16.25,2500
1993-02-25 16:00:00-05:00,0.0,16.375,16.25,16.25,1100
1993-02-26 16:00:00-05:00,0.0,16.375,16.25,16.375,3300
1993-03-01 16:00:00-05:00,0.0,16.375,16.25,16.25,9200
1993-03-02 16:00:00-05:00,0.0,16.375,16.25,16.375,9400
1993-03-03 16:00:00-05:00,0.0,16.375,16.25,16.375,6200
1993-03-04 16:00:00-05:00,0.0,16.5,16.375,16.5,4700
1993-03-05 16:00:00-05:00,0.0,16.625,16.5,16.625,13100
1993-03-08 16:00:00-05:00,0.0,16.625,16.375,16.5,5400
1993-03-09 16:00:00-05:00,0.0,16.75,16.625,16.625,19900
1993-03-10 16:00:00-05:00,0.0,16.75,16.5,16.75,5100
1993-03-11 16:00:00-05:00,0.0,16.75,16.5,16.75,5700
1993-03-12 16:00:00-05:00,0.0,16.75,16.625,16.625,4200
1993-03-15 16:00:00-05:00,0.0,16.875,16.625,16.625,17700
1993-03-16 16:00:00-05:00,0.0,16.625,16.5,16.5,3100
1993-03-17 16:00:00-05:00,0.0,16.75,16.625,16.625,7100
1993-03-18 16:00:00-05:00,0.0,16.75,16.5,16.5,5900
1993-03-19 16:00:00-05:00,0.0,16.75,16.5,16.5,2300
1993-03-22 16:00:00-05:00,0.0,16.75,16.5,16.625,2400
1993-03-23 16:00:00-05:00,0.0,16.875,16.625,16.625,6100
1993-03-24 16:00:00-05:00,0.0,16.75,16.625,16.625,2000
1993-03-25 16:00:00-05:00,0.0,16.75,16.625,16.75,6700
1993-03-26 16:00:00-05:00,0.0,16.75,16.625,16.75,2000
1993-03-29 16:00:00-05:00,0.0,16.75,16.625,16.625,2700
1993-03-30 16:00:00-05:00,0.0,16.75,16.625,16.625,3600
1993-03-31 16:00:00-05:00,0.0,16.75,16.625,16.625,3300
1993-04-01 16:00:00-05:00,0.0,16.75,16.625,16.625,1800
1993-04-02 16:00:00-05:00,0.0,16.75,16.625,16.625,4700
1993-04-05 16:00:00-04:00,0.0,16.625,16.5,16.625,3600
1993-04-06 16:00:00-04:00,0.0,16.625,16.5,16.625,2700
1993-04-07 16:00:00-04:00,0.0,16.625,16.5,16.5,4800
1993-04-08 16:00:00-04:00,0.0,16.625,16.5,16.625,1500
1993-04-12 16:00:00-04:00,0.0,16.75,16.625,16.625,1100
1993-04-13 16:00:00-04:00,0.0,16.75,16.625,16.75,10600
1993-04-14 16:00:00-04:00,0.0,16.75,16.625,16.625,5900
1993-04-15 16:00:00-04:00,0.0,16.75,16.625,16.75,3800
1993-04-16 16:00:00-04:00,0.0,16.75,16.75,16.75,1200
1993-04-19 16:00:00-04:00,0.0,16.75,16.625,16.625,3300
1993-04-20 16:00:00-04:00,0.0,16.75,16.5,16.625,11700
1993-04-21 16:00:00-04:00,0.0,16.75,16.625,16.75,1400
1993-04-22 16:00:00-04:00,0.0,16.875,16.625,16.875,4700
1993-04-23 16:00:00-04:00,0.0,16.875,16.75,16.875,2000
1993-04-26 16:00:00-04:00,0.0,16.875,16.625,16.625,3700
1993-04-27 16:00:00-04:00,0.0,16.75,16.625,16.75,3500
1993-04-28 16:00:00-04:00,0.0,16.625,16.625,16.625,2900
1993-04-29 16:00:00-04:00,0.0,16.75,16.625,16.625,1600
1993-04-30 16:00:00-04:00,0.0,16.625,16.625,16.625,1000
1993-05-03 16:00:00-04:00,0.0,16.75,16.625,16.75,4700
1993-05-04 16:00:00-04:00,0.0,16.625,16.625,16.625,600
1993-05-05 16:00:00-04:00,0.0,16.875,16.625,16.875,6300
1993-05-06 16:00:00-04:00,0.0,16.75,16.75,16.75,2200
1993-05-07 16:00:00-04:00,0.0,16.875,16.75,16.875,800
1993-05-10 16:00:00-04:00,0.0,16.875,16.75,16.875,2400
1993-05-11 16:00:00-04:00,0.0,16.875,16.75,16.75,3800
1993-05-12 16:00:00-04:00,0.0,16.75,16.625,16.625,6400
1993-05-13 16:00:00-04:00,0.0,16.75,16.625,16.625,1700
1993-05-14 16:00:00-04:00,0.0,16.75,16.625,16.625,2900
1993-05-17 16:00:00-04:00,0.0,16.75,16.625,16.625,4400
1993-05-18 16:00:00-04:00,0.0,16.75,16.625,16.75,9500
1993-05-19 16:00:00-04:00,0.0,16.75,16.625,16.75,1900
1993-05-20 16:00:00-04:00,0.0,16.875,16.625,16.75,5600
1993-05-21 16:00:00-04:00,0.0,16.625,16.5,16.5,2100
1993-05-24 16:00:00-04:00,0.0,16.5,16.5,16.5,800
1993-05-25 16:00:00-04:00,0.0,16.625,16.625,16.625,1900
1993-05-26 16:00:00-04:00,0.0,16.75,16.625,16.75,8600
1993-05-27 16:00:00-04:00,0.0,16.75,16.625,16.625,1300
1993-05-28 16:00:00-04:00,0.0,16.75,16.75,16.75,400
1993-06-01 16:00:00-04:00,0.0,16.625,16.5,16.625,5200
1993-06-02 16:00:00-04:00,0.0,16.5,16.5,16.5,1400
1993-06-03 16:00:00-04:00,0.0,16.625,16.5,16.5,1400
1993-06-04 16:00:00-04:00,0.0,16.625,16.5,16.5,5300
1993-06-07 16:00:00-04:00,0.0,16.625,16.5,16.625,3200
1993-06-08 16:00:00-04:00,0.0,16.75,16.5,16.625,10100
1993-06-09 16:00:00-04:00,0.0,16.625,16.5,16.625,4700
1993-06-10 16:00:00-04:00,0.0,16.625,16.5,16.625,3100
1993-06-11 16:00:00-04:00,0.0,16.625,16.5,16.5,1400
1993-06-14 16:00:00-04:00,0.0,16.625,16.5,16.5,5400
1993-06-15 16:00:00-04:00,0.0,16.75,16.5,16.625,31300
1993-06-16 16:00:00-04:00,0.0,16.75,16.75,16.75,1200
1993-06-17 16:00:00-04:00,0.0,16.75,16.5,16.75,4200
1993-06-18 16:00:00-04:00,0.0,16.75,16.625,16.625,3100
1993-06-21 16:00:00-04:00,0.0,16.625,16.5,16.5,5300
1993-06-22 16:00:00-04:00,0.0,16.625,16.375,16.375,35800
1993-06-23 16:00:00-04:00,0.0,16.375,16.25,16.375,3800
1993-06-24 16:00:00-04:00,0.0,16.375,15.875,15.875,16500
1993-06-25 16:00:00-04:00,0.0,16.125,16.0,16.125,14400
1993-06-28 16:00:00-04:00,0.0,16.5,16.125,16.375,14500
1993-06-29 16:00:00-04:00,0.0,16.5,16.375,16.5,7300
1993-06-30 16:00:00-04:00,0.0,16.5,16.375,16.5,15300
1993-07-01 16:00:00-04:00,0.0,16.5,16.375,16.5,7900
1993-07-02 16:00:00-04:00,0.0,16.5,16.375,16.375,1600
1993-07-06 16:00:00-04:00,0.0,16.5,16.375,16.375,4900
1993-07-07 16:00:00-04:00,0.0,16.5,16.25,16.5,9500
1993-07-08 16:00:00-04:00,0.0,16.5,16.375,16.5,7200
1993-07-09 16:00:00-04:00,0.0,16.5,16.375,16.5,6400
1993-07-12 16:00:00-04:00,0.0,16.5,16.375,16.5,10600
1993-07-13 16:00:00-04:00,0.0,16.5,16.375,16.5,2900
1993-07-14 16:00:00-04:00,0.0,16.625,16.375,16.5,10100
1993-07-15 16:00:00-04:00,0.0,16.625,16.5,16.625,6200
1993-07-16 16:00:00-04:00,0.0,16.625,16.5,16.625,5800
1993-07-19 16:00:00-04:00,0.0,16.625,16.5,16.625,4400
1993-07-20 16:00:00-04:00,0.0,16.625,16.5,16.5,7700
1993-07-21 16:00:00-04:00,0.0,16.625,16.5,16.625,2700
1993-07-22 16:00:00-04:00,0.0,16.625,16.5,16.625,7000
1993-07-23 16:00:00-04:00,0.0,16.625,16.375,16.5,8800
1993-07-26 16:00:00-04:00,0.0,16.625,16.5,16.625,5200
1993-07-27 16:00:00-04:00,0.0,16.625,16.5,16.625,6100
1993-07-28 16:00:00-04:00,0.0,16.625,16.5,16.5,13100
1993-07-29 16:00:00-04:00,0.0,16.625,16.375,16.5,15200
1993-07-30 16:00:00-04:00,0.0,16.5,16.5,16.5,1200
1993-08-02 16:00:00-04:00,0.0,16.5,16.375,16.5,8800
1993-08-03 16:00:00-04:00,0.0,16.625,16.5,16.625,4500
1993-08-04 16:00:00-04:00,0.0,16.625,16.5,16.625,5300
1993-08-05 16:00:00-04:00,0.0,16.625,16.375,16.5,10100
1993-08-06 16:00:00-04:00,0.0,16.625,16.5,16.5,4200
1993-08-09 16:00:00-04:00,0.0,16.5,16.375,16.5,7000
1993-08-10 16:00:00-04:00,0.0,16.5,16.375,16.5,3700
1993-08-11 16:00:00-04:00,0.0,16.625,16.5,16.5,4600
1993-08-12 16:00:00-04:00,0.0,16.625,16.375,16.5,55300
1993-08-13 16:00:00-04:00,0.0,16.5,16.375,16.5,4400
1993-08-16 16:00:00-04:00,0.0,16.5,16.5,16.5,2700
1993-08-17 16:00:00-04:00,0.0,16.5,16.375,16.5,7200
1993-08-18 16:00:00-04:00,0.0,16.5,16.375,16.5,3800
1993-08-19 16:00:00-04:00,0.0,16.5,16.375,16.5,17200
1993-08-20 16:00:00-04:00,0.0,16.375,16.125,16.125,13800
1993-08-23 16:00:00-04:00,0.0,16.25,16.125,16.25,7800
1993-08-24 16:00:00-04:00,0.0,16.25,16.0,16.25,7700
1993-08-25 16:00:00-04:00,0.0,16.25,16.125,16.25,13100
1993-08-26 16:00:00-04:00,0.0,16.375,16.125,16.25,11200
1993-08-27 16:00:00-04:00,0.0,16.25,16.125,16.25,4000
1993-08-30 16:00:00-04:00,0.0,16.375,16.25,16.375,6400
1993-08-31 16:00:00-04:00,0.0,16.375,16.25,16.375,9300
1993-09-01 16:00:00-04:00,0.0,16.375,16.25,16.375,3100
1993-09-02 16:00:00-04:00,0.0,16.5,16.25,16.25,11500
1993-09-03 16:00:00-04:00,0.0,16.375,16.25,16.25,5100
1993-09-07 16:00:00-04:00,0.0,16.375,16.25,16.25,5900
1993-09-08 16:00:00-04:00,0.0,16.375,16.25,16.375,6500
1993-09-09 16:00:00-04:00,0.0,16.375,16.25,16.375,15200
1993-09-10 16:00:00-04:00,0.0,16.375,16.25,16.375,9200
1993-09-13 16:00:00-04:00,0.0,16.5,16.25,16.5,5100
1993-09-14 16:00:00-04:00,0.0,16.5,16.375,16.375,3200
1993-09-15 16:00:00-04:00,0.0,16.5,16.375,16.5,15200
1993-09-16 16:00:00-04:00,0.0,16.625,16.5,16.625,2000
1993-09-17 16:00:00-04:00,0.0,16.625,16.5,16.625,3900
1993-09-20 16:00:00-04:00,0.0,16.625,16.5,16.5,12700
1993-09-21 16:00:00-04:00,0.0,16.625,16.5,16.625,29400
1993-09-22 16:00:00-04:00,0.0,16.625,16.5,16.5,7700
1993-09-23 16:00:00-04:00,0.0,16.5,16.375,16.5,18400
1993-09-24 16:00:00-04:00,0.0,16.5,16.375,16.5,3100
1993-09-27 16:00:00-04:00,0.0,16.5,16.375,16.375,9000
1993-09-28 16:00:00-04:00,0.0,16.5,16.375,16.5,10300
1993-09-29 16:00:00-04:00,0.0,16.625,16.5,16.5,11700
1993-09-30 16:00:00-04:00,0.0,16.625,16.5,16.5,4100
1993-10-01 16:00:00-04:00,0.0,16.625,16.5,16.625,3800
1993-10-04 16:00:00-04:00,0.0,16.75,16.625,16.625,7200
1993-10-05 16:00:00-04:00,0.0,16.75,16.5,16.5,13300
1993-10-06 16:00:00-04:00,0.0,16.625,16.5,16.625,2200
1993-10-07 16:00:00-04:00,0.0,16.75,16.5,16.75,9300
1993-10-08 16:00:00-04:00,0.0,16.75,16.625,16.75,10100
1993-10-11 16:00:00-04:00,0.0,16.625,16.5,16.625,5800
1993-10-12 16:00:00-04:00,0.0,16.75,16.5,16.5,11800
1993-10-13 16:00:00-04:00,0.0,16.625,16.5,16.5,2800
1993-10-14 16:00:00-04:00,0.0,16.625,16.5,16.5,3000
1993-10-15 16:00:00-04:00,0.0,16.625,16.5,16.5,7000
1993-10-18 16:00:00-04:00,0.0,16.75,16.5,16.75,3900
1993-10-19 16:00:00-04:00,0.0,16.75,16.625,16.75,8200
1993-10-20 16:00:00-04:00,0.0,16.75,16.625,16.75,3900
1993-10-21 16:00:00-04:00,0.0,16.75,16.625,16.75,10400
1993-10-22 16:00:00-04:00,0.0,16.75,16.5,16.75,11300
1993-10-25 16:00:00-04:00,0.0,16.75,16.625,16.75,7900
1993-10-26 16:00:00-04:00,0.0,16.75,16.625,16.75,9000
1993-10-27 16:00:00-04:00,0.0,16.75,16.625,16.625,8300
1993-10-28 16:00:00-04:00,0.0,16.75,16.5,16.625,8900
1993-10-29 16:00:00-04:00,0.0,16.75,16.625,16.625,8400
1993-11-01 16:00:00-05:00,0.0,16.5,16.5,16.5,4600
1993-11-02 16:00:00-05:00,0.0,16.75,16.5,16.75,6000
1993-11-03 16:00:00-05:00,0.0,16.75,16.5,16.75,7900
1993-11-04 16:00:00-05:00,0.0,16.625,16.5,16.625,2800
1993-11-05 16:00:00-05:00,0.0,16.625,16.375,16.5,8400
1993-11-08 16:00:00-05:00,0.0,16.5,16.375,16.5,6600
1993-11-09 16:00:00-05:00,0.0,16.625,16.375,16.625,6700
1993-11-10 16:00:00-05:00,0.0,16.625,16.5,16.625,2500
1993-11-11 16:00:00-05:00,0.0,16.625,16.375,16.625,2700
1993-11-12 16:00:00-05:00,0.0,16.625,16.375,16.5,6400
1993-11-15 16:00:00-05:00,0.0,16.625,16.375,16.625,8300
1993-11-16 16:00:00-05:00,0.0,16.625,16.375,16.375,10000
1993-11-17 16:00:00-05:00,0.0,16.625,16.5,16.625,2100
1993-11-18 16:00:00-05:00,0.0,16.375,16.25,16.25,3600
1993-11-19 16:00:00-05:00,0.0,16.375,16.25,16.25,3300
1993-11-22 16:00:00-05:00,0.0,16.375,16.0,16.125,3100
1993-11-23 16:00:00-05:00,0.0,15.875,15.75,15.75,3100
1993-11-24 16:00:00-05:00,0.0,16.25,15.375,16.0,12100
1993-11-26 16:00:00-05:00,0.0,16.125,16.0,16.125,1200
1993-11-29 16:00:00-05:00,0.0,16.125,15.875,16.125,3500
1993-11-30 16:00:00-05:00,0.0,16.125,16.0,16.125,10200
1993-12-01 16:00:00-05:00,0.0,16.125,15.875,15.875,10600
1993-12-02 16:00:00-05:00,0.0,16.0,15.75,16.0,6700
1993-12-03 16:00:00-05:00,0.0,16.0,15.75,16.0,1500
1993-12-06 16:00:00-05:00,0.0,16.125,15.875,16.0,4000
1993-12-07 16:00:00-05:00,0.0,16.125,16.0,16.0,5900
1993-12-08 16:00:00-05:00,0.0,16.125,15.875,16.0,8700
1993-12-09 16:00:00-05:00,0.0,16.125,15.875,16.125,4300
1993-12-10 16:00:00-05:00,0.0,16.125,15.875,16.125,9400
1993-12-13 16:00:00-05:00,0.0,15.875,15.625,15.875,12400
1993-12-14 16:00:00-05:00,0.0,16.125,15.875,15.875,1800
1993-12-15 16:00:00-05:00,0.0,16.375,16.0,16.375,26500
1993-12-16 16:00:00-05:00,0.0,16.5,16.375,16.375,38800
1993-12-17 16:00:00-05:00,0.0,16.5,16.25,16.375,5600
1993-12-20 16:00:00-05:00,0.0,16.375,16.125,16.375,4200
1993-12-21 16:00:00-05:00,0.0,16.375,16.125,16.25,6500
1993-12-22 16:00:00-05:00,0.0,16.375,16.125,16.25,2900
1993-12-23 16:00:00-05:00,0.0,16.375,16.125,16.25,6600
1993-12-27 16:00:00-05:00,0.0,16.375,16.125,16.125,2000
1993-12-28 16:00:00-05:00,0.0,16.375,16.125,16.125,3300
1993-12-29 16:00:00-05:00,0.0,16.375,16.125,16.125,4100
1993-12-30 16:00:00-05:00,0.0,16.375,16.125,16.375,4300
1993-12-31 16:00:00-05:00,0.0,16.375,16.25,16.375,2200
1994-01-03 16:00:00-05:00,0.0,16.375,16.25,16.25,4400
1994-01-04 16:00:00-05:00,0.0,16.375,16.25,16.375,3300
1994-01-05 16:00:00-05:00,0.0,16.375,16.125,16.125,4700
1994-01-06 16:00:00-05:00,0.0,16.25,16.0,16.25,9400
1994-01-07 16:00:00-05:00,0.0,16.25,15.875,16.0,5300
1994-01-10 16:00:00-05:00,0.0,15.875,15.375,15.875,21500
1994-01-11 16:00:00-05:00,0.0,16.25,15.625,16.25,9300
1994-01-12 16:00:00-05:00,0.0,16.25,16.0,16.125,4300
1994-01-13 16:00:00-05:00,0.0,16.125,15.75,15.75,6600
1994-01-14 16:00:00-05:00,0.0,16.0,15.75,15.875,2500
1994-01-17 16:00:00-05:00,0.0,16.0,15.875,16.0,700
1994-01-18 16:00:00-05:00,0.0,16.0,15.875,16.0,2200
1994-01-19 16:00:00-05:00,0.0,16.25,16.0,16.25,5900
1994-01-20 16:00:00-05:00,0.0,16.5,16.125,16.25,8700
1994-01-21 16:00:00-05:00,0.0,16.375,16.25,16.25,3000
1994-01-24 16:00:00-05:00,0.0,16.25,16.0,16.0,7200
1994-01-25 16:00:00-05:00,0.0,16.25,16.0,16.25,6200
1994-01-26 16:00:00-05:00,0.0,16.25,16.0,16.25,2200
1994-01-27 16:00:00-05:00,0.0,16.25,16.125,16.25,3400
1994-01-28 16:00:00-05:00,0.0,16.375,16.25,16.375,4900
1994-01-31 16:00:00-05:00,0.0,16.375,16.25,16.25,1500
1994-02-01 16:00:00-05:00,0.0,16.375,16.0,16.0,6300
1994-02-02 16:00:00-05:00,0.0,16.125,16.0,16.125,2800
1994-02-03 16:00:00-05:00,0.0,16.125,16.0,16.125,4700
1994-02-04 16:00:00-05:00,0.0,16.25,16.125,16.125,9400
1994-02-07 16:00:00-05:00,0.0,16.25,16.0,16.0,11600
1994-02-08 16:00:00-05:00,0.0,16.25,16.0,16.25,1200
1994-02-09 16:00:00-05:00,0.0,16.375,16.125,16.25,6200
1994-02-10 16:00:00-05:00,0.0,16.25,16.0,16.125,5300
1994-02-11 16:00:00-05:00,0.0,16.125,15.75,16.0,2700
1994-02-14 16:00:00-05:00,0.0,16.0,15.875,15.875,1900
1994-02-15 16:00:00-05:00,0.0,16.25,16.0,16.0,3400
1994-02-16 16:00:00-05:00,0.0,16.25,16.0,16.125,3000
1994-02-17 16:00:00-05:00,0.0,16.25,16.0,16.0,6800
1994-02-18 16:00:00-05:00,0.0,15.875,15.5,15.625,5300
1994-02-22 16:00:00-05:00,0.0,15.875,15.5,15.625,8300
1994-02-23 16:00:00-05:00,0.0,15.5,15.375,15.375,4600
1994-02-24 16:00:00-05:00,0.0,15.75,15.5,15.5,5100
1994-02-25 16:00:00-05:00,0.0,15.875,15.5,15.5,5600
1994-02-28 16:00:00-05:00,0.0,15.75,15.375,15.5,8000
1994-03-01 16:00:00-05:00,0.0,15.375,14.75,14.75,8400
1994-03-02 16:00:00-05:00,0.0,14.875,14.25,14.625,10400
1994-03-03 16:00:00-05:00,0.0,14.875,14.625,14.75,8700
1994-03-04 16:00:00-05:00,0.0,14.875,14.625,14.875,7000
1994-03-07 16:00:00-05:00,0.0,15.0,14.875,15.0,11600
1994-03-08 16:00:00-05:00,0.0,15.0,14.875,15.0,7900
1994-03-09 16:00:00-05:00,0.0,15.125,14.875,15.125,7700
1994-03-10 16:00:00-05:00,0.0,15.375,14.875,14.875,8300
1994-03-11 16:00:00-05:00,0.0,15.125,14.875,15.0,8000
1994-03-14 16:00:00-05:00,0.0,15.25,15.0,15.25,10400
1994-03-15 16:00:00-05:00,0.0,15.875,15.125,15.875,19900
1994-03-16 16:00:00-05:00,0.0,15.875,15.625,15.75,8300
1994-03-17 16:00:00-05:00,0.0,15.75,15.5,15.625,3200
1994-03-18 16:00:00-05:00,0.0,15.625,15.375,15.375,5000
1994-03-21 16:00:00-05:00,0.0,15.375,15.25,15.375,6100
1994-03-22 16:00:00-05:00,0.0,15.375,15.0,15.0,6200
1994-03-23 16:00:00-05:00,0.0,15.25,15.125,15.25,3300
1994-03-24 16:00:00-05:00,0.0,15.375,15.0,15.125,5100
1994-03-25 16:00:00-05:00,0.0,15.25,15.125,15.25,5900
1994-03-28 16:00:00-05:00,0.0,15.375,15.25,15.375,5700
1994-03-29 16:00:00-05:00,0.0,15.5,15.25,15.375,3000
1994-03-30 16:00:00-05:00,0.0,15.375,15.125,15.25,5000
1994-03-31 16:00:00-05:00,0.0,15.375,14.875,15.125,10800
1994-04-04 16:00:00-04:00,0.0,15.0,14.5,14.5,5900
1994-04-05 16:00:00-04:00,0.0,14.75,14.5,14.625,7000
1994-04-06 16:00:00-04:00,0.0,14.75,14.25,14.375,13500
1994-04-07 16:00:00-04:00,0.0,14.75,14.5,14.625,3400
1994-04-08 16:00:00-04:00,0.0,14.5,14.125,14.25,9400
1994-04-11 16:00:00-04:00,0.0,14.875,14.125,14.75,7200
1994-04-12 16:00:00-04:00,0.0,14.875,14.75,14.875,6500
1994-04-13 16:00:00-04:00,0.0,15.125,14.875,15.125,7500
1994-04-14 16:00:00-04:00,0.0,14.875,14.625,14.625,4200
1994-04-15 16:00:00-04:00,0.0,14.75,14.5,14.625,3600
1994-04-18 16:00:00-04:00,0.0,15.0,14.625,15.0,11200
1994-04-19 16:00:00-04:00,0.0,15.4375,15.125,15.375,8100
1994-04-20 16:00:00-04:00,0.0,15.625,15.375,15.375,3400
1994-04-21 16:00:00-04:00,0.0,15.25,15.125,15.25,4400
1994-04-22 16:00:00-04:00,0.0,15.625,15.375,15.5,7600
1994-04-25 16:00:00-04:00,0.0,15.625,15.5,15.5,2600
1994-04-26 16:00:00-04:00,0.0,15.5,15.125,15.25,6300
1994-04-28 16:00:00-04:00,0.0,15.25,15.0,15.0,4200
1994-04-29 16:00:00-04:00,0.0,15.125,15.125,15.125,1500
1994-05-02 16:00:00-04:00,0.0,14.875,14.75,14.75,5700
1994-05-03 16:00:00-04:00,0.0,14.875,14.625,14.75,6100
1994-05-04 16:00:00-04:00,0.0,14.875,14.75,14.75,2800
1994-05-05 16:00:00-04:00,0.0,14.875,14.75,14.875,3500
1994-05-06 16:00:00-04:00,0.0,14.875,14.75,14.75,1800
1994-05-09 16:00:00-04:00,0.0,15.0,14.75,14.75,7200
1994-05-10 16:00:00-04:00,0.0,15.25,14.75,14.875,10100
1994-05-11 16:00:00-04:00,0.0,15.125,14.875,14.875,3900
1994-05-12 16:00:00-04:00,0.0,15.0,14.75,14.75,3200
1994-05-13 16:00:00-04:00,0.0,15.0,14.75,14.75,1200
1994-05-16 16:00:00-04:00,0.0,14.75,14.625,14.625,2400
1994-05-17 16:00:00-04:00,0.0,15.25,14.5,15.25,10500
1994-05-18 16:00:00-04:00,0.0,15.375,15.125,15.25,5000
1994-05-19 16:00:00-04:00,0.0,15.25,15.125,15.125,5600
1994-05-20 16:00:00-04:00,0.0,15.0,14.75,15.0,5400
1994-05-23 16:00:00-04:00,0.0,15.125,14.875,15.0,3300
1994-05-24 16:00:00-04:00,0.0,15.125,15.0,15.0,6600
1994-05-25 16:00:00-04:00,0.0,15.0,14.75,14.875,3200
1994-05-26 16:00:00-04:00,0.0,15.0,14.75,14.875,3600
1994-05-27 16:00:00-04:00,0.0,14.875,14.75,14.875,3100
1994-05-31 16:00:00-04:00,0.0,14.875,14.75,14.75,5200
1994-06-01 16:00:00-04:00,0.0,14.625,14.5,14.5,3400
1994-06-02 16:00:00-04:00,0.0,14.625,14.5,14.625,3100
1994-06-03 16:00:00-04:00,0.0,14.625,14.5,14.5,3300
1994-06-06 16:00:00-04:00,0.0,14.875,14.375,14.875,4000
1994-06-07 16:00:00-04:00,0.0,14.875,14.625,14.625,2800
1994-06-08 16:00:00-04:00,0.0,14.875,14.625,14.875,2600
1994-06-09 16:00:00-04:00,0.0,14.75,14.625,14.75,3200
1994-06-10 16:00:00-04:00,0.0,14.75,14.625,14.75,1900
1994-06-13 16:00:00-04:00,0.0,14.875,14.75,14.875,5500
1994-06-14 16:00:00-04:00,0.0,14.875,14.75,14.875,5900
1994-06-15 16:00:00-04:00,0.0,15.125,14.75,15.0,31100
1994-06-16 16:00:00-04:00,0.0,15.0,14.875,15.0,5400
1994-06-17 16:00:00-04:00,0.0,15.0,14.875,14.875,1000
1994-06-20 16:00:00-04:00,0.0,14.875,14.75,14.75,5800
1994-06-21 16:00:00-04:00,0.0,15.0,14.75,14.75,500
1994-06-22 16:00:00-04:00,0.0,15.0,14.875,14.875,5400
1994-06-23 16:00:00-04:00,0.0,14.875,14.75,14.75,2900
1994-06-24 16:00:00-04:00,0.0,14.75,14.25,14.5,4400
1994-06-27 16:00:00-04:00,0.0,14.75,14.375,14.5,2800
1994-06-28 16:00:00-04:00,0.0,14.625,14.25,14.625,9100
1994-06-29 16:00:00-04:00,0.0,14.625,14.5,14.625,2300
1994-06-30 16:00:00-04:00,0.0,14.75,14.5,14.75,4600
1994-07-01 16:00:00-04:00,0.0,14.625,14.5,14.5,1000
1994-07-05 16:00:00-04:00,0.0,14.75,14.375,14.75,5200
1994-07-06 16:00:00-04:00,0.0,14.75,14.5,14.625,1500
1994-07-07 16:00:00-04:00,0.0,14.75,14.625,14.75,2700
1994-07-08 16:00:00-04:00,0.0,14.625,14.25,14.25,6600
1994-07-11 16:00:00-04:00,0.0,14.375,14.125,14.25,5900
1994-07-12 16:00:00-04:00,0.0,14.375,14.0,14.375,6800
1994-07-13 16:00:00-04:00,0.0,14.5,14.375,14.375,5400
1994-07-14 16:00:00-04:00,0.0,14.5,14.375,14.5,3300
1994-07-15 16:00:00-04:00,0.0,14.625,14.5,14.625,15000
1994-07-18 16:00:00-04:00,0.0,14.625,14.5,14.625,2900
1994-07-19 16:00:00-04:00,0.0,14.625,14.625,14.625,2300
1994-07-20 16:00:00-04:00,0.0,14.875,14.625,14.625,4000
1994-07-21 16:00:00-04:00,0.0,14.875,14.625,14.625,11900
1994-07-22 16:00:00-04:00,0.0,14.875,14.625,14.625,8200
1994-07-25 16:00:00-04:00,0.0,14.75,14.5,14.5,5700
1994-07-26 16:00:00-04:00,0.0,14.75,14.5,14.625,6000
1994-07-27 16:00:00-04:00,0.0,14.625,14.5,14.625,1400
1994-07-28 16:00:00-04:00,0.0,14.5,14.375,14.5,2800
1994-07-29 16:00:00-04:00,0.0,14.75,14.5,14.5,2300
1994-08-01 16:00:00-04:00,0.0,14.625,14.625,14.625,800
1994-08-02 16:00:00-04:00,0.0,14.625,14.5,14.5,800
1994-08-03 16:00:00-04:00,0.0,14.625,14.625,14.625,1600
1994-08-04 16:00:00-04:00,0.0,14.5,14.5,14.5,2400
1994-08-05 16:00:00-04:00,0.0,14.5,14.375,14.5,3600
1994-08-08 16:00:00-04:00,0.0,14.625,14.25,14.25,6100
1994-08-09 16:00:00-04:00,0.0,14.375,14.125,14.25,6900
1994-08-10 16:00:00-04:00,0.0,14.5,14.25,14.25,6000
1994-08-11 16:00:00-04:00,0.0,14.375,14.125,14.375,3700
1994-08-12 16:00:00-04:00,0.0,14.375,14.125,14.375,9000
1994-08-15 16:00:00-04:00,0.0,14.5,14.125,14.25,3000
1994-08-16 16:00:00-04:00,0.0,14.375,14.0,14.0,5400
1994-08-17 16:00:00-04:00,0.0,14.5,14.0,14.375,8100
1994-08-18 16:00:00-04:00,0.0,14.5,14.125,14.5,11700
1994-08-19 16:00:00-04:00,0.0,14.375,14.25,14.25,3500
1994-08-22 16:00:00-04:00,0.0,14.5,14.25,14.375,3700
1994-08-23 16:00:00-04:00,0.0,14.625,14.5,14.625,8000
1994-08-24 16:00:00-04:00,0.0,14.875,14.375,14.5,13900
1994-08-25 16:00:00-04:00,0.0,14.75,14.25,14.375,10900
1994-08-26 16:00:00-04:00,0.0,14.5,14.25,14.375,8700
1994-08-29 16:00:00-04:00,0.0,14.5,14.125,14.125,7700
1994-08-30 16:00:00-04:00,0.0,14.25,14.0,14.25,14700
1994-08-31 16:00:00-04:00,0.0,14.375,14.25,14.25,3400
1994-09-01 16:00:00-04:00,0.0,14.5,14.25,14.5,5300
1994-09-02 16:00:00-04:00,0.0,14.375,14.25,14.375,1500
1994-09-06 16:00:00-04:00,0.0,14.5,14.25,14.5,2400
1994-09-07 16:00:00-04:00,0.0,14.5,14.375,14.375,700
1994-09-08 16:00:00-04:00,0.0,14.625,14.375,14.625,9700
1994-09-09 16:00:00-04:00,0.0,14.625,14.375,14.375,5400
1994-09-12 16:00:00-04:00,0.0,14.625,14.375,14.5,13000
1994-09-13 16:00:00-04:00,0.0,14.625,14.5,14.5,6300
1994-09-14 16:00:00-04:00,0.0,14.625,14.5,14.625,5400
1994-09-15 16:00:00-04:00,0.0,15.0,14.5,15.0,24900
1994-09-16 16:00:00-04:00,0.0,15.0,14.75,14.75,3400
1994-09-19 16:00:00-04:00,0.0,14.875,14.625,14.625,9700
1994-09-20 16:00:00-04:00,0.0,14.75,14.5,14.75,4900
1994-09-21 16:00:00-04:00,0.0,15.0,14.75,14.875,10700
1994-09-22 16:00:00-04:00,0.0,14.75,14.625,14.75,10800
1994-09-23 16:00:00-04:00,0.0,14.75,14.625,14.75,3600
1994-09-26 16:00:00-04:00,0.0,14.75,14.5,14.5,6700
1994-09-27 16:00:00-04:00,0.0,14.625,14.25,14.25,11000
1994-09-28 16:00:00-04:00,0.0,14.375,14.25,14.25,5100
1994-09-29 16:00:00-04:00,0.0,14.625,14.25,14.5,4800
1994-09-30 16:00:00-04:00,0.0,14.75,14.25,14.75,8500
1994-10-03 16:00:00-04:00,0.0,14.875,14.75,14.75,7700
1994-10-04 16:00:00-04:00,0.0,14.75,14.625,14.75,12300
1994-10-05 16:00:00-04:00,0.0,14.625,14.375,14.375,2100
1994-10-06 16:00:00-04:00,0.0,14.5,14.375,14.375,5300
1994-10-07 16:00:00-04:00,0.0,14.5,14.5,14.5,500
1994-10-10 16:00:00-04:00,0.0,14.5,14.375,14.375,4100
1994-10-11 16:00:00-04:00,0.0,14.625,14.375,14.625,8300
1994-10-12 16:00:00-04:00,0.0,14.5,14.375,14.5,4500
1994-10-13 16:00:00-04:00,0.0,14.375,14.25,14.25,2200
1994-10-14 16:00:00-04:00,0.0,14.375,14.25,14.25,2500
1994-10-17 16:00:00-04:00,0.0,14.375,14.25,14.375,4500
1994-10-18 16:00:00-04:00,0.0,14.5,14.25,14.25,3900
1994-10-19 16:00:00-04:00,0.0,14.375,14.125,14.25,15200
1994-10-20 16:00:00-04:00,0.0,14.25,14.0,14.25,8600
1994-10-21 16:00:00-04:00,0.0,14.25,13.875,14.0,13200
1994-10-24 16:00:00-04:00,0.0,14.125,14.0,14.0,500
1994-10-25 16:00:00-04:00,0.0,14.0,13.875,14.0,10300
1994-10-26 16:00:00-04:00,0.0,14.25,14.0,14.125,4100
1994-10-27 16:00:00-04:00,0.0,14.25,14.0,14.0,4000
1994-10-28 16:00:00-04:00,0.0,14.0,13.125,13.125,20200
1994-10-31 16:00:00-05:00,0.0,13.375,13.25,13.375,5700
1994-11-01 16:00:00-05:00,0.0,13.625,13.375,13.375,2300
1994-11-02 16:00:00-05:00,0.0,13.5,13.0,13.125,7900
1994-11-03 16:00:00-05:00,0.0,13.25,13.0,13.125,6800
1994-11-04 16:00:00-05:00,0.0,13.375,13.125,13.25,13500
1994-11-07 16:00:00-05:00,0.0,13.25,13.0,13.25,4800
1994-11-08 16:00:00-05:00,0.0,13.125,13.125,13.125,3000
1994-11-09 16:00:00-05:00,0.0,13.25,13.125,13.125,5100
1994-11-10 16:00:00-05:00,0.0,13.25,13.125,13.25,6600
1994-11-11 16:00:00-05:00,0.0,13.375,13.25,13.25,62800
1994-11-14 16:00:00-05:00,0.0,13.25,13.125,13.25,4000
1994-11-15 16:00:00-05:00,0.0,13.375,13.125,13.25,5900
1994-11-16 16:00:00-05:00,0.0,13.5,13.125,13.375,8900
1994-11-17 16:00:00-05:00,0.0,13.375,13.25,13.375,6800
1994-11-18 16:00:00-05:00,0.0,13.125,13.0,13.0,14000
1994-11-21 16:00:00-05:00,0.0,13.0,12.875,13.0,16400
1994-11-22 16:00:00-05:00,0.0,13.0,12.875,13.0,11400
1994-11-23 16:00:00-05:00,0.0,13.25,12.75,12.875,51400
1994-11-25 16:00:00-05:00,0.0,13.375,13.0,13.375,13600
1994-11-28 16:00:00-05:00,0.0,13.25,13.125,13.125,3600
1994-11-29 16:00:00-05:00,0.0,13.125,13.0,13.125,15600
1994-11-30 16:00:00-05:00,0.0,13.125,13.0,13.125,9200
1994-12-01 16:00:00-05:00,0.0,13.25,13.125,13.25,8300
1994-12-02 16:00:00-05:00,0.0,13.25,13.125,13.25,5100
1994-12-05 16:00:00-05:00,0.0,13.125,13.0,13.125,7100
1994-12-06 16:00:00-05:00,0.0,13.375,13.0,13.375,9700
1994-12-07 16:00:00-05:00,0.0,13.25,13.125,13.25,4200
1994-12-08 16:00:00-05:00,0.0,13.25,13.125,13.25,4000
1994-12-09 16:00:00-05:00,0.0,13.375,13.0,13.375,5400
1994-12-12 16:00:00-05:00,0.0,13.5,13.25,13.25,4400
1994-12-13 16:00:00-05:00,0.0,13.25,13.0,13.25,6900
1994-12-14 16:00:00-05:00,0.0,13.375,13.25,13.25,4800
1994-12-15 16:00:00-05:00,0.0,13.625,13.25,13.625,9100
1994-12-16 16:00:00-05:00,0.0,14.125,13.625,13.625,37100
1994-12-19 16:00:00-05:00,0.0,13.75,13.625,13.75,2900
1994-12-20 16:00:00-05:00,0.0,13.625,13.25,13.25,17300
1994-12-21 16:00:00-05:00,0.0,13.25,13.125,13.25,4800
1994-12-22 16:00:00-05:00,0.0,13.25,12.875,12.875,16300
1994-12-23 16:00:00-05:00,0.0,13.0,12.875,13.0,1400
1994-12-27 16:00:00-05:00,0.0,13.125,12.875,13.125,18700
1994-12-28 16:00:00-05:00,0.0,13.25,13.125,13.25,6800
1994-12-29 16:00:00-05:00,0.0,13.25,13.0,13.25,13300
1994-12-30 16:00:00-05:00,0.0,13.25,13.125,13.125,5000
1995-01-03 16:00:00-05:00,0.0,13.25,13.125,13.25,2400
1995-01-04 16:00:00-05:00,0.0,13.5,13.25,13.375,5100
1995-01-05 16:00:00-05:00,0.0,13.625,13.25,13.625,2900
1995-01-06 16:00:00-05:00,0.0,13.625,13.5,13.5,6800
1995-01-09 16:00:00-05:00,0.0,13.625,13.5,13.625,3000
1995-01-10 16:00:00-05:00,0.0,13.625,13.375,13.625,7100
1995-01-11 16:00:00-05:00,0.0,13.625,13.5,13.5,4700
1995-01-12 16:00:00-05:00,0.0,13.625,13.5,13.625,500
1995-01-13 16:00:00-05:00,0.0,13.625,13.375,13.375,6500
1995-01-16 16:00:00-05:00,0.0,13.5,13.375,13.5,6100
1995-01-17 16:00:00-05:00,0.0,13.625,13.5,13.5,3900
1995-01-18 16:00:00-05:00,0.0,13.625,13.5,13.625,3400
1995-01-19 16:00:00-05:00,0.0,13.625,13.5,13.5,4700
1995-01-20 16:00:00-05:00,0.0,13.625,13.375,13.375,4700
1995-01-23 16:00:00-05:00,0.0,13.5,13.375,13.5,8300
1995-01-24 16:00:00-05:00,0.0,13.625,13.375,13.5,8900
1995-01-25 16:00:00-05:00,0.0,13.625,13.5,13.625,13700
1995-01-26 16:00:00-05:00,0.0,14.0,13.625,14.0,10600
1995-01-27 16:00:00-05:00,0.0,14.125,13.875,14.125,6000
1995-01-30 16:00:00-05:00,0.0,14.125,14.0,14.125,5500
1995-01-31 16:00:00-05:00,0.0,14.125,14.125,14.125,8200
1995-02-01 16:00:00-05:00,0.0,14.125,14.0,14.125,4500
1995-02-02 16:00:00-05:00,0.0,14.25,14.125,14.25,7200
1995-02-03 16:00:00-05:00,0.0,14.25,14.125,14.25,7000
1995-02-06 16:00:00-05:00,0.0,14.75,14.25,14.625,8900
1995-02-07 16:00:00-05:00,0.0,14.875,14.375,14.5,11500
1995-02-08 16:00:00-05:00,0.0,14.375,14.125,14.375,6300
1995-02-09 16:00:00-05:00,0.0,14.625,14.125,14.625,7400
1995-02-10 16:00:00-05:00,0.0,14.75,14.375,14.625,5400
1995-02-13 16:00:00-05:00,0.0,14.625,14.5,14.625,5100
1995-02-14 16:00:00-05:00,0.0,14.625,14.5,14.625,3900
1995-02-15 16:00:00-05:00,0.0,14.75,14.5,14.75,6300
1995-02-16 16:00:00-05:00,0.0,14.75,14.5,14.5,4700
1995-02-17 16:00:00-05:00,0.0,14.375,14.25,14.25,2700
1995-02-21 16:00:00-05:00,0.0,14.375,14.125,14.375,5300
1995-02-22 16:00:00-05:00,0.0,14.5,14.375,14.375,3700
1995-02-23 16:00:00-05:00,0.0,14.5,14.375,14.375,3000
1995-02-24 16:00:00-05:00,0.0,14.5,14.375,14.375,5100
1995-02-27 16:00:00-05:00,0.0,14.5,14.375,14.5,5900
1995-02-28 16:00:00-05:00,0.0,14.625,14.5,14.5,5800
1995-03-01 16:00:00-05:00,0.0,14.5,14.5,14.5,1100
1995-03-02 16:00:00-05:00,0.0,14.5,14.375,14.5,5200
1995-03-03 16:00:00-05:00,0.0,14.5,14.25,14.375,4300
1995-03-06 16:00:00-05:00,0.0,14.375,14.25,14.375,3800
1995-03-07 16:00:00-05:00,0.0,14.375,14.25,14.25,2800
1995-03-08 16:00:00-05:00,0.0,14.375,14.125,14.25,4500
1995-03-09 16:00:00-05:00,0.0,14.375,14.125,14.375,1200
1995-03-10 16:00:00-05:00,0.0,14.25,14.25,14.25,1600
1995-03-13 16:00:00-05:00,0.0,14.375,14.25,14.25,2900
1995-03-14 16:00:00-05:00,0.0,14.375,14.125,14.375,6300
1995-03-15 16:00:00-05:00,0.0,14.375,14.125,14.375,8100
1995-03-16 16:00:00-05:00,0.0,14.5,14.375,14.5,8900
1995-03-17 16:00:00-05:00,0.0,14.625,14.5,14.5,3800
1995-03-20 16:00:00-05:00,0.0,14.625,14.375,14.375,14600
1995-03-21 16:00:00-05:00,0.0,14.5,14.375,14.375,4600
1995-03-22 16:00:00-05:00,0.0,14.375,14.125,14.125,4700
1995-03-23 16:00:00-05:00,0.0,14.125,14.0,14.0,3700
1995-03-24 16:00:00-05:00,0.0,14.25,14.125,14.25,6600
1995-03-27 16:00:00-05:00,0.0,14.375,14.25,14.25,7600
1995-03-28 16:00:00-05:00,0.0,14.375,14.25,14.25,2400
1995-03-29 16:00:00-05:00,0.0,14.375,14.25,14.25,2000
1995-03-30 16:00:00-05:00,0.0,14.375,14.25,14.25,1900
1995-03-31 16:00:00-05:00,0.0,14.375,14.25,14.375,1300
1995-04-03 16:00:00-04:00,0.0,14.375,14.125,14.125,3900
1995-04-04 16:00:00-04:00,0.0,14.25,14.125,14.125,4400
1995-04-05 16:00:00-04:00,0.0,14.375,14.25,14.375,3000
1995-04-06 16:00:00-04:00,0.0,14.25,14.0,14.0,12200
1995-04-07 16:00:00-04:00,0.0,14.125,13.875,13.875,10500
1995-04-10 16:00:00-04:00,0.0,14.0,13.75,14.0,9500
1995-04-11 16:00:00-04:00,0.0,13.875,13.875,13.875,5500
1995-04-12 16:00:00-04:00,0.0,14.0,13.875,13.875,3600
1995-04-13 16:00:00-04:00,0.0,14.0,13.875,13.875,1000
1995-04-17 16:00:00-04:00,0.0,14.125,13.875,14.0,3400
1995-04-18 16:00:00-04:00,0.0,14.0,13.875,13.875,10200
1995-04-19 16:00:00-04:00,0.0,14.0,13.875,14.0,2900
1995-04-20 16:00:00-04:00,0.0,14.0,13.875,13.875,7200
1995-04-21 16:00:00-04:00,0.0,14.125,14.0,14.0,3100
1995-04-24 16:00:00-04:00,0.0,14.125,13.875,13.875,6900
1995-04-25 16:00:00-04:00,0.0,14.0,13.875,14.0,3800
1995-04-26 16:00:00-04:00,0.0,14.25,14.125,14.25,7300
1995-04-27 16:00:00-04:00,0.0,14.125,14.125,14.125,700
1995-04-28 16:00:00-04:00,0.0,14.25,14.125,14.125,8800
1995-05-01 16:00:00-04:00,0.0,14.125,13.875,14.125,5500
1995-05-02 16:00:00-04:00,0.0,14.25,14.0,14.0,12200
1995-05-03 16:00:00-04:00,0.0,14.25,14.0,14.0,11100
1995-05-04 16:00:00-04:00,0.0,14.25,13.875,14.25,13900
1995-05-05 16:00:00-04:00,0.0,14.25,14.0,14.25,4600
1995-05-08 16:00:00-04:00,0.0,14.125,14.0,14.125,5900
1995-05-09 16:00:00-04:00,0.0,14.25,14.125,14.25,7800
1995-05-10 16:00:00-04:00,0.0,14.25,14.125,14.25,5400
1995-05-11 16:00:00-04:00,0.0,14.25,14.0,14.125,7200
1995-05-12 16:00:00-04:00,0.0,14.25,14.25,14.25,5600
1995-05-15 16:00:00-04:00,0.0,14.375,14.25,14.375,13400
1995-05-16 16:00:00-04:00,0.0,14.5,14.25,14.5,9000
1995-05-17 16:00:00-04:00,0.0,14.5,14.375,14.5,5300
1995-05-18 16:00:00-04:00,0.0,14.625,14.375,14.5,8800
1995-05-19 16:00:00-04:00,0.0,14.0,13.75,14.0,8900
1995-05-22 16:00:00-04:00,0.0,14.125,13.875,14.125,16000
1995-05-23 16:00:00-04:00,0.0,14.125,13.875,13.875,17900
1995-05-24 16:00:00-04:00,0.0,14.125,14.0,14.0,4400
1995-05-25 16:00:00-04:00,0.0,14.25,14.125,14.125,7000
1995-05-26 16:00:00-04:00,0.0,14.125,14.0,14.0,800
1995-05-30 16:00:00-04:00,0.0,14.125,14.0,14.125,6600
1995-05-31 16:00:00-04:00,0.0,14.375,14.125,14.375,9600
1995-06-01 16:00:00-04:00,0.0,14.625,14.125,14.625,21800
1995-06-02 16:00:00-04:00,0.0,14.75,14.5,14.75,25300
1995-06-05 16:00:00-04:00,0.0,14.875,14.625,14.75,9300
1995-06-06 16:00:00-04:00,0.0,14.75,14.5,14.75,6100
1995-06-07 16:00:00-04:00,0.0,14.75,14.5,14.5,3500
1995-06-08 16:00:00-04:00,0.0,14.625,14.5,14.5,3300
1995-06-09 16:00:00-04:00,0.0,14.625,14.5,14.625,4700
1995-06-12 16:00:00-04:00,0.0,14.625,14.5,14.625,5500
1995-06-13 16:00:00-04:00,0.0,14.75,14.5,14.5,9400
1995-06-14 16:00:00-04:00,0.0,14.625,14.5,14.5,3400
1995-06-15 16:00:00-04:00,0.0,14.625,14.25,14.25,7500
1995-06-16 16:00:00-04:00,0.0,14.5,14.25,14.25,13400
1995-06-19 16:00:00-04:00,0.0,14.625,14.25,14.5,14700
1995-06-20 16:00:00-04:00,0.0,14.625,14.375,14.375,11200
1995-06-21 16:00:00-04:00,0.0,14.5,14.375,14.375,10600
1995-06-22 16:00:00-04:00,0.0,14.625,14.375,14.5,9300
1995-06-23 16:00:00-04:00,0.0,14.625,14.375,14.5,4400
1995-06-26 16:00:00-04:00,0.0,14.5,14.25,14.25,8600
1995-06-27 16:00:00-04:00,0.0,14.375,14.25,14.375,4200
1995-06-28 16:00:00-04:00,0.0,14.5,14.25,14.5,4800
1995-06-29 16:00:00-04:00,0.0,14.5,14.25,14.375,1300
1995-06-30 16:00:00-04:00,0.0,14.5,14.125,14.5,3100
1995-07-03 16:00:00-04:00,0.0,14.375,14.25,14.375,1300
1995-07-05 16:00:00-04:00,0.0,14.5,14.25,14.5,9200
1995-07-06 16:00:00-04:00,0.0,14.5,14.5,14.5,8400
1995-07-07 16:00:00-04:00,0.0,14.625,14.5,14.625,6900
1995-07-10 16:00:00-04:00,0.0,14.625,14.375,14.5,10100
1995-07-11 16:00:00-04:00,0.0,14.625,14.375,14.375,6900
1995-07-12 16:00:00-04:00,0.0,14.5,14.375,14.375,4400
1995-07-13 16:00:00-04:00,0.0,14.625,14.5,14.5,4700
1995-07-14 16:00:00-04:00,0.0,14.625,14.375,14.375,4100
1995-07-17 16:00:00-04:00,0.0,14.625,14.375,14.625,2300
1995-07-18 16:00:00-04:00,0.0,14.75,14.625,14.75,7000
1995-07-19 16:00:00-04:00,0.0,14.75,14.5,14.5,4800
1995-07-20 16:00:00-04:00,0.0,14.75,14.625,14.625,10900
1995-07-21 16:00:00-04:00,0.0,14.625,14.5,14.625,7200
1995-07-24 16:00:00-04:00,0.0,14.75,14.5,14.5,5600
1995-07-25 16:00:00-04:00,0.0,14.75,14.5,14.75,9200
1995-07-26 16:00:00-04:00,0.0,15.0,14.625,15.0,11400
1995-07-27 16:00:00-04:00,0.0,15.0,14.75,14.875,241500
1995-07-28 16:00:00-04:00,0.0,14.875,14.75,14.875,2000
1995-07-31 16:00:00-04:00,0.0,14.75,14.5,14.5,9300
1995-08-01 16:00:00-04:00,0.0,14.625,14.375,14.625,6100
1995-08-02 16:00:00-04:00,0.0,14.625,14.375,14.375,6800
1995-08-03 16:00:00-04:00,0.0,14.375,14.25,14.375,4700
1995-08-04 16:00:00-04:00,0.0,14.375,14.375,14.375,1200
1995-08-07 16:00:00-04:00,0.0,14.625,14.375,14.625,3100
1995-08-08 16:00:00-04:00,0.0,14.625,14.5,14.625,3900
1995-08-09 16:00:00-04:00,0.0,14.625,14.375,14.375,6700
1995-08-10 16:00:00-04:00,0.0,14.5,14.375,14.5,3500
1995-08-11 16:00:00-04:00,0.0,14.625,14.5,14.625,7700
1995-08-14 16:00:00-04:00,0.0,14.625,14.5,14.5,57900
1995-08-15 16:00:00-04:00,0.0,14.625,14.5,14.625,3300
1995-08-16 16:00:00-04:00,0.0,14.625,14.5,14.625,3400
1995-08-17 16:00:00-04:00,0.0,14.75,14.625,14.75,6900
1995-08-18 16:00:00-04:00,0.0,14.75,14.625,14.625,15800
1995-08-21 16:00:00-04:00,0.0,14.75,14.5,14.625,4800
1995-08-22 16:00:00-04:00,0.0,14.5,14.25,14.25,4500
1995-08-23 16:00:00-04:00,0.0,14.375,14.25,14.375,1200
1995-08-24 16:00:00-04:00,0.0,14.5,14.25,14.375,7200
1995-08-25 16:00:00-04:00,0.0,14.5,14.25,14.5,4500
1995-08-28 16:00:00-04:00,0.0,14.625,14.5,14.625,6300
1995-08-29 16:00:00-04:00,0.0,14.5,14.375,14.5,4700
1995-08-30 16:00:00-04:00,0.0,14.5,14.25,14.375,8500
1995-08-31 16:00:00-04:00,0.0,14.5,14.375,14.375,2200
1995-09-01 16:00:00-04:00,0.0,14.5,14.375,14.5,6300
1995-09-05 16:00:00-04:00,0.0,14.625,14.5,14.625,14000
1995-09-06 16:00:00-04:00,0.0,14.625,14.5,14.625,6900
1995-09-07 16:00:00-04:00,0.0,14.75,14.5,14.75,4400
1995-09-08 16:00:00-04:00,0.0,14.75,14.625,14.75,13300
1995-09-11 16:00:00-04:00,0.0,14.75,14.625,14.625,9800
1995-09-12 16:00:00-04:00,0.0,14.75,14.5,14.75,11000
1995-09-13 16:00:00-04:00,0.0,14.75,14.5,14.75,6900
1995-09-14 16:00:00-04:00,0.0,14.875,14.625,14.875,10100
1995-09-15 16:00:00-04:00,0.0,14.75,14.75,14.75,1700
1995-09-18 16:00:00-04:00,0.0,14.875,14.75,14.875,15200
1995-09-19 16:00:00-04:00,0.0,14.875,14.75,14.875,15300
1995-09-20 16:00:00-04:00,0.0,14.875,14.75,14.875,9800
1995-09-21 16:00:00-04:00,0.0,14.75,14.5,14.5,3900
1995-09-22 16:00:00-04:00,0.0,14.75,14.625,14.625,4900
1995-09-25 16:00:00-04:00,0.0,14.625,14.5,14.5,5900
1995-09-26 16:00:00-04:00,0.0,14.75,14.625,14.75,5300
1995-09-27 16:00:00-04:00,0.0,14.75,14.5,14.5,4000
1995-09-28 16:00:00-04:00,0.0,14.5,14.375,14.5,4800
1995-09-29 16:00:00-04:00,0.0,14.625,14.5,14.625,2100
1995-10-02 16:00:00-04:00,0.0,14.75,14.625,14.75,7400
1995-10-03 16:00:00-04:00,0.0,14.75,14.625,14.75,3900
1995-10-04 16:00:00-04:00,0.0,14.75,14.625,14.625,5000
1995-10-05 16:00:00-04:00,0.0,14.75,14.625,14.625,5400
1995-10-06 16:00:00-04:00,0.0,14.75,14.5,14.5,2900
1995-10-09 16:00:00-04:00,0.0,14.625,14.5,14.5,1500
1995-10-10 16:00:00-04:00,0.0,14.625,14.5,14.625,3900
1995-10-11 16:00:00-04:00,0.0,14.75,14.625,14.625,6200
1995-10-12 16:00:00-04:00,0.0,14.875,14.5,14.5,10500
1995-10-13 16:00:00-04:00,0.0,14.625,14.5,14.625,6200
1995-10-16 16:00:00-04:00,0.0,14.75,14.5,14.5,5500
1995-10-17 16:00:00-04:00,0.0,14.75,14.625,14.75,8000
1995-10-18 16:00:00-04:00,0.0,14.75,14.625,14.75,1300
1995-10-19 16:00:00-04:00,0.0,14.75,14.625,14.75,5600
1995-10-20 16:00:00-04:00,0.0,14.875,14.625,14.75,11600
1995-10-23 16:00:00-04:00,0.0,14.875,14.75,14.75,6100
1995-10-24 16:00:00-04:00,0.0,14.875,14.75,14.75,8300
1995-10-25 16:00:00-04:00,0.0,14.875,14.75,14.75,3200
1995-10-26 16:00:00-04:00,0.0,14.75,14.75,14.75,3100
1995-10-27 16:00:00-04:00,0.0,14.75,14.75,14.75,1000
1995-10-30 16:00:00-05:00,0.0,14.875,14.625,14.625,14800
1995-10-31 16:00:00-05:00,0.0,14.875,14.75,14.875,3400
1995-11-01 16:00:00-05:00,0.0,14.875,14.75,14.875,8300
1995-11-02 16:00:00-05:00,0.0,15.0,14.875,14.875,4000
1995-11-03 16:00:00-05:00,0.0,14.875,14.75,14.875,5200
1995-11-06 16:00:00-05:00,0.0,15.0,14.875,14.875,20900
1995-11-07 16:00:00-05:00,0.0,15.0,14.875,15.0,10800
1995-11-08 16:00:00-05:00,0.0,15.125,14.875,15.125,6500
1995-11-09 16:00:00-05:00,0.0,15.25,15.0,15.0,8100
1995-11-10 16:00:00-05:00,0.0,15.25,15.0,15.25,6200
1995-11-13 16:00:00-05:00,0.0,15.375,15.0,15.0,11900
1995-11-14 16:00:00-05:00,0.0,15.125,15.0,15.0,2500
1995-11-15 16:00:00-05:00,0.0,15.125,14.875,14.875,3100
1995-11-16 16:00:00-05:00,0.0,15.125,14.75,15.0,8400
1995-11-17 16:00:00-05:00,0.0,15.25,15.125,15.125,2900
1995-11-20 16:00:00-05:00,0.0,15.125,15.0,15.0,9900
1995-11-21 16:00:00-05:00,0.0,14.875,14.625,14.75,3000
1995-11-22 16:00:00-05:00,0.0,14.875,14.625,14.75,4000
1995-11-24 16:00:00-05:00,0.0,14.75,14.625,14.625,2400
1995-11-27 16:00:00-05:00,0.0,14.875,14.5,14.75,10900
1995-11-28 16:00:00-05:00,0.0,14.75,14.625,14.75,4500
1995-11-29 16:00:00-05:00,0.0,15.0,14.625,14.875,12200
1995-11-30 16:00:00-05:00,0.0,15.0,14.75,14.875,1900
1995-12-01 16:00:00-05:00,0.0,15.0,14.875,15.0,5100
1995-12-04 16:00:00-05:00,0.0,15.125,14.875,14.875,9600
1995-12-05 16:00:00-05:00,0.0,15.25,15.0,15.0,10300
1995-12-06 16:00:00-05:00,0.0,15.25,14.875,14.875,9200
1995-12-07 16:00:00-05:00,0.0,15.0,14.75,14.75,12600
1995-12-08 16:00:00-05:00,0.0,14.875,14.75,14.75,2100
1995-12-11 16:00:00-05:00,0.0,14.875,14.75,14.75,6500
1995-12-12 16:00:00-05:00,0.0,14.875,14.625,14.875,5100
1995-12-13 16:00:00-05:00,0.0,14.875,14.75,14.875,3400
1995-12-14 16:00:00-05:00,0.0,15.0,14.75,14.875,8200
1995-12-15 16:00:00-05:00,0.0,15.0,14.75,14.75,4200
1995-12-18 16:00:00-05:00,0.0,14.875,14.625,14.625,11500
1995-12-19 16:00:00-05:00,0.0,15.0,14.625,14.875,10700
1995-12-20 16:00:00-05:00,0.0,15.125,14.875,15.125,9100
1995-12-21 16:00:00-05:00,0.0,15.125,15.0,15.0,17300
1995-12-22 16:00:00-05:00,0.0,15.25,15.125,15.125,20600
1995-12-26 16:00:00-05:00,0.0,15.25,15.125,15.125,7900
1995-12-27 16:00:00-05:00,0.0,15.25,15.0,15.25,11400
1995-12-28 16:00:00-05:00,0.0,15.25,15.125,15.125,1400
1995-12-29 16:00:00-05:00,0.0,15.25,15.125,15.25,3900
1996-01-02 16:00:00-05:00,0.0,15.25,15.0,15.0,7200
1996-01-03 16:00:00-05:00,0.0,15.125,14.75,14.875,8500
1996-01-04 16:00:00-05:00,0.0,14.875,14.75,14.75,5500
1996-01-05 16:00:00-05:00,0.0,15.0,14.75,15.0,4400
1996-01-08 16:00:00-05:00,0.0,15.125,15.0,15.125,8400
1996-01-09 16:00:00-05:00,0.0,15.125,15.0,15.0,10700
1996-01-10 16:00:00-05:00,0.0,14.875,14.625,14.625,18000
1996-01-11 16:00:00-05:00,0.0,14.875,14.75,14.875,6200
1996-01-12 16:00:00-05:00,0.0,14.875,14.75,14.875,4600
1996-01-15 16:00:00-05:00,0.0,15.0,14.75,15.0,8200
1996-01-16 16:00:00-05:00,0.0,15.125,15.0,15.125,9700
1996-01-17 16:00:00-05:00,0.0,15.125,14.875,15.0,6100
1996-01-18 16:00:00-05:00,0.0,15.25,15.0,15.25,8200
1996-01-19 16:00:00-05:00,0.0,15.25,15.0,15.25,8700
1996-01-22 16:00:00-05:00,0.0,15.25,15.0,15.0,18000
1996-01-23 16:00:00-05:00,0.0,15.125,15.0,15.0,7800
1996-01-24 16:00:00-05:00,0.0,15.25,15.0,15.0,11700
1996-01-25 16:00:00-05:00,0.0,15.25,15.125,15.125,5000
1996-01-26 16:00:00-05:00,0.0,15.25,15.125,15.25,10400
1996-01-29 16:00:00-05:00,0.0,15.375,15.125,15.25,12100
1996-01-30 16:00:00-05:00,0.0,15.375,15.25,15.25,3500
1996-01-31 16:00:00-05:00,0.0,15.375,15.25,15.25,4500
1996-02-01 16:00:00-05:00,0.0,15.625,15.375,15.5,20000
1996-02-02 16:00:00-05:00,0.0,15.625,15.5,15.5,6700
1996-02-05 16:00:00-05:00,0.0,15.5,15.375,15.375,5200
1996-02-06 16:00:00-05:00,0.0,15.5,15.25,15.25,13700
1996-02-07 16:00:00-05:00,0.0,15.375,15.25,15.375,6400
1996-02-08 16:00:00-05:00,0.0,15.5,15.25,15.375,4300
1996-02-09 16:00:00-05:00,0.0,15.5,15.375,15.375,12600
1996-02-12 16:00:00-05:00,0.0,15.625,15.375,15.5,20400
1996-02-13 16:00:00-05:00,0.0,15.5,15.375,15.5,7300
1996-02-14 16:00:00-05:00,0.0,15.5,15.375,15.5,6200
1996-02-15 16:00:00-05:00,0.0,15.5,15.375,15.5,6600
1996-02-16 16:00:00-05:00,0.0,15.5,15.375,15.5,4300
1996-02-20 16:00:00-05:00,0.0,15.5,15.25,15.25,9000
1996-02-21 16:00:00-05:00,0.0,15.25,15.0,15.125,10800
1996-02-22 16:00:00-05:00,0.0,15.125,15.125,15.125,4500
1996-02-23 16:00:00-05:00,0.0,15.125,15.125,15.125,2100
1996-02-26 16:00:00-05:00,0.0,15.125,14.875,14.875,11700
1996-02-27 16:00:00-05:00,0.0,15.0,14.875,14.875,5000
1996-02-28 16:00:00-05:00,0.0,15.0,14.875,15.0,3100
1996-02-29 16:00:00-05:00,0.0,15.0,14.875,14.875,4700
1996-03-01 16:00:00-05:00,0.0,15.0,14.75,14.75,5500
1996-03-04 16:00:00-05:00,0.0,15.125,14.875,15.125,5800
1996-03-05 16:00:00-05:00,0.0,15.0,14.875,14.875,4600
1996-03-06 16:00:00-05:00,0.0,15.0,14.75,14.875,6700
1996-03-07 16:00:00-05:00,0.0,14.875,14.75,14.875,9700
1996-03-08 16:00:00-05:00,0.0,14.75,14.25,14.25,23600
1996-03-11 16:00:00-05:00,0.0,14.625,14.0,14.5,19400
1996-03-12 16:00:00-05:00,0.0,14.625,14.375,14.5,9600
1996-03-13 16:00:00-05:00,0.0,14.625,14.5,14.625,2900
1996-03-14 16:00:00-05:00,0.0,14.75,14.5,14.625,5000
1996-03-15 16:00:00-05:00,0.0,14.625,14.5,14.5,6900
1996-03-18 16:00:00-05:00,0.0,14.875,14.75,14.75,24300
1996-03-19 16:00:00-05:00,0.0,14.875,14.75,14.75,9900
1996-03-20 16:00:00-05:00,0.0,14.875,14.75,14.75,6800
1996-03-21 16:00:00-05:00,0.0,14.875,14.75,14.75,2900
1996-03-22 16:00:00-05:00,0.0,14.75,14.625,14.75,4800
1996-03-25 16:00:00-05:00,0.0,14.75,14.625,14.75,6800
1996-03-26 16:00:00-05:00,0.0,14.875,14.625,14.875,6900
1996-03-27 16:00:00-05:00,0.0,14.875,14.75,14.75,2800
1996-03-28 16:00:00-05:00,0.0,14.875,14.75,14.875,5300
1996-03-29 16:00:00-05:00,0.0,14.875,14.75,14.875,4400
1996-04-01 16:00:00-05:00,0.0,14.875,14.75,14.75,3300
1996-04-02 16:00:00-05:00,0.0,14.875,14.75,14.875,3100
1996-04-03 16:00:00-05:00,0.0,14.875,14.75,14.75,4100
1996-04-04 16:00:00-05:00,0.0,14.875,14.75,14.875,6600
1996-04-08 16:00:00-04:00,0.0,14.75,14.375,14.375,8100
1996-04-09 16:00:00-04:00,0.0,14.5,14.375,14.5,6700
1996-04-10 16:00:00-04:00,0.0,14.5,14.375,14.375,6500
1996-04-11 16:00:00-04:00,0.0,14.375,14.25,14.25,7300
1996-04-12 16:00:00-04:00,0.0,14.5,14.25,14.375,5200
1996-04-15 16:00:00-04:00,0.0,14.375,14.25,14.25,5100
1996-04-16 16:00:00-04:00,0.0,14.625,14.375,14.625,16100
1996-04-17 16:00:00-04:00,0.0,14.625,14.5,14.5,2600
1996-04-18 16:00:00-04:00,0.0,14.5,14.375,14.375,2800
1996-04-19 16:00:00-04:00,0.0,14.5,14.375,14.5,3600
1996-04-22 16:00:00-04:00,0.0,14.625,14.5,14.625,3800
1996-04-23 16:00:00-04:00,0.0,14.625,14.5,14.625,4800
1996-04-24 16:00:00-04:00,0.0,14.625,14.5,14.5,3200
1996-04-25 16:00:00-04:00,0.0,14.625,14.5,14.625,13000
1996-04-26 16:00:00-04:00,0.0,14.625,14.5,14.625,4700
1996-04-29 16:00:00-04:00,0.0,14.625,14.5,14.625,3500
1996-04-30 16:00:00-04:00,0.0,14.625,14.5,14.5,3200
1996-05-01 16:00:00-04:00,0.0,14.625,14.5,14.625,7500
1996-05-02 16:00:00-04:00,0.0,14.5,14.375,14.375,10300
1996-05-03 16:00:00-04:00,0.0,14.5,14.375,14.5,2700
1996-05-06 16:00:00-04:00,0.0,14.5,14.375,14.5,15700
1996-05-07 16:00:00-04:00,0.0,14.625,14.5,14.5,3800
1996-05-08 16:00:00-04:00,0.0,14.625,14.5,14.625,5200
1996-05-09 16:00:00-04:00,0.0,14.625,14.5,14.5,3200
1996-05-10 16:00:00-04:00,0.0,14.625,14.5,14.625,2900
1996-05-13 16:00:00-04:00,0.0,14.625,14.5,14.5,4900
1996-05-14 16:00:00-04:00,0.0,14.625,14.5,14.5,3500
1996-05-15 16:00:00-04:00,0.0,14.375,14.125,14.25,5700
1996-05-16 16:00:00-04:00,0.0,14.5,14.25,14.25,6000
1996-05-17 16:00:00-04:00,0.0,14.375,14.25,14.375,7500
1996-05-20 16:00:00-04:00,0.0,14.375,14.125,14.125,7200
1996-05-21 16:00:00-04:00,0.0,14.25,14.0,14.0,12800
1996-05-22 16:00:00-04:00,0.0,14.25,14.0,14.25,9200
1996-05-23 16:00:00-04:00,0.0,14.25,14.125,14.125,3900
1996-05-24 16:00:00-04:00,0.0,14.25,14.125,14.125,9700
1996-05-28 16:00:00-04:00,0.0,14.25,14.125,14.25,8300
1996-05-29 16:00:00-04:00,0.0,14.375,14.375,14.375,5200
1996-05-30 16:00:00-04:00,0.0,14.25,14.125,14.25,7900
1996-05-31 16:00:00-04:00,0.0,14.25,14.125,14.125,2200
1996-06-03 16:00:00-04:00,0.0,14.25,14.125,14.25,4300
1996-06-04 16:00:00-04:00,0.0,14.25,14.125,14.125,6200
1996-06-05 16:00:00-04:00,0.0,14.25,14.125,14.125,5800
1996-06-06 16:00:00-04:00,0.0,14.375,14.125,14.375,4600
1996-06-07 16:00:00-04:00,0.0,14.25,14.125,14.125,11800
1996-06-10 16:00:00-04:00,0.0,14.25,14.0,14.125,4200
1996-06-11 16:00:00-04:00,0.0,14.25,14.125,14.125,5000
1996-06-12 16:00:00-04:00,0.0,14.25,14.125,14.25,8600
1996-06-13 16:00:00-04:00,0.0,14.25,14.125,14.125,6300
1996-06-14 16:00:00-04:00,0.0,14.25,14.125,14.125,7500
1996-06-17 16:00:00-04:00,0.0,14.5,14.0,14.25,32100
1996-06-18 16:00:00-04:00,0.0,14.375,14.25,14.25,5800
1996-06-19 16:00:00-04:00,0.0,14.375,14.25,14.25,7300
1996-06-20 16:00:00-04:00,0.0,14.25,14.125,14.25,2800
1996-06-21 16:00:00-04:00,0.0,14.125,14.0,14.125,5200
1996-06-24 16:00:00-04:00,0.0,14.125,14.0,14.0,7700
1996-06-25 16:00:00-04:00,0.0,14.25,14.0,14.25,10200
1996-06-26 16:00:00-04:00,0.0,14.625,14.125,14.625,48500
1996-06-27 16:00:00-04:00,0.0,14.5,14.375,14.5,4400
1996-06-28 16:00:00-04:00,0.0,14.5,14.375,14.375,5100
1996-07-01 16:00:00-04:00,0.0,14.5,14.375,14.5,3600
1996-07-02 16:00:00-04:00,0.0,14.5,14.375,14.5,4700
1996-07-03 16:00:00-04:00,0.0,14.5,14.375,14.375,2500
1996-07-05 16:00:00-04:00,0.0,14.375,14.25,14.25,2700
1996-07-08 16:00:00-04:00,0.0,14.375,14.125,14.125,7600
1996-07-09 16:00:00-04:00,0.0,14.375,14.125,14.375,3600
1996-07-10 16:00:00-04:00,0.0,14.75,14.25,14.75,31500
1996-07-11 16:00:00-04:00,0.0,14.75,14.625,14.625,7600
1996-07-12 16:00:00-04:00,0.0,14.75,14.625,14.625,1600
1996-07-15 16:00:00-04:00,0.0,14.625,14.5,14.5,5200
1996-07-16 16:00:00-04:00,0.0,14.5,14.375,14.375,3900
1996-07-17 16:00:00-04:00,0.0,14.625,14.375,14.625,2500
1996-07-18 16:00:00-04:00,0.0,14.625,14.5,14.5,4100
1996-07-19 16:00:00-04:00,0.0,14.625,14.5,14.625,2900
1996-07-22 16:00:00-04:00,0.0,14.625,14.375,14.375,6700
1996-07-23 16:00:00-04:00,0.0,14.5,14.375,14.375,4200
1996-07-24 16:00:00-04:00,0.0,14.5,14.375,14.5,4600
1996-07-25 16:00:00-04:00,0.0,14.375,14.25,14.25,4600
1996-07-26 16:00:00-04:00,0.0,14.5,14.25,14.5,3700
1996-07-29 16:00:00-04:00,0.0,14.375,14.25,14.25,7500
1996-07-30 16:00:00-04:00,0.0,14.375,14.125,14.375,11300
1996-07-31 16:00:00-04:00,0.0,14.5,14.25,14.5,6500
1996-08-01 16:00:00-04:00,0.0,14.5,14.25,14.5,6200
1996-08-02 16:00:00-04:00,0.0,14.5,14.375,14.5,10800
1996-08-05 16:00:00-04:00,0.0,14.5,14.375,14.5,1300
1996-08-06 16:00:00-04:00,0.0,14.5,14.375,14.5,3400
1996-08-07 16:00:00-04:00,0.0,14.375,14.375,14.375,5800
1996-08-08 16:00:00-04:00,0.0,14.5,14.375,14.5,11500
1996-08-09 16:00:00-04:00,0.0,14.75,14.5,14.625,15800
1996-08-12 16:00:00-04:00,0.0,14.75,14.625,14.625,4500
1996-08-13 16:00:00-04:00,0.0,14.75,14.625,14.625,3400
1996-08-14 16:00:00-04:00,0.0,14.75,14.625,14.625,3600
1996-08-15 16:00:00-04:00,0.0,14.75,14.625,14.625,1700
1996-08-16 16:00:00-04:00,0.0,14.75,14.625,14.625,3000
1996-08-19 16:00:00-04:00,0.0,14.75,14.625,14.75,1600
1996-08-20 16:00:00-04:00,0.0,14.875,14.625,14.875,11200
1996-08-21 16:00:00-04:00,0.0,14.5,14.375,14.5,10100
1996-08-22 16:00:00-04:00,0.0,14.5,14.375,14.5,7300
1996-08-23 16:00:00-04:00,0.0,14.625,14.375,14.625,6400
1996-08-26 16:00:00-04:00,0.0,14.5,14.375,14.5,7100
1996-08-27 16:00:00-04:00,0.0,14.5,14.375,14.375,300
1996-08-28 16:00:00-04:00,0.0,14.5,14.375,14.375,7500
1996-08-29 16:00:00-04:00,0.0,14.5,14.375,14.375,2000
1996-08-30 16:00:00-04:00,0.0,14.5,14.375,14.375,2000
1996-09-03 16:00:00-04:00,0.0,14.5,14.375,14.375,3500
1996-09-04 16:00:00-04:00,0.0,14.5,14.375,14.375,600
1996-09-05 16:00:00-04:00,0.0,14.5,14.375,14.5,2500
1996-09-06 16:00:00-04:00,0.0,14.5,14.375,14.375,3500
1996-09-09 16:00:00-04:00,0.0,14.5,14.375,14.5,3800
1996-09-10 16:00:00-04:00,0.0,14.5,14.375,14.5,3400
1996-09-11 16:00:00-04:00,0.0,14.5,14.25,14.375,13200
1996-09-12 16:00:00-04:00,0.0,14.5,14.25,14.5,5000
1996-09-13 16:00:00-04:00,0.0,14.5,14.375,14.5,15100
1996-09-16 16:00:00-04:00,0.0,14.375,14.25,14.375,11700
1996-09-17 16:00:00-04:00,0.0,14.5,14.375,14.5,37700
1996-09-18 16:00:00-04:00,0.0,14.5,14.375,14.375,6800
1996-09-19 16:00:00-04:00,0.0,14.5,14.375,14.375,8600
1996-09-20 16:00:00-04:00,0.0,14.5,14.25,14.25,6300
1996-09-23 16:00:00-04:00,0.0,14.375,14.25,14.375,6400
1996-09-24 16:00:00-04:00,0.0,14.5,14.25,14.5,15600
1996-09-25 16:00:00-04:00,0.0,14.5,14.375,14.375,3000
1996-09-26 16:00:00-04:00,0.0,14.5,14.375,14.5,4300
1996-09-27 16:00:00-04:00,0.0,14.5,14.375,14.5,4300
1996-09-30 16:00:00-04:00,0.0,14.5,14.375,14.5,2800
1996-10-01 16:00:00-04:00,0.0,14.625,14.375,14.625,71100
1996-10-02 16:00:00-04:00,0.0,14.625,14.5,14.625,6300
1996-10-03 16:00:00-04:00,0.0,14.625,14.5,14.5,3200
1996-10-04 16:00:00-04:00,0.0,14.625,14.5,14.625,7600
1996-10-07 16:00:00-04:00,0.0,14.625,14.5,14.5,1900
1996-10-08 16:00:00-04:00,0.0,14.625,14.5,14.625,6100
1996-10-09 16:00:00-04:00,0.0,14.5,14.5,14.5,500
1996-10-10 16:00:00-04:00,0.0,14.75,14.5,14.75,126100
1996-10-11 16:00:00-04:00,0.0,14.75,14.625,14.75,4600
1996-10-14 16:00:00-04:00,0.0,14.75,14.625,14.75,2100
1996-10-15 16:00:00-04:00,0.0,14.75,14.625,14.75,1600
1996-10-16 16:00:00-04:00,0.0,14.75,14.625,14.625,2800
1996-10-17 16:00:00-04:00,0.0,14.75,14.625,14.625,4700
1996-10-18 16:00:00-04:00,0.0,14.875,14.625,14.875,14000
1996-10-21 16:00:00-04:00,0.0,14.875,14.75,14.75,161400
1996-10-22 16:00:00-04:00,0.0,14.75,14.625,14.625,1100
1996-10-23 16:00:00-04:00,0.0,14.75,14.625,14.625,2900
1996-10-24 16:00:00-04:00,0.0,14.75,14.625,14.625,4600
1996-10-25 16:00:00-04:00,0.0,14.75,14.625,14.75,1500
1996-10-28 16:00:00-05:00,0.0,14.75,14.625,14.625,4900
1996-10-29 16:00:00-05:00,0.0,14.75,14.625,14.75,6400
1996-10-30 16:00:00-05:00,0.0,14.75,14.625,14.625,7500
1996-10-31 16:00:00-05:00,0.0,14.75,14.5,14.5,19800
1996-11-01 16:00:00-05:00,0.0,14.75,14.625,14.75,3200
1996-11-04 16:00:00-05:00,0.0,14.75,14.625,14.625,4100
1996-11-05 16:00:00-05:00,0.0,14.75,14.625,14.75,2100
1996-11-06 16:00:00-05:00,0.0,14.75,14.625,14.625,6000
1996-11-07 16:00:00-05:00,0.0,14.75,14.625,14.75,5600
1996-11-08 16:00:00-05:00,0.0,14.75,14.625,14.625,2800
1996-11-11 16:00:00-05:00,0.0,14.75,14.625,14.75,3700
1996-11-12 16:00:00-05:00,0.0,14.75,14.625,14.75,9300
1996-11-13 16:00:00-05:00,0.0,14.75,14.625,14.625,7200
1996-11-14 16:00:00-05:00,0.0,14.875,14.75,14.75,5000
1996-11-15 16:00:00-05:00,0.0,14.875,14.75,14.75,21300
1996-11-18 16:00:00-05:00,0.0,14.875,14.75,14.75,27200
1996-11-19 16:00:00-05:00,0.0,14.75,14.625,14.75,9500
1996-11-20 16:00:00-05:00,0.0,14.75,14.625,14.625,10600
1996-11-21 16:00:00-05:00,0.0,14.75,14.625,14.625,12100
1996-11-22 16:00:00-05:00,0.0,14.75,14.625,14.75,4500
1996-11-25 16:00:00-05:00,0.0,14.75,14.625,14.75,3700
1996-11-26 16:00:00-05:00,0.0,14.75,14.625,14.75,21700
1996-11-27 16:00:00-05:00,0.0,14.75,14.625,14.625,5900
1996-11-29 16:00:00-05:00,0.0,14.75,14.75,14.75,12900
1996-12-02 16:00:00-05:00,0.0,14.875,14.75,14.75,14900
1996-12-03 16:00:00-05:00,0.0,15.0,14.875,14.875,8800
1996-12-04 16:00:00-05:00,0.0,15.0,14.875,14.875,11500
1996-12-05 16:00:00-05:00,0.0,15.0,14.875,14.875,7300
1996-12-06 16:00:00-05:00,0.0,14.875,14.75,14.75,7400
1996-12-09 16:00:00-05:00,0.0,15.0,14.75,14.875,26000
1996-12-10 16:00:00-05:00,0.0,14.5,14.375,14.375,38900
1996-12-11 16:00:00-05:00,0.0,14.5,14.375,14.375,4000
1996-12-12 16:00:00-05:00,0.0,14.5,14.25,14.375,17400
1996-12-13 16:00:00-05:00,0.0,14.5,14.375,14.375,7100
1996-12-16 16:00:00-05:00,0.0,14.5,14.25,14.25,19100
1996-12-17 16:00:00-05:00,0.0,14.625,14.25,14.625,57100
1996-12-18 16:00:00-05:00,0.0,14.75,14.625,14.75,8800
1996-12-19 16:00:00-05:00,0.0,14.75,14.625,14.625,6300
1996-12-20 16:00:00-05:00,0.0,14.625,14.5,14.625,7500
1996-12-23 16:00:00-05:00,0.0,14.625,14.5,14.5,7300
1996-12-24 16:00:00-05:00,0.0,14.625,14.5,14.5,3300
1996-12-26 16:00:00-05:00,0.0,14.625,14.5,14.625,9400
1996-12-27 16:00:00-05:00,0.0,14.5,14.5,14.5,3400
1996-12-30 16:00:00-05:00,0.0,14.5,14.375,14.5,6300
1996-12-31 16:00:00-05:00,0.0,14.5,14.25,14.375,14100
1997-01-02 16:00:00-05:00,0.0,14.375,14.25,14.25,3100
1997-01-03 16:00:00-05:00,0.0,14.5,14.25,14.5,8500
1997-01-06 16:00:00-05:00,0.0,14.5,14.375,14.5,9500
1997-01-07 16:00:00-05:00,0.0,14.5,14.375,14.5,6000
1997-01-08 16:00:00-05:00,0.0,14.5,14.375,14.5,11800
1997-01-09 16:00:00-05:00,0.0,14.625,14.375,14.625,6800
1997-01-10 16:00:00-05:00,0.0,14.5,14.5,14.5,700
1997-01-13 16:00:00-05:00,0.0,14.625,14.5,14.625,6400
1997-01-14 16:00:00-05:00,0.0,14.625,14.625,14.625,1000
1997-01-15 16:00:00-05:00,0.0,14.625,14.5,14.5,5000
1997-01-16 16:00:00-05:00,0.0,14.75,14.5,14.75,4600
1997-01-17 16:00:00-05:00,0.0,14.75,14.625,14.625,2900
1997-01-20 16:00:00-05:00,0.0,14.625,14.625,14.625,2600
1997-01-21 16:00:00-05:00,0.0,14.75,14.625,14.75,6200
1997-01-22 16:00:00-05:00,0.0,14.875,14.75,14.75,4100
1997-01-23 16:00:00-05:00,0.0,14.875,14.625,14.875,16300
1997-01-24 16:00:00-05:00,0.0,14.875,14.75,14.875,7400
1997-01-27 16:00:00-05:00,0.0,14.875,14.625,14.625,14100
1997-01-28 16:00:00-05:00,0.0,14.75,14.625,14.75,7000
1997-01-29 16:00:00-05:00,0.0,14.875,14.625,14.875,5700
1997-01-30 16:00:00-05:00,0.0,14.875,14.75,14.75,2100
1997-01-31 16:00:00-05:00,0.0,14.875,14.75,14.75,4800
1997-02-03 16:00:00-05:00,0.0,15.0,14.75,14.875,22200
1997-02-04 16:00:00-05:00,0.0,15.0,14.875,15.0,5000
1997-02-05 16:00:00-05:00,0.0,15.0,14.875,15.0,11100
1997-02-06 16:00:00-05:00,0.0,15.0,14.875,14.875,9500
1997-02-07 16:00:00-05:00,0.0,15.0,14.875,14.875,2200
1997-02-10 16:00:00-05:00,0.0,15.0,14.875,14.875,6800
1997-02-11 16:00:00-05:00,0.0,15.0,14.75,14.875,6600
1997-02-12 16:00:00-05:00,0.0,15.125,14.75,15.125,18100
1997-02-13 16:00:00-05:00,0.0,15.25,15.125,15.125,8700
1997-02-14 16:00:00-05:00,0.0,15.25,15.125,15.125,2800
1997-02-18 16:00:00-05:00,0.0,15.25,15.125,15.125,5700
1997-02-19 16:00:00-05:00,0.0,15.25,15.125,15.125,2400
1997-02-20 16:00:00-05:00,0.0,15.25,15.125,15.125,4900
1997-02-21 16:00:00-05:00,0.0,15.25,15.125,15.25,4400
1997-02-24 16:00:00-05:00,0.0,15.25,15.125,15.125,5500
1997-02-25 16:00:00-05:00,0.0,15.25,15.125,15.125,5200
1997-02-26 16:00:00-05:00,0.0,14.875,14.75,14.875,11100
1997-02-27 16:00:00-05:00,0.0,14.75,14.75,14.75,2700
1997-02-28 16:00:00-05:00,0.0,14.875,14.75,14.75,4500
1997-03-03 16:00:00-05:00,0.0,14.875,14.875,14.875,1600
1997-03-04 16:00:00-05:00,0.0,14.875,14.75,14.875,8200
1997-03-05 16:00:00-05:00,0.0,14.875,14.75,14.75,1200
1997-03-06 16:00:00-05:00,0.0,14.875,14.75,14.875,3700
1997-03-07 16:00:00-05:00,0.0,14.875,14.75,14.875,5400
1997-03-10 16:00:00-05:00,0.0,14.875,14.75,14.75,8500
1997-03-11 16:00:00-05:00,0.0,14.875,14.75,14.875,8400
1997-03-12 16:00:00-05:00,0.0,14.875,14.75,14.75,5600
1997-03-13 16:00:00-05:00,0.0,14.875,14.75,14.75,6200
1997-03-14 16:00:00-05:00,0.0,14.875,14.75,14.875,1600
1997-03-17 16:00:00-05:00,0.0,14.875,14.75,14.875,6600
1997-03-18 16:00:00-05:00,0.0,14.875,14.75,14.75,13700
1997-03-19 16:00:00-05:00,0.0,14.875,14.75,14.75,26700
1997-03-20 16:00:00-05:00,0.0,14.875,14.75,14.75,10700
1997-03-21 16:00:00-05:00,0.0,14.875,14.75,14.875,8200
1997-03-24 16:00:00-05:00,0.0,14.875,14.75,14.75,13600
1997-03-25 16:00:00-05:00,0.0,14.875,14.75,14.75,4700
1997-03-26 16:00:00-05:00,0.0,14.875,14.75,14.875,12700
1997-03-27 16:00:00-05:00,0.0,14.875,14.75,14.75,13900
1997-03-31 16:00:00-05:00,0.0,14.875,14.625,14.75,11700
1997-04-01 16:00:00-05:00,0.0,14.75,14.625,14.75,4600
1997-04-02 16:00:00-05:00,0.0,14.75,14.625,14.75,11000
1997-04-03 16:00:00-05:00,0.0,14.75,14.625,14.625,900
1997-04-04 16:00:00-05:00,0.0,14.75,14.625,14.75,3700
1997-04-07 16:00:00-04:00,0.0,14.625,14.375,14.375,18800
1997-04-08 16:00:00-04:00,0.0,14.5,14.375,14.5,4700
1997-04-09 16:00:00-04:00,0.0,14.5,14.375,14.5,9900
1997-04-10 16:00:00-04:00,0.0,14.625,14.375,14.5,6300
1997-04-11 16:00:00-04:00,0.0,14.625,14.5,14.625,3500
1997-04-14 16:00:00-04:00,0.0,14.625,14.5,14.5,2200
1997-04-15 16:00:00-04:00,0.0,14.625,14.5,14.5,5000
1997-04-16 16:00:00-04:00,0.0,14.625,14.5,14.625,4000
1997-04-17 16:00:00-04:00,0.0,14.625,14.5,14.5,1600
1997-04-18 16:00:00-04:00,0.0,14.625,14.5,14.625,1000
1997-04-21 16:00:00-04:00,0.0,14.625,14.5,14.5,9200
1997-04-22 16:00:00-04:00,0.0,14.625,14.5,14.5,4800
1997-04-23 16:00:00-04:00,0.0,14.625,14.5,14.625,8800
1997-04-24 16:00:00-04:00,0.0,14.625,14.5,14.5,4400
1997-04-25 16:00:00-04:00,0.0,14.625,14.5,14.625,4600
1997-04-28 16:00:00-04:00,0.0,14.625,14.5,14.625,2900
1997-04-29 16:00:00-04:00,0.0,14.625,14.5,14.625,3500
1997-04-30 16:00:00-04:00,0.0,14.625,14.5,14.625,5300
1997-05-01 16:00:00-04:00,0.0,14.75,14.625,14.75,3600
1997-05-02 16:00:00-04:00,0.0,0.0,0.0,14.75,0
1997-05-05 16:00:00-04:00,0.0,14.875,14.625,14.875,11800
1997-05-06 16:00:00-04:00,0.0,14.875,14.75,14.75,9000
1997-05-07 16:00:00-04:00,0.0,14.875,14.75,14.75,2000
1997-05-08 16:00:00-04:00,0.0,14.875,14.75,14.75,12700
1997-05-09 16:00:00-04:00,0.0,14.875,14.75,14.875,5700
1997-05-12 16:00:00-04:00,0.0,14.875,14.875,14.875,3600
1997-05-13 16:00:00-04:00,0.0,14.875,14.75,14.875,3700
1997-05-14 16:00:00-04:00,0.0,14.625,14.5,14.625,3900
1997-05-15 16:00:00-04:00,0.0,14.75,14.5,14.625,3200
1997-05-16 16:00:00-04:00,0.0,14.75,14.625,14.75,12900
1997-05-19 16:00:00-04:00,0.0,14.75,14.625,14.75,6400
1997-05-20 16:00:00-04:00,0.0,14.875,14.75,14.75,3400
1997-05-21 16:00:00-04:00,0.0,14.9375,14.625,14.875,15200
1997-05-22 16:00:00-04:00,0.0,15.0,14.875,14.875,8700
1997-05-23 16:00:00-04:00,0.0,14.75,14.75,14.75,2400
1997-05-27 16:00:00-04:00,0.0,14.875,14.75,14.875,2000
1997-05-28 16:00:00-04:00,0.0,14.75,14.625,14.625,7400
1997-05-29 16:00:00-04:00,0.0,14.875,14.75,14.75,5600
1997-05-30 16:00:00-04:00,0.0,14.875,14.625,14.75,4000
1997-06-02 16:00:00-04:00,0.0,14.875,14.75,14.75,6600
1997-06-03 16:00:00-04:00,0.0,14.875,14.75,14.875,14600
1997-06-04 16:00:00-04:00,0.0,15.0,14.875,15.0,10800
1997-06-05 16:00:00-04:00,0.0,14.875,14.875,14.875,500
1997-06-06 16:00:00-04:00,0.0,15.125,14.875,15.125,15700
1997-06-09 16:00:00-04:00,0.0,15.125,15.0,15.0,3000
1997-06-10 16:00:00-04:00,0.0,15.125,15.0,15.0,3800
1997-06-11 16:00:00-04:00,0.0,15.125,15.0,15.0,5400
1997-06-12 16:00:00-04:00,0.0,15.125,15.0,15.0,6900
1997-06-13 16:00:00-04:00,0.0,15.125,15.0,15.125,4600
1997-06-16 16:00:00-04:00,0.0,15.125,15.0,15.0,6400
1997-06-17 16:00:00-04:00,0.0,15.25,15.0,15.25,25200
1997-06-18 16:00:00-04:00,0.0,15.25,15.0,15.25,9600
1997-06-19 16:00:00-04:00,0.0,15.25,15.125,15.125,5100
1997-06-20 16:00:00-04:00,0.0,15.25,15.125,15.125,3200
1997-06-23 16:00:00-04:00,0.0,15.25,15.125,15.125,8800
1997-06-24 16:00:00-04:00,0.0,15.25,15.125,15.125,8600
1997-06-25 16:00:00-04:00,0.0,15.25,15.0625,15.25,3500
1997-06-26 16:00:00-04:00,0.0,15.1875,15.0625,15.125,5600
1997-06-27 16:00:00-04:00,0.0,15.25,15.0625,15.25,5300
1997-06-30 16:00:00-04:00,0.0,15.25,15.125,15.25,2600
1997-07-01 16:00:00-04:00,0.0,15.25,15.1875,15.1875,2800
1997-07-02 16:00:00-04:00,0.0,15.375,15.25,15.3125,9800
1997-07-03 16:00:00-04:00,0.0,15.625,15.3125,15.625,10200
1997-07-07 16:00:00-04:00,0.0,15.75,15.5,15.5,12900
1997-07-08 16:00:00-04:00,0.0,15.6875,15.4375,15.5,5300
1997-07-09 16:00:00-04:00,0.0,15.4375,15.375,15.375,11900
1997-07-10 16:00:00-04:00,0.0,15.5,15.3125,15.3125,5300
1997-07-11 16:00:00-04:00,0.0,15.3125,15.1875,15.25,7300
1997-07-14 16:00:00-04:00,0.0,15.4375,15.1875,15.3125,8000
1997-07-15 16:00:00-04:00,0.0,15.375,15.25,15.25,4500
1997-07-16 16:00:00-04:00,0.0,15.375,15.25,15.3125,4900
1997-07-17 16:00:00-04:00,0.0,15.375,15.25,15.25,8900
1997-07-18 16:00:00-04:00,0.0,15.3125,15.25,15.3125,2600
1997-07-21 16:00:00-04:00,0.0,15.4375,15.25,15.375,6000
1997-07-22 16:00:00-04:00,0.0,15.4375,15.1875,15.3125,11200
1997-07-23 16:00:00-04:00,0.0,15.4375,15.3125,15.4375,700
1997-07-24 16:00:00-04:00,0.0,15.4375,15.3125,15.3125,3800
1997-07-25 16:00:00-04:00,0.0,15.4375,15.3125,15.4375,6400
1997-07-28 16:00:00-04:00,0.0,15.4375,15.375,15.375,5200
1997-07-29 16:00:00-04:00,0.0,15.4375,15.25,15.3125,13000
1997-07-30 16:00:00-04:00,0.0,15.5,15.3125,15.5,2000
1997-07-31 16:00:00-04:00,0.0,15.625,15.4375,15.5,7200
1997-08-01 16:00:00-04:00,0.0,15.625,15.3125,15.375,7200
1997-08-04 16:00:00-04:00,0.0,15.625,15.4375,15.625,22100
1997-08-05 16:00:00-04:00,0.0,15.75,15.625,15.75,7700
1997-08-06 16:00:00-04:00,0.0,15.875,15.625,15.875,5800
1997-08-07 16:00:00-04:00,0.0,15.875,15.5625,15.75,10000
1997-08-08 16:00:00-04:00,0.0,15.875,15.625,15.6875,3800
1997-08-11 16:00:00-04:00,0.0,15.8125,15.625,15.6875,8100
1997-08-12 16:00:00-04:00,0.0,15.75,15.625,15.625,3000
1997-08-13 16:00:00-04:00,0.0,15.8125,15.5625,15.75,14000
1997-08-14 16:00:00-04:00,0.0,15.8125,15.625,15.625,6000
1997-08-15 16:00:00-04:00,0.0,15.6875,15.625,15.625,3500
1997-08-18 16:00:00-04:00,0.0,15.8125,15.5625,15.625,9800
1997-08-19 16:00:00-04:00,0.0,15.6875,15.5625,15.5625,3100
1997-08-20 16:00:00-04:00,0.0,15.8125,15.5625,15.8125,7200
1997-08-21 16:00:00-04:00,0.0,15.8125,15.6875,15.75,4600
1997-08-22 16:00:00-04:00,0.0,15.6875,15.5625,15.5625,4300
1997-08-25 16:00:00-04:00,0.0,15.75,15.5625,15.75,5500
1997-08-26 16:00:00-04:00,0.0,15.5,15.3125,15.4375,5300
1997-08-27 16:00:00-04:00,0.0,15.5,15.25,15.3125,7100
1997-08-28 16:00:00-04:00,0.0,15.4375,15.3125,15.3125,4100
1997-08-29 16:00:00-04:00,0.0,15.3125,15.3125,15.3125,1300
1997-09-02 16:00:00-04:00,0.0,15.4375,15.25,15.375,6300
1997-09-03 16:00:00-04:00,0.0,15.5,15.3125,15.5,9900
1997-09-04 16:00:00-04:00,0.0,15.5625,15.4375,15.4375,5300
1997-09-05 16:00:00-04:00,0.0,15.5625,15.4375,15.4375,3300
1997-09-08 16:00:00-04:00,0.0,15.5625,15.4375,15.4375,3200
1997-09-09 16:00:00-04:00,0.0,15.5625,15.4375,15.5625,4300
1997-09-10 16:00:00-04:00,0.0,15.625,15.375,15.4375,6200
1997-09-11 16:00:00-04:00,0.0,15.5625,15.4375,15.5625,1700
1997-09-12 16:00:00-04:00,0.0,15.625,15.4375,15.4375,2200
1997-09-15 16:00:00-04:00,0.0,15.5625,15.4375,15.4375,3800
1997-09-16 16:00:00-04:00,0.0,15.6875,15.5,15.5625,9200
1997-09-17 16:00:00-04:00,0.0,15.6875,15.5,15.625,3200
1997-09-18 16:00:00-04:00,0.0,15.875,15.4375,15.875,27700
1997-09-19 16:00:00-04:00,0.0,16.25,15.875,15.875,9800
1997-09-22 16:00:00-04:00,0.0,15.9375,15.75,15.75,7600
1997-09-23 16:00:00-04:00,0.0,15.75,15.625,15.625,8000
1997-09-24 16:00:00-04:00,0.0,15.6875,15.625,15.625,7100
1997-09-25 16:00:00-04:00,0.0,15.6875,15.5,15.5,11500
1997-09-26 16:00:00-04:00,0.0,15.625,15.5,15.5,4400
1997-09-29 16:00:00-04:00,0.0,15.75,15.5,15.75,11400
1997-09-30 16:00:00-04:00,0.0,15.75,15.625,15.75,7200
1997-10-01 16:00:00-04:00,0.0,15.875,15.6875,15.8125,8000
1997-10-02 16:00:00-04:00,0.0,15.9375,15.75,15.9375,4800
1997-10-03 16:00:00-04:00,0.0,16.0,15.875,15.875,4500
1997-10-06 16:00:00-04:00,0.0,15.9375,15.8125,15.9375,3600
1997-10-07 16:00:00-04:00,0.0,15.9375,15.8125,15.8125,4600
1997-10-08 16:00:00-04:00,0.0,15.9375,15.8125,15.8125,12100
1997-10-09 16:00:00-04:00,0.0,15.875,15.75,15.8125,2200
1997-10-10 16:00:00-04:00,0.0,15.8125,15.75,15.8125,2000
1997-10-13 16:00:00-04:00,0.0,15.8125,15.75,15.8125,1300
1997-10-14 16:00:00-04:00,0.0,15.8125,15.625,15.625,7600
1997-10-15 16:00:00-04:00,0.0,15.5625,15.5,15.5625,3000
1997-10-16 16:00:00-04:00,0.0,15.75,15.625,15.75,4000
1997-10-17 16:00:00-04:00,0.0,15.8125,15.75,15.75,7700
1997-10-20 16:00:00-04:00,0.0,15.8125,15.75,15.75,1100
1997-10-21 16:00:00-04:00,0.0,15.8125,15.6875,15.8125,8400
1997-10-22 16:00:00-04:00,0.0,15.9375,15.8125,15.8125,5900
1997-10-23 16:00:00-04:00,0.0,15.8125,15.75,15.75,3800
1997-10-24 16:00:00-04:00,0.0,15.8125,15.6875,15.8125,7000
1997-10-27 16:00:00-05:00,0.0,15.8125,15.6875,15.8125,11100
1997-10-28 16:00:00-05:00,0.0,15.875,15.5625,15.875,7600
1997-10-29 16:00:00-05:00,0.0,16.0625,15.8125,16.0625,19600
1997-10-30 16:00:00-05:00,0.0,16.3125,16.0,16.1875,14300
1997-10-31 16:00:00-05:00,0.0,16.5,16.1875,16.375,26500
1997-11-03 16:00:00-05:00,0.0,16.3125,16.1875,16.1875,20900
1997-11-04 16:00:00-05:00,0.0,16.25,16.125,16.1875,7800
1997-11-05 16:00:00-05:00,0.0,16.25,16.1875,16.1875,2900
1997-11-06 16:00:00-05:00,0.0,16.25,16.1875,16.1875,3700
1997-11-07 16:00:00-05:00,0.0,16.375,16.125,16.125,2000
1997-11-10 16:00:00-05:00,0.0,16.125,16.0625,16.125,6200
1997-11-11 16:00:00-05:00,0.0,16.0625,16.0,16.0,6300
1997-11-12 16:00:00-05:00,0.0,16.0,15.9375,15.9375,2600
1997-11-13 16:00:00-05:00,0.0,16.0,15.9375,15.9375,2400
1997-11-14 16:00:00-05:00,0.0,16.0,15.9375,16.0,6900
1997-11-17 16:00:00-05:00,0.0,16.0625,16.0,16.0625,3100
1997-11-18 16:00:00-05:00,0.0,16.1875,16.0,16.0625,11700
1997-11-19 16:00:00-05:00,0.0,16.1875,16.0625,16.1875,1700
1997-11-20 16:00:00-05:00,0.0,16.1875,16.0625,16.0625,1300
1997-11-21 16:00:00-05:00,0.0,16.1875,16.0625,16.0625,800
1997-11-24 16:00:00-05:00,0.0,16.1875,16.0625,16.1875,3600
1997-11-25 16:00:00-05:00,0.0,16.4375,16.125,16.25,8800
1997-11-26 16:00:00-05:00,0.0,16.375,16.25,16.25,14300
1997-11-28 16:00:00-05:00,0.0,16.25,16.1875,16.1875,1200
1997-12-01 16:00:00-05:00,0.0,16.3125,16.25,16.3125,8000
1997-12-02 16:00:00-05:00,0.0,16.5625,16.25,16.375,15500
1997-12-03 16:00:00-05:00,0.0,16.4375,16.375,16.4375,55200
1997-12-04 16:00:00-05:00,0.0,16.5,16.3125,16.3125,18100
1997-12-05 16:00:00-05:00,0.0,16.375,16.1875,16.3125,6200
1997-12-08 16:00:00-05:00,0.0,16.375,16.25,16.3125,26700
1997-12-09 16:00:00-05:00,0.0,15.875,15.625,15.6875,8000
1997-12-10 16:00:00-05:00,0.0,15.6875,15.625,15.625,4600
1997-12-11 16:00:00-05:00,0.0,15.6875,15.5625,15.6875,7000
1997-12-12 16:00:00-05:00,0.0,15.75,15.5625,15.75,11300
1997-12-15 16:00:00-05:00,0.0,15.75,15.625,15.625,7100
1997-12-16 16:00:00-05:00,0.0,15.875,15.75,15.75,10100
1997-12-17 16:00:00-05:00,0.0,16.125,15.625,16.125,51500
1997-12-18 16:00:00-05:00,0.0,16.1875,16.0625,16.125,11500
1997-12-19 16:00:00-05:00,0.0,16.25,15.875,16.1875,13900
1997-12-22 16:00:00-05:00,0.0,16.0625,15.875,16.0625,6400
1997-12-23 16:00:00-05:00,0.0,16.0625,15.9375,16.0,4400
1997-12-24 16:00:00-05:00,0.0,16.125,16.0,16.125,2300
1997-12-26 16:00:00-05:00,0.0,16.0,16.0,16.0,1200
1997-12-29 16:00:00-05:00,0.0,16.0625,16.0,16.0,3100
1997-12-30 16:00:00-05:00,0.0,16.1875,15.9375,16.0625,21700
1997-12-31 16:00:00-05:00,0.0,16.25,16.0625,16.25,9900
1998-01-02 16:00:00-05:00,0.0,16.3125,16.1875,16.3125,1900
1998-01-05 16:00:00-05:00,0.0,16.4375,16.1875,16.4375,4100
1998-01-06 16:00:00-05:00,0.0,16.375,16.25,16.25,5000
1998-01-07 16:00:00-05:00,0.0,16.5,16.3125,16.5,6100
1998-01-08 16:00:00-05:00,0.0,16.5,16.375,16.375,7300
1998-01-09 16:00:00-05:00,0.0,16.5,16.3125,16.375,3700
1998-01-12 16:00:00-05:00,0.0,16.5,16.3125,16.5,5700
1998-01-13 16:00:00-05:00,0.0,16.625,16.4375,16.4375,14700
1998-01-14 16:00:00-05:00,0.0,16.625,16.375,16.4375,16600
1998-01-15 16:00:00-05:00,0.0,16.625,16.5,16.5,3200
1998-01-16 16:00:00-05:00,0.0,16.625,16.5,16.5,13600
1998-01-20 16:00:00-05:00,0.0,16.5,16.4375,16.4375,5800
1998-01-21 16:00:00-05:00,0.0,16.5625,16.5,16.5625,4700
1998-01-22 16:00:00-05:00,0.0,16.5625,16.375,16.375,5500
1998-01-23 16:00:00-05:00,0.0,16.5,16.375,16.4375,7400
1998-01-26 16:00:00-05:00,0.0,16.5625,16.375,16.4375,5200
1998-01-27 16:00:00-05:00,0.0,16.5,16.375,16.5,7000
1998-01-28 16:00:00-05:00,0.0,16.4375,16.375,16.375,2100
1998-01-29 16:00:00-05:00,0.0,16.3125,16.3125,16.3125,1500
1998-01-30 16:00:00-05:00,0.0,16.3125,16.1875,16.1875,14000
1998-02-02 16:00:00-05:00,0.0,16.3125,16.1875,16.1875,5900
1998-02-03 16:00:00-05:00,0.0,16.375,16.125,16.25,15000
1998-02-04 16:00:00-05:00,0.0,16.3125,16.1875,16.1875,4000
1998-02-05 16:00:00-05:00,0.0,16.25,16.125,16.25,5200
1998-02-06 16:00:00-05:00,0.0,16.375,16.125,16.3125,5600
1998-02-09 16:00:00-05:00,0.0,16.4375,16.3125,16.375,3200
1998-02-10 16:00:00-05:00,0.0,16.375,16.25,16.25,9800
1998-02-11 16:00:00-05:00,0.0,16.375,16.1875,16.3125,5400
1998-02-12 16:00:00-05:00,0.0,16.3125,16.1875,16.3125,6300
1998-02-13 16:00:00-05:00,0.0,16.375,16.1875,16.375,4000
1998-02-17 16:00:00-05:00,0.0,16.4375,16.25,16.4375,21400
1998-02-18 16:00:00-05:00,0.0,16.625,16.3125,16.625,20400
1998-02-19 16:00:00-05:00,0.0,16.6875,16.4375,16.5,6000
1998-02-20 16:00:00-05:00,0.0,16.75,16.5,16.6875,10400
1998-02-23 16:00:00-05:00,0.0,16.8125,16.625,16.8125,13900
1998-02-24 16:00:00-05:00,0.0,16.8125,16.5,16.625,5300
1998-02-25 16:00:00-05:00,0.0,16.5,16.3125,16.3125,9200
1998-02-26 16:00:00-05:00,0.0,16.25,16.25,16.25,9300
1998-02-27 16:00:00-05:00,0.0,16.125,16.125,16.125,2100
1998-03-02 16:00:00-05:00,0.0,16.4375,16.125,16.4375,6600
1998-03-03 16:00:00-05:00,0.0,16.4375,16.25,16.25,9400
1998-03-04 16:00:00-05:00,0.0,16.375,16.1875,16.375,5600
1998-03-05 16:00:00-05:00,0.0,16.375,16.25,16.3125,5000
1998-03-06 16:00:00-05:00,0.0,16.375,16.1875,16.25,10400
1998-03-09 16:00:00-05:00,0.0,16.4375,16.1875,16.4375,12600
1998-03-10 16:00:00-05:00,0.0,16.5625,16.4375,16.5625,20600
1998-03-11 16:00:00-05:00,0.0,16.4375,16.375,16.375,2800
1998-03-12 16:00:00-05:00,0.0,16.5625,16.3125,16.3125,11900
1998-03-13 16:00:00-05:00,0.0,16.4375,16.25,16.4375,10200
1998-03-16 16:00:00-05:00,0.0,16.9375,16.4375,16.8125,35900
1998-03-17 16:00:00-05:00,0.0,16.875,16.5625,16.5625,5800
1998-03-18 16:00:00-05:00,0.0,16.75,16.625,16.625,6800
1998-03-19 16:00:00-05:00,0.0,16.5625,16.375,16.375,13800
1998-03-20 16:00:00-05:00,0.0,16.5,16.375,16.4375,7600
1998-03-23 16:00:00-05:00,0.0,16.5625,16.375,16.5,5300
1998-03-24 16:00:00-05:00,0.0,16.6875,16.4375,16.6875,14800
1998-03-25 16:00:00-05:00,0.0,16.6875,16.5625,16.5625,4700
1998-03-26 16:00:00-05:00,0.0,16.5,16.4375,16.5,2700
1998-03-27 16:00:00-05:00,0.0,16.625,16.5,16.5,2300
1998-03-30 16:00:00-05:00,0.0,16.625,16.4375,16.625,5800
1998-03-31 16:00:00-05:00,0.0,16.5,16.375,16.4375,3400
1998-04-01 16:00:00-05:00,0.0,16.5,16.3125,16.4375,8900
1998-04-02 16:00:00-05:00,0.0,16.5,16.3125,16.4375,4700
1998-04-03 16:00:00-05:00,0.0,16.5,16.375,16.4375,3700
1998-04-06 16:00:00-04:00,0.0,16.4375,16.3125,16.4375,5900
1998-04-07 16:00:00-04:00,0.0,16.5,16.3125,16.3125,4200
1998-04-08 16:00:00-04:00,0.0,16.375,16.25,16.25,2800
1998-04-09 16:00:00-04:00,0.0,16.3125,16.1875,16.3125,8300
1998-04-13 16:00:00-04:00,0.0,16.3125,16.125,16.25,7200
1998-04-14 16:00:00-04:00,0.0,16.3125,16.25,16.3125,6400
1998-04-15 16:00:00-04:00,0.0,16.3125,16.1875,16.1875,2300
1998-04-16 16:00:00-04:00,0.0,16.375,16.1875,16.375,10300
1998-04-17 16:00:00-04:00,0.0,16.375,16.125,16.125,10300
1998-04-20 16:00:00-04:00,0.0,16.25,16.125,16.1875,5800
1998-04-21 16:00:00-04:00,0.0,16.1875,16.0625,16.1875,15900
1998-04-22 16:00:00-04:00,0.0,16.25,16.0625,16.25,12400
1998-04-23 16:00:00-04:00,0.0,16.25,16.125,16.125,2000
1998-04-24 16:00:00-04:00,0.0,16.1875,16.1875,16.1875,1300
1998-04-27 16:00:00-04:00,0.0,16.125,15.875,15.875,6200
1998-04-28 16:00:00-04:00,0.0,16.125,15.875,16.0,14500
1998-04-29 16:00:00-04:00,0.0,16.125,15.9375,16.125,7400
1998-04-30 16:00:00-04:00,0.0,16.1875,16.0,16.0625,3600
1998-05-01 16:00:00-04:00,0.0,16.1875,16.0,16.0,2700
1998-05-04 16:00:00-04:00,0.0,16.0625,15.9375,16.0625,1800
1998-05-05 16:00:00-04:00,0.0,16.0625,15.9375,16.0,5800
1998-05-06 16:00:00-04:00,0.0,16.125,15.9375,16.0625,4000
1998-05-07 16:00:00-04:00,0.0,16.25,16.0,16.1875,4100
1998-05-08 16:00:00-04:00,0.0,16.25,16.1875,16.1875,4000
1998-05-11 16:00:00-04:00,0.0,16.25,16.125,16.1875,4500
1998-05-12 16:00:00-04:00,0.0,16.3125,16.1875,16.1875,3100
1998-05-13 16:00:00-04:00,0.0,16.0,15.875,15.875,3600
1998-05-14 16:00:00-04:00,0.0,16.0,15.8125,15.9375,2900
1998-05-15 16:00:00-04:00,0.0,16.125,16.0,16.0,5800
1998-05-18 16:00:00-04:00,0.0,16.0625,15.9375,16.0625,2300
1998-05-19 16:00:00-04:00,0.0,16.125,15.9375,16.0,4000
1998-05-20 16:00:00-04:00,0.0,16.0625,16.0,16.0,2700
1998-05-21 16:00:00-04:00,0.0,16.0625,15.9375,15.9375,13700
1998-05-22 16:00:00-04:00,0.0,16.0,15.9375,16.0,2600
1998-05-26 16:00:00-04:00,0.0,16.0625,15.875,16.0625,3500
1998-05-27 16:00:00-04:00,0.0,16.0,15.875,15.9375,6400
1998-05-28 16:00:00-04:00,0.0,16.0,15.875,15.875,6700
1998-05-29 16:00:00-04:00,0.0,16.0,15.875,16.0,5700
1998-06-01 16:00:00-04:00,0.0,16.0625,16.0,16.0625,1300
1998-06-02 16:00:00-04:00,0.0,16.0,16.0,16.0,1300
1998-06-03 16:00:00-04:00,0.0,16.0625,16.0,16.0,2200
1998-06-04 16:00:00-04:00,0.0,16.125,16.0,16.125,4600
1998-06-05 16:00:00-04:00,0.0,16.125,16.0625,16.0625,3200
1998-06-08 16:00:00-04:00,0.0,16.125,16.125,16.125,600
1998-06-09 16:00:00-04:00,0.0,16.125,16.0,16.0,3200
1998-06-10 16:00:00-04:00,0.0,16.125,16.0,16.125,3400
1998-06-11 16:00:00-04:00,0.0,16.375,16.1875,16.3125,12600
1998-06-12 16:00:00-04:00,0.0,16.375,16.3125,16.375,6100
1998-06-15 16:00:00-04:00,0.0,16.375,16.25,16.25,7200
1998-06-16 16:00:00-04:00,0.0,16.375,16.25,16.25,3400
1998-06-17 16:00:00-04:00,0.0,16.5,16.25,16.5,8100
1998-06-18 16:00:00-04:00,0.0,16.5,16.4375,16.4375,1800
1998-06-19 16:00:00-04:00,0.0,16.5,16.375,16.375,3200
1998-06-22 16:00:00-04:00,0.0,16.375,16.3125,16.3125,2900
1998-06-23 16:00:00-04:00,0.0,16.5,16.25,16.375,3000
1998-06-24 16:00:00-04:00,0.0,16.375,16.25,16.3125,6100
1998-06-25 16:00:00-04:00,0.0,16.4375,16.3125,16.3125,12600
1998-06-26 16:00:00-04:00,0.0,16.375,16.25,16.375,4300
1998-06-29 16:00:00-04:00,0.0,16.375,16.3125,16.3125,5600
1998-06-30 16:00:00-04:00,0.0,16.3125,16.125,16.125,14800
1998-07-01 16:00:00-04:00,0.0,16.1875,16.0625,16.125,5900
1998-07-02 16:00:00-04:00,0.0,16.25,16.125,16.1875,4600
1998-07-06 16:00:00-04:00,0.0,16.25,16.125,16.125,4000
1998-07-07 16:00:00-04:00,0.0,16.3125,16.125,16.3125,7700
1998-07-08 16:00:00-04:00,0.0,16.3125,16.1875,16.1875,3900
1998-07-09 16:00:00-04:00,0.0,16.25,16.125,16.125,3800
1998-07-10 16:00:00-04:00,0.0,16.375,16.25,16.3125,9800
1998-07-13 16:00:00-04:00,0.0,16.25,16.1875,16.25,1200
1998-07-14 16:00:00-04:00,0.0,16.3125,16.1875,16.1875,3600
1998-07-15 16:00:00-04:00,0.0,16.3125,16.125,16.1875,5700
1998-07-16 16:00:00-04:00,0.0,16.4375,16.3125,16.3125,10000
1998-07-17 16:00:00-04:00,0.0,16.375,16.25,16.25,7500
1998-07-20 16:00:00-04:00,0.0,16.375,16.125,16.1875,24000
1998-07-21 16:00:00-04:00,0.0,16.25,16.1875,16.25,5100
1998-07-22 16:00:00-04:00,0.0,16.25,16.25,16.25,2500
1998-07-23 16:00:00-04:00,0.0,16.25,16.1875,16.25,5600
1998-07-24 16:00:00-04:00,0.0,16.25,16.1875,16.1875,3100
1998-07-27 16:00:00-04:00,0.0,16.25,16.1875,16.25,1000
1998-07-28 16:00:00-04:00,0.0,16.1875,16.125,16.1875,4300
1998-07-29 16:00:00-04:00,0.0,16.375,16.25,16.375,14700
1998-07-30 16:00:00-04:00,0.0,16.375,16.25,16.25,4100
1998-07-31 16:00:00-04:00,0.0,16.3125,16.25,16.25,2100
1998-08-03 16:00:00-04:00,0.0,16.25,16.1875,16.25,6300
1998-08-04 16:00:00-04:00,0.0,16.3125,16.25,16.25,1900
1998-08-05 16:00:00-04:00,0.0,16.25,16.1875,16.1875,1800
1998-08-06 16:00:00-04:00,0.0,16.3125,16.25,16.25,3500
1998-08-07 16:00:00-04:00,0.0,16.3125,16.25,16.25,3300
1998-08-10 16:00:00-04:00,0.0,16.375,16.25,16.3125,12700
1998-08-11 16:00:00-04:00,0.0,16.5,16.25,16.5,19200
1998-08-12 16:00:00-04:00,0.0,16.625,16.5,16.625,4600
1998-08-13 16:00:00-04:00,0.0,16.6875,16.4375,16.4375,1900
1998-08-14 16:00:00-04:00,0.0,16.5625,16.4375,16.5625,3400
1998-08-17 16:00:00-04:00,0.0,16.5625,16.4375,16.5625,4600
1998-08-18 16:00:00-04:00,0.0,16.5625,16.4375,16.5,4700
1998-08-19 16:00:00-04:00,0.0,16.5625,16.4375,16.5,9200
1998-08-20 16:00:00-04:00,0.0,16.75,16.4375,16.625,9300
1998-08-21 16:00:00-04:00,0.0,16.9375,16.6875,16.6875,12300
1998-08-24 16:00:00-04:00,0.0,16.8125,16.5625,16.8125,11500
1998-08-25 16:00:00-04:00,0.0,16.625,16.25,16.25,11800
1998-08-26 16:00:00-04:00,0.0,16.375,16.25,16.3125,6300
1998-08-27 16:00:00-04:00,0.0,16.4375,16.125,16.1875,17400
1998-08-28 16:00:00-04:00,0.0,16.25,16.1875,16.1875,2500
1998-08-31 16:00:00-04:00,0.0,16.3125,16.0625,16.0625,29000
1998-09-01 16:00:00-04:00,0.0,16.1875,16.0,16.0625,8400
1998-09-02 16:00:00-04:00,0.0,16.25,16.125,16.125,14200
1998-09-03 16:00:00-04:00,0.0,16.25,16.125,16.1875,5400
1998-09-04 16:00:00-04:00,0.0,16.3125,16.125,16.3125,4600
1998-09-08 16:00:00-04:00,0.0,16.375,16.0,16.1875,14100
1998-09-09 16:00:00-04:00,0.0,16.1875,16.0625,16.1875,5700
1998-09-10 16:00:00-04:00,0.0,16.1875,16.0625,16.0625,4900
1998-09-11 16:00:00-04:00,0.0,16.1875,16.0,16.0,3500
1998-09-14 16:00:00-04:00,0.0,16.25,16.0625,16.0625,9400
1998-09-15 16:00:00-04:00,0.0,16.25,16.0625,16.1875,7600
1998-09-16 16:00:00-04:00,0.0,16.25,16.125,16.125,9900
1998-09-17 16:00:00-04:00,0.0,16.1875,16.0625,16.0625,10600
1998-09-18 16:00:00-04:00,0.0,16.25,16.125,16.25,7200
1998-09-21 16:00:00-04:00,0.0,16.1875,16.125,16.125,2800
1998-09-22 16:00:00-04:00,0.0,16.25,16.125,16.25,6400
1998-09-23 16:00:00-04:00,0.0,16.1875,16.0625,16.0625,3900
1998-09-24 16:00:00-04:00,0.0,16.1875,16.0,16.125,9100
1998-09-25 16:00:00-04:00,0.0,16.125,16.0625,16.0625,5700
1998-09-28 16:00:00-04:00,0.0,16.1875,16.0625,16.0625,13900
1998-09-29 16:00:00-04:00,0.0,16.1875,16.125,16.125,3200
1998-09-30 16:00:00-04:00,0.0,16.1875,16.125,16.1875,1100
1998-10-01 16:00:00-04:00,0.0,16.25,16.0625,16.125,7400
1998-10-02 16:00:00-04:00,0.0,16.5,16.125,16.3125,5800
1998-10-05 16:00:00-04:00,0.0,16.4375,16.25,16.4375,1900
1998-10-06 16:00:00-04:00,0.0,16.5,16.3125,16.375,12900
1998-10-07 16:00:00-04:00,0.0,16.5625,16.375,16.375,14100
1998-10-08 16:00:00-04:00,0.0,16.375,16.125,16.125,9400
1998-10-09 16:00:00-04:00,0.0,16.375,16.125,16.3125,7400
1998-10-12 16:00:00-04:00,0.0,16.375,16.25,16.375,5900
1998-10-13 16:00:00-04:00,0.0,16.375,16.25,16.375,7600
1998-10-14 16:00:00-04:00,0.0,16.375,16.3125,16.375,1600
1998-10-15 16:00:00-04:00,0.0,16.375,16.375,16.375,400
1998-10-16 16:00:00-04:00,0.0,16.5,16.25,16.25,6100
1998-10-19 16:00:00-04:00,0.0,16.375,16.25,16.3125,2900
1998-10-20 16:00:00-04:00,0.0,16.3125,16.25,16.3125,7000
1998-10-21 16:00:00-04:00,0.0,16.5,16.3125,16.5,6100
1998-10-22 16:00:00-04:00,0.0,16.5,16.375,16.375,7600
1998-10-23 16:00:00-04:00,0.0,16.5,16.5,16.5,600
1998-10-26 16:00:00-05:00,0.0,16.5,16.375,16.375,5900
1998-10-27 16:00:00-05:00,0.0,16.375,16.25,16.25,8300
1998-10-28 16:00:00-05:00,0.0,16.5625,16.3125,16.5625,10300
1998-10-29 16:00:00-05:00,0.0,16.625,16.5,16.5625,3000
1998-10-30 16:00:00-05:00,0.0,16.6875,16.5,16.6875,7600
1998-11-02 16:00:00-05:00,0.0,16.625,16.4375,16.625,6500
1998-11-03 16:00:00-05:00,0.0,16.6875,16.5,16.5,15700
1998-11-04 16:00:00-05:00,0.0,16.625,16.5625,16.5625,3100
1998-11-05 16:00:00-05:00,0.0,16.5,16.3125,16.5,13300
1998-11-06 16:00:00-05:00,0.0,16.4375,16.375,16.375,2300
1998-11-09 16:00:00-05:00,0.0,16.4375,16.375,16.375,2800
1998-11-10 16:00:00-05:00,0.0,16.4375,16.25,16.4375,12100
1998-11-11 16:00:00-05:00,0.0,16.4375,16.375,16.4375,3200
1998-11-12 16:00:00-05:00,0.0,16.5,16.375,16.375,4800
1998-11-13 16:00:00-05:00,0.0,16.5,16.4375,16.5,5200
1998-11-16 16:00:00-05:00,0.0,16.4375,16.3125,16.3125,3200
1998-11-17 16:00:00-05:00,0.0,16.6875,16.4375,16.5,10900
1998-11-18 16:00:00-05:00,0.0,16.5,16.4375,16.4375,5200
1998-11-19 16:00:00-05:00,0.0,16.4375,16.4375,16.4375,1200
1998-11-20 16:00:00-05:00,0.0,16.5625,16.4375,16.5,2100
1998-11-23 16:00:00-05:00,0.0,16.5625,16.4375,16.5625,9200
1998-11-24 16:00:00-05:00,0.0,16.5625,16.375,16.5,3900
1998-11-25 16:00:00-05:00,0.0,16.625,16.4375,16.625,6300
1998-11-27 16:00:00-05:00,0.0,16.625,16.5625,16.5625,1500
1998-11-30 16:00:00-05:00,0.0,16.9375,16.5625,16.75,9500
1998-12-01 16:00:00-05:00,0.0,17.0,16.75,16.875,12800
1998-12-02 16:00:00-05:00,0.0,16.9375,16.6875,16.8125,4000
1998-12-03 16:00:00-05:00,0.0,16.75,16.6875,16.75,1200
1998-12-04 16:00:00-05:00,0.0,16.8125,16.625,16.625,5300
1998-12-07 16:00:00-05:00,0.0,16.75,16.625,16.6875,3100
1998-12-08 16:00:00-05:00,0.0,16.8125,16.3125,16.3125,23900
1998-12-09 16:00:00-05:00,0.0,16.1875,15.75,16.1875,4600
1998-12-10 16:00:00-05:00,0.0,16.25,16.0625,16.125,3700
1998-12-11 16:00:00-05:00,0.0,16.0625,15.8125,16.0625,5800
1998-12-14 16:00:00-05:00,0.0,16.1875,15.9375,16.0,14000
1998-12-15 16:00:00-05:00,0.0,16.125,16.0,16.0625,7400
1998-12-16 16:00:00-05:00,0.0,16.125,16.0,16.0625,11200
1998-12-17 16:00:00-05:00,0.0,16.0625,15.875,15.9375,12800
1998-12-18 16:00:00-05:00,0.0,15.9375,15.8125,15.9375,2900
1998-12-21 16:00:00-05:00,0.0,16.0,15.8125,15.9375,3100
1998-12-22 16:00:00-05:00,0.0,16.0,15.8125,15.8125,1800
1998-12-23 16:00:00-05:00,0.0,15.875,15.75,15.8125,6900
1998-12-24 16:00:00-05:00,0.0,15.8125,15.6875,15.6875,2500
1998-12-28 16:00:00-05:00,0.0,15.875,15.5625,15.75,13500
1998-12-29 16:00:00-05:00,0.0,15.8125,15.5,15.625,9500
1998-12-30 16:00:00-05:00,0.0,15.6875,15.5625,15.6875,1500
1998-12-31 16:00:00-05:00,0.0,15.8125,15.625,15.75,4500
1999-01-04 16:00:00-05:00,0.0,15.875,15.625,15.8125,10200
1999-01-05 16:00:00-05:00,0.0,15.875,15.6875,15.875,7600
1999-01-06 16:00:00-05:00,0.0,15.875,15.75,15.8125,2400
1999-01-07 16:00:00-05:00,0.0,16.0625,15.75,15.9375,16000
1999-01-08 16:00:00-05:00,0.0,16.0,15.875,15.875,1900
1999-01-11 16:00:00-05:00,0.0,16.0625,15.8125,15.875,5700
1999-01-12 16:00:00-05:00,0.0,15.9375,15.6875,15.75,14300
1999-01-13 16:00:00-05:00,0.0,15.75,15.75,15.75,4300
1999-01-14 16:00:00-05:00,0.0,15.9375,15.75,15.75,4700
1999-01-15 16:00:00-05:00,0.0,15.875,15.75,15.875,4100
1999-01-19 16:00:00-05:00,0.0,15.875,15.625,15.8125,17100
1999-01-20 16:00:00-05:00,0.0,15.875,15.75,15.875,5100
1999-01-21 16:00:00-05:00,0.0,15.9375,15.8125,15.9375,9500
1999-01-22 16:00:00-05:00,0.0,15.9375,15.75,15.875,5700
1999-01-25 16:00:00-05:00,0.0,16.0,15.75,16.0,19400
1999-01-26 16:00:00-05:00,0.0,16.0,15.875,15.9375,5300
1999-01-27 16:00:00-05:00,0.0,16.125,15.9375,16.125,11800
1999-01-28 16:00:00-05:00,0.0,16.0625,16.0,16.0625,1700
1999-01-29 16:00:00-05:00,0.0,16.1875,16.0,16.1875,9000
1999-02-01 16:00:00-05:00,0.0,16.125,16.0,16.0625,3900
1999-02-02 16:00:00-05:00,0.0,16.125,16.0,16.125,5700
1999-02-03 16:00:00-05:00,0.0,16.1875,16.0625,16.125,14800
1999-02-04 16:00:00-05:00,0.0,16.1875,16.0625,16.0625,14200
1999-02-05 16:00:00-05:00,0.0,16.1875,16.0625,16.125,4900
1999-02-08 16:00:00-05:00,0.0,16.1875,16.0,16.0,9700
1999-02-09 16:00:00-05:00,0.0,16.0625,15.9375,15.9375,9200
1999-02-10 16:00:00-05:00,0.0,16.0625,15.875,15.875,5100
1999-02-11 16:00:00-05:00,0.0,16.125,15.9375,16.125,8600
1999-02-12 16:00:00-05:00,0.0,16.0,15.75,15.75,5900
1999-02-16 16:00:00-05:00,0.0,15.75,15.5625,15.625,3500
1999-02-17 16:00:00-05:00,0.0,15.5625,15.375,15.4375,11700
1999-02-18 16:00:00-05:00,0.0,15.5625,15.4375,15.5,5900
1999-02-19 16:00:00-05:00,0.0,15.625,15.375,15.4375,10900
1999-02-22 16:00:00-05:00,0.0,15.5,15.4375,15.5,3400
1999-02-23 16:00:00-05:00,0.0,15.6875,15.4375,15.6875,9000
1999-02-24 16:00:00-05:00,0.0,15.5,15.3125,15.5,5300
1999-02-25 16:00:00-05:00,0.0,15.5625,15.375,15.5,6700
1999-02-26 16:00:00-05:00,0.0,15.5,15.3125,15.375,6500
1999-03-01 16:00:00-05:00,0.0,15.4375,15.25,15.375,10400
1999-03-02 16:00:00-05:00,0.0,15.25,15.125,15.25,7400
1999-03-03 16:00:00-05:00,0.0,15.375,15.0625,15.375,7500
1999-03-04 16:00:00-05:00,0.0,15.375,15.1875,15.1875,5000
1999-03-05 16:00:00-05:00,0.0,15.1875,15.125,15.125,2300
1999-03-08 16:00:00-05:00,0.0,15.125,15.0625,15.125,4500
1999-03-09 16:00:00-05:00,0.0,15.25,14.9375,15.0625,9100
1999-03-10 16:00:00-05:00,0.0,15.125,15.0,15.0,4500
1999-03-11 16:00:00-05:00,0.0,15.0,14.9375,15.0,3000
1999-03-12 16:00:00-05:00,0.0,15.0625,14.875,14.875,14100
1999-03-15 16:00:00-05:00,0.0,15.0625,14.875,14.9375,5700
1999-03-16 16:00:00-05:00,0.0,15.0625,14.875,15.0,9600
1999-03-17 16:00:00-05:00,0.0,14.9375,14.9375,14.9375,2000
1999-03-18 16:00:00-05:00,0.0,15.0625,14.9375,15.0,5600
1999-03-19 16:00:00-05:00,0.0,15.375,15.0,15.3125,21400
1999-03-22 16:00:00-05:00,0.0,15.375,15.25,15.25,4400
1999-03-23 16:00:00-05:00,0.0,15.125,15.0625,15.0625,3900
1999-03-24 16:00:00-05:00,0.0,15.125,14.9375,15.125,11700
1999-03-25 16:00:00-05:00,0.0,15.0625,14.9375,14.9375,4600
1999-03-26 16:00:00-05:00,0.0,15.0,14.9375,14.9375,3300
1999-03-29 16:00:00-05:00,0.0,15.25,15.0625,15.1875,20900
1999-03-30 16:00:00-05:00,0.0,15.25,15.1875,15.25,3200
1999-03-31 16:00:00-05:00,0.0,15.25,15.0625,15.1875,5000
1999-04-01 16:00:00-05:00,0.0,15.25,15.125,15.125,9200
1999-04-05 16:00:00-04:00,0.0,15.25,15.125,15.25,8800
1999-04-06 16:00:00-04:00,0.0,15.3125,15.125,15.3125,6300
1999-04-07 16:00:00-04:00,0.0,15.3125,15.125,15.125,5800
1999-04-08 16:00:00-04:00,0.0,15.3125,15.125,15.1875,3900
1999-04-09 16:00:00-04:00,0.0,15.1875,15.0625,15.0625,5700
1999-04-12 16:00:00-04:00,0.0,15.125,15.0625,15.125,7200
1999-04-13 16:00:00-04:00,0.0,15.5625,15.0625,15.375,23100
1999-04-14 16:00:00-04:00,0.0,15.625,15.4375,15.5625,4800
1999-04-15 16:00:00-04:00,0.0,15.5625,15.0625,15.0625,14900
1999-04-16 16:00:00-04:00,0.0,15.25,15.125,15.125,3800
1999-04-19 16:00:00-04:00,0.0,15.25,15.0625,15.25,22000
1999-04-20 16:00:00-04:00,0.0,15.25,15.0625,15.125,4500
1999-04-21 16:00:00-04:00,0.0,15.1875,15.125,15.125,2200
1999-04-22 16:00:00-04:00,0.0,15.125,15.0,15.125,5100
1999-04-23 16:00:00-04:00,0.0,15.125,15.0625,15.0625,3400
1999-04-26 16:00:00-04:00,0.0,15.125,14.875,14.875,19600
1999-04-27 16:00:00-04:00,0.0,14.875,14.8125,14.8125,10800
1999-04-28 16:00:00-04:00,0.0,14.8125,14.6875,14.6875,4000
1999-04-29 16:00:00-04:00,0.0,14.75,14.625,14.625,6700
1999-04-30 16:00:00-04:00,0.0,14.75,14.625,14.6875,5600
1999-05-03 16:00:00-04:00,0.0,14.875,14.6875,14.75,12500
1999-05-04 16:00:00-04:00,0.0,14.8125,14.75,14.75,4600
1999-05-05 16:00:00-04:00,0.0,14.875,14.75,14.875,6700
1999-05-06 16:00:00-04:00,0.0,14.8125,14.8125,14.8125,4200
1999-05-07 16:00:00-04:00,0.0,14.875,14.75,14.75,1500
1999-05-10 16:00:00-04:00,0.0,14.8125,14.75,14.8125,4600
1999-05-11 16:00:00-04:00,0.0,14.8125,14.75,14.75,6200
1999-05-12 16:00:00-04:00,0.0,14.8125,14.75,14.8125,4600
1999-05-13 16:00:00-04:00,0.0,14.8125,14.75,14.75,4600
1999-05-14 16:00:00-04:00,0.0,14.75,14.625,14.75,5400
1999-05-17 16:00:00-04:00,0.0,14.625,14.4375,14.625,4500
1999-05-18 16:00:00-04:00,0.0,14.625,14.4375,14.5,4300
1999-05-19 16:00:00-04:00,0.0,14.625,14.375,14.375,10000
1999-05-20 16:00:00-04:00,0.0,14.5,14.375,14.375,6300
1999-05-21 16:00:00-04:00,0.0,14.5,14.3125,14.3125,5600
1999-05-24 16:00:00-04:00,0.0,14.4375,14.3125,14.3125,8900
1999-05-25 16:00:00-04:00,0.0,14.375,14.25,14.25,5200
1999-05-26 16:00:00-04:00,0.0,14.375,14.25,14.3125,3000
1999-05-27 16:00:00-04:00,0.0,14.125,13.9375,13.9375,6900
1999-05-28 16:00:00-04:00,0.0,14.0625,13.9375,13.9375,14100
1999-06-01 16:00:00-04:00,0.0,14.125,14.0,14.0,6800
1999-06-02 16:00:00-04:00,0.0,14.125,14.0,14.125,18400
1999-06-03 16:00:00-04:00,0.0,14.125,14.0625,14.125,7700
1999-06-04 16:00:00-04:00,0.0,14.1875,14.0625,14.125,6700
1999-06-07 16:00:00-04:00,0.0,14.125,14.0,14.0,11200
1999-06-08 16:00:00-04:00,0.0,14.0625,14.0625,14.0625,1000
1999-06-09 16:00:00-04:00,0.0,14.125,14.0625,14.0625,7300
1999-06-10 16:00:00-04:00,0.0,14.0625,14.0,14.0625,8700
1999-06-11 16:00:00-04:00,0.0,14.0,13.9375,14.0,2700
1999-06-14 16:00:00-04:00,0.0,14.1875,14.0625,14.1875,17800
1999-06-15 16:00:00-04:00,0.0,14.25,14.125,14.1875,4000
1999-06-16 16:00:00-04:00,0.0,14.5625,14.25,14.5625,29300
1999-06-17 16:00:00-04:00,0.0,14.5,14.4375,14.4375,4900
1999-06-18 16:00:00-04:00,0.0,14.5,14.375,14.4375,2700
1999-06-21 16:00:00-04:00,0.0,14.4375,14.375,14.375,6000
1999-06-22 16:00:00-04:00,0.0,14.4375,14.3125,14.4375,3700
1999-06-23 16:00:00-04:00,0.0,14.375,14.3125,14.3125,2000
1999-06-24 16:00:00-04:00,0.0,14.3125,14.25,14.25,3200
1999-06-25 16:00:00-04:00,0.0,14.125,13.9375,14.0625,12000
1999-06-28 16:00:00-04:00,0.0,14.125,14.0,14.0,4900
1999-06-29 16:00:00-04:00,0.0,14.0,13.75,13.875,8300
1999-06-30 16:00:00-04:00,0.0,13.9375,13.875,13.875,2400
1999-07-01 16:00:00-04:00,0.0,13.9375,13.875,13.875,4000
1999-07-02 16:00:00-04:00,0.0,13.875,13.8125,13.8125,7200
1999-07-06 16:00:00-04:00,0.0,13.9375,13.8125,13.8125,10400
1999-07-07 16:00:00-04:00,0.0,13.9375,13.75,13.75,9200
1999-07-08 16:00:00-04:00,0.0,13.8125,13.75,13.8125,9900
1999-07-09 16:00:00-04:00,0.0,13.875,13.75,13.875,10500
1999-07-12 16:00:00-04:00,0.0,13.9375,13.8125,13.9375,3700
1999-07-13 16:00:00-04:00,0.0,14.125,14.0625,14.0625,6400
1999-07-14 16:00:00-04:00,0.0,14.125,14.0625,14.0625,5500
1999-07-15 16:00:00-04:00,0.0,14.125,14.0,14.0,9000
1999-07-16 16:00:00-04:00,0.0,14.0625,14.0,14.0,3200
1999-07-19 16:00:00-04:00,0.0,14.125,14.0,14.125,8700
1999-07-20 16:00:00-04:00,0.0,14.1875,14.0625,14.125,4200
1999-07-21 16:00:00-04:00,0.0,14.1875,14.0625,14.1875,3700
1999-07-22 16:00:00-04:00,0.0,14.125,14.125,14.125,4400
1999-07-23 16:00:00-04:00,0.0,14.1875,14.125,14.125,4200
1999-07-26 16:00:00-04:00,0.0,14.1875,14.125,14.125,2300
1999-07-27 16:00:00-04:00,0.0,14.1875,14.125,14.125,13000
1999-07-28 16:00:00-04:00,0.0,14.1875,13.875,13.875,8000
1999-07-29 16:00:00-04:00,0.0,13.875,13.8125,13.8125,5400
1999-07-30 16:00:00-04:00,0.0,13.9375,13.75,13.75,13200
1999-08-02 16:00:00-04:00,0.0,13.75,13.625,13.625,5700
1999-08-03 16:00:00-04:00,0.0,13.75,13.4375,13.4375,19200
1999-08-04 16:00:00-04:00,0.0,13.5,13.0,13.0625,18000
1999-08-05 16:00:00-04:00,0.0,13.25,13.0,13.0,12300
1999-08-06 16:00:00-04:00,0.0,13.0,12.75,12.8125,13500
1999-08-09 16:00:00-04:00,0.0,12.875,12.6875,12.6875,20000
1999-08-10 16:00:00-04:00,0.0,12.75,12.625,12.6875,13600
1999-08-11 16:00:00-04:00,0.0,12.75,12.6875,12.6875,8400
1999-08-12 16:00:00-04:00,0.0,12.9375,12.6875,12.875,17100
1999-08-13 16:00:00-04:00,0.0,12.875,12.75,12.875,16100
1999-08-16 16:00:00-04:00,0.0,12.875,12.8125,12.875,17500
1999-08-17 16:00:00-04:00,0.0,12.9375,12.8125,12.8125,10100
1999-08-18 16:00:00-04:00,0.0,12.875,12.8125,12.875,1900
1999-08-19 16:00:00-04:00,0.0,12.875,12.8125,12.875,13800
1999-08-20 16:00:00-04:00,0.0,12.9375,12.8125,12.9375,6800
1999-08-23 16:00:00-04:00,0.0,13.0625,12.875,13.0625,14300
1999-08-24 16:00:00-04:00,0.0,13.0,12.875,12.875,11600
1999-08-25 16:00:00-04:00,0.0,13.0,12.6875,12.9375,10000
1999-08-26 16:00:00-04:00,0.0,12.9375,12.875,12.875,8500
1999-08-27 16:00:00-04:00,0.0,12.9375,12.75,12.75,5600
1999-08-30 16:00:00-04:00,0.0,12.875,12.75,12.8125,5900
1999-08-31 16:00:00-04:00,0.0,12.875,12.6875,12.6875,10900
1999-09-01 16:00:00-04:00,0.0,12.8125,12.5625,12.625,7400
1999-09-02 16:00:00-04:00,0.0,12.6875,12.5,12.5,17900
1999-09-03 16:00:00-04:00,0.0,12.6875,12.5625,12.6875,20000
1999-09-07 16:00:00-04:00,0.0,13.0,12.625,12.875,13300
1999-09-08 16:00:00-04:00,0.0,12.9375,12.875,12.9375,7200
1999-09-09 16:00:00-04:00,0.0,12.9375,12.8125,12.875,9100
1999-09-10 16:00:00-04:00,0.0,12.9375,12.8125,12.875,18500
1999-09-13 16:00:00-04:00,0.0,12.9375,12.8125,12.8125,7400
1999-09-14 16:00:00-04:00,0.0,12.9375,12.8125,12.875,12900
1999-09-15 16:00:00-04:00,0.0,12.9375,12.8125,12.875,10900
1999-09-16 16:00:00-04:00,0.0,12.875,12.8125,12.875,17500
1999-09-17 16:00:00-04:00,0.0,12.9375,12.8125,12.9375,20500
1999-09-20 16:00:00-04:00,0.0,13.1875,12.9375,13.0625,22500
1999-09-21 16:00:00-04:00,0.0,13.0625,13.0,13.0,10700
1999-09-22 16:00:00-04:00,0.0,13.0625,13.0,13.0,8700
1999-09-23 16:00:00-04:00,0.0,13.0,12.9375,12.9375,5300
1999-09-24 16:00:00-04:00,0.0,13.0,12.9375,13.0,18800
1999-09-27 16:00:00-04:00,0.0,13.0,12.9375,13.0,12300
1999-09-28 16:00:00-04:00,0.0,12.875,12.8125,12.8125,10300
1999-09-29 16:00:00-04:00,0.0,12.9375,12.75,12.75,13800
1999-09-30 16:00:00-04:00,0.0,12.9375,12.75,12.8125,11200
1999-10-01 16:00:00-04:00,0.0,12.9375,12.75,12.75,15400
1999-10-04 16:00:00-04:00,0.0,12.8125,12.6875,12.8125,11600
1999-10-05 16:00:00-04:00,0.0,12.875,12.6875,12.875,9300
1999-10-06 16:00:00-04:00,0.0,12.8125,12.75,12.75,5200
1999-10-07 16:00:00-04:00,0.0,12.875,12.75,12.8125,5800
1999-10-08 16:00:00-04:00,0.0,12.8125,12.8125,12.8125,300
1999-10-11 16:00:00-04:00,0.0,12.875,12.75,12.75,5700
1999-10-12 16:00:00-04:00,0.0,12.75,12.6875,12.6875,4400
1999-10-13 16:00:00-04:00,0.0,12.6875,12.625,12.625,4400
1999-10-14 16:00:00-04:00,0.0,12.5625,12.4375,12.5,6300
1999-10-15 16:00:00-04:00,0.0,12.375,12.3125,12.375,2600
1999-10-18 16:00:00-04:00,0.0,12.3125,12.25,12.3125,1900
1999-10-19 16:00:00-04:00,0.0,12.5,12.375,12.4375,6600
1999-10-20 16:00:00-04:00,0.0,12.4375,12.1875,12.25,10500
1999-10-21 16:00:00-04:00,0.0,12.4375,12.1875,12.25,18500
1999-10-22 16:00:00-04:00,0.0,12.5,12.3125,12.4375,10000
1999-10-25 16:00:00-04:00,0.0,12.4375,12.375,12.4375,8500
1999-10-26 16:00:00-04:00,0.0,12.4375,12.3125,12.3125,3600
1999-10-27 16:00:00-04:00,0.0,12.375,12.25,12.3125,15300
1999-10-28 16:00:00-04:00,0.0,12.3125,12.25,12.25,6000
1999-10-29 16:00:00-04:00,0.0,12.4375,12.3125,12.375,3300
1999-11-01 16:00:00-05:00,0.0,12.4375,12.3125,12.375,6900
1999-11-02 16:00:00-05:00,0.0,12.4375,12.375,12.4375,6000
1999-11-03 16:00:00-05:00,0.0,12.5,12.375,12.4375,18100
1999-11-04 16:00:00-05:00,0.0,12.5,12.4375,12.5,19500
1999-11-05 16:00:00-05:00,0.0,12.6875,12.625,12.6875,4900
1999-11-08 16:00:00-05:00,0.0,12.8125,12.6875,12.75,8300
1999-11-09 16:00:00-05:00,0.0,12.8125,12.75,12.75,12200
1999-11-10 16:00:00-05:00,0.0,12.5625,12.4375,12.5625,23000
1999-11-11 16:00:00-05:00,0.0,12.5625,12.4375,12.4375,14600
1999-11-12 16:00:00-05:00,0.0,12.5,12.375,12.375,9900
1999-11-15 16:00:00-05:00,0.0,12.5,12.25,12.4375,28900
1999-11-16 16:00:00-05:00,0.0,12.4375,12.375,12.375,15100
1999-11-17 16:00:00-05:00,0.0,12.3125,12.1875,12.1875,6400
1999-11-18 16:00:00-05:00,0.0,12.25,12.125,12.125,11400
1999-11-19 16:00:00-05:00,0.0,12.25,12.125,12.125,18100
1999-11-22 16:00:00-05:00,0.0,12.1875,12.0625,12.1875,18400
1999-11-23 16:00:00-05:00,0.0,12.1875,12.0625,12.125,16000
1999-11-24 16:00:00-05:00,0.0,12.125,12.0625,12.0625,17900
1999-11-26 16:00:00-05:00,0.0,12.0625,12.0625,12.0625,1200
1999-11-29 16:00:00-05:00,0.0,12.125,12.0,12.0625,22200
1999-11-30 16:00:00-05:00,0.0,12.0625,11.8125,11.8125,17100
1999-12-01 16:00:00-05:00,0.0,12.1875,11.875,12.125,26300
1999-12-02 16:00:00-05:00,0.0,12.3125,12.0,12.0,16300
1999-12-03 16:00:00-05:00,0.0,12.0625,12.0,12.0,8300
1999-12-06 16:00:00-05:00,0.0,12.125,12.0,12.125,18900
1999-12-07 16:00:00-05:00,0.0,12.125,12.0,12.0,8500
1999-12-08 16:00:00-05:00,0.0,12.0,11.75,11.875,29400
1999-12-09 16:00:00-05:00,0.0,11.9375,11.875,11.875,11700
1999-12-10 16:00:00-05:00,0.0,11.9375,11.875,11.875,7900
1999-12-13 16:00:00-05:00,0.0,11.9375,11.875,11.875,14600
1999-12-14 16:00:00-05:00,0.0,12.0,11.6875,11.875,34500
1999-12-15 16:00:00-05:00,0.0,11.875,11.75,11.75,29100
1999-12-16 16:00:00-05:00,0.0,11.9375,11.75,11.8125,32200
1999-12-17 16:00:00-05:00,0.0,12.0,11.875,11.9375,21800
1999-12-20 16:00:00-05:00,0.0,12.0,11.9375,11.9375,35500
1999-12-21 16:00:00-05:00,0.0,12.0,11.9375,11.9375,19000
1999-12-22 16:00:00-05:00,0.0,12.0,11.875,11.875,15100
1999-12-23 16:00:00-05:00,0.0,11.875,11.75,11.875,21600
1999-12-27 16:00:00-05:00,0.0,12.0,11.875,11.9375,31200
1999-12-28 16:00:00-05:00,0.0,11.9375,11.8125,11.8125,33800
1999-12-29 16:00:00-05:00,0.0,11.875,11.8125,11.875,11500
1999-12-30 16:00:00-05:00,0.0,11.875,11.8125,11.8125,19200
1999-12-31 16:00:00-05:00,0.0,11.875,11.75,11.875,16400
2000-01-03 16:00:00-05:00,11.8125,11.875,11.6875,11.6875,8800
2000-01-04 16:00:00-05:00,11.6875,11.6875,11.625,11.6875,21200
2000-01-05 16:00:00-05:00,11.6875,11.8125,11.6875,11.75,11900
2000-01-06 16:00:00-05:00,11.75,11.8125,11.75,11.75,5600
2000-01-07 16:00:00-05:00,11.6875,11.75,11.6875,11.6875,11200
2000-01-10 16:00:00-05:00,11.75,12.0,11.75,12.0,18000
2000-01-11 16:00:00-05:00,12.0,12.125,11.9375,12.0,19800
2000-01-12 16:00:00-05:00,12.0,12.0625,11.875,11.875,24500
2000-01-13 16:00:00-05:00,11.9375,11.9375,11.8125,11.8125,9200
2000-01-14 16:00:00-05:00,11.8125,11.8125,11.75,11.8125,8500
2000-01-18 16:00:00-05:00,11.75,11.875,11.75,11.8125,22400
2000-01-19 16:00:00-05:00,11.875,11.875,11.75,11.75,4800
2000-01-20 16:00:00-05:00,11.8125,11.875,11.75,11.75,22800
2000-01-21 16:00:00-05:00,11.75,11.8125,11.6875,11.8125,11000
2000-01-24 16:00:00-05:00,11.8125,11.8125,11.6875,11.75,9800
2000-01-25 16:00:00-05:00,11.75,11.875,11.75,11.875,9700
2000-01-26 16:00:00-05:00,11.8125,11.875,11.8125,11.8125,5600
2000-01-27 16:00:00-05:00,11.875,11.875,11.8125,11.8125,13400
2000-01-28 16:00:00-05:00,11.875,11.875,11.8125,11.8125,41500
2000-01-31 16:00:00-05:00,11.8125,11.9375,11.8125,11.875,7800
2000-02-01 16:00:00-05:00,11.875,11.9375,11.875,11.875,11100
2000-02-02 16:00:00-05:00,11.875,12.0,11.875,11.9375,13200
2000-02-03 16:00:00-05:00,11.9375,12.125,11.9375,12.125,10500
2000-02-04 16:00:00-05:00,12.0625,12.1875,12.0625,12.1875,2200
2000-02-07 16:00:00-05:00,12.125,12.1875,12.125,12.125,15700
2000-02-08 16:00:00-05:00,12.125,12.25,12.125,12.1875,11200
2000-02-09 16:00:00-05:00,12.125,12.1875,12.125,12.125,9400
2000-02-10 16:00:00-05:00,12.125,12.125,12.0,12.0625,13000
2000-02-11 16:00:00-05:00,12.0625,12.0625,12.0,12.0,8100
2000-02-14 16:00:00-05:00,12.0,12.125,11.9375,12.125,9700
2000-02-15 16:00:00-05:00,12.0625,12.125,12.0625,12.125,12200
2000-02-16 16:00:00-05:00,12.0625,12.125,12.0,12.0625,10200
2000-02-17 16:00:00-05:00,12.125,12.125,12.0625,12.0625,14100
2000-02-18 16:00:00-05:00,12.125,12.1875,12.0625,12.125,11800
2000-02-22 16:00:00-05:00,12.1875,12.1875,12.125,12.125,10200
2000-02-23 16:00:00-05:00,12.125,12.1875,12.125,12.125,7600
2000-02-24 16:00:00-05:00,12.125,12.25,12.125,12.25,12400
2000-02-25 16:00:00-05:00,12.1875,12.1875,12.125,12.1875,12800
2000-02-28 16:00:00-05:00,12.25,12.25,12.125,12.125,4100
2000-02-29 16:00:00-05:00,11.875,12.0,11.875,11.9375,7600
2000-03-01 16:00:00-05:00,0.0,12.0,11.875,12.0,14600
2000-03-02 16:00:00-05:00,0.0,12.0,11.9375,12.0,7100
2000-03-03 16:00:00-05:00,0.0,12.0,12.0,12.0,8100
2000-03-06 16:00:00-05:00,0.0,12.0,11.9375,11.9375,11700
2000-03-07 16:00:00-05:00,11.9375,12.0,11.9375,12.0,1900
2000-03-08 16:00:00-05:00,12.0,12.125,12.0,12.125,7700
2000-03-09 16:00:00-05:00,12.0625,12.125,12.0625,12.125,7900
2000-03-10 16:00:00-05:00,12.125,12.125,12.0,12.0625,25500
2000-03-13 16:00:00-05:00,12.0,12.125,12.0,12.0,12100
2000-03-14 16:00:00-05:00,12.125,12.125,12.0,12.0625,13600
2000-03-15 16:00:00-05:00,11.9375,12.0,11.9375,11.9375,19300
2000-03-16 16:00:00-05:00,12.0,12.125,12.0,12.125,13200
2000-03-17 16:00:00-05:00,12.1875,12.25,12.1875,12.25,18200
2000-03-20 16:00:00-05:00,12.25,12.25,12.125,12.25,8900
2000-03-21 16:00:00-05:00,12.125,12.25,12.125,12.1875,7700
2000-03-22 16:00:00-05:00,12.125,12.1875,12.125,12.125,9800
2000-03-23 16:00:00-05:00,12.125,12.25,12.0625,12.1875,14900
2000-03-24 16:00:00-05:00,12.1875,12.1875,12.125,12.125,19100
2000-03-27 16:00:00-05:00,12.125,12.1875,12.125,12.125,6500
2000-03-28 16:00:00-05:00,12.125,12.125,12.125,12.125,5100
2000-03-29 16:00:00-05:00,12.1875,12.1875,12.125,12.1875,3100
2000-03-30 16:00:00-05:00,12.1875,12.25,12.125,12.125,6500
2000-03-31 16:00:00-05:00,12.1875,12.25,12.1875,12.25,6200
2000-04-03 16:00:00-04:00,12.1875,12.25,12.1875,12.1875,17800
2000-04-04 16:00:00-04:00,12.1875,12.375,12.1875,12.25,10400
2000-04-05 16:00:00-04:00,12.25,12.4375,12.25,12.4375,12600
2000-04-06 16:00:00-04:00,12.4375,12.75,12.375,12.5625,12700
2000-04-07 16:00:00-04:00,12.5625,12.5625,12.5625,12.5625,3800
2000-04-10 16:00:00-04:00,12.5625,12.75,12.5625,12.6875,12400
2000-04-11 16:00:00-04:00,12.6875,12.8125,12.6875,12.8125,6600
2000-04-12 16:00:00-04:00,12.8125,13.3125,12.8125,13.25,26100
2000-04-13 16:00:00-04:00,13.125,13.125,13.0,13.125,26500
2000-04-14 16:00:00-04:00,13.0625,13.0625,13.0,13.0,16900
2000-04-17 16:00:00-04:00,12.9375,12.9375,12.625,12.625,5100
2000-04-18 16:00:00-04:00,12.4375,12.5,12.4375,12.5,9000
2000-04-19 16:00:00-04:00,12.5,12.625,12.5,12.5625,26500
2000-04-20 16:00:00-04:00,12.625,12.625,12.5625,12.625,4900
2000-04-24 16:00:00-04:00,12.5625,12.5625,12.5625,12.5625,2300
2000-04-25 16:00:00-04:00,12.5625,12.5625,12.5,12.5625,8500
2000-04-26 16:00:00-04:00,12.5,12.5,12.5,12.5,20500
2000-04-27 16:00:00-04:00,12.5,12.5625,12.5,12.5,24400
2000-04-28 16:00:00-04:00,12.5625,12.5625,12.5,12.5,9800
2000-05-01 16:00:00-04:00,12.5,12.5625,12.4375,12.5,26000
2000-05-02 16:00:00-04:00,12.5,12.5,12.4375,12.5,28400
2000-05-03 16:00:00-04:00,12.4375,12.5,12.4375,12.5,11300
2000-05-04 16:00:00-04:00,12.5,12.5,12.5,12.5,56700
2000-05-05 16:00:00-04:00,12.5,12.5,12.5,12.5,45300
2000-05-08 16:00:00-04:00,12.4375,12.5625,12.4375,12.5,39800
2000-05-09 16:00:00-04:00,12.5,12.5,12.5,12.5,35900
2000-05-10 16:00:00-04:00,12.5,12.5,12.4375,12.5,36900
2000-05-11 16:00:00-04:00,12.5,12.5,12.5,12.5,2300
2000-05-12 16:00:00-04:00,12.4375,12.5,12.4375,12.5,16900
2000-05-15 16:00:00-04:00,12.4375,12.5,12.4375,12.4375,2900
2000-05-16 16:00:00-04:00,12.4375,12.4375,12.375,12.4375,1100
2000-05-17 16:00:00-04:00,12.5,12.5625,12.4375,12.4375,13700
2000-05-18 16:00:00-04:00,12.4375,12.4375,12.4375,12.4375,4200
2000-05-19 16:00:00-04:00,12.375,12.375,12.375,12.375,5300
2000-05-22 16:00:00-04:00,12.375,12.375,12.375,12.375,2300
2000-05-23 16:00:00-04:00,12.375,12.5,12.375,12.5,9100
2000-05-24 16:00:00-04:00,12.5,12.5,12.375,12.375,9300
2000-05-25 16:00:00-04:00,12.5,12.5625,12.4375,12.5,5300
2000-05-26 16:00:00-04:00,12.5,12.5,12.4375,12.4375,3100
2000-05-30 16:00:00-04:00,12.4375,12.5,12.375,12.375,5800
2000-05-31 16:00:00-04:00,12.375,12.5,12.375,12.5,6300
2000-06-01 16:00:00-04:00,12.5,12.5,12.4375,12.5,2700
2000-06-02 16:00:00-04:00,12.4375,12.5625,12.4375,12.4375,4700
2000-06-05 16:00:00-04:00,12.4375,12.5,12.4375,12.5,4800
2000-06-06 16:00:00-04:00,12.4375,12.5,12.4375,12.4375,4000
2000-06-07 16:00:00-04:00,12.4375,12.4375,12.4375,12.4375,4600
2000-06-08 16:00:00-04:00,12.5,12.5625,12.4375,12.5,8500
2000-06-09 16:00:00-04:00,12.5,12.5625,12.5,12.5,2400
2000-06-12 16:00:00-04:00,12.5625,12.5625,12.5,12.5,6100
2000-06-13 16:00:00-04:00,12.5625,12.5625,12.5,12.5,2000
2000-06-14 16:00:00-04:00,12.5625,12.6875,12.5625,12.5625,9000
2000-06-15 16:00:00-04:00,12.4375,12.5,12.4375,12.4375,13500
2000-06-16 16:00:00-04:00,12.5,12.6875,12.4375,12.6875,15600
2000-06-19 16:00:00-04:00,12.75,13.0,12.75,12.9375,34100
2000-06-20 16:00:00-04:00,13.0,13.0,12.9375,12.9375,5000
2000-06-21 16:00:00-04:00,13.0,13.0,12.9375,12.9375,10000
2000-06-22 16:00:00-04:00,12.875,12.9375,12.8125,12.8125,39000
2000-06-23 16:00:00-04:00,12.8125,12.8125,12.75,12.75,4000
2000-06-26 16:00:00-04:00,12.6875,12.8125,12.6875,12.75,3200
2000-06-27 16:00:00-04:00,12.75,12.75,12.625,12.625,7600
2000-06-28 16:00:00-04:00,12.625,12.6875,12.625,12.6875,3900
2000-06-29 16:00:00-04:00,12.625,12.6875,12.625,12.6875,2000
2000-06-30 16:00:00-04:00,12.625,12.75,12.625,12.6875,5800
2000-07-03 16:00:00-04:00,0.0,0.0,0.0,12.6875,0
2000-07-05 16:00:00-04:00,12.6875,12.6875,12.625,12.6875,6200
2000-07-06 16:00:00-04:00,12.6875,12.6875,12.625,12.625,4300
2000-07-07 16:00:00-04:00,12.625,12.8125,12.625,12.75,15500
2000-07-10 16:00:00-04:00,12.75,12.8125,12.75,12.8125,2800
2000-07-11 16:00:00-04:00,12.75,12.8125,12.6875,12.75,9900
2000-07-12 16:00:00-04:00,12.75,12.75,12.6875,12.6875,1700
2000-07-13 16:00:00-04:00,12.6875,12.75,12.6875,12.75,7900
2000-07-14 16:00:00-04:00,12.6875,12.75,12.6875,12.6875,8400
2000-07-17 16:00:00-04:00,12.75,12.75,12.6875,12.6875,8600
2000-07-18 16:00:00-04:00,12.6875,12.6875,12.625,12.625,8600
2000-07-19 16:00:00-04:00,12.6875,12.6875,12.625,12.625,5300
2000-07-20 16:00:00-04:00,12.625,12.75,12.625,12.6875,7900
2000-07-21 16:00:00-04:00,12.75,12.75,12.6875,12.75,6200
2000-07-24 16:00:00-04:00,12.75,12.75,12.6875,12.75,8800
2000-07-25 16:00:00-04:00,12.8125,12.8125,12.75,12.75,6300
2000-07-26 16:00:00-04:00,12.75,12.8125,12.75,12.8125,4600
2000-07-27 16:00:00-04:00,12.75,12.875,12.75,12.875,6400
2000-07-28 16:00:00-04:00,12.75,12.75,12.6875,12.6875,8800
2000-07-31 16:00:00-04:00,12.6875,12.6875,12.6875,12.6875,1100
2000-08-01 16:00:00-04:00,12.6875,12.8125,12.6875,12.8125,3400
2000-08-02 16:00:00-04:00,12.875,12.875,12.8125,12.8125,4500
2000-08-03 16:00:00-04:00,12.8125,12.8125,12.8125,12.8125,5000
2000-08-04 16:00:00-04:00,12.875,13.0,12.75,13.0,22600
2000-08-07 16:00:00-04:00,13.0,13.0,12.9375,13.0,7700
2000-08-08 16:00:00-04:00,13.0625,13.0625,12.9375,13.0,3600
2000-08-09 16:00:00-04:00,13.0,13.0625,13.0,13.0625,8000
2000-08-10 16:00:00-04:00,13.0625,13.125,13.0,13.0,8400
2000-08-11 16:00:00-04:00,12.9375,13.0625,12.9375,12.9375,8300
2000-08-14 16:00:00-04:00,12.9375,13.0,12.9375,12.9375,8200
2000-08-15 16:00:00-04:00,13.0,13.0,12.875,12.9375,25900
2000-08-16 16:00:00-04:00,12.9375,13.0625,12.9375,13.0625,3500
2000-08-17 16:00:00-04:00,12.9375,13.0,12.9375,13.0,8300
2000-08-18 16:00:00-04:00,12.9375,12.9375,12.9375,12.9375,4400
2000-08-21 16:00:00-04:00,12.9375,12.9375,12.9375,12.9375,1200
2000-08-22 16:00:00-04:00,12.9375,12.9375,12.9375,12.9375,3400
2000-08-23 16:00:00-04:00,13.0,13.0625,13.0,13.0,8400
2000-08-24 16:00:00-04:00,13.0625,13.125,13.0,13.0625,13200
2000-08-25 16:00:00-04:00,13.0625,13.125,13.0625,13.125,9000
2000-08-28 16:00:00-04:00,0.0,13.125,13.0,13.063,8400
2000-08-29 16:00:00-04:00,12.813,12.875,12.813,12.875,8000
2000-08-30 16:00:00-04:00,12.875,12.938,12.875,12.938,18200
2000-08-31 16:00:00-04:00,12.938,12.938,12.875,12.875,9400
2000-09-01 16:00:00-04:00,13.0,13.0,12.875,12.875,7200
2000-09-05 16:00:00-04:00,12.875,13.0,12.875,12.875,12400
2000-09-06 16:00:00-04:00,12.875,13.0,12.875,12.875,3100
2000-09-07 16:00:00-04:00,12.875,12.938,12.875,12.938,6100
2000-09-08 16:00:00-04:00,12.938,12.938,12.875,12.875,800
2000-09-11 16:00:00-04:00,12.875,12.938,12.875,12.938,11600
2000-09-12 16:00:00-04:00,12.938,13.0,12.875,12.875,5700
2000-09-13 16:00:00-04:00,12.938,13.0,12.875,12.938,2900
2000-09-14 16:00:00-04:00,13.0,13.0,12.938,12.938,5800
2000-09-15 16:00:00-04:00,13.0,13.063,13.0,13.063,40800
2000-09-18 16:00:00-04:00,13.063,13.063,13.0,13.0,10100
2000-09-19 16:00:00-04:00,13.125,13.188,13.0,13.125,14400
2000-09-20 16:00:00-04:00,13.25,13.25,13.188,13.188,12700
2000-09-21 16:00:00-04:00,13.188,13.188,13.125,13.188,3300
2000-09-22 16:00:00-04:00,13.125,13.188,13.063,13.063,13000
2000-09-25 16:00:00-04:00,13.125,13.125,13.063,13.125,1400
2000-09-26 16:00:00-04:00,13.125,13.125,13.063,13.063,7500
2000-09-27 16:00:00-04:00,13.063,13.063,13.063,13.063,500
2000-09-28 16:00:00-04:00,13.0,13.063,13.0,13.0,7200
2000-09-29 16:00:00-04:00,13.0,13.0,13.0,13.0,3900
2000-10-02 16:00:00-04:00,13.0,13.063,13.0,13.0,300
2000-10-03 16:00:00-04:00,13.0,13.063,13.0,13.063,11400
2000-10-04 16:00:00-04:00,13.0,13.0,12.875,12.875,6200
2000-10-05 16:00:00-04:00,12.875,12.938,12.875,12.938,2200
2000-10-06 16:00:00-04:00,12.875,12.875,12.813,12.813,3900
2000-10-09 16:00:00-04:00,12.813,12.875,12.813,12.813,2200
2000-10-10 16:00:00-04:00,12.813,12.813,12.813,12.813,12000
2000-10-11 16:00:00-04:00,12.813,12.875,12.813,12.813,6100
2000-10-12 16:00:00-04:00,12.813,12.813,12.75,12.75,7300
2000-10-13 16:00:00-04:00,12.75,12.75,12.75,12.75,3000
2000-10-16 16:00:00-04:00,12.75,12.938,12.75,12.938,5700
2000-10-17 16:00:00-04:00,12.875,12.938,12.75,12.75,7500
2000-10-18 16:00:00-04:00,12.75,12.813,12.688,12.75,5400
2000-10-19 16:00:00-04:00,12.688,12.75,12.688,12.75,1300
2000-10-20 16:00:00-04:00,12.688,12.75,12.688,12.75,4300
2000-10-23 16:00:00-04:00,12.688,12.75,12.688,12.688,4900
2000-10-24 16:00:00-04:00,12.688,12.813,12.688,12.813,10400
2000-10-25 16:00:00-04:00,12.75,12.875,12.75,12.75,4100
2000-10-26 16:00:00-04:00,12.75,12.813,12.688,12.688,4800
2000-10-27 16:00:00-04:00,12.688,12.75,12.688,12.75,8700
2000-10-30 16:00:00-05:00,12.625,12.813,12.625,12.813,4700
2000-10-31 16:00:00-05:00,12.75,12.813,12.75,12.75,3200
2000-11-01 16:00:00-05:00,12.75,12.875,12.688,12.75,3500
2000-11-02 16:00:00-05:00,12.875,12.875,12.813,12.813,7400
2000-11-03 16:00:00-05:00,12.813,12.875,12.813,12.875,2800
2000-11-06 16:00:00-05:00,12.813,12.938,12.813,12.938,10200
2000-11-07 16:00:00-05:00,12.875,12.938,12.813,12.875,9800
2000-11-08 16:00:00-05:00,12.938,12.938,12.813,12.813,7000
2000-11-09 16:00:00-05:00,12.813,12.813,12.813,12.813,1800
2000-11-10 16:00:00-05:00,12.813,12.813,12.813,12.813,2000
2000-11-13 16:00:00-05:00,12.813,12.875,12.75,12.875,3600
2000-11-14 16:00:00-05:00,12.813,12.938,12.813,12.938,5100
2000-11-15 16:00:00-05:00,12.875,12.938,12.75,12.938,9900
2000-11-16 16:00:00-05:00,12.875,12.938,12.875,12.875,1700
2000-11-17 16:00:00-05:00,12.625,12.625,12.563,12.563,6800
2000-11-20 16:00:00-05:00,12.563,12.625,12.563,12.625,3100
2000-11-21 16:00:00-05:00,12.625,12.688,12.625,12.688,3900
2000-11-22 16:00:00-05:00,12.688,12.688,12.625,12.625,6000
2000-11-24 16:00:00-05:00,12.625,12.625,12.625,12.625,2200
2000-11-27 16:00:00-05:00,12.625,12.75,12.563,12.75,5600
2000-11-28 16:00:00-05:00,12.688,12.75,12.563,12.563,17900
2000-11-29 16:00:00-05:00,12.625,12.688,12.563,12.563,1200
2000-11-30 16:00:00-05:00,12.563,12.625,12.5,12.563,15200
2000-12-01 16:00:00-05:00,12.563,12.688,12.563,12.688,8400
2000-12-04 16:00:00-05:00,12.688,12.75,12.688,12.688,7500
2000-12-05 16:00:00-05:00,12.75,12.75,12.688,12.688,4900
2000-12-06 16:00:00-05:00,12.75,12.938,12.75,12.813,16300
2000-12-07 16:00:00-05:00,12.938,12.938,12.875,12.938,3100
2000-12-08 16:00:00-05:00,12.875,13.0,12.875,12.938,7700
2000-12-11 16:00:00-05:00,13.0,13.0,12.813,12.813,16200
2000-12-12 16:00:00-05:00,12.813,12.875,12.688,12.875,10500
2000-12-13 16:00:00-05:00,12.875,12.875,12.75,12.875,13100
2000-12-14 16:00:00-05:00,12.938,13.0,12.875,13.0,8800
2000-12-15 16:00:00-05:00,12.938,13.0,12.938,12.938,7500
2000-12-18 16:00:00-05:00,12.938,13.0,12.938,13.0,7000
2000-12-19 16:00:00-05:00,12.938,13.875,12.938,13.625,26000
2000-12-20 16:00:00-05:00,13.75,13.75,13.313,13.438,4500
2000-12-21 16:00:00-05:00,13.125,13.375,13.125,13.25,14600
2000-12-22 16:00:00-05:00,13.438,13.5,13.313,13.438,13400
2000-12-26 16:00:00-05:00,13.438,13.563,13.438,13.5,7500
2000-12-27 16:00:00-05:00,13.625,13.625,13.438,13.625,11900
2000-12-28 16:00:00-05:00,13.5,13.688,13.5,13.5,11600
2000-12-29 16:00:00-05:00,13.5,13.5,13.438,13.5,3600
2001-01-02 16:00:00-05:00,13.563,13.625,13.5,13.625,4400
2001-01-03 16:00:00-05:00,13.438,13.688,13.438,13.688,14400
2001-01-04 16:00:00-05:00,13.75,13.75,13.563,13.688,6500
2001-01-05 16:00:00-05:00,13.75,13.75,13.625,13.75,8000
2001-01-08 16:00:00-05:00,13.75,13.75,13.625,13.625,6200
2001-01-09 16:00:00-05:00,13.625,13.688,13.625,13.625,6400
2001-01-10 16:00:00-05:00,13.625,13.75,13.625,13.688,12100
2001-01-11 16:00:00-05:00,13.813,13.813,13.75,13.813,6700
2001-01-12 16:00:00-05:00,13.813,13.813,13.75,13.75,7300
2001-01-16 16:00:00-05:00,13.75,13.875,13.75,13.875,4500
2001-01-17 16:00:00-05:00,13.875,13.875,13.75,13.75,9200
2001-01-18 16:00:00-05:00,13.813,13.875,13.813,13.875,7000
2001-01-19 16:00:00-05:00,13.75,13.875,13.75,13.875,5500
2001-01-22 16:00:00-05:00,13.813,13.875,13.813,13.875,9700
2001-01-23 16:00:00-05:00,13.938,13.938,13.875,13.875,2700
2001-01-24 16:00:00-05:00,13.875,14.063,13.875,13.875,10000
2001-01-25 16:00:00-05:00,13.813,13.938,13.813,13.938,8700
2001-01-26 16:00:00-05:00,13.813,13.938,13.813,13.875,10800
2001-01-29 16:00:00-05:00,13.9,13.94,13.9,13.94,12700
2001-01-30 16:00:00-05:00,13.94,13.99,13.9,13.99,8900
2001-01-31 16:00:00-05:00,13.99,14.23,13.89,14.19,11800
2001-02-01 16:00:00-05:00,13.94,14.2,13.89,14.0,19600
2001-02-02 16:00:00-05:00,14.0,14.15,13.92,14.1,7900
2001-02-05 16:00:00-05:00,14.15,14.15,14.06,14.06,2100
2001-02-06 16:00:00-05:00,14.15,14.24,14.15,14.17,4400
2001-02-07 16:00:00-05:00,14.24,14.3,14.14,14.3,5100
2001-02-08 16:00:00-05:00,14.27,14.38,14.24,14.38,6100
2001-02-09 16:00:00-05:00,14.36,14.4,14.36,14.4,6600
2001-02-12 16:00:00-05:00,14.46,14.5,14.41,14.5,5900
2001-02-13 16:00:00-05:00,14.41,14.45,14.41,14.43,2800
2001-02-14 16:00:00-05:00,14.43,14.5,14.4,14.5,4300
2001-02-15 16:00:00-05:00,14.53,14.58,14.44,14.48,11900
2001-02-16 16:00:00-05:00,14.54,14.56,14.51,14.55,3900
2001-02-20 16:00:00-05:00,14.24,14.39,14.24,14.35,10200
2001-02-21 16:00:00-05:00,14.25,14.48,14.25,14.45,11000
2001-02-22 16:00:00-05:00,14.45,14.45,14.35,14.35,6100
2001-02-23 16:00:00-05:00,14.35,14.35,14.25,14.25,6200
2001-02-26 16:00:00-05:00,14.21,14.21,14.12,14.12,4900
2001-02-27 16:00:00-05:00,14.12,14.12,14.0,14.0,4500
2001-02-28 16:00:00-05:00,14.1,14.37,14.0,14.22,16300
2001-03-01 16:00:00-05:00,14.3,14.37,14.25,14.3,4100
2001-03-02 16:00:00-05:00,14.21,14.29,14.21,14.25,1800
2001-03-05 16:00:00-05:00,14.2,14.25,14.2,14.25,10100
2001-03-06 16:00:00-05:00,14.2,14.35,14.2,14.3,4400
2001-03-07 16:00:00-05:00,14.3,14.36,14.25,14.35,4500
2001-03-08 16:00:00-05:00,14.38,14.4,14.3,14.3,4400
2001-03-09 16:00:00-05:00,14.31,14.35,14.31,14.33,2900
2001-03-12 16:00:00-05:00,14.4,14.6,14.36,14.6,8100
2001-03-13 16:00:00-05:00,14.5,14.6,14.38,14.6,14400
2001-03-14 16:00:00-05:00,14.7,14.75,14.6,14.72,13700
2001-03-15 16:00:00-05:00,14.61,14.68,14.45,14.68,8900
2001-03-16 16:00:00-05:00,14.7,14.98,14.65,14.98,26300
2001-03-19 16:00:00-05:00,14.95,14.95,14.7,14.8,11100
2001-03-20 16:00:00-05:00,14.68,14.85,14.65,14.8,17600
2001-03-21 16:00:00-05:00,14.75,14.78,14.68,14.7,6800
2001-03-22 16:00:00-05:00,14.75,14.85,14.68,14.8,9600
2001-03-23 16:00:00-05:00,14.76,14.78,14.75,14.78,6400
2001-03-26 16:00:00-05:00,14.75,14.75,14.65,14.65,4500
2001-03-27 16:00:00-05:00,14.75,14.78,14.6,14.6,7300
2001-03-28 16:00:00-05:00,14.65,14.65,14.35,14.35,6000
2001-03-29 16:00:00-05:00,14.35,14.44,14.35,14.41,7000
2001-03-30 16:00:00-05:00,14.41,14.5,14.41,14.5,2600
2001-04-02 16:00:00-04:00,14.46,14.46,14.41,14.41,3800
2001-04-03 16:00:00-04:00,14.41,14.74,14.41,14.7,8200
2001-04-04 16:00:00-04:00,14.6,14.6,14.57,14.57,3700
2001-04-05 16:00:00-04:00,14.65,14.73,14.65,14.7,3600
2001-04-06 16:00:00-04:00,0.0,0.0,0.0,14.7,0
2001-04-09 16:00:00-04:00,14.57,14.69,14.55,14.55,5500
2001-04-10 16:00:00-04:00,14.6,14.77,14.6,14.73,8700
2001-04-11 16:00:00-04:00,14.73,14.78,14.7,14.78,7500
2001-04-12 16:00:00-04:00,14.78,14.78,14.66,14.66,13200
2001-04-16 16:00:00-04:00,14.65,14.65,14.59,14.6,10100
2001-04-17 16:00:00-04:00,14.55,14.65,14.5,14.6,9000
2001-04-18 16:00:00-04:00,14.75,14.79,14.71,14.78,7500
2001-04-19 16:00:00-04:00,14.68,14.78,14.66,14.66,1700
2001-04-20 16:00:00-04:00,14.7,14.78,14.7,14.78,4500
2001-04-23 16:00:00-04:00,14.7,14.78,14.6,14.63,11800
2001-04-24 16:00:00-04:00,14.65,14.65,14.5,14.52,7300
2001-04-25 16:00:00-04:00,14.6,14.65,14.5,14.5,3900
2001-04-26 16:00:00-04:00,14.5,14.5,14.3,14.3,8300
2001-04-27 16:00:00-04:00,14.35,14.35,13.9,14.05,16200
2001-04-30 16:00:00-04:00,14.1,14.25,14.1,14.25,7400
2001-05-01 16:00:00-04:00,14.25,14.25,14.15,14.25,5900
2001-05-02 16:00:00-04:00,0.0,0.0,0.0,14.25,0
2001-05-03 16:00:00-04:00,14.25,14.28,14.22,14.28,5000
2001-05-04 16:00:00-04:00,14.27,14.3,14.27,14.27,9400
2001-05-07 16:00:00-04:00,14.3,14.36,14.21,14.23,5900
2001-05-08 16:00:00-04:00,14.23,14.3,14.23,14.3,5500
2001-05-09 16:00:00-04:00,14.34,14.34,14.34,14.34,500
2001-05-10 16:00:00-04:00,14.3,14.45,14.28,14.35,2500
2001-05-11 16:00:00-04:00,14.35,14.4,14.33,14.4,2500
2001-05-14 16:00:00-04:00,14.44,14.55,14.41,14.55,8400
2001-05-15 16:00:00-04:00,14.57,14.57,14.52,14.52,1800
2001-05-16 16:00:00-04:00,14.5,14.6,14.5,14.54,4800
2001-05-17 16:00:00-04:00,14.52,14.59,14.52,14.55,5500
2001-05-18 16:00:00-04:00,14.6,14.7,14.5,14.62,5800
2001-05-21 16:00:00-04:00,14.61,14.7,14.6,14.6,7500
2001-05-22 16:00:00-04:00,14.36,14.38,14.3,14.38,8000
2001-05-23 16:00:00-04:00,14.39,14.39,14.34,14.34,2000
2001-05-24 16:00:00-04:00,14.31,14.39,14.31,14.32,5500
2001-05-25 16:00:00-04:00,14.32,14.35,14.32,14.32,3600
2001-05-29 16:00:00-04:00,14.32,14.35,14.31,14.35,4200
2001-05-30 16:00:00-04:00,14.31,14.45,14.31,14.37,5700
2001-05-31 16:00:00-04:00,14.37,14.37,14.3,14.35,4000
2001-06-01 16:00:00-04:00,14.3,14.35,14.26,14.32,3700
2001-06-04 16:00:00-04:00,14.35,14.35,14.3,14.3,1700
2001-06-05 16:00:00-04:00,14.3,14.35,14.3,14.35,4300
2001-06-06 16:00:00-04:00,14.42,14.42,14.26,14.4,3800
2001-06-07 16:00:00-04:00,14.26,14.27,14.26,14.27,3300
2001-06-08 16:00:00-04:00,14.26,14.34,14.26,14.3,3600
2001-06-11 16:00:00-04:00,14.28,14.3,14.15,14.22,10300
2001-06-12 16:00:00-04:00,14.2,14.3,14.17,14.29,7700
2001-06-13 16:00:00-04:00,14.25,14.29,14.2,14.2,2600
2001-06-14 16:00:00-04:00,14.29,14.3,14.21,14.29,5800
2001-06-15 16:00:00-04:00,14.3,14.35,14.3,14.35,13900
2001-06-18 16:00:00-04:00,14.3,14.36,14.3,14.36,14000
2001-06-19 16:00:00-04:00,14.38,14.63,14.38,14.63,25100
2001-06-20 16:00:00-04:00,14.6,14.62,14.6,14.61,2600
2001-06-21 16:00:00-04:00,14.59,14.6,14.59,14.6,3500
2001-06-22 16:00:00-04:00,14.55,14.61,14.55,14.61,2900
2001-06-25 16:00:00-04:00,14.56,14.61,14.55,14.55,5200
2001-06-26 16:00:00-04:00,14.55,14.6,14.55,14.59,4200
2001-06-27 16:00:00-04:00,14.59,14.59,14.59,14.59,3000
2001-06-28 16:00:00-04:00,14.59,14.62,14.59,14.59,4500
2001-06-29 16:00:00-04:00,14.55,14.55,14.45,14.45,17800
2001-07-02 16:00:00-04:00,14.54,14.55,14.44,14.55,15600
2001-07-03 16:00:00-04:00,0.0,0.0,0.0,14.55,0
2001-07-05 16:00:00-04:00,14.5,14.5,14.45,14.45,2300
2001-07-06 16:00:00-04:00,14.45,14.45,14.36,14.36,7000
2001-07-09 16:00:00-04:00,14.36,14.5,14.36,14.44,10700
2001-07-10 16:00:00-04:00,14.45,14.5,14.28,14.28,11900
2001-07-11 16:00:00-04:00,14.29,14.35,14.29,14.35,4900
2001-07-12 16:00:00-04:00,14.4,14.44,14.4,14.41,1300
2001-07-13 16:00:00-04:00,14.45,14.49,14.45,14.49,1400
2001-07-16 16:00:00-04:00,14.49,14.49,14.35,14.35,2100
2001-07-17 16:00:00-04:00,14.4,14.47,14.4,14.47,2800
2001-07-18 16:00:00-04:00,14.48,14.49,14.48,14.49,8500
2001-07-19 16:00:00-04:00,14.49,14.49,14.43,14.48,6800
2001-07-20 16:00:00-04:00,14.49,14.5,14.37,14.38,8800
2001-07-23 16:00:00-04:00,14.42,14.48,14.4,14.45,7000
2001-07-24 16:00:00-04:00,14.49,14.49,14.47,14.48,2800
2001-07-25 16:00:00-04:00,14.42,14.48,14.36,14.45,8400
2001-07-26 16:00:00-04:00,14.4,14.4,14.37,14.37,1800
2001-07-27 16:00:00-04:00,14.38,14.47,14.38,14.43,5300
2001-07-30 16:00:00-04:00,14.45,14.45,14.42,14.42,2400
2001-07-31 16:00:00-04:00,14.42,14.47,14.42,14.44,7300
2001-08-01 16:00:00-04:00,14.47,14.49,14.44,14.46,6100
2001-08-02 16:00:00-04:00,14.49,14.49,14.47,14.47,5600
2001-08-03 16:00:00-04:00,14.48,14.48,14.48,14.48,400
2001-08-06 16:00:00-04:00,14.48,14.49,14.48,14.49,2300
2001-08-07 16:00:00-04:00,14.49,14.5,14.42,14.5,10500
2001-08-08 16:00:00-04:00,14.48,14.49,14.44,14.49,8200
2001-08-09 16:00:00-04:00,14.5,14.5,14.46,14.49,11400
2001-08-10 16:00:00-04:00,14.5,14.6,14.49,14.57,8900
2001-08-13 16:00:00-04:00,14.52,14.57,14.43,14.5,25900
2001-08-14 16:00:00-04:00,14.51,14.57,14.51,14.53,5800
2001-08-15 16:00:00-04:00,14.58,14.74,14.54,14.74,6700
2001-08-16 16:00:00-04:00,14.73,14.73,14.6,14.6,3000
2001-08-17 16:00:00-04:00,14.6,14.65,14.6,14.65,2600
2001-08-20 16:00:00-04:00,14.69,14.74,14.65,14.65,4700
2001-08-21 16:00:00-04:00,14.7,14.75,14.66,14.66,1900
2001-08-22 16:00:00-04:00,14.7,14.78,14.7,14.74,2800
2001-08-23 16:00:00-04:00,14.79,14.79,14.71,14.71,4000
2001-08-24 16:00:00-04:00,14.71,14.71,14.71,14.71,600
2001-08-27 16:00:00-04:00,14.71,14.8,14.71,14.75,8500
2001-08-28 16:00:00-04:00,14.72,14.78,14.72,14.78,6600
2001-08-29 16:00:00-04:00,14.49,14.6,14.49,14.6,2100
2001-08-30 16:00:00-04:00,14.59,14.7,14.58,14.59,7300
2001-08-31 16:00:00-04:00,14.59,14.7,14.58,14.7,2800
2001-09-04 16:00:00-04:00,14.7,14.7,14.6,14.68,8700
2001-09-05 16:00:00-04:00,14.68,14.73,14.6,14.65,6900
2001-09-06 16:00:00-04:00,14.68,14.72,14.6,14.72,5800
2001-09-07 16:00:00-04:00,14.72,14.75,14.66,14.75,6200
2001-09-10 16:00:00-04:00,14.7,14.75,14.7,14.75,7200
2001-09-17 16:00:00-04:00,14.79,14.79,14.71,14.76,16100
2001-09-18 16:00:00-04:00,14.78,14.8,14.66,14.7,5300
2001-09-19 16:00:00-04:00,14.7,14.84,14.7,14.77,24800
2001-09-20 16:00:00-04:00,14.76,14.76,14.05,14.15,25800
2001-09-21 16:00:00-04:00,14.15,14.25,14.15,14.25,8600
2001-09-24 16:00:00-04:00,14.27,14.35,14.2,14.23,7300
2001-09-25 16:00:00-04:00,14.23,14.3,14.2,14.3,3600
2001-09-26 16:00:00-04:00,14.45,14.65,14.45,14.65,8800
2001-09-27 16:00:00-04:00,14.65,14.75,14.65,14.75,3500
2001-09-28 16:00:00-04:00,14.65,14.8,14.65,14.8,4900
2001-10-01 16:00:00-04:00,14.75,14.75,14.65,14.72,3900
2001-10-02 16:00:00-04:00,14.75,14.75,14.6,14.73,9400
2001-10-03 16:00:00-04:00,14.75,14.75,14.75,14.75,600
2001-10-04 16:00:00-04:00,14.85,14.88,14.78,14.84,9300
2001-10-05 16:00:00-04:00,14.84,14.84,14.55,14.56,15700
2001-10-08 16:00:00-04:00,14.56,14.56,14.56,14.56,100
2001-10-09 16:00:00-04:00,14.56,14.75,14.56,14.57,10200
2001-10-10 16:00:00-04:00,14.6,14.6,14.55,14.56,7500
2001-10-11 16:00:00-04:00,14.57,14.75,14.57,14.66,4900
2001-10-12 16:00:00-04:00,14.78,14.78,14.6,14.62,10900
2001-10-15 16:00:00-04:00,14.72,14.84,14.7,14.72,9600
2001-10-16 16:00:00-04:00,14.7,14.77,14.63,14.7,5700
2001-10-17 16:00:00-04:00,14.68,14.8,14.65,14.75,8000
2001-10-18 16:00:00-04:00,14.65,14.65,14.63,14.63,2100
2001-10-19 16:00:00-04:00,14.65,14.7,14.65,14.7,1000
2001-10-22 16:00:00-04:00,14.7,14.78,14.7,14.7,5100
2001-10-23 16:00:00-04:00,14.7,14.8,14.7,14.8,1900
2001-10-24 16:00:00-04:00,14.75,14.75,14.6,14.6,5000
2001-10-25 16:00:00-04:00,14.56,14.59,14.5,14.59,8100
2001-10-26 16:00:00-04:00,14.5,14.6,14.49,14.6,12500
2001-10-29 16:00:00-05:00,14.52,14.53,14.49,14.49,10200
2001-10-30 16:00:00-05:00,14.54,14.54,14.5,14.5,1600
2001-10-31 16:00:00-05:00,14.55,14.6,14.49,14.6,13300
2001-11-01 16:00:00-05:00,14.51,14.65,14.51,14.65,3500
2001-11-02 16:00:00-05:00,14.55,14.74,14.52,14.67,5500
2001-11-05 16:00:00-05:00,14.68,14.74,14.6,14.74,8200
2001-11-06 16:00:00-05:00,14.65,14.74,14.65,14.74,800
2001-11-07 16:00:00-05:00,14.65,14.73,14.6,14.63,10700
2001-11-08 16:00:00-05:00,14.68,14.68,14.68,14.68,1100
2001-11-09 16:00:00-05:00,14.74,14.85,14.62,14.73,11100
2001-11-12 16:00:00-05:00,14.71,14.84,14.71,14.84,3900
2001-11-13 16:00:00-05:00,14.75,14.84,14.75,14.84,1800
2001-11-14 16:00:00-05:00,14.85,14.9,14.8,14.9,1900
2001-11-15 16:00:00-05:00,14.9,14.9,14.75,14.85,11300
2001-11-16 16:00:00-05:00,14.86,14.95,14.82,14.89,5200
2001-11-19 16:00:00-05:00,14.9,15.0,14.9,14.91,7200
2001-11-20 16:00:00-05:00,14.54,14.64,14.5,14.6,10900
2001-11-21 16:00:00-05:00,14.57,14.7,14.5,14.5,9800
2001-11-23 13:00:00-05:00,14.57,14.57,14.5,14.57,1600
2001-11-26 16:00:00-05:00,14.55,14.64,14.5,14.53,10700
2001-11-27 16:00:00-05:00,14.5,14.53,14.5,14.5,4600
2001-11-28 16:00:00-05:00,14.54,14.54,14.51,14.54,3200
2001-11-29 16:00:00-05:00,14.51,14.55,14.45,14.52,9200
2001-11-30 16:00:00-05:00,14.48,14.53,14.44,14.53,10100
2001-12-03 16:00:00-05:00,14.53,14.53,14.46,14.53,7800
2001-12-04 16:00:00-05:00,14.5,14.55,14.5,14.55,13800
2001-12-05 16:00:00-05:00,14.55,14.55,14.5,14.5,5100
2001-12-06 16:00:00-05:00,14.54,14.55,14.5,14.5,4400
2001-12-07 16:00:00-05:00,14.5,14.6,14.5,14.59,5100
2001-12-10 16:00:00-05:00,14.6,14.63,14.58,14.59,4100
2001-12-11 16:00:00-05:00,14.62,14.62,14.58,14.6,9500
2001-12-12 16:00:00-05:00,14.63,14.63,14.45,14.52,13200
2001-12-13 16:00:00-05:00,14.45,14.54,14.45,14.54,5200
2001-12-14 16:00:00-05:00,14.56,14.6,14.5,14.5,6400
2001-12-17 16:00:00-05:00,14.5,14.5,14.48,14.48,8600
2001-12-18 16:00:00-05:00,14.49,14.49,14.24,14.4,15700
2001-12-19 16:00:00-05:00,14.48,14.59,14.48,14.52,17100
2001-12-20 16:00:00-05:00,14.53,14.53,14.53,14.53,100
2001-12-21 16:00:00-05:00,14.5,14.56,14.48,14.48,10200
2001-12-24 13:00:00-05:00,14.49,14.49,14.49,14.49,1300
2001-12-26 16:00:00-05:00,14.5,14.65,14.5,14.5,6400
2001-12-27 16:00:00-05:00,14.58,14.69,14.58,14.69,7900
2001-12-28 16:00:00-05:00,14.6,14.6,14.53,14.53,13600
2001-12-31 16:00:00-05:00,14.54,14.58,14.54,14.56,7500
2002-01-02 16:00:00-05:00,14.5,14.6,14.43,14.5,5500
2002-01-03 16:00:00-05:00,14.5,14.5,14.43,14.44,2000
2002-01-04 16:00:00-05:00,14.54,14.55,14.47,14.48,5000
2002-01-07 16:00:00-05:00,14.5,14.53,14.46,14.46,2000
2002-01-08 16:00:00-05:00,14.45,14.5,14.43,14.43,13600
2002-01-09 16:00:00-05:00,14.43,14.5,14.43,14.47,9000
2002-01-10 16:00:00-05:00,14.44,14.48,14.43,14.44,3400
2002-01-11 16:00:00-05:00,14.47,14.5,14.47,14.49,6800
2002-01-14 16:00:00-05:00,14.49,14.49,14.48,14.49,3200
2002-01-15 16:00:00-05:00,14.49,14.7,14.49,14.65,13500
2002-01-16 16:00:00-05:00,14.66,14.78,14.65,14.75,5200
2002-01-17 16:00:00-05:00,14.8,14.85,14.71,14.85,5100
2002-01-18 16:00:00-05:00,14.85,14.95,14.8,14.95,3700
2002-01-22 16:00:00-05:00,14.95,15.0,14.9,15.0,8800
2002-01-23 16:00:00-05:00,15.0,15.0,14.95,15.0,6900
2002-01-24 16:00:00-05:00,14.98,15.0,14.96,14.96,3600
2002-01-25 16:00:00-05:00,14.96,15.04,14.96,15.0,2900
2002-01-28 16:00:00-05:00,14.98,15.05,14.98,15.05,3200
2002-01-29 16:00:00-05:00,15.05,15.07,15.0,15.04,5900
2002-01-30 16:00:00-05:00,15.01,15.01,15.01,15.01,500
2002-01-31 16:00:00-05:00,15.01,15.04,15.01,15.01,6100
2002-02-01 16:00:00-05:00,15.02,15.06,15.0,15.06,2700
2002-02-04 16:00:00-05:00,14.9,14.9,14.8,14.8,5200
2002-02-05 16:00:00-05:00,14.78,14.82,14.7,14.7,3100
2002-02-06 16:00:00-05:00,14.75,14.75,14.48,14.48,19100
2002-02-07 16:00:00-05:00,14.47,14.55,14.45,14.55,4800
2002-02-08 16:00:00-05:00,14.5,14.66,14.48,14.65,9800
2002-02-11 16:00:00-05:00,14.65,14.65,14.48,14.55,19300
2002-02-12 16:00:00-05:00,14.55,14.6,14.52,14.59,9700
2002-02-13 16:00:00-05:00,14.59,14.63,14.58,14.6,2400
2002-02-14 16:00:00-05:00,14.65,14.7,14.58,14.66,6900
2002-02-15 16:00:00-05:00,14.7,14.73,14.69,14.73,1300
2002-02-19 16:00:00-05:00,14.66,14.75,14.66,14.68,6200
2002-02-20 16:00:00-05:00,14.43,14.52,14.37,14.43,7200
2002-02-21 16:00:00-05:00,14.49,14.55,14.35,14.42,13900
2002-02-22 16:00:00-05:00,14.38,14.48,14.38,14.45,5300
2002-02-25 16:00:00-05:00,14.41,14.41,14.4,14.4,6000
2002-02-26 16:00:00-05:00,14.45,14.55,14.41,14.52,5400
2002-02-27 16:00:00-05:00,14.5,14.54,14.4,14.5,6700
2002-02-28 16:00:00-05:00,14.53,14.54,14.5,14.54,2900
2002-03-01 16:00:00-05:00,14.52,14.52,14.42,14.42,2900
2002-03-04 16:00:00-05:00,14.42,14.47,14.42,14.47,1400
2002-03-05 16:00:00-05:00,14.43,14.47,14.42,14.43,6700
2002-03-06 16:00:00-05:00,14.45,14.51,14.43,14.51,9300
2002-03-07 16:00:00-05:00,14.48,14.6,14.48,14.6,11300
2002-03-08 16:00:00-05:00,14.58,14.59,14.55,14.59,3800
2002-03-11 16:00:00-05:00,14.55,14.59,14.5,14.59,2500
2002-03-12 16:00:00-05:00,14.6,14.6,14.52,14.52,5100
2002-03-13 16:00:00-05:00,14.56,14.6,14.54,14.6,2500
2002-03-14 16:00:00-05:00,14.6,14.68,14.52,14.65,7600
2002-03-15 16:00:00-05:00,14.67,14.67,14.55,14.6,4500
2002-03-18 16:00:00-05:00,14.66,15.1,14.54,14.6,28600
2002-03-19 16:00:00-05:00,14.6,14.68,14.55,14.65,6200
2002-03-20 16:00:00-05:00,14.58,14.69,14.5,14.5,8900
2002-03-21 16:00:00-05:00,14.5,14.5,14.35,14.35,10200
2002-03-22 16:00:00-05:00,14.45,14.57,14.4,14.51,19700
2002-03-25 16:00:00-05:00,14.45,14.45,14.17,14.25,15300
2002-03-26 16:00:00-05:00,14.25,14.25,14.25,14.25,600
2002-03-27 16:00:00-05:00,14.25,14.4,14.25,14.4,5900
2002-03-28 16:00:00-05:00,14.38,14.38,14.26,14.34,4300
2002-04-01 16:00:00-05:00,14.3,14.4,14.3,14.3,2700
2002-04-02 16:00:00-05:00,14.26,14.4,14.26,14.4,4400
2002-04-03 16:00:00-05:00,14.43,14.45,14.41,14.45,2800
2002-04-04 16:00:00-05:00,14.5,14.53,14.45,14.48,1800
2002-04-05 16:00:00-05:00,14.48,14.57,14.48,14.57,7100
2002-04-08 16:00:00-04:00,14.59,14.59,14.35,14.45,7800
2002-04-09 16:00:00-04:00,14.48,14.5,14.35,14.35,2900
2002-04-10 16:00:00-04:00,14.37,14.54,14.37,14.5,7100
2002-04-11 16:00:00-04:00,14.4,14.49,14.35,14.49,11900
2002-04-12 16:00:00-04:00,14.5,14.5,14.45,14.49,1200
2002-04-15 16:00:00-04:00,14.47,14.49,14.42,14.42,4100
2002-04-16 16:00:00-04:00,14.43,14.6,14.43,14.5,4900
2002-04-17 16:00:00-04:00,14.5,14.5,14.4,14.5,4000
2002-04-18 16:00:00-04:00,14.55,14.68,14.55,14.65,4800
2002-04-19 16:00:00-04:00,14.7,14.78,14.62,14.65,10400
2002-04-22 16:00:00-04:00,14.65,14.75,14.65,14.75,6900
2002-04-23 16:00:00-04:00,14.8,14.8,14.55,14.55,9000
2002-04-24 16:00:00-04:00,14.65,14.85,14.65,14.85,6100
2002-04-25 16:00:00-04:00,14.8,15.0,14.8,14.8,6800
2002-04-26 16:00:00-04:00,14.8,14.8,14.75,14.75,500
2002-04-29 16:00:00-04:00,14.75,14.85,14.7,14.85,2700
2002-04-30 16:00:00-04:00,14.89,14.9,14.67,14.67,7000
2002-05-01 16:00:00-04:00,14.75,14.81,14.69,14.81,1900
2002-05-02 16:00:00-04:00,14.85,14.88,14.76,14.84,3500
2002-05-03 16:00:00-04:00,14.77,14.98,14.75,14.88,5600
2002-05-06 16:00:00-04:00,14.86,14.9,14.75,14.89,5500
2002-05-07 16:00:00-04:00,14.85,14.9,14.61,14.61,8400
2002-05-08 16:00:00-04:00,14.7,14.7,14.6,14.7,23800
2002-05-09 16:00:00-04:00,14.71,14.74,14.7,14.7,5100
2002-05-10 16:00:00-04:00,14.74,14.75,14.71,14.71,2400
2002-05-13 16:00:00-04:00,14.75,14.8,14.7,14.8,2100
2002-05-14 16:00:00-04:00,14.75,14.75,14.75,14.75,1900
2002-05-15 16:00:00-04:00,14.75,14.95,14.75,14.8,5700
2002-05-16 16:00:00-04:00,14.9,14.97,14.9,14.95,6100
2002-05-17 16:00:00-04:00,14.7,14.8,14.7,14.75,2000
2002-05-20 16:00:00-04:00,14.72,14.75,14.7,14.75,14500
2002-05-21 16:00:00-04:00,14.8,14.95,14.8,14.8,8200
2002-05-22 16:00:00-04:00,14.8,14.85,14.7,14.75,11300
2002-05-23 16:00:00-04:00,14.72,14.77,14.72,14.75,4400
2002-05-24 16:00:00-04:00,14.75,14.8,14.75,14.8,2500
2002-05-28 16:00:00-04:00,14.82,14.83,14.75,14.83,5900
2002-05-29 16:00:00-04:00,14.85,14.88,14.72,14.75,5500
2002-05-30 16:00:00-04:00,14.72,14.95,14.72,14.95,6100
2002-05-31 16:00:00-04:00,15.0,15.0,14.95,14.95,2500
2002-06-03 16:00:00-04:00,15.02,15.02,14.93,14.97,2400
2002-06-04 16:00:00-04:00,15.0,15.0,14.8,14.8,8200
2002-06-05 16:00:00-04:00,14.75,14.83,14.71,14.83,5600
2002-06-06 16:00:00-04:00,14.8,14.8,14.7,14.7,5900
2002-06-07 16:00:00-04:00,14.75,14.8,14.71,14.75,4900
2002-06-10 16:00:00-04:00,14.72,14.76,14.72,14.75,6200
2002-06-11 16:00:00-04:00,14.73,14.77,14.7,14.7,7000
2002-06-12 16:00:00-04:00,14.7,14.8,14.7,14.73,7900
2002-06-13 16:00:00-04:00,14.7,14.8,14.7,14.72,12800
2002-06-14 16:00:00-04:00,14.76,14.77,14.71,14.72,5600
2002-06-17 16:00:00-04:00,14.75,14.8,14.71,14.71,5800
2002-06-18 16:00:00-04:00,14.72,14.95,14.71,14.85,20800
2002-06-19 16:00:00-04:00,14.8,14.8,14.72,14.8,10200
2002-06-20 16:00:00-04:00,14.71,14.78,14.7,14.71,9800
2002-06-21 16:00:00-04:00,14.71,14.71,14.7,14.7,6400
2002-06-24 16:00:00-04:00,14.7,14.71,14.4,14.42,35400
2002-06-25 16:00:00-04:00,14.45,14.6,14.45,14.58,7800
2002-06-26 16:00:00-04:00,14.65,14.65,14.58,14.59,4000
2002-06-27 16:00:00-04:00,14.59,14.72,14.59,14.72,8700
2002-06-28 16:00:00-04:00,14.72,14.72,14.63,14.68,6600
2002-07-01 16:00:00-04:00,14.62,14.72,14.6,14.6,8600
2002-07-02 16:00:00-04:00,14.6,14.65,14.6,14.6,2100
2002-07-03 16:00:00-04:00,14.6,14.62,14.6,14.6,6300
2002-07-05 16:00:00-04:00,14.6,14.6,14.59,14.59,2200
2002-07-08 16:00:00-04:00,14.59,14.74,14.56,14.74,5300
2002-07-09 16:00:00-04:00,14.73,14.74,14.6,14.6,9800
2002-07-10 16:00:00-04:00,14.56,14.68,14.55,14.62,7200
2002-07-11 16:00:00-04:00,14.6,14.75,14.6,14.71,10000
2002-07-12 16:00:00-04:00,14.7,14.75,14.7,14.7,5900
2002-07-15 16:00:00-04:00,14.75,14.84,14.7,14.84,6900
2002-07-16 16:00:00-04:00,14.9,14.95,14.85,14.95,1400
2002-07-17 16:00:00-04:00,14.85,14.92,14.85,14.9,2400
2002-07-18 16:00:00-04:00,14.8,14.8,14.52,14.52,13300
2002-07-19 16:00:00-04:00,14.55,14.55,14.46,14.46,5300
2002-07-22 16:00:00-04:00,14.45,14.5,14.34,14.45,8100
2002-07-23 16:00:00-04:00,14.4,14.4,14.0,14.2,8600
2002-07-24 16:00:00-04:00,14.1,14.19,14.05,14.05,10200
2002-07-25 16:00:00-04:00,14.0,14.15,14.0,14.15,11000
2002-07-26 16:00:00-04:00,14.13,14.2,14.13,14.2,700
2002-07-29 16:00:00-04:00,14.25,14.28,13.9,13.9,5500
2002-07-30 16:00:00-04:00,13.95,14.1,13.86,13.98,11800
2002-07-31 16:00:00-04:00,13.9,14.05,13.8,14.0,8100
2002-08-01 16:00:00-04:00,13.92,14.05,13.92,14.05,6000
2002-08-02 16:00:00-04:00,14.1,14.1,14.01,14.1,3200
2002-08-05 16:00:00-04:00,14.15,14.3,14.15,14.3,4900
2002-08-06 16:00:00-04:00,14.34,14.34,14.2,14.3,6800
2002-08-07 16:00:00-04:00,14.2,14.32,14.2,14.25,4600
2002-08-08 16:00:00-04:00,14.22,14.25,14.18,14.21,4100
2002-08-09 16:00:00-04:00,14.17,14.29,14.15,14.22,8100
2002-08-12 16:00:00-04:00,14.3,14.33,14.25,14.25,2600
2002-08-13 16:00:00-04:00,14.2,14.2,14.08,14.12,11900
2002-08-14 16:00:00-04:00,14.1,14.2,14.1,14.2,5600
2002-08-15 16:00:00-04:00,14.3,14.3,14.15,14.3,9000
2002-08-16 16:00:00-04:00,14.25,14.3,14.25,14.3,2100
2002-08-19 16:00:00-04:00,14.2,14.2,14.1,14.1,5300
2002-08-20 16:00:00-04:00,14.15,14.23,14.12,14.13,4000
2002-08-21 16:00:00-04:00,14.13,14.2,14.13,14.13,4300
2002-08-22 16:00:00-04:00,14.2,14.29,14.1,14.25,4500
2002-08-23 16:00:00-04:00,14.25,14.27,14.25,14.27,700
2002-08-26 16:00:00-04:00,14.29,14.3,14.2,14.2,4300
2002-08-27 16:00:00-04:00,14.2,14.25,14.1,14.2,15100
2002-08-28 16:00:00-04:00,14.15,14.25,14.1,14.1,10200
2002-08-29 16:00:00-04:00,14.11,14.25,14.11,14.25,3400
2002-08-30 16:00:00-04:00,13.9,14.22,13.9,14.22,13400
2002-09-03 16:00:00-04:00,14.21,14.21,14.05,14.1,4000
2002-09-04 16:00:00-04:00,14.0,14.15,14.0,14.1,7400
2002-09-05 16:00:00-04:00,14.15,14.2,14.15,14.2,1100
2002-09-06 16:00:00-04:00,14.25,14.29,14.25,14.25,2600
2002-09-09 16:00:00-04:00,14.24,14.3,14.23,14.3,4100
2002-09-10 16:00:00-04:00,14.3,14.3,14.2,14.22,2800
2002-09-11 16:00:00-04:00,14.2,14.25,14.2,14.25,3700
2002-09-12 16:00:00-04:00,14.2,14.4,14.2,14.4,6600
2002-09-13 16:00:00-04:00,14.45,14.55,14.45,14.55,10000
2002-09-16 16:00:00-04:00,14.47,14.5,14.45,14.45,4200
2002-09-17 16:00:00-04:00,14.5,14.78,14.4,14.65,21300
2002-09-18 16:00:00-04:00,14.55,14.55,14.45,14.55,5700
2002-09-19 16:00:00-04:00,14.55,14.55,14.49,14.49,7400
2002-09-20 16:00:00-04:00,14.48,14.55,14.45,14.45,5300
2002-09-23 16:00:00-04:00,14.45,14.5,14.37,14.5,4400
2002-09-24 16:00:00-04:00,14.5,14.75,14.4,14.75,9600
2002-09-25 16:00:00-04:00,14.75,14.75,14.63,14.68,2100
2002-09-26 16:00:00-04:00,14.65,14.65,14.4,14.4,3200
2002-09-27 16:00:00-04:00,14.45,14.53,14.4,14.45,3300
2002-09-30 16:00:00-04:00,14.42,14.65,14.42,14.6,6200
2002-10-01 16:00:00-04:00,14.65,14.65,14.57,14.57,2200
2002-10-02 16:00:00-04:00,14.57,14.74,14.57,14.74,8200
2002-10-03 16:00:00-04:00,14.7,14.75,14.55,14.55,4900
2002-10-04 16:00:00-04:00,14.6,14.6,14.42,14.42,5900
2002-10-07 16:00:00-04:00,14.35,14.45,14.15,14.16,17600
2002-10-08 16:00:00-04:00,14.15,14.22,14.15,14.16,3300
2002-10-09 16:00:00-04:00,14.16,14.23,14.16,14.23,1900
2002-10-10 16:00:00-04:00,14.2,14.25,14.15,14.16,5300
2002-10-11 16:00:00-04:00,14.13,14.2,14.13,14.2,1700
2002-10-14 16:00:00-04:00,14.15,14.2,14.15,14.2,2500
2002-10-15 16:00:00-04:00,14.21,14.25,14.11,14.11,5900
2002-10-16 16:00:00-04:00,14.13,14.13,14.03,14.03,4300
2002-10-17 16:00:00-04:00,14.0,14.2,14.0,14.15,19600
2002-10-18 16:00:00-04:00,14.11,14.19,14.11,14.19,3900
2002-10-21 16:00:00-04:00,14.1,14.15,13.7,13.7,15800
2002-10-22 16:00:00-04:00,13.65,13.65,13.45,13.51,13000
2002-10-23 16:00:00-04:00,13.5,13.6,13.35,13.4,18200
2002-10-24 16:00:00-04:00,13.4,13.49,13.35,13.49,8800
2002-10-25 16:00:00-04:00,13.5,13.58,13.44,13.58,3400
2002-10-28 16:00:00-05:00,13.5,13.59,13.5,13.59,4200
2002-10-29 16:00:00-05:00,13.55,13.62,13.5,13.62,2800
2002-10-30 16:00:00-05:00,13.67,13.75,13.67,13.69,3500
2002-10-31 16:00:00-05:00,13.65,13.65,13.62,13.63,4000
2002-11-01 16:00:00-05:00,13.62,13.75,13.61,13.61,4900
2002-11-04 16:00:00-05:00,13.65,13.76,13.65,13.74,5400
2002-11-05 16:00:00-05:00,13.65,13.79,13.65,13.79,4400
2002-11-06 16:00:00-05:00,13.79,13.95,13.79,13.9,4100
2002-11-07 16:00:00-05:00,13.82,13.95,13.76,13.95,10900
2002-11-08 16:00:00-05:00,14.0,14.12,14.0,14.12,2000
2002-11-11 16:00:00-05:00,14.05,14.1,14.0,14.03,4400
2002-11-12 16:00:00-05:00,14.03,14.21,14.03,14.05,9600
2002-11-13 16:00:00-05:00,14.11,14.13,14.1,14.1,2700
2002-11-14 16:00:00-05:00,14.15,14.3,14.13,14.2,5300
2002-11-15 16:00:00-05:00,14.0,14.2,14.0,14.15,7000
2002-11-18 16:00:00-05:00,14.15,14.2,14.14,14.2,1800
2002-11-19 16:00:00-05:00,14.25,14.25,14.15,14.16,5100
2002-11-20 16:00:00-05:00,14.15,14.18,13.9,14.1,15600
2002-11-21 16:00:00-05:00,14.05,14.19,14.05,14.1,7700
2002-11-22 16:00:00-05:00,14.1,14.13,14.06,14.13,2000
2002-11-25 16:00:00-05:00,14.07,14.3,14.07,14.3,17900
2002-11-26 16:00:00-05:00,14.38,14.38,14.15,14.3,8100
2002-11-27 16:00:00-05:00,14.4,14.45,14.4,14.42,8400
2002-11-29 16:00:00-05:00,14.41,14.43,14.41,14.43,1300
2002-12-02 16:00:00-05:00,14.41,14.41,14.35,14.35,2200
2002-12-03 16:00:00-05:00,14.3,14.45,14.2,14.45,8500
2002-12-04 16:00:00-05:00,14.4,14.46,14.37,14.46,3800
2002-12-05 16:00:00-05:00,14.36,14.36,14.23,14.23,3200
2002-12-06 16:00:00-05:00,14.25,14.33,14.25,14.29,3800
2002-12-09 16:00:00-05:00,14.32,14.33,14.22,14.22,5100
2002-12-10 16:00:00-05:00,14.3,14.33,14.2,14.25,6100
2002-12-11 16:00:00-05:00,14.23,14.34,14.22,14.34,7000
2002-12-12 16:00:00-05:00,14.38,14.38,14.2,14.29,7200
2002-12-13 16:00:00-05:00,14.22,14.31,14.22,14.31,5100
2002-12-16 16:00:00-05:00,14.34,14.95,14.32,14.76,22700
2002-12-17 16:00:00-05:00,14.7,14.7,14.5,14.65,7100
2002-12-18 16:00:00-05:00,14.55,14.61,14.5,14.52,5100
2002-12-19 16:00:00-05:00,14.42,14.48,14.31,14.31,8200
2002-12-20 16:00:00-05:00,14.3,14.3,14.1,14.15,14900
2002-12-23 16:00:00-05:00,14.2,14.23,14.11,14.16,7700
2002-12-24 16:00:00-05:00,14.12,14.2,14.11,14.12,3200
2002-12-26 16:00:00-05:00,14.1,14.15,14.0,14.0,7600
2002-12-27 16:00:00-05:00,14.05,14.17,14.05,14.17,12000
2002-12-30 16:00:00-05:00,14.2,14.59,14.2,14.45,15200
2002-12-31 16:00:00-05:00,14.43,14.43,14.3,14.35,2400
2003-01-02 16:00:00-05:00,14.3,14.4,14.2,14.2,4900
2003-01-03 16:00:00-05:00,14.19,14.21,14.19,14.2,1500
2003-01-06 16:00:00-05:00,14.2,14.3,14.2,14.3,8500
2003-01-07 16:00:00-05:00,14.33,14.4,14.31,14.35,4300
2003-01-08 16:00:00-05:00,14.32,14.47,14.32,14.45,7300
2003-01-09 16:00:00-05:00,14.42,14.8,14.42,14.8,10700
2003-01-10 16:00:00-05:00,14.82,14.82,14.63,14.7,8400
2003-01-13 16:00:00-05:00,14.71,14.75,14.62,14.62,3200
2003-01-14 16:00:00-05:00,14.65,14.66,14.65,14.66,2100
2003-01-15 16:00:00-05:00,14.62,14.75,14.62,14.75,3000
2003-01-16 16:00:00-05:00,14.71,14.8,14.6,14.6,5900
2003-01-17 16:00:00-05:00,14.62,14.62,14.51,14.55,4300
2003-01-21 16:00:00-05:00,14.6,14.69,14.52,14.69,8500
2003-01-22 16:00:00-05:00,14.6,14.6,14.55,14.6,4200
2003-01-23 16:00:00-05:00,14.65,14.65,14.5,14.65,13800
2003-01-24 16:00:00-05:00,14.7,14.78,14.68,14.73,6600
2003-01-27 16:00:00-05:00,14.75,14.79,14.7,14.75,5700
2003-01-28 16:00:00-05:00,14.7,14.76,14.7,14.72,1800
2003-01-29 16:00:00-05:00,14.75,14.8,14.75,14.8,3200
2003-01-30 16:00:00-05:00,14.75,14.81,14.75,14.78,4800
2003-01-31 16:00:00-05:00,14.8,14.82,14.76,14.82,1700
2003-02-03 16:00:00-05:00,14.82,14.9,14.82,14.9,3600
2003-02-04 16:00:00-05:00,14.85,14.9,14.77,14.79,5100
2003-02-05 16:00:00-05:00,14.8,14.83,14.78,14.79,5100
2003-02-06 16:00:00-05:00,14.8,14.86,14.76,14.86,1500
2003-02-07 16:00:00-05:00,14.88,14.88,14.77,14.8,3700
2003-02-10 16:00:00-05:00,14.9,14.9,14.78,14.85,7500
2003-02-11 16:00:00-05:00,14.8,14.85,14.76,14.77,4100
2003-02-12 16:00:00-05:00,14.78,14.9,14.78,14.9,7600
2003-02-13 16:00:00-05:00,14.85,15.1,14.85,15.05,7500
2003-02-14 16:00:00-05:00,14.76,14.79,14.67,14.67,7400
2003-02-18 16:00:00-05:00,14.66,14.66,14.48,14.55,8500
2003-02-19 16:00:00-05:00,14.54,14.65,14.53,14.65,5700
2003-02-20 16:00:00-05:00,14.65,14.66,14.5,14.51,6800
2003-02-21 16:00:00-05:00,14.52,14.58,14.52,14.55,4900
2003-02-24 16:00:00-05:00,14.56,14.66,14.56,14.66,3900
2003-02-25 16:00:00-05:00,14.68,14.69,14.58,14.62,5100
2003-02-26 16:00:00-05:00,14.6,14.75,14.6,14.75,13300
2003-02-27 16:00:00-05:00,14.76,14.9,14.76,14.9,3600
2003-02-28 16:00:00-05:00,14.83,14.9,14.75,14.9,4000
2003-03-03 16:00:00-05:00,14.95,14.95,14.9,14.95,2400
2003-03-04 16:00:00-05:00,14.99,14.99,14.92,14.92,3800
2003-03-05 16:00:00-05:00,14.92,15.05,14.92,15.05,1400
2003-03-06 16:00:00-05:00,14.97,15.1,14.9,15.05,12100
2003-03-07 16:00:00-05:00,15.0,15.0,14.9,14.97,7800
2003-03-10 16:00:00-05:00,14.98,15.15,14.95,15.15,9400
2003-03-11 16:00:00-05:00,15.1,15.3,15.08,15.2,10700
2003-03-12 16:00:00-05:00,15.22,15.25,15.1,15.13,4600
2003-03-13 16:00:00-05:00,15.2,15.2,15.05,15.08,17300
2003-03-14 16:00:00-05:00,15.15,15.15,14.99,14.99,8100
2003-03-17 16:00:00-05:00,14.95,15.05,14.9,14.97,26800
2003-03-18 16:00:00-05:00,14.97,14.97,14.9,14.93,7100
2003-03-19 16:00:00-05:00,14.94,15.05,14.81,14.81,10100
2003-03-20 16:00:00-05:00,14.8,14.95,14.8,14.95,9300
2003-03-21 16:00:00-05:00,14.9,14.9,14.76,14.76,3300
2003-03-24 16:00:00-05:00,14.75,14.8,14.6,14.6,6900
2003-03-25 16:00:00-05:00,14.59,14.7,14.55,14.7,6900
2003-03-26 16:00:00-05:00,14.66,14.74,14.61,14.73,6300
2003-03-27 16:00:00-05:00,14.63,14.69,14.61,14.61,7900
2003-03-28 16:00:00-05:00,14.68,14.68,14.5,14.5,6200
2003-03-31 16:00:00-05:00,14.56,14.63,14.51,14.6,4000
2003-04-01 16:00:00-05:00,14.6,14.79,14.6,14.79,5300
2003-04-02 16:00:00-05:00,14.82,14.9,14.71,14.73,13700
2003-04-03 16:00:00-05:00,14.73,14.99,14.73,14.85,16100
2003-04-04 16:00:00-05:00,14.87,14.99,14.87,14.97,13600
2003-04-07 16:00:00-04:00,14.9,14.91,14.87,14.89,2000
2003-04-08 16:00:00-04:00,14.86,14.99,14.86,14.99,3200
2003-04-09 16:00:00-04:00,14.99,15.0,14.95,14.95,2500
2003-04-10 16:00:00-04:00,14.93,15.0,14.93,14.98,5600
2003-04-11 16:00:00-04:00,14.99,15.0,14.9,14.9,5000
2003-04-14 16:00:00-04:00,14.98,15.0,14.95,14.97,17300
2003-04-15 16:00:00-04:00,14.95,15.01,14.95,14.97,8100
2003-04-16 16:00:00-04:00,14.93,15.06,14.93,15.02,4400
2003-04-17 16:00:00-04:00,15.03,15.03,14.99,15.02,2700
2003-04-21 16:00:00-04:00,15.03,15.18,14.99,15.14,9100
2003-04-22 16:00:00-04:00,15.09,15.15,15.08,15.1,4500
2003-04-23 16:00:00-04:00,15.14,15.14,15.07,15.09,8600
2003-04-24 16:00:00-04:00,15.14,15.15,15.06,15.15,17500
2003-04-25 16:00:00-04:00,15.1,15.15,15.07,15.15,23200
2003-04-28 16:00:00-04:00,15.13,15.19,15.13,15.18,1200
2003-04-29 16:00:00-04:00,15.19,15.25,15.19,15.25,3700
2003-04-30 16:00:00-04:00,15.25,15.3,15.15,15.2,7700
2003-05-01 16:00:00-04:00,15.15,15.17,15.15,15.17,5000
2003-05-02 16:00:00-04:00,15.14,15.2,15.13,15.18,39900
2003-05-05 16:00:00-04:00,15.15,15.15,15.12,15.14,12300
2003-05-06 16:00:00-04:00,15.11,15.12,15.05,15.08,28800
2003-05-07 16:00:00-04:00,15.09,15.29,15.09,15.25,51000
2003-05-08 16:00:00-04:00,15.25,15.34,15.25,15.3,6900
2003-05-09 16:00:00-04:00,15.34,15.39,15.27,15.36,7300
2003-05-12 16:00:00-04:00,15.35,15.4,15.12,15.16,25300
2003-05-13 16:00:00-04:00,15.1,15.27,15.06,15.25,16000
2003-05-14 16:00:00-04:00,15.27,15.27,15.21,15.24,6500
2003-05-15 16:00:00-04:00,15.16,15.34,15.16,15.3,14800
2003-05-16 16:00:00-04:00,14.98,15.05,14.94,15.0,6600
2003-05-19 16:00:00-04:00,15.02,15.14,15.02,15.1,3400
2003-05-20 16:00:00-04:00,15.07,15.25,15.05,15.25,8600
2003-05-21 16:00:00-04:00,15.25,15.25,15.16,15.2,2900
2003-05-22 16:00:00-04:00,15.17,15.17,15.16,15.16,1500
2003-05-23 16:00:00-04:00,15.2,15.22,15.2,15.22,1500
2003-05-27 16:00:00-04:00,15.24,15.38,15.24,15.38,6200
2003-05-28 16:00:00-04:00,15.3,15.5,15.3,15.31,11800
2003-05-29 16:00:00-04:00,15.36,15.36,15.15,15.18,14500
2003-05-30 16:00:00-04:00,15.16,15.21,15.16,15.16,2200
2003-06-02 16:00:00-04:00,15.21,15.21,15.15,15.15,13600
2003-06-03 16:00:00-04:00,15.11,15.16,15.1,15.16,11200
2003-06-04 16:00:00-04:00,15.19,15.2,15.1,15.13,25900
2003-06-05 16:00:00-04:00,15.21,15.25,15.19,15.2,39300
2003-06-06 16:00:00-04:00,15.22,15.22,15.18,15.2,16000
2003-06-09 16:00:00-04:00,15.18,15.23,15.16,15.23,18500
2003-06-10 16:00:00-04:00,15.26,15.29,15.24,15.29,2800
2003-06-11 16:00:00-04:00,15.29,15.39,15.28,15.28,5200
2003-06-12 16:00:00-04:00,15.38,15.44,15.28,15.44,10300
2003-06-13 16:00:00-04:00,15.35,15.48,15.35,15.45,6200
2003-06-16 16:00:00-04:00,15.48,15.87,15.46,15.46,28500
2003-06-17 16:00:00-04:00,15.46,15.5,15.4,15.41,8700
2003-06-18 16:00:00-04:00,15.39,15.53,15.39,15.5,7800
2003-06-19 16:00:00-04:00,15.4,15.55,15.38,15.55,9400
2003-06-20 16:00:00-04:00,15.55,15.64,15.51,15.6,6300
2003-06-23 16:00:00-04:00,15.6,15.6,15.5,15.5,8000
2003-06-24 16:00:00-04:00,15.5,15.62,15.48,15.5,8000
2003-06-25 16:00:00-04:00,15.45,15.52,15.41,15.52,6400
2003-06-26 16:00:00-04:00,15.54,15.55,15.45,15.48,5000
2003-06-27 16:00:00-04:00,15.53,15.53,15.45,15.5,3600
2003-06-30 16:00:00-04:00,15.46,15.54,15.45,15.5,6300
2003-07-01 16:00:00-04:00,15.53,15.55,15.52,15.52,1900
2003-07-02 16:00:00-04:00,15.47,15.49,15.47,15.47,3800
2003-07-03 16:00:00-04:00,15.5,15.52,15.44,15.45,5600
2003-07-07 16:00:00-04:00,15.4,15.47,15.36,15.41,11200
2003-07-08 16:00:00-04:00,15.36,15.44,15.33,15.44,14700
2003-07-09 16:00:00-04:00,15.44,15.45,15.35,15.36,3900
2003-07-10 16:00:00-04:00,15.38,15.42,15.35,15.41,4800
2003-07-11 16:00:00-04:00,15.34,15.34,15.3,15.3,5200
2003-07-14 16:00:00-04:00,15.23,15.35,15.18,15.22,9000
2003-07-15 16:00:00-04:00,15.23,15.24,15.1,15.1,12400
2003-07-16 16:00:00-04:00,15.1,15.1,15.03,15.1,8000
2003-07-17 16:00:00-04:00,15.09,15.09,14.86,14.93,8200
2003-07-18 16:00:00-04:00,14.88,14.95,14.88,14.9,4800
2003-07-21 16:00:00-04:00,14.88,14.88,14.75,14.75,8200
2003-07-22 16:00:00-04:00,14.8,14.8,14.4,14.56,20300
2003-07-23 16:00:00-04:00,14.54,14.6,14.5,14.6,30200
2003-07-24 16:00:00-04:00,14.64,14.65,14.6,14.65,4900
2003-07-25 16:00:00-04:00,14.64,14.65,14.59,14.64,4700
2003-07-28 16:00:00-04:00,14.6,14.6,14.54,14.55,8800
2003-07-29 16:00:00-04:00,14.56,14.6,14.52,14.53,7900
2003-07-30 16:00:00-04:00,14.48,14.59,14.48,14.55,9200
2003-07-31 16:00:00-04:00,14.59,14.6,14.5,14.51,19100
2003-08-01 16:00:00-04:00,14.5,14.5,14.25,14.3,21700
2003-08-04 16:00:00-04:00,14.35,14.35,14.21,14.21,12100
2003-08-05 16:00:00-04:00,14.26,14.37,14.2,14.3,10400
2003-08-06 16:00:00-04:00,14.33,14.34,14.21,14.23,26400
2003-08-07 16:00:00-04:00,14.21,14.3,14.21,14.3,4100
2003-08-08 16:00:00-04:00,14.35,14.49,14.35,14.49,6300
2003-08-11 16:00:00-04:00,14.45,14.5,14.44,14.5,9100
2003-08-12 16:00:00-04:00,14.49,14.54,14.47,14.47,3200
2003-08-13 16:00:00-04:00,14.48,14.49,14.45,14.45,1900
2003-08-14 16:00:00-04:00,14.39,14.49,14.39,14.49,6200
2003-08-15 16:00:00-04:00,14.39,14.43,14.35,14.43,8300
2003-08-18 16:00:00-04:00,14.35,14.45,14.31,14.4,5000
2003-08-19 16:00:00-04:00,14.36,14.37,14.21,14.21,16500
2003-08-20 16:00:00-04:00,14.25,14.33,14.23,14.33,31700
2003-08-21 16:00:00-04:00,14.4,14.45,14.37,14.43,3900
2003-08-22 16:00:00-04:00,14.43,14.53,14.4,14.45,5400
2003-08-25 16:00:00-04:00,14.38,14.39,14.32,14.33,4900
2003-08-26 16:00:00-04:00,14.37,14.38,14.31,14.37,6100
2003-08-27 16:00:00-04:00,14.2,14.2,14.12,14.15,2400
2003-08-28 16:00:00-04:00,14.15,14.29,14.15,14.29,7000
2003-08-29 16:00:00-04:00,14.29,14.3,14.29,14.3,5700
2003-09-02 16:00:00-04:00,14.34,14.36,14.29,14.31,13500
2003-09-03 16:00:00-04:00,14.3,14.4,14.29,14.4,21800
2003-09-04 16:00:00-04:00,14.43,14.46,14.35,14.35,5300
2003-09-05 16:00:00-04:00,14.4,14.5,14.4,14.5,7600
2003-09-08 16:00:00-04:00,14.48,14.54,14.43,14.53,8200
2003-09-09 16:00:00-04:00,14.54,14.54,14.46,14.52,9200
2003-09-10 16:00:00-04:00,14.54,14.55,14.48,14.53,6400
2003-09-11 16:00:00-04:00,14.47,14.52,14.41,14.51,14900
2003-09-12 16:00:00-04:00,14.52,14.52,14.41,14.43,7600
2003-09-15 16:00:00-04:00,14.43,14.49,14.41,14.42,15000
2003-09-16 16:00:00-04:00,14.33,14.75,14.33,14.45,27100
2003-09-17 16:00:00-04:00,14.5,14.53,14.36,14.39,8100
2003-09-18 16:00:00-04:00,14.4,14.4,14.4,14.4,0
2003-09-19 16:00:00-04:00,14.4,14.43,14.33,14.35,18700
2003-09-22 16:00:00-04:00,14.44,14.44,14.32,14.33,10300
2003-09-23 16:00:00-04:00,14.32,14.35,14.31,14.32,47800
2003-09-24 16:00:00-04:00,14.3,14.36,14.3,14.35,25700
2003-09-25 16:00:00-04:00,14.34,14.34,14.34,14.34,0
2003-09-26 16:00:00-04:00,14.38,14.43,14.34,14.4,17200
2003-09-29 16:00:00-04:00,14.4,14.5,14.33,14.5,30300
2003-09-30 16:00:00-04:00,14.5,14.58,14.41,14.58,13000
2003-10-01 16:00:00-04:00,14.65,14.81,14.65,14.79,15100
2003-10-02 16:00:00-04:00,14.79,14.79,14.79,14.79,0
2003-10-03 16:00:00-04:00,14.78,14.78,14.65,14.65,13200
2003-10-06 16:00:00-04:00,14.62,14.7,14.62,14.7,2700
2003-10-07 16:00:00-04:00,14.75,14.87,14.68,14.8,8800
2003-10-08 16:00:00-04:00,14.84,14.84,14.75,14.8,2100
2003-10-09 16:00:00-04:00,14.67,14.67,14.67,14.67,0
2003-10-10 16:00:00-04:00,14.65,14.87,14.65,14.85,10900
2003-10-13 16:00:00-04:00,14.8,15.02,14.8,14.88,11200
2003-10-14 16:00:00-04:00,14.93,15.0,14.87,14.94,18900
2003-10-15 16:00:00-04:00,14.85,14.95,14.83,14.87,18100
2003-10-16 16:00:00-04:00,14.91,14.91,14.91,14.91,0
2003-10-17 16:00:00-04:00,14.85,14.93,14.83,14.92,3300
2003-10-20 16:00:00-04:00,14.95,14.95,14.9,14.91,3200
2003-10-21 16:00:00-04:00,14.93,14.95,14.82,14.88,7000
2003-10-22 16:00:00-04:00,14.9,14.9,14.9,14.9,0
2003-10-23 16:00:00-04:00,14.95,15.05,14.84,14.84,10800
2003-10-24 16:00:00-04:00,14.81,14.94,14.81,14.94,4100
2003-10-27 16:00:00-05:00,14.93,14.99,14.77,14.82,8700
2003-10-28 16:00:00-05:00,14.8,14.93,14.8,14.9,8900
2003-10-29 16:00:00-05:00,14.94,14.94,14.81,14.9,4000
2003-10-30 16:00:00-05:00,14.85,14.85,14.85,14.85,0
2003-10-31 16:00:00-05:00,14.8,14.87,14.8,14.87,4300
2003-11-03 16:00:00-05:00,14.88,14.95,14.86,14.95,2718
2003-11-04 16:00:00-05:00,14.98,14.98,14.94,14.97,1700
2003-11-05 16:00:00-05:00,14.9,15.05,14.9,15.01,6400
2003-11-06 16:00:00-05:00,14.86,14.86,14.86,14.86,0
2003-11-07 16:00:00-05:00,14.91,14.92,14.87,14.92,1200
2003-11-10 16:00:00-05:00,14.87,14.96,14.84,14.85,6600
2003-11-11 16:00:00-05:00,14.82,14.97,14.82,14.97,10400
2003-11-12 16:00:00-05:00,15.0,15.0,14.91,14.91,1600
2003-11-13 16:00:00-05:00,15.02,15.02,15.02,15.02,0
2003-11-14 16:00:00-05:00,14.88,14.99,14.8,14.93,10900
2003-11-17 16:00:00-05:00,14.85,14.98,14.82,14.92,5400
2003-11-18 16:00:00-05:00,14.87,15.0,14.87,15.0,11000
2003-11-19 16:00:00-05:00,14.96,15.07,14.9,14.95,6200
2003-11-20 16:00:00-05:00,15.1,15.1,15.1,15.1,0
2003-11-21 16:00:00-05:00,15.1,15.2,15.06,15.06,37400
2003-11-24 16:00:00-05:00,14.82,14.82,14.82,14.82,0
2003-11-25 16:00:00-05:00,14.91,15.02,14.9,14.95,4400
2003-11-26 16:00:00-05:00,14.97,14.98,14.93,14.98,4200
2003-11-28 13:00:00-05:00,15.03,15.03,15.03,15.03,400
2003-12-01 16:00:00-05:00,15.04,15.05,14.92,14.95,4300
2003-12-02 16:00:00-05:00,14.91,15.05,14.91,15.05,6600
2003-12-03 16:00:00-05:00,15.07,15.07,14.95,15.01,11300
2003-12-04 16:00:00-05:00,14.99,14.99,14.99,14.99,0
2003-12-05 16:00:00-05:00,14.95,15.04,14.9,14.91,6000
2003-12-08 16:00:00-05:00,14.91,15.0,14.86,14.95,7300
2003-12-09 16:00:00-05:00,14.98,15.02,14.94,14.97,7000
2003-12-10 16:00:00-05:00,15.04,15.1,14.96,15.02,6000
2003-12-11 16:00:00-05:00,15.06,15.06,15.06,15.06,0
2003-12-12 16:00:00-05:00,15.06,15.13,15.03,15.03,5600
2003-12-15 16:00:00-05:00,15.1,15.39,15.1,15.15,26200
2003-12-16 16:00:00-05:00,15.25,15.29,15.12,15.19,5000
2003-12-17 16:00:00-05:00,15.14,15.24,15.1,15.21,6900
2003-12-18 16:00:00-05:00,15.25,15.25,15.25,15.25,0
2003-12-19 16:00:00-05:00,15.29,15.34,15.2,15.3,4600
2003-12-22 16:00:00-05:00,15.23,15.23,15.12,15.14,4000
2003-12-23 16:00:00-05:00,15.1,15.13,14.99,15.0,13300
2003-12-24 13:00:00-05:00,15.01,15.15,15.01,15.13,3200
2003-12-26 13:00:00-05:00,15.16,15.16,15.16,15.16,300
2003-12-29 16:00:00-05:00,15.14,15.24,15.1,15.11,7200
2003-12-30 16:00:00-05:00,15.29,15.29,15.29,15.29,0
2003-12-31 16:00:00-05:00,15.3,15.35,15.24,15.35,38400
2004-01-02 16:00:00-05:00,15.31,15.4,15.3,15.4,4400
2004-01-05 16:00:00-05:00,15.35,15.42,15.25,15.25,14000
2004-01-06 16:00:00-05:00,15.35,15.4,15.29,15.29,10100
2004-01-07 16:00:00-05:00,15.26,15.35,15.25,15.35,9900
2004-01-08 16:00:00-05:00,15.3,15.3,15.3,15.3,0
2004-01-09 16:00:00-05:00,15.36,15.46,15.35,15.46,2700
2004-01-12 16:00:00-05:00,15.37,15.49,15.3,15.38,11800
2004-01-13 16:00:00-05:00,15.35,15.48,15.3,15.45,10100
2004-01-14 16:00:00-05:00,15.3,15.49,15.3,15.4,7600
2004-01-15 16:00:00-05:00,15.35,15.69,15.35,15.54,10600
2004-01-16 16:00:00-05:00,15.62,15.62,15.53,15.62,3400
2004-01-20 16:00:00-05:00,15.6,15.61,15.56,15.57,11300
2004-01-21 16:00:00-05:00,15.64,15.64,15.55,15.56,4500
2004-01-22 16:00:00-05:00,15.6,15.6,15.6,15.6,0
2004-01-23 16:00:00-05:00,15.7,15.99,15.7,15.71,23300
2004-01-26 16:00:00-05:00,15.71,15.8,15.6,15.65,9100
2004-01-27 16:00:00-05:00,15.6,15.7,15.6,15.64,6500
2004-01-28 16:00:00-05:00,15.61,15.61,15.57,15.57,3700
2004-01-29 16:00:00-05:00,15.4,15.4,15.4,15.4,0
2004-01-30 16:00:00-05:00,15.45,15.46,15.35,15.4,51300
2004-02-02 16:00:00-05:00,15.38,15.47,15.38,15.45,10100
2004-02-03 16:00:00-05:00,15.42,15.45,15.36,15.45,18700
2004-02-04 16:00:00-05:00,15.45,15.51,15.39,15.47,25400
2004-02-05 16:00:00-05:00,15.39,15.39,15.39,15.39,0
2004-02-06 16:00:00-05:00,15.4,15.45,15.36,15.4,16300
2004-02-09 16:00:00-05:00,15.38,15.48,15.34,15.39,21700
2004-02-10 16:00:00-05:00,15.34,15.44,15.34,15.4,20300
2004-02-11 16:00:00-05:00,15.47,15.47,15.41,15.44,15200
2004-02-12 16:00:00-05:00,15.49,15.49,15.49,15.49,0
2004-02-13 16:00:00-05:00,15.5,15.5,15.33,15.42,23700
2004-02-17 16:00:00-05:00,15.52,15.52,15.38,15.45,8800
2004-02-18 16:00:00-05:00,15.45,15.49,15.43,15.43,17000
2004-02-19 16:00:00-05:00,15.45,15.45,15.45,15.45,0
2004-02-20 16:00:00-05:00,15.48,15.48,15.41,15.43,10900
2004-02-23 16:00:00-05:00,15.25,15.28,15.2,15.23,9500
2004-02-24 16:00:00-05:00,15.3,15.3,15.06,15.13,25000
2004-02-25 16:00:00-05:00,15.1,15.23,15.1,15.12,9900
2004-02-26 16:00:00-05:00,15.25,15.25,15.25,15.25,0
2004-02-27 16:00:00-05:00,15.16,15.24,15.16,15.24,3700
2004-03-01 16:00:00-05:00,15.2,15.25,15.13,15.14,8200
2004-03-02 16:00:00-05:00,15.2,15.25,15.2,15.25,9900
2004-03-03 16:00:00-05:00,15.22,15.25,15.21,15.21,9500
2004-03-04 16:00:00-05:00,15.25,15.25,15.25,15.25,0
2004-03-05 16:00:00-05:00,15.25,15.31,15.23,15.24,18800
2004-03-08 16:00:00-05:00,15.25,15.31,15.23,15.26,34100
2004-03-09 16:00:00-05:00,15.32,15.4,15.28,15.33,25400
2004-03-10 16:00:00-05:00,15.44,15.45,15.34,15.4,14400
2004-03-11 16:00:00-05:00,15.56,15.56,15.56,15.56,0
2004-03-12 16:00:00-05:00,15.6,15.6,15.51,15.52,7900
2004-03-15 16:00:00-05:00,15.4,15.64,15.4,15.6,25400
2004-03-16 16:00:00-05:00,15.6,15.75,15.5,15.52,32900
2004-03-17 16:00:00-05:00,15.64,15.69,15.6,15.61,6600
2004-03-18 16:00:00-05:00,15.58,15.58,15.58,15.58,0
2004-03-19 16:00:00-05:00,15.53,15.64,15.25,15.42,19500
2004-03-22 16:00:00-05:00,15.5,15.54,15.29,15.31,14800
2004-03-23 16:00:00-05:00,15.39,15.4,15.26,15.28,25900
2004-03-24 16:00:00-05:00,15.5,15.5,15.29,15.29,28900
2004-03-25 16:00:00-05:00,15.3,15.3,15.3,15.3,0
2004-03-26 16:00:00-05:00,15.3,15.4,15.3,15.32,7200
2004-03-29 16:00:00-05:00,15.32,15.37,15.32,15.33,5600
2004-03-30 16:00:00-05:00,15.33,15.45,15.32,15.45,10500
2004-03-31 16:00:00-05:00,15.45,15.5,15.45,15.45,4800
2004-04-01 16:00:00-05:00,15.45,15.45,15.45,15.45,0
2004-04-02 16:00:00-05:00,15.48,15.48,15.39,15.39,9900
2004-04-05 16:00:00-04:00,15.35,15.38,15.11,15.11,26800
2004-04-06 16:00:00-04:00,15.07,15.14,15.05,15.05,8400
2004-04-07 16:00:00-04:00,15.15,15.18,14.96,15.08,14000
2004-04-08 16:00:00-04:00,15.11,15.11,15.11,15.11,0
2004-04-12 16:00:00-04:00,15.03,15.11,14.86,14.94,14100
2004-04-13 16:00:00-04:00,14.91,14.91,14.69,14.72,21300
2004-04-14 16:00:00-04:00,14.75,14.75,14.55,14.6,15800
2004-04-15 16:00:00-04:00,14.55,14.55,14.55,14.55,0
2004-04-16 16:00:00-04:00,14.55,14.7,14.5,14.7,37100
2004-04-19 16:00:00-04:00,14.75,14.75,14.63,14.75,7600
2004-04-20 16:00:00-04:00,14.75,14.79,14.6,14.6,21300
2004-04-21 16:00:00-04:00,14.64,14.64,14.5,14.52,12000
2004-04-22 16:00:00-04:00,14.51,14.51,14.51,14.51,0
2004-04-23 16:00:00-04:00,14.48,14.48,14.35,14.46,8700
2004-04-26 16:00:00-04:00,14.35,14.45,14.33,14.4,9600
2004-04-27 16:00:00-04:00,14.4,14.5,14.4,14.5,14900
2004-04-28 16:00:00-04:00,14.6,14.63,14.5,14.5,17400
2004-04-29 16:00:00-04:00,14.42,14.42,14.42,14.42,0
2004-04-30 16:00:00-04:00,14.47,14.54,14.41,14.48,34800
2004-05-03 16:00:00-04:00,14.45,14.55,14.45,14.52,4900
2004-05-04 16:00:00-04:00,14.49,14.52,14.49,14.5,6600
2004-05-05 16:00:00-04:00,14.46,14.54,14.46,14.5,9900
2004-05-06 16:00:00-04:00,14.52,14.52,14.52,14.52,0
2004-05-07 16:00:00-04:00,14.52,14.52,14.42,14.44,19400
2004-05-10 16:00:00-04:00,14.34,14.49,14.21,14.21,17600
2004-05-11 16:00:00-04:00,14.22,14.26,14.21,14.24,15200
2004-05-12 16:00:00-04:00,14.22,14.23,14.15,14.16,19400
2004-05-13 16:00:00-04:00,14.14,14.14,14.14,14.14,0
2004-05-14 16:00:00-04:00,14.05,14.05,13.5,13.66,50800
2004-05-17 16:00:00-04:00,13.68,13.84,13.56,13.8,32100
2004-05-18 16:00:00-04:00,13.85,13.99,13.85,13.89,10900
2004-05-19 16:00:00-04:00,13.93,13.95,13.85,13.89,15100
2004-05-20 16:00:00-04:00,13.97,13.97,13.97,13.97,0
2004-05-21 16:00:00-04:00,14.05,14.1,13.93,14.04,14100
2004-05-24 16:00:00-04:00,14.08,14.2,14.04,14.06,11300
2004-05-25 16:00:00-04:00,14.1,14.15,14.04,14.13,6000
2004-05-26 16:00:00-04:00,14.2,14.28,14.17,14.25,5800
2004-05-27 16:00:00-04:00,14.38,14.38,14.38,14.38,0
2004-05-28 16:00:00-04:00,14.3,14.4,14.3,14.32,2800
2004-06-01 16:00:00-04:00,14.3,14.4,14.3,14.36,9900
2004-06-02 16:00:00-04:00,14.3,14.35,14.2,14.29,14400
2004-06-03 16:00:00-04:00,14.3,14.34,14.22,14.3,5900
2004-06-04 16:00:00-04:00,14.3,14.35,14.3,14.34,5700
2004-06-07 16:00:00-04:00,14.35,14.35,14.2,14.27,6300
2004-06-08 16:00:00-04:00,14.32,14.35,14.1,14.13,12800
2004-06-09 16:00:00-04:00,14.17,14.17,14.03,14.03,7600
2004-06-10 16:00:00-04:00,14.04,14.07,14.04,14.07,9200
2004-06-14 16:00:00-04:00,14.05,14.1,14.05,14.05,8500
2004-06-15 16:00:00-04:00,14.05,14.16,14.02,14.03,14700
2004-06-16 16:00:00-04:00,14.02,14.3,14.02,14.23,22200
2004-06-17 16:00:00-04:00,14.28,14.29,14.12,14.15,3900
2004-06-18 16:00:00-04:00,14.1,14.15,14.05,14.05,7100
2004-06-21 16:00:00-04:00,14.08,14.08,14.03,14.03,6900
2004-06-22 16:00:00-04:00,14.08,14.09,14.03,14.03,7700
2004-06-23 16:00:00-04:00,14.06,14.06,14.05,14.05,1300
2004-06-24 16:00:00-04:00,14.09,14.1,14.03,14.05,10900
2004-06-25 16:00:00-04:00,14.08,14.08,14.02,14.03,6500
2004-06-28 16:00:00-04:00,14.1,14.12,14.02,14.02,5900
2004-06-29 16:00:00-04:00,14.0,14.03,13.9,13.93,6800
2004-06-30 16:00:00-04:00,13.85,14.0,13.85,13.93,17000
2004-07-01 16:00:00-04:00,13.95,14.06,13.95,14.06,9900
2004-07-02 16:00:00-04:00,14.16,14.3,14.12,14.19,15400
2004-07-06 16:00:00-04:00,14.24,14.33,14.17,14.31,4800
2004-07-07 16:00:00-04:00,14.41,14.41,14.3,14.3,2800
2004-07-08 16:00:00-04:00,14.36,14.4,14.25,14.34,8300
2004-07-09 16:00:00-04:00,14.37,14.42,14.27,14.38,7000
2004-07-12 16:00:00-04:00,14.4,14.4,14.31,14.36,3300
2004-07-13 16:00:00-04:00,14.44,14.44,14.25,14.35,5300
2004-07-14 16:00:00-04:00,14.35,14.46,14.34,14.36,4300
2004-07-15 16:00:00-04:00,14.44,14.5,14.39,14.44,13100
2004-07-16 16:00:00-04:00,14.47,14.55,14.43,14.48,4200
2004-07-19 16:00:00-04:00,14.55,14.58,14.42,14.58,7200
2004-07-20 16:00:00-04:00,14.62,14.63,14.48,14.63,7000
2004-07-21 16:00:00-04:00,14.62,14.62,14.52,14.53,6400
2004-07-22 16:00:00-04:00,14.55,14.6,14.45,14.51,5900
2004-07-23 16:00:00-04:00,14.55,14.55,14.5,14.51,1400
2004-07-26 16:00:00-04:00,14.55,14.56,14.5,14.56,6700
2004-07-27 16:00:00-04:00,14.62,14.62,14.52,14.52,2400
2004-07-28 16:00:00-04:00,14.55,14.55,14.45,14.51,3200
2004-07-29 16:00:00-04:00,14.6,14.67,14.51,14.64,7400
2004-07-30 16:00:00-04:00,14.62,14.72,14.62,14.72,3200
2004-08-02 16:00:00-04:00,14.75,14.76,14.6,14.7,7300
2004-08-03 16:00:00-04:00,14.72,14.75,14.6,14.66,4500
2004-08-04 16:00:00-04:00,14.7,14.79,14.66,14.77,7000
2004-08-05 16:00:00-04:00,14.68,14.72,14.68,14.72,3900
2004-08-06 16:00:00-04:00,14.7,14.88,14.7,14.86,5800
2004-08-09 16:00:00-04:00,14.91,15.04,14.91,15.04,24600
2004-08-10 16:00:00-04:00,15.0,15.0,14.79,14.83,17400
2004-08-11 16:00:00-04:00,14.94,15.03,14.85,14.9,4000
2004-08-12 16:00:00-04:00,14.99,15.03,14.91,14.92,6200
2004-08-13 16:00:00-04:00,14.92,14.98,14.91,14.91,5000
2004-08-16 16:00:00-04:00,14.87,15.0,14.87,14.99,10800
2004-08-17 16:00:00-04:00,14.89,14.99,14.89,14.96,10900
2004-08-18 16:00:00-04:00,15.03,15.05,15.01,15.05,3600
2004-08-19 16:00:00-04:00,14.86,15.08,14.86,15.08,7000
2004-08-20 16:00:00-04:00,15.14,15.15,15.14,15.15,5900
2004-08-23 16:00:00-04:00,15.15,15.15,15.02,15.04,6200
2004-08-24 16:00:00-04:00,14.95,15.1,14.95,15.1,3700
2004-08-25 16:00:00-04:00,14.88,15.0,14.75,14.84,17300
2004-08-26 16:00:00-04:00,14.94,14.94,14.82,14.9,15100
2004-08-27 16:00:00-04:00,14.98,15.0,14.86,14.88,8000
2004-08-30 16:00:00-04:00,14.95,14.99,14.93,14.95,9000
2004-08-31 16:00:00-04:00,14.99,14.99,14.9,14.95,3700
2004-09-01 16:00:00-04:00,14.98,15.04,14.98,15.0,5600
2004-09-02 16:00:00-04:00,15.03,15.04,14.91,14.94,5400
2004-09-03 16:00:00-04:00,15.04,15.04,14.73,14.9,6000
2004-09-07 16:00:00-04:00,15.0,15.05,14.89,14.94,6500
2004-09-08 16:00:00-04:00,14.95,15.0,14.91,15.0,3000
2004-09-09 16:00:00-04:00,15.04,15.04,14.95,14.98,5600
2004-09-10 16:00:00-04:00,15.03,15.1,15.02,15.05,10300
2004-09-13 16:00:00-04:00,15.1,15.1,15.0,15.0,3500
2004-09-14 16:00:00-04:00,15.1,15.1,14.93,14.93,3900
2004-09-15 16:00:00-04:00,15.1,15.17,15.01,15.16,6500
2004-09-16 16:00:00-04:00,15.21,15.4,15.16,15.28,25500
2004-09-17 16:00:00-04:00,15.28,15.28,15.11,15.13,11800
2004-09-20 16:00:00-04:00,15.11,15.15,15.03,15.03,3700
2004-09-21 16:00:00-04:00,15.13,15.19,15.12,15.12,4000
2004-09-22 16:00:00-04:00,15.19,15.19,15.03,15.1,7100
2004-09-23 16:00:00-04:00,15.1,15.34,15.1,15.33,6000
2004-09-24 16:00:00-04:00,15.42,15.42,15.14,15.28,7700
2004-09-27 16:00:00-04:00,15.38,15.38,15.11,15.21,8000
2004-09-28 16:00:00-04:00,15.28,15.39,15.14,15.14,14300
2004-09-29 16:00:00-04:00,15.24,15.25,15.13,15.25,6700
2004-09-30 16:00:00-04:00,15.28,15.28,15.12,15.12,5700
2004-10-01 16:00:00-04:00,15.22,15.22,15.12,15.13,6500
2004-10-04 16:00:00-04:00,15.23,15.23,15.12,15.13,3300
2004-10-05 16:00:00-04:00,15.22,15.29,15.12,15.12,9700
2004-10-06 16:00:00-04:00,15.2,15.2,15.04,15.09,4400
2004-10-07 16:00:00-04:00,15.09,15.18,15.09,15.12,7200
2004-10-08 16:00:00-04:00,15.17,15.2,15.08,15.08,5300
2004-10-11 16:00:00-04:00,15.15,15.19,15.04,15.05,7500
2004-10-12 16:00:00-04:00,15.15,15.16,15.08,15.1,11200
2004-10-13 16:00:00-04:00,15.14,15.17,15.11,15.17,17000
2004-10-14 16:00:00-04:00,15.19,15.19,15.11,15.17,5700
2004-10-15 16:00:00-04:00,15.2,15.28,15.2,15.21,16900
2004-10-18 16:00:00-04:00,15.29,15.29,15.24,15.25,6000
2004-10-19 16:00:00-04:00,15.25,15.29,15.21,15.21,5100
2004-10-20 16:00:00-04:00,15.27,15.3,15.23,15.26,11200
2004-10-21 16:00:00-04:00,15.26,15.36,15.19,15.27,16300
2004-10-22 16:00:00-04:00,15.27,15.4,15.27,15.4,9000
2004-10-25 16:00:00-04:00,15.4,15.41,15.35,15.41,3600
2004-10-26 16:00:00-04:00,15.44,15.45,15.36,15.39,15500
2004-10-27 16:00:00-04:00,15.43,15.46,15.4,15.46,39200
2004-10-28 16:00:00-04:00,15.48,15.63,15.3,15.37,16200
2004-10-29 16:00:00-04:00,15.41,15.5,15.39,15.39,14900
2004-11-01 16:00:00-05:00,15.49,15.49,15.42,15.49,2200
2004-11-02 16:00:00-05:00,15.53,15.73,15.45,15.69,10900
2004-11-03 16:00:00-05:00,15.8,15.8,15.5,15.64,15600
2004-11-04 16:00:00-05:00,15.75,15.75,15.57,15.57,8800
2004-11-05 16:00:00-05:00,15.6,15.66,15.47,15.5,32500
2004-11-08 16:00:00-05:00,15.5,15.56,15.49,15.55,25300
2004-11-09 16:00:00-05:00,15.58,15.59,15.42,15.42,9300
2004-11-10 16:00:00-05:00,15.55,15.55,15.43,15.43,2100
2004-11-11 16:00:00-05:00,15.46,15.49,15.3,15.4,8600
2004-11-12 16:00:00-05:00,15.45,15.52,15.4,15.52,8600
2004-11-15 16:00:00-05:00,15.5,15.75,15.5,15.68,11200
2004-11-16 16:00:00-05:00,15.73,15.73,15.67,15.67,4700
2004-11-17 16:00:00-05:00,15.61,15.69,15.6,15.67,8000
2004-11-18 16:00:00-05:00,15.71,15.75,15.63,15.68,31600
2004-11-19 16:00:00-05:00,14.98,15.02,14.9,14.95,18900
2004-11-22 16:00:00-05:00,14.99,15.05,14.99,15.03,17300
2004-11-23 16:00:00-05:00,15.15,15.15,15.02,15.15,6400
2004-11-24 16:00:00-05:00,15.15,15.15,15.02,15.02,9000
2004-11-26 16:00:00-05:00,15.12,15.12,15.05,15.05,1200
2004-11-29 16:00:00-05:00,15.0,15.05,14.96,14.96,6300
2004-11-30 16:00:00-05:00,14.97,14.97,14.86,14.86,11900
2004-12-01 16:00:00-05:00,14.9,14.99,14.81,14.84,3000
2004-12-02 16:00:00-05:00,14.81,14.9,14.75,14.9,19800
2004-12-03 16:00:00-05:00,14.93,14.93,14.79,14.88,14400
2004-12-06 16:00:00-05:00,14.98,14.98,14.75,14.9,14900
2004-12-07 16:00:00-05:00,15.0,15.1,14.85,14.95,16200
2004-12-08 16:00:00-05:00,14.98,15.03,14.87,15.0,13800
2004-12-09 16:00:00-05:00,14.89,14.95,14.8,14.95,32400
2004-12-10 16:00:00-05:00,15.2,15.2,15.0,15.06,42900
2004-12-13 16:00:00-05:00,15.07,15.17,15.07,15.12,4500
2004-12-14 16:00:00-05:00,15.2,15.2,15.11,15.17,11800
2004-12-15 16:00:00-05:00,15.19,15.22,15.16,15.22,11900
2004-12-16 16:00:00-05:00,15.25,15.86,15.22,15.39,69800
2004-12-17 16:00:00-05:00,15.35,15.55,15.32,15.4,6300
2004-12-20 16:00:00-05:00,15.5,15.5,15.29,15.31,4000
2004-12-21 16:00:00-05:00,15.13,15.24,15.12,15.24,4600
2004-12-22 16:00:00-05:00,15.31,15.34,15.27,15.34,8700
2004-12-23 16:00:00-05:00,15.3,15.3,15.19,15.236,5200
2004-12-27 16:00:00-05:00,15.25,15.32,15.25,15.28,2800
2004-12-28 16:00:00-05:00,15.21,15.34,15.14,15.16,23500
2004-12-29 16:00:00-05:00,15.26,15.31,15.12,15.29,4700
2004-12-30 16:00:00-05:00,15.19,15.35,15.19,15.3,5200
2004-12-31 16:00:00-05:00,15.34,15.44,15.32,15.44,16200
2005-01-03 16:00:00-05:00,15.44,15.44,15.36,15.36,3900
2005-01-04 16:00:00-05:00,15.38,15.38,15.15,15.22,6900
2005-01-05 16:00:00-05:00,15.1,15.25,15.07,15.23,15100
2005-01-06 16:00:00-05:00,15.13,15.2,15.13,15.13,2000
2005-01-07 16:00:00-05:00,15.24,15.24,15.07,15.12,9200
2005-01-10 16:00:00-05:00,15.12,15.13,15.12,15.13,2900
2005-01-11 16:00:00-05:00,15.08,15.18,15.08,15.18,4300
2005-01-12 16:00:00-05:00,15.19,15.21,15.18,15.18,2000
2005-01-13 16:00:00-05:00,15.13,15.14,15.11,15.14,2100
2005-01-14 16:00:00-05:00,15.12,15.12,15.08,15.1,7600
2005-01-18 16:00:00-05:00,15.07,15.17,15.07,15.17,11500
2005-01-19 16:00:00-05:00,15.08,15.35,15.08,15.15,19500
2005-01-20 16:00:00-05:00,15.16,15.2,15.08,15.19,5600
2005-01-21 16:00:00-05:00,15.24,15.24,15.17,15.19,3100
2005-01-24 16:00:00-05:00,15.21,15.26,15.16,15.24,9000
2005-01-25 16:00:00-05:00,15.19,15.23,15.17,15.22,2700
2005-01-26 16:00:00-05:00,15.27,15.27,15.09,15.15,6600
2005-01-27 16:00:00-05:00,15.17,15.24,15.17,15.23,5900
2005-01-28 16:00:00-05:00,15.24,15.26,15.12,15.25,12100
2005-01-31 16:00:00-05:00,15.26,15.34,15.26,15.32,9700
2005-02-01 16:00:00-05:00,15.22,15.34,15.22,15.34,5800
2005-02-02 16:00:00-05:00,15.25,15.34,15.22,15.33,6400
2005-02-03 16:00:00-05:00,15.29,15.33,15.29,15.33,5800
2005-02-04 16:00:00-05:00,15.35,15.58,15.35,15.37,12500
2005-02-07 16:00:00-05:00,15.39,15.48,15.39,15.48,6200
2005-02-08 16:00:00-05:00,15.38,15.51,15.38,15.48,5000
2005-02-09 16:00:00-05:00,15.5,15.53,15.45,15.5,10400
2005-02-10 16:00:00-05:00,15.51,15.54,15.51,15.54,4300
2005-02-11 16:00:00-05:00,15.49,15.49,15.4,15.41,18400
2005-02-14 16:00:00-05:00,15.47,15.48,15.43,15.45,5100
2005-02-15 16:00:00-05:00,15.44,15.49,15.43,15.47,15400
2005-02-16 16:00:00-05:00,15.42,15.47,15.41,15.46,3100
2005-02-17 16:00:00-05:00,15.44,15.47,15.31,15.4,7000
2005-02-18 16:00:00-05:00,15.37,15.37,15.29,15.29,7700
2005-02-22 16:00:00-05:00,15.26,15.35,15.26,15.27,8900
2005-02-23 16:00:00-05:00,15.04,15.13,14.94,15.05,16500
2005-02-24 16:00:00-05:00,15.11,15.13,15.08,15.12,6800
2005-02-25 16:00:00-05:00,15.2,15.2,15.05,15.12,11600
2005-02-28 16:00:00-05:00,15.07,15.1,15.05,15.05,2900
2005-03-01 16:00:00-05:00,14.98,15.1,14.98,15.05,11800
2005-03-02 16:00:00-05:00,15.07,15.09,14.99,15.09,7600
2005-03-03 16:00:00-05:00,15.09,15.2,15.07,15.09,20700
2005-03-04 16:00:00-05:00,15.1,15.11,15.08,15.08,10500
2005-03-07 16:00:00-05:00,15.04,15.2,15.04,15.15,21000
2005-03-08 16:00:00-05:00,15.15,15.16,15.11,15.16,13300
2005-03-09 16:00:00-05:00,15.07,15.07,14.94,14.98,5700
2005-03-10 16:00:00-05:00,14.97,14.98,14.87,14.92,7300
2005-03-11 16:00:00-05:00,14.9,14.95,14.85,14.93,12700
2005-03-14 16:00:00-05:00,14.92,14.93,14.79,14.86,7400
2005-03-15 16:00:00-05:00,14.89,14.92,14.89,14.89,6200
2005-03-16 16:00:00-05:00,14.87,14.88,14.72,14.72,25900
2005-03-17 16:00:00-05:00,14.74,14.77,14.61,14.62,20500
2005-03-18 16:00:00-05:00,14.41,14.59,14.41,14.46,6100
2005-03-21 16:00:00-05:00,14.6,14.6,14.41,14.45,9100
2005-03-22 16:00:00-05:00,14.38,14.38,14.07,14.09,8000
2005-03-23 16:00:00-05:00,14.05,14.2,14.05,14.07,13000
2005-03-24 16:00:00-05:00,14.06,14.07,13.91,13.91,11300
2005-03-28 16:00:00-05:00,13.91,14.01,13.91,14.0,5500
2005-03-29 16:00:00-05:00,13.91,14.05,13.91,14.0,4900
2005-03-30 16:00:00-05:00,14.06,14.09,13.95,14.09,11300
2005-03-31 16:00:00-05:00,14.16,14.44,14.16,14.38,15300
2005-04-01 16:00:00-05:00,14.37,14.43,14.21,14.41,5200
2005-04-04 16:00:00-04:00,14.42,14.45,14.31,14.31,4700
2005-04-05 16:00:00-04:00,14.58,14.58,14.34,14.34,7600
2005-04-06 16:00:00-04:00,14.46,14.46,14.31,14.34,3700
2005-04-07 16:00:00-04:00,14.24,14.55,14.18,14.4,6000
2005-04-08 16:00:00-04:00,14.35,14.45,14.35,14.45,2800
2005-04-11 16:00:00-04:00,14.45,14.45,14.39,14.39,2800
2005-04-12 16:00:00-04:00,14.44,14.44,14.3,14.39,6900
2005-04-13 16:00:00-04:00,14.44,14.45,14.33,14.44,8300
2005-04-14 16:00:00-04:00,14.32,14.4,13.9,14.17,36900
2005-04-15 16:00:00-04:00,14.07,14.24,14.07,14.17,9600
2005-04-18 16:00:00-04:00,14.38,14.41,14.3,14.4,12400
2005-04-19 16:00:00-04:00,14.27,14.6,14.27,14.6,6800
2005-04-20 16:00:00-04:00,14.6,14.6,14.32,14.42,7300
2005-04-21 16:00:00-04:00,14.32,14.54,14.15,14.34,13500
2005-04-22 16:00:00-04:00,14.44,14.48,14.24,14.38,5600
2005-04-25 16:00:00-04:00,14.4,14.52,14.38,14.41,3600
2005-04-26 16:00:00-04:00,14.43,14.44,14.29,14.3,8400
2005-04-27 16:00:00-04:00,14.35,14.52,14.35,14.38,5700
2005-04-28 16:00:00-04:00,14.52,14.53,14.39,14.53,2100
2005-04-29 16:00:00-04:00,14.62,14.62,14.45,14.45,9200
2005-05-02 16:00:00-04:00,14.36,14.61,14.36,14.53,5900
2005-05-03 16:00:00-04:00,14.6,14.6,14.46,14.59,3500
2005-05-04 16:00:00-04:00,14.49,14.64,14.49,14.53,2600
2005-05-05 16:00:00-04:00,14.58,14.61,14.53,14.61,5400
2005-05-06 16:00:00-04:00,14.7,14.7,14.37,14.5,10600
2005-05-09 16:00:00-04:00,14.54,14.55,14.4,14.46,7600
2005-05-10 16:00:00-04:00,14.49,14.49,14.45,14.48,3400
2005-05-11 16:00:00-04:00,14.58,14.63,14.5,14.5,2300
2005-05-12 16:00:00-04:00,14.5,14.58,14.3,14.3,8200
2005-05-13 16:00:00-04:00,14.3,14.57,14.3,14.44,14500
2005-05-16 16:00:00-04:00,14.54,14.59,14.44,14.53,13200
2005-05-17 16:00:00-04:00,14.56,14.57,14.44,14.46,10900
2005-05-18 16:00:00-04:00,14.36,14.58,14.3,14.57,7800
2005-05-19 16:00:00-04:00,14.47,14.57,14.47,14.5,4500
2005-05-20 16:00:00-04:00,14.28,14.38,14.15,14.28,5200
2005-05-23 16:00:00-04:00,14.29,14.35,14.18,14.3,9800
2005-05-24 16:00:00-04:00,14.35,14.35,14.17,14.17,7300
2005-05-25 16:00:00-04:00,14.35,14.44,14.23,14.23,23300
2005-05-26 16:00:00-04:00,14.13,14.33,14.13,14.25,18800
2005-05-27 16:00:00-04:00,14.35,14.47,14.33,14.45,23300
2005-05-31 16:00:00-04:00,14.4,14.59,14.33,14.53,14100
2005-06-01 16:00:00-04:00,14.47,14.55,14.47,14.53,2800
2005-06-02 16:00:00-04:00,14.52,14.71,14.5109,14.71,5800
2005-06-03 16:00:00-04:00,14.8,14.98,14.72,14.74,5500
2005-06-06 16:00:00-04:00,14.84,14.84,14.63,14.63,11900
2005-06-07 16:00:00-04:00,14.63,14.76,14.62,14.68,6400
2005-06-08 16:00:00-04:00,14.58,14.7,14.58,14.68,9700
2005-06-09 16:00:00-04:00,14.72,14.72,14.61,14.72,2900
2005-06-10 16:00:00-04:00,14.74,14.9,14.66,14.75,10100
2005-06-13 16:00:00-04:00,14.97,14.97,14.68,14.82,13100
2005-06-14 16:00:00-04:00,14.76,14.86,14.76,14.8,15900
2005-06-15 16:00:00-04:00,14.9,14.9,14.72,14.87,12500
2005-06-16 16:00:00-04:00,14.85,14.88,14.79,14.81,31100
2005-06-17 16:00:00-04:00,14.76,14.86,14.76,14.81,8600
2005-06-20 16:00:00-04:00,14.84,14.84,14.76,14.8,5700
2005-06-21 16:00:00-04:00,14.75,14.81,14.71,14.8,11200
2005-06-22 16:00:00-04:00,14.78,14.84,14.68,14.84,17500
2005-06-23 16:00:00-04:00,14.84,14.86,14.76,14.77,3100
2005-06-24 16:00:00-04:00,14.84,14.84,14.8,14.81,4400
2005-06-27 16:00:00-04:00,14.75,14.85,14.69,14.79,6900
2005-06-28 16:00:00-04:00,14.84,14.97,14.84,14.89,4500
2005-06-29 16:00:00-04:00,14.89,14.91,14.78,14.79,3300
2005-06-30 16:00:00-04:00,14.89,15.0,14.79,15.0,7800
2005-07-01 16:00:00-04:00,14.99,15.04,14.9,14.92,12800
2005-07-05 16:00:00-04:00,15.0,15.0,14.83,14.83,7600
2005-07-06 16:00:00-04:00,14.74,14.88,14.74,14.88,5200
2005-07-07 16:00:00-04:00,14.9,14.98,14.85,14.97,7600
2005-07-08 16:00:00-04:00,15.0,15.0,14.88,14.95,4600
2005-07-11 16:00:00-04:00,15.01,15.01,14.79,14.92,15300
2005-07-12 16:00:00-04:00,14.93,14.96,14.85,14.87,6200
2005-07-13 16:00:00-04:00,14.89,14.94,14.76,14.94,3200
2005-07-14 16:00:00-04:00,14.97,14.97,14.78,14.78,8900
2005-07-15 16:00:00-04:00,14.88,14.91,14.78,14.87,8800
2005-07-18 16:00:00-04:00,14.9,14.9,14.75,14.81,8700
2005-07-19 16:00:00-04:00,14.88,14.88,14.81,14.87,7100
2005-07-20 16:00:00-04:00,14.81,14.89,14.8,14.85,7500
2005-07-21 16:00:00-04:00,14.82,14.88,14.81,14.83,4700
2005-07-22 16:00:00-04:00,14.77,14.8146,14.76,14.81,8400
2005-07-25 16:00:00-04:00,14.89,14.89,14.77,14.77,7600
2005-07-26 16:00:00-04:00,14.89,14.89,14.77,14.82,12500
2005-07-27 16:00:00-04:00,14.8,14.85,14.8,14.84,3400
2005-07-28 16:00:00-04:00,14.9,14.9,14.81,14.9,11400
2005-07-29 16:00:00-04:00,14.9,14.9,14.8172,14.87,8200
2005-08-01 16:00:00-04:00,14.87,14.94,14.86,14.88,8200
2005-08-02 16:00:00-04:00,14.98,14.99,14.87,14.95,7300
2005-08-03 16:00:00-04:00,14.95,14.95,14.86,14.89,8300
2005-08-04 16:00:00-04:00,14.89,14.95,14.87,14.93,7100
2005-08-05 16:00:00-04:00,14.92,14.9246,14.86,14.92,1300
2005-08-08 16:00:00-04:00,14.92,14.92,14.75,14.76,17000
2005-08-09 16:00:00-04:00,14.81,14.8182,14.77,14.79,11300
2005-08-10 16:00:00-04:00,14.84,14.84,14.75,14.84,9100
2005-08-11 16:00:00-04:00,14.82,14.82,14.71,14.79,2900
2005-08-12 16:00:00-04:00,14.89,14.89,14.73,14.82,15700
2005-08-15 16:00:00-04:00,14.87,14.88,14.74,14.77,15700
2005-08-16 16:00:00-04:00,14.86,14.87,14.72,14.75,13600
2005-08-17 16:00:00-04:00,14.83,14.83,14.73,14.8,9700
2005-08-18 16:00:00-04:00,14.86,14.92,14.81,14.82,24600
2005-08-19 16:00:00-04:00,14.9,14.93,14.8,14.81,14300
2005-08-22 16:00:00-04:00,14.91,14.9119,14.82,14.86,12800
2005-08-23 16:00:00-04:00,14.89,14.91,14.78,14.9,20000
2005-08-24 16:00:00-04:00,14.94,14.94,14.84,14.9,3100
2005-08-25 16:00:00-04:00,14.92,14.92,14.8827,14.92,5800
2005-08-26 16:00:00-04:00,14.94,14.98,14.88,14.88,12800
2005-08-29 16:00:00-04:00,14.9,14.98,14.9,14.97,5300
2005-08-30 16:00:00-04:00,14.99,15.01,14.942,14.97,8200
2005-08-31 16:00:00-04:00,15.0,15.06,14.95,15.02,8600
2005-09-01 16:00:00-04:00,15.12,15.12,15.0,15.02,9600
2005-09-02 16:00:00-04:00,15.14,15.14,14.96,14.97,20600
2005-09-06 16:00:00-04:00,14.97,15.11,14.97,15.11,4000
2005-09-07 16:00:00-04:00,15.03,15.11,15.03,15.07,9300
2005-09-08 16:00:00-04:00,15.09,15.14,15.0,15.0,25900
2005-09-09 16:00:00-04:00,15.08,15.14,15.01,15.1,8900
2005-09-12 16:00:00-04:00,15.15,15.1973,15.02,15.07,10600
2005-09-13 16:00:00-04:00,15.07,15.08,14.94,14.99,11700
2005-09-14 16:00:00-04:00,14.96,15.0701,14.96,15.07,10300
2005-09-15 16:00:00-04:00,15.0,15.08,14.97,14.97,8100
2005-09-16 16:00:00-04:00,14.95,14.99,14.93,14.95,3800
2005-09-19 16:00:00-04:00,14.95,14.95,14.91,14.91,5700
2005-09-20 16:00:00-04:00,14.9,14.95,14.82,14.95,20600
2005-09-21 16:00:00-04:00,14.86,14.96,14.86,14.91,5100
2005-09-22 16:00:00-04:00,14.91,14.96,14.91,14.92,4100
2005-09-23 16:00:00-04:00,14.83,14.95,14.81,14.84,6100
2005-09-26 16:00:00-04:00,14.93,14.93,14.76,14.8,22300
2005-09-27 16:00:00-04:00,14.79,14.8765,14.72,14.72,14400
2005-09-28 16:00:00-04:00,14.7,14.86,14.7,14.86,5100
2005-09-29 16:00:00-04:00,14.86,14.86,14.74,14.8,6900
2005-09-30 16:00:00-04:00,14.75,14.87,14.75,14.81,7500
2005-10-03 16:00:00-04:00,14.83,14.85,14.67,14.85,10700
2005-10-04 16:00:00-04:00,14.9,14.95,14.8,14.8,12200
2005-10-05 16:00:00-04:00,14.751,14.86,14.751,14.76,6900
2005-10-06 16:00:00-04:00,14.75,14.83,14.74,14.74,6500
2005-10-07 16:00:00-04:00,14.73,14.75,14.6601,14.74,2300
2005-10-10 16:00:00-04:00,14.84,14.84,14.7,14.7,3100
2005-10-11 16:00:00-04:00,14.66,14.77,14.66,14.68,9500
2005-10-12 16:00:00-04:00,14.6,14.64,14.45,14.45,13800
2005-10-13 16:00:00-04:00,14.4,14.46,14.16,14.21,8000
2005-10-14 16:00:00-04:00,14.31,14.3874,14.25,14.29,9800
2005-10-17 16:00:00-04:00,14.26,14.36,14.15,14.29,10300
2005-10-18 16:00:00-04:00,14.21,14.33,14.12,14.13,9700
2005-10-19 16:00:00-04:00,14.11,14.31,14.11,14.23,9500
2005-10-20 16:00:00-04:00,14.25,14.25,14.15,14.15,1500
2005-10-21 16:00:00-04:00,14.11,14.25,14.06,14.25,9800
2005-10-24 16:00:00-04:00,14.15,14.33,14.15,14.33,5400
2005-10-25 16:00:00-04:00,14.33,14.35,14.23,14.24,2500
2005-10-26 16:00:00-04:00,14.24,14.25,14.1,14.16,13800
2005-10-27 16:00:00-04:00,14.17,14.17,13.6,13.79,125400
2005-10-28 16:00:00-04:00,13.84,14.03,13.84,13.99,10900
2005-10-31 16:00:00-05:00,14.0,14.05,13.95,14.03,12600
2005-11-01 16:00:00-05:00,13.93,14.0,13.93,13.99,8700
2005-11-02 16:00:00-05:00,13.96,14.05,13.96,14.05,13400
2005-11-03 16:00:00-05:00,14.05,14.07,14.01,14.07,4500
2005-11-04 16:00:00-05:00,14.07,14.07,14.0,14.05,8800
2005-11-07 16:00:00-05:00,14.0,14.05,13.92,14.02,12200
2005-11-08 16:00:00-05:00,13.93,14.04,13.93,14.02,1600
2005-11-09 16:00:00-05:00,13.96,14.05,13.95,14.0,7500
2005-11-10 16:00:00-05:00,13.92,14.011,13.91,13.91,3800
2005-11-11 16:00:00-05:00,13.9,13.94,13.86,13.94,8900
2005-11-14 16:00:00-05:00,13.95,14.0,13.87,13.95,2600
2005-11-15 16:00:00-05:00,13.86,13.92,13.8272,13.92,10200
2005-11-16 16:00:00-05:00,13.86,13.96,13.8501,13.94,3900
2005-11-17 16:00:00-05:00,13.98,13.98,13.82,13.89,11400
2005-11-18 16:00:00-05:00,13.82,13.94,13.65,13.75,23200
2005-11-21 16:00:00-05:00,13.67,13.81,13.67,13.801,7400
2005-11-22 16:00:00-05:00,13.76,13.89,13.7501,13.89,2900
2005-11-23 16:00:00-05:00,13.8,13.94,13.8,13.86,13400
2005-11-25 16:00:00-05:00,13.88,13.94,13.81,13.87,13300
2005-11-28 16:00:00-05:00,13.87,13.94,13.87,13.8901,10600
2005-11-29 16:00:00-05:00,13.96,13.96,13.87,13.9,10400
2005-11-30 16:00:00-05:00,13.87,13.98,13.87,13.9,13900
2005-12-01 16:00:00-05:00,13.87,14.0,13.87,13.89,15500
2005-12-02 16:00:00-05:00,13.87,13.94,13.87,13.94,3900
2005-12-05 16:00:00-05:00,13.9,13.95,13.85,13.91,24800
2005-12-06 16:00:00-05:00,13.88,13.93,13.81,13.89,10200
2005-12-07 16:00:00-05:00,13.82,13.89,13.82,13.89,13400
2005-12-08 16:00:00-05:00,13.83,13.92,13.83,13.87,14400
2005-12-09 16:00:00-05:00,13.88,13.91,13.84,13.85,10500
2005-12-12 16:00:00-05:00,13.83,13.94,13.83,13.94,12000
2005-12-13 16:00:00-05:00,13.81,13.9,13.73,13.7696,17700
2005-12-14 16:00:00-05:00,13.76,13.85,13.76,13.85,19400
2005-12-15 16:00:00-05:00,13.8,13.84,13.74,13.79,21800
2005-12-16 16:00:00-05:00,13.83,13.9,13.82,13.85,8200
2005-12-19 16:00:00-05:00,13.93,13.94,13.8,13.92,13600
2005-12-20 16:00:00-05:00,13.92,13.93,13.8,13.86,13800
2005-12-21 16:00:00-05:00,13.92,13.92,13.86,13.88,4200
2005-12-22 16:00:00-05:00,13.86,13.98,13.84,13.96,16800
2005-12-23 16:00:00-05:00,13.94,14.0,13.94,14.0,4100
2005-12-27 16:00:00-05:00,13.97,14.09,13.97,14.09,8300
2005-12-28 16:00:00-05:00,14.09,14.09,14.04,14.08,5700
2005-12-29 16:00:00-05:00,14.07,14.09,14.006,14.01,20600
2005-12-30 16:00:00-05:00,14.09,14.14,14.05,14.14,38500
2006-01-03 16:00:00-05:00,14.15,14.24,14.08,14.18,10000
2006-01-04 16:00:00-05:00,14.28,14.34,14.21,14.26,19400
2006-01-05 16:00:00-05:00,14.33,14.46,14.3,14.43,8800
2006-01-06 16:00:00-05:00,14.4,14.45,14.4,14.45,7300
2006-01-09 16:00:00-05:00,14.45,14.5,14.42,14.46,3000
2006-01-10 16:00:00-05:00,14.46,14.54,14.46,14.54,13400
2006-01-11 16:00:00-05:00,14.49,14.53,14.41,14.44,7300
2006-01-12 16:00:00-05:00,14.49,14.57,14.4601,14.51,9500
2006-01-13 16:00:00-05:00,14.5,14.58,14.47,14.57,4700
2006-01-17 16:00:00-05:00,14.51,14.6,14.4984,14.6,7300
2006-01-18 16:00:00-05:00,14.5,14.8,14.5,14.619,17900
2006-01-19 16:00:00-05:00,14.69,14.69,14.67,14.67,3500
2006-01-20 16:00:00-05:00,14.65,14.66,14.62,14.62,4300
2006-01-23 16:00:00-05:00,14.59,14.74,14.59,14.74,9000
2006-01-24 16:00:00-05:00,14.65,14.73,14.65,14.73,6000
2006-01-25 16:00:00-05:00,14.67,14.73,14.67,14.71,4300
2006-01-26 16:00:00-05:00,14.7,14.7,14.4,14.45,15200
2006-01-27 16:00:00-05:00,14.5,14.59,14.5,14.52,7800
2006-01-30 16:00:00-05:00,14.49,14.6,14.49,14.59,11300
2006-01-31 16:00:00-05:00,14.68,14.7,14.43,14.46,15100
2006-02-01 16:00:00-05:00,14.54,14.62,14.52,14.56,12000
2006-02-02 16:00:00-05:00,14.54,14.64,14.44,14.54,7300
2006-02-03 16:00:00-05:00,14.46,14.5036,14.37,14.37,6500
2006-02-06 16:00:00-05:00,14.4,14.43,14.26,14.3,17800
2006-02-07 16:00:00-05:00,14.33,14.57,14.33,14.48,3800
2006-02-08 16:00:00-05:00,14.43,14.57,14.43,14.46,3100
2006-02-09 16:00:00-05:00,14.55,14.6,14.51,14.6,5700
2006-02-10 16:00:00-05:00,14.55,14.64,14.55,14.64,4000
2006-02-13 16:00:00-05:00,14.5,14.65,14.5,14.58,5000
2006-02-14 16:00:00-05:00,14.52,14.6004,14.5,14.5,10300
2006-02-15 16:00:00-05:00,14.5,14.65,14.45,14.65,8400
2006-02-16 16:00:00-05:00,14.6,14.66,14.5,14.55,4900
2006-02-17 16:00:00-05:00,14.62,14.62,14.41,14.48,6300
2006-02-21 16:00:00-05:00,14.42,14.55,14.42,14.47,6400
2006-02-22 16:00:00-05:00,14.52,14.68,14.5,14.52,9900
2006-02-23 16:00:00-05:00,14.6,14.68,14.57,14.57,7000
2006-02-24 16:00:00-05:00,14.5,14.59,14.5,14.59,12200
2006-02-27 16:00:00-05:00,14.5,14.5916,14.48,14.51,5800
2006-02-28 16:00:00-05:00,14.58,14.58,14.45,14.55,10400
2006-03-01 16:00:00-05:00,14.55,14.69,14.55,14.57,8400
2006-03-02 16:00:00-05:00,14.52,14.68,14.52,14.65,3400
2006-03-03 16:00:00-05:00,14.6,14.65,14.55,14.55,9500
2006-03-06 16:00:00-05:00,14.46,14.6,14.45,14.54,6700
2006-03-07 16:00:00-05:00,14.64,14.69,14.5,14.55,6800
2006-03-08 16:00:00-05:00,14.51,14.51,14.43,14.49,7000
2006-03-09 16:00:00-05:00,14.59,14.59,14.5,14.5,3700
2006-03-10 16:00:00-05:00,14.5,14.59,14.47,14.49,9000
2006-03-13 16:00:00-05:00,14.39,14.51,14.38,14.38,5000
2006-03-14 16:00:00-05:00,14.3,14.53,14.3,14.48,10700
2006-03-15 16:00:00-05:00,14.4,14.5,14.372,14.45,5700
2006-03-16 16:00:00-05:00,14.38,14.6,14.38,14.6,7200
2006-03-17 16:00:00-05:00,14.5,14.64,14.5,14.59,3300
2006-03-20 16:00:00-05:00,14.59,14.68,14.59,14.68,6000
2006-03-21 16:00:00-05:00,14.68,14.68,14.65,14.68,4200
2006-03-22 16:00:00-05:00,14.59,14.69,14.57,14.57,9900
2006-03-23 16:00:00-05:00,14.56,14.67,14.54,14.54,7600
2006-03-24 16:00:00-05:00,14.64,14.64,14.51,14.51,3800
2006-03-27 16:00:00-05:00,14.48,14.52,14.33,14.41,16100
2006-03-28 16:00:00-05:00,14.44,14.45,14.3201,14.34,8000
2006-03-29 16:00:00-05:00,14.32,14.42,14.27,14.32,13900
2006-03-30 16:00:00-05:00,14.33,14.35,14.18,14.23,7700
2006-03-31 16:00:00-05:00,14.23,14.29,14.15,14.2,15600
2006-04-03 16:00:00-04:00,14.2,14.29,14.11,14.26,10300
2006-04-04 16:00:00-04:00,14.16,14.25,14.12,14.24,4500
2006-04-05 16:00:00-04:00,14.17,14.25,14.17,14.21,4700
2006-04-06 16:00:00-04:00,14.25,14.28,14.06,14.24,9300
2006-04-07 16:00:00-04:00,14.27,14.27,14.12,14.19,5100
2006-04-10 16:00:00-04:00,14.12,14.19,14.02,14.1,13800
2006-04-11 16:00:00-04:00,13.95,14.07,13.94,14.01,7500
2006-04-12 16:00:00-04:00,13.94,14.04,13.92,14.01,12400
2006-04-13 16:00:00-04:00,13.93,14.09,13.93,14.04,6100
2006-04-17 16:00:00-04:00,13.94,14.11,13.84,13.84,8500
2006-04-18 16:00:00-04:00,13.84,14.04,13.84,14.0101,3900
2006-04-19 16:00:00-04:00,13.96,14.1,13.96,14.05,5700
2006-04-20 16:00:00-04:00,13.96,14.08,13.96,14.05,5500
2006-04-21 16:00:00-04:00,14.1,14.1888,14.05,14.09,9700
2006-04-24 16:00:00-04:00,14.06,14.14,14.06,14.06,8100
2006-04-25 16:00:00-04:00,14.05,14.09,13.68,13.79,23600
2006-04-26 16:00:00-04:00,13.71,13.93,13.71,13.93,6800
2006-04-27 16:00:00-04:00,13.93,14.0,13.93,14.0,6400
2006-04-28 16:00:00-04:00,13.91,14.09,13.91,14.07,5900
2006-05-01 16:00:00-04:00,13.97,14.18,13.97,14.14,14100
2006-05-02 16:00:00-04:00,14.17,14.17,13.96,14.0,7100
2006-05-03 16:00:00-04:00,13.97,14.02,13.97,13.98,5200
2006-05-04 16:00:00-04:00,13.96,14.0828,13.96,14.07,8600
2006-05-05 16:00:00-04:00,14.09,14.14,14.0332,14.09,8500
2006-05-08 16:00:00-04:00,14.09,14.13,14.02,14.09,4200
2006-05-09 16:00:00-04:00,14.09,14.15,14.0084,14.01,11100
2006-05-10 16:00:00-04:00,14.03,14.18,14.03,14.05,10900
2006-05-11 16:00:00-04:00,14.07,14.07,13.99,13.99,3100
2006-05-12 16:00:00-04:00,13.93,14.0,13.926,13.93,7100
2006-05-15 16:00:00-04:00,13.93,13.97,13.88,13.9,9300
2006-05-16 16:00:00-04:00,14.02,14.02,13.88,13.88,11100
2006-05-17 16:00:00-04:00,13.78,13.81,13.71,13.72,11200
2006-05-18 16:00:00-04:00,13.72,13.85,13.72,13.8,5900
2006-05-19 16:00:00-04:00,13.8,13.86,13.8,13.82,1000
2006-05-22 16:00:00-04:00,13.82,13.89,13.82,13.84,2300
2006-05-23 16:00:00-04:00,13.84,13.88,13.78,13.79,22200
2006-05-24 16:00:00-04:00,13.85,13.88,13.75,13.75,13700
2006-05-25 16:00:00-04:00,13.85,13.8999,13.81,13.81,8100
2006-05-26 16:00:00-04:00,13.76,13.86,13.76,13.77,8300
2006-05-30 16:00:00-04:00,13.75,13.85,13.71,13.72,12100
2006-05-31 16:00:00-04:00,13.8,13.87,13.72,13.78,7500
2006-06-01 16:00:00-04:00,13.8,13.99,13.78,13.89,32100
2006-06-02 16:00:00-04:00,13.95,14.0,13.8,13.85,13700
2006-06-05 16:00:00-04:00,13.85,13.91,13.83,13.83,3400
2006-06-06 16:00:00-04:00,13.81,13.89,13.69,13.71,12300
2006-06-07 16:00:00-04:00,13.71,13.83,13.67,13.76,19300
2006-06-08 16:00:00-04:00,13.68,13.8,13.68,13.71,28000
2006-06-09 16:00:00-04:00,13.71,13.79,13.71,13.76,1600
2006-06-12 16:00:00-04:00,13.8,13.83,13.71,13.79,17100
2006-06-13 16:00:00-04:00,13.7,13.82,13.7,13.82,6600
2006-06-14 16:00:00-04:00,13.82,13.84,13.7,13.7,29300
2006-06-15 16:00:00-04:00,13.7,13.76,13.66,13.68,8600
2006-06-16 16:00:00-04:00,13.65,13.72,13.61,13.69,9500
2006-06-19 16:00:00-04:00,13.69,13.69,13.56,13.65,6500
2006-06-20 16:00:00-04:00,13.6,13.63,13.52,13.6,6400
2006-06-21 16:00:00-04:00,13.53,13.58,13.48,13.54,8100
2006-06-22 16:00:00-04:00,13.46,13.54,13.45,13.51,18200
2006-06-23 16:00:00-04:00,13.47,13.51,13.38,13.5,5000
2006-06-26 16:00:00-04:00,13.46,13.4612,13.39,13.44,11300
2006-06-27 16:00:00-04:00,13.44,13.44,13.2796,13.36,12800
2006-06-28 16:00:00-04:00,13.37,13.4,13.3,13.39,18200
2006-06-29 16:00:00-04:00,13.39,13.4212,13.3524,13.4,26000
2006-06-30 16:00:00-04:00,13.44,13.56,13.42,13.56,20100
2006-07-03 16:00:00-04:00,13.36,13.61,13.36,13.57,17300
2006-07-05 16:00:00-04:00,13.5,13.55,13.45,13.49,10600
2006-07-06 16:00:00-04:00,13.54,13.55,13.4901,13.5,4000
2006-07-07 16:00:00-04:00,13.51,13.55,13.51,13.55,6400
2006-07-10 16:00:00-04:00,13.53,13.63,13.53,13.54,10200
2006-07-11 16:00:00-04:00,13.52,13.69,13.52,13.66,10200
2006-07-12 16:00:00-04:00,13.53,13.74,13.51,13.74,13500
2006-07-13 16:00:00-04:00,13.75,13.84,13.72,13.84,7600
2006-07-14 16:00:00-04:00,13.76,13.79,13.63,13.71,8300
2006-07-17 16:00:00-04:00,13.72,13.74,13.606,13.74,12400
2006-07-18 16:00:00-04:00,13.69,13.74,13.68,13.73,13500
2006-07-19 16:00:00-04:00,13.76,13.8,13.72,13.8,9400
2006-07-20 16:00:00-04:00,13.8,13.8,13.71,13.8,7200
2006-07-21 16:00:00-04:00,13.8,13.85,13.72,13.85,8700
2006-07-24 16:00:00-04:00,13.85,13.89,13.8,13.85,8500
2006-07-25 16:00:00-04:00,13.94,13.96,13.72,13.89,21100
2006-07-26 16:00:00-04:00,13.9,14.05,13.829,14.0,36200
2006-07-27 16:00:00-04:00,14.04,14.04,13.93,14.0,7000
2006-07-28 16:00:00-04:00,14.0,14.04,13.94,14.04,6200
2006-07-31 16:00:00-04:00,13.95,14.15,13.89,14.15,45700
2006-08-01 16:00:00-04:00,14.15,14.16,14.02,14.07,24600
2006-08-02 16:00:00-04:00,14.16,14.1616,14.06,14.1,9400
2006-08-03 16:00:00-04:00,14.15,14.15,14.06,14.14,8800
2006-08-04 16:00:00-04:00,14.15,14.23,14.0984,14.22,6200
2006-08-07 16:00:00-04:00,14.25,14.25,14.1,14.14,10700
2006-08-08 16:00:00-04:00,14.18,14.3,14.08,14.3,12600
2006-08-09 16:00:00-04:00,14.35,14.5499,14.35,14.47,7100
2006-08-10 16:00:00-04:00,14.37,14.42,14.2,14.35,8100
2006-08-11 16:00:00-04:00,14.33,14.38,14.3,14.35,2400
2006-08-14 16:00:00-04:00,14.45,14.4599,14.31,14.44,5400
2006-08-15 16:00:00-04:00,14.45,14.45,14.34,14.45,9500
2006-08-16 16:00:00-04:00,14.46,14.49,14.3601,14.49,16200
2006-08-17 16:00:00-04:00,14.5,14.5,14.4501,14.5,3800
2006-08-18 16:00:00-04:00,14.54,14.65,14.4201,14.59,5600
2006-08-21 16:00:00-04:00,14.59,14.66,14.5596,14.65,12900
2006-08-22 16:00:00-04:00,14.56,14.65,14.5,14.57,13000
2006-08-23 16:00:00-04:00,14.47,14.65,14.31,14.48,21400
2006-08-24 16:00:00-04:00,14.4,14.64,14.4,14.5,13400
2006-08-25 16:00:00-04:00,14.46,14.57,14.41,14.49,18600
2006-08-28 16:00:00-04:00,14.39,14.5,14.39,14.49,9600
2006-08-29 16:00:00-04:00,14.49,14.5,14.36,14.36,15900
2006-08-30 16:00:00-04:00,14.35,14.44,14.35,14.39,17100
2006-08-31 16:00:00-04:00,14.43,14.44,14.39,14.4,16300
2006-09-01 16:00:00-04:00,14.44,14.47,14.39,14.42,12400
2006-09-05 16:00:00-04:00,14.4,14.47,14.38,14.39,22300
2006-09-06 16:00:00-04:00,14.39,14.39,14.15,14.38,23700
2006-09-07 16:00:00-04:00,14.32,14.6,14.32,14.55,20600
2006-09-08 16:00:00-04:00,14.45,14.6048,14.45,14.53,15400
2006-09-11 16:00:00-04:00,14.63,14.63,14.5,14.59,8800
2006-09-12 16:00:00-04:00,14.62,14.62,14.53,14.54,6500
2006-09-13 16:00:00-04:00,14.34,14.43,14.34,14.43,12100
2006-09-14 16:00:00-04:00,14.34,14.45,14.34,14.45,8800
2006-09-15 16:00:00-04:00,14.41,14.51,14.4001,14.51,4800
2006-09-18 16:00:00-04:00,14.51,14.53,14.45,14.53,4300
2006-09-19 16:00:00-04:00,14.56,14.61,14.5,14.58,20300
2006-09-20 16:00:00-04:00,14.53,14.62,14.53,14.62,7800
2006-09-21 16:00:00-04:00,14.62,14.6276,14.58,14.62,5900
2006-09-22 16:00:00-04:00,14.62,14.64,14.61,14.61,4600
2006-09-25 16:00:00-04:00,14.59,14.64,14.52,14.55,8600
2006-09-26 16:00:00-04:00,14.62,14.65,14.57,14.63,12400
2006-09-27 16:00:00-04:00,14.64,14.71,14.64,14.69,15500
2006-09-28 16:00:00-04:00,14.7,14.8,14.65,14.79,11200
2006-09-29 16:00:00-04:00,14.8,14.91,14.78,14.91,14000
2006-10-02 16:00:00-04:00,14.91,14.95,14.85,14.95,23800
2006-10-03 16:00:00-04:00,14.87,15.02,14.87,14.99,17000
2006-10-04 16:00:00-04:00,14.96,15.0,14.92,14.95,8400
2006-10-05 16:00:00-04:00,14.92,15.0,14.92,14.98,8200
2006-10-06 16:00:00-04:00,15.0,15.09,15.0,15.01,5300
2006-10-09 16:00:00-04:00,15.02,15.07,15.0,15.02,9400
2006-10-10 16:00:00-04:00,15.02,15.07,14.9109,15.03,22500
2006-10-11 16:00:00-04:00,14.9,14.96,14.8506,14.9301,5100
2006-10-12 16:00:00-04:00,14.96,15.0,14.836,14.96,12000
2006-10-13 16:00:00-04:00,14.93,14.95,14.8,14.81,9600
2006-10-16 16:00:00-04:00,14.88,14.94,14.88,14.93,6400
2006-10-17 16:00:00-04:00,14.9,14.92,14.78,14.82,19300
2006-10-18 16:00:00-04:00,14.79,14.8,14.6,14.65,13300
2006-10-19 16:00:00-04:00,14.6,14.79,14.6,14.77,17100
2006-10-20 16:00:00-04:00,14.77,14.78,14.61,14.77,15400
2006-10-23 16:00:00-04:00,14.78,14.78,14.55,14.65,23600
2006-10-24 16:00:00-04:00,14.6,14.8,14.6,14.7,24300
2006-10-25 16:00:00-04:00,14.6,14.82,14.6,14.82,19900
2006-10-26 16:00:00-04:00,14.82,14.84,14.76,14.79,9300
2006-10-27 16:00:00-04:00,14.83,14.84,14.7601,14.8,4300
2006-10-30 16:00:00-05:00,14.76,15.04,14.76,14.91,9900
2006-10-31 16:00:00-05:00,14.95,14.97,14.88,14.97,5500
2006-11-01 16:00:00-05:00,14.98,15.14,14.98,15.11,12700
2006-11-02 16:00:00-05:00,15.11,15.15,15.03,15.1,16900
2006-11-03 16:00:00-05:00,15.1,15.1284,15.03,15.05,5600
2006-11-06 16:00:00-05:00,15.01,15.11,15.01,15.11,8900
2006-11-07 16:00:00-05:00,15.14,15.14,15.0001,15.05,7100
2006-11-08 16:00:00-05:00,15.04,15.1,14.97,15.06,9600
2006-11-09 16:00:00-05:00,15.0,15.25,15.0,15.21,13900
2006-11-10 16:00:00-05:00,15.15,15.25,15.13,15.23,11400
2006-11-13 16:00:00-05:00,15.1,15.1674,15.05,15.11,17100
2006-11-14 16:00:00-05:00,15.01,15.1,15.01,15.05,14900
2006-11-15 16:00:00-05:00,15.0,15.07,14.95,15.05,7000
2006-11-16 16:00:00-05:00,15.09,15.12,14.87,14.94,20600
2006-11-17 16:00:00-05:00,14.94,14.95,14.8384,14.94,4800
2006-11-20 16:00:00-05:00,14.84,14.97,14.8301,14.96,28200
2006-11-21 16:00:00-05:00,14.93,15.04,14.92,14.94,9600
2006-11-22 16:00:00-05:00,14.92,15.0089,14.9,14.9,6100
2006-11-24 16:00:00-05:00,14.95,15.04,14.95,15.04,2700
2006-11-27 16:00:00-05:00,15.06,15.06,14.96,15.06,9000
2006-11-28 16:00:00-05:00,15.0,15.18,15.0,15.18,14900
2006-11-29 16:00:00-05:00,15.18,15.25,15.08,15.25,11400
2006-11-30 16:00:00-05:00,15.27,15.29,15.1896,15.2,5000
2006-12-01 16:00:00-05:00,15.17,15.43,15.17,15.35,16300
2006-12-04 16:00:00-05:00,15.32,15.45,15.3101,15.4,4800
2006-12-05 16:00:00-05:00,15.4,15.42,15.35,15.35,5100
2006-12-06 16:00:00-05:00,15.35,15.44,15.35,15.43,11100
2006-12-07 16:00:00-05:00,15.43,15.5,15.36,15.5,12800
2006-12-08 16:00:00-05:00,15.49,15.49,15.38,15.48,12100
2006-12-11 16:00:00-05:00,15.48,15.5,15.36,15.5,21500
2006-12-12 16:00:00-05:00,15.43,15.46,15.43,15.44,40500
2006-12-13 16:00:00-05:00,15.45,15.49,15.38,15.42,13800
2006-12-14 16:00:00-05:00,15.4,15.53,15.4,15.41,8200
2006-12-15 16:00:00-05:00,15.5,15.72,15.5,15.72,19800
2006-12-18 16:00:00-05:00,15.75,15.75,15.58,15.64,14600
2006-12-19 16:00:00-05:00,15.64,15.66,15.55,15.6,4900
2006-12-20 16:00:00-05:00,15.58,15.58,15.51,15.52,21200
2006-12-21 16:00:00-05:00,15.57,15.66,15.53,15.55,7300
2006-12-22 16:00:00-05:00,15.6,15.7,15.6,15.66,6100
2006-12-26 16:00:00-05:00,15.67,15.7,15.5001,15.5001,7900
2006-12-27 16:00:00-05:00,15.62,15.7,15.52,15.52,3400
2006-12-28 16:00:00-05:00,15.6,15.69,15.55,15.6,12800
2006-12-29 16:00:00-05:00,15.53,15.54,15.4601,15.52,12200
2007-01-03 16:00:00-05:00,15.5,15.591,15.42,15.42,16800
2007-01-04 16:00:00-05:00,15.47,15.47,15.39,15.39,17100
2007-01-05 16:00:00-05:00,15.39,15.41,15.27,15.28,8300
2007-01-08 16:00:00-05:00,15.25,15.4,15.25,15.4,6700
2007-01-09 16:00:00-05:00,15.5,15.5,15.4,15.44,10100
2007-01-10 16:00:00-05:00,15.4,15.43,15.26,15.37,4800
2007-01-11 16:00:00-05:00,15.25,15.3299,15.22,15.25,6700
2007-01-12 16:00:00-05:00,15.25,15.25,15.1801,15.24,3600
2007-01-16 16:00:00-05:00,15.17,15.17,14.7401,15.14,27900
2007-01-17 16:00:00-05:00,15.14,15.2,15.05,15.14,6700
2007-01-18 16:00:00-05:00,15.16,15.19,15.06,15.13,4100
2007-01-19 16:00:00-05:00,15.07,15.24,15.07,15.2,7500
2007-01-22 16:00:00-05:00,15.2,15.2,15.1,15.15,6900
2007-01-23 16:00:00-05:00,15.1,15.2499,15.1,15.2498,4200
2007-01-24 16:00:00-05:00,15.18,15.4799,15.14,15.16,5600
2007-01-25 16:00:00-05:00,15.2,15.24,15.1101,15.1401,6500
2007-01-26 16:00:00-05:00,15.1,15.15,14.95,15.07,14500
2007-01-29 16:00:00-05:00,15.08,15.21,15.08,15.1401,8900
2007-01-30 16:00:00-05:00,15.15,15.48,15.08,15.24,8600
2007-01-31 16:00:00-05:00,15.24,15.29,15.22,15.2799,4100
2007-02-01 16:00:00-05:00,15.17,15.35,15.1601,15.2899,16100
2007-02-02 16:00:00-05:00,15.28,15.33,15.21,15.32,6400
2007-02-05 16:00:00-05:00,15.32,15.4,15.26,15.4,9200
2007-02-06 16:00:00-05:00,15.42,15.4299,15.31,15.31,6500
2007-02-07 16:00:00-05:00,15.35,15.3599,15.23,15.25,4900
2007-02-08 16:00:00-05:00,15.35,15.35,15.27,15.3,17000
2007-02-09 16:00:00-05:00,15.28,15.33,15.19,15.2,9200
2007-02-12 16:00:00-05:00,15.16,15.32,15.16,15.319,9500
2007-02-13 16:00:00-05:00,15.3,15.3,15.2,15.25,6400
2007-02-14 16:00:00-05:00,15.2,15.5,15.1901,15.41,19200
2007-02-15 16:00:00-05:00,15.41,15.4899,15.22,15.27,14900
2007-02-16 16:00:00-05:00,15.28,15.36,15.28,15.36,7400
2007-02-20 16:00:00-05:00,15.4,15.42,15.3,15.3,5200
2007-02-21 16:00:00-05:00,15.27,15.34,15.26,15.34,2300
2007-02-22 16:00:00-05:00,15.22,15.31,15.21,15.2999,23300
2007-02-23 16:00:00-05:00,15.28,15.35,15.2,15.2201,8000
2007-02-26 16:00:00-05:00,15.22,15.34,15.21,15.34,7900
2007-02-27 16:00:00-05:00,15.27,15.49,15.2,15.48,8600
2007-02-28 16:00:00-05:00,15.5,15.59,15.41,15.59,4800
2007-03-01 16:00:00-05:00,15.55,15.56,15.355,15.4,13400
2007-03-02 16:00:00-05:00,15.26,15.344,15.25,15.25,13000
2007-03-05 16:00:00-05:00,15.26,15.32,15.04,15.05,23600
2007-03-06 16:00:00-05:00,15.05,15.11,15.05,15.06,8500
2007-03-07 16:00:00-05:00,15.07,15.21,15.02,15.11,19000
2007-03-08 16:00:00-05:00,15.11,15.26,15.07,15.11,23100
2007-03-09 16:00:00-05:00,15.02,15.1,15.02,15.1,21100
2007-03-12 16:00:00-04:00,15.1,15.23,15.02,15.06,18800
2007-03-13 16:00:00-04:00,15.04,15.1,14.93,14.98,35700
2007-03-14 16:00:00-04:00,14.96,15.04,14.9101,14.9101,13100
2007-03-15 16:00:00-04:00,14.98,15.0,14.94,14.97,7000
2007-03-16 16:00:00-04:00,14.92,14.9399,14.86,14.86,3100
2007-03-19 16:00:00-04:00,14.84,14.91,14.83,14.84,9400
2007-03-20 16:00:00-04:00,14.84,14.9,14.81,14.87,12000
2007-03-21 16:00:00-04:00,14.83,14.9,14.8,14.88,12600
2007-03-22 16:00:00-04:00,14.88,14.91,14.83,14.89,7000
2007-03-23 16:00:00-04:00,14.89,14.91,14.81,14.86,5300
2007-03-26 16:00:00-04:00,14.89,14.9,14.82,14.89,5400
2007-03-27 16:00:00-04:00,14.9,14.91,14.82,14.83,7100
2007-03-28 16:00:00-04:00,14.86,14.8656,14.81,14.8656,5100
2007-03-29 16:00:00-04:00,14.87,14.9,14.87,14.88,2500
2007-03-30 16:00:00-04:00,14.91,14.98,14.86,14.91,27900
2007-04-02 16:00:00-04:00,14.9,14.92,14.87,14.89,13400
2007-04-03 16:00:00-04:00,14.88,14.98,14.88,14.94,18800
2007-04-04 16:00:00-04:00,14.94,14.95,14.9,14.9,5900
2007-04-05 16:00:00-04:00,14.94,14.95,14.9,14.91,8700
2007-04-09 16:00:00-04:00,14.92,14.95,14.9,14.9,5800
2007-04-10 16:00:00-04:00,14.9,14.98,14.9,14.9,50000
2007-04-11 16:00:00-04:00,14.84,14.98,14.84,14.9,15600
2007-04-12 16:00:00-04:00,14.9,14.95,14.89,14.92,24000
2007-04-13 16:00:00-04:00,14.92,14.97,14.8682,14.9499,8700
2007-04-16 16:00:00-04:00,14.86,14.95,14.86,14.9201,7500
2007-04-17 16:00:00-04:00,14.86,14.96,14.85,14.95,12600
2007-04-18 16:00:00-04:00,14.92,15.0,14.92,14.99,13300
2007-04-19 16:00:00-04:00,15.02,15.04,14.97,14.99,9000
2007-04-20 16:00:00-04:00,14.99,15.0385,14.95,15.0,15200
2007-04-23 16:00:00-04:00,14.99,15.05,14.99,15.03,14000
2007-04-24 16:00:00-04:00,15.04,15.13,15.0,15.13,7700
2007-04-25 16:00:00-04:00,15.1,15.15,15.04,15.04,21100
2007-04-26 16:00:00-04:00,15.1,15.14,15.09,15.14,4300
2007-04-27 16:00:00-04:00,15.1,15.19,15.1,15.19,7500
2007-04-30 16:00:00-04:00,15.19,15.28,15.16,15.26,7900
2007-05-01 16:00:00-04:00,15.28,15.5,15.21,15.4199,14300
2007-05-02 16:00:00-04:00,15.41,15.53,15.4,15.43,16200
2007-05-03 16:00:00-04:00,15.42,15.53,15.4,15.53,5500
2007-05-04 16:00:00-04:00,15.53,15.55,15.49,15.49,14400
2007-05-07 16:00:00-04:00,15.49,15.51,15.4,15.43,8700
2007-05-08 16:00:00-04:00,15.5,15.5,15.41,15.41,9100
2007-05-09 16:00:00-04:00,15.43,15.48,15.42,15.48,4800
2007-05-10 16:00:00-04:00,15.45,15.46,15.41,15.45,12400
2007-05-11 16:00:00-04:00,15.35,15.43,15.34,15.35,8900
2007-05-14 16:00:00-04:00,15.4,15.47,15.34,15.47,9500
2007-05-15 16:00:00-04:00,15.44,15.45,15.4,15.45,2700
2007-05-16 16:00:00-04:00,15.33,15.47,15.33,15.43,10900
2007-05-17 16:00:00-04:00,15.44,15.51,15.4,15.4,25100
2007-05-18 16:00:00-04:00,15.41,15.6,15.41,15.51,12400
2007-05-21 16:00:00-04:00,15.51,15.57,15.45,15.4799,8400
2007-05-22 16:00:00-04:00,15.48,15.54,15.36,15.38,14600
2007-05-23 16:00:00-04:00,15.35,15.37,15.25,15.32,15400
2007-05-24 16:00:00-04:00,15.31,15.32,15.25,15.26,6700
2007-05-25 16:00:00-04:00,15.35,15.37,15.32,15.32,9800
2007-05-29 16:00:00-04:00,15.32,15.5,15.32,15.5,12000
2007-05-30 16:00:00-04:00,15.5,15.55,15.42,15.49,8100
2007-05-31 16:00:00-04:00,15.49,15.55,15.44,15.55,6000
2007-06-01 16:00:00-04:00,15.53,15.7,15.53,15.7,18600
2007-06-04 16:00:00-04:00,15.63,15.6501,15.55,15.58,11200
2007-06-05 16:00:00-04:00,15.55,15.64,15.52,15.64,8000
2007-06-06 16:00:00-04:00,15.64,15.64,15.53,15.56,6000
2007-06-07 16:00:00-04:00,15.5,15.52,15.1,15.18,21800
2007-06-08 16:00:00-04:00,15.21,15.25,15.0,15.0,16400
2007-06-11 16:00:00-04:00,14.97,15.06,14.9501,15.0101,15200
2007-06-12 16:00:00-04:00,15.0,15.0301,14.84,14.9,8300
2007-06-13 16:00:00-04:00,14.72,14.89,14.72,14.75,8700
2007-06-14 16:00:00-04:00,14.8,14.89,14.79,14.79,4800
2007-06-15 16:00:00-04:00,14.8,14.83,14.7015,14.71,7600
2007-06-18 16:00:00-04:00,14.71,14.8,14.68,14.68,11900
2007-06-19 16:00:00-04:00,14.7,14.76,14.69,14.74,19200
2007-06-20 16:00:00-04:00,14.71,15.0,14.71,14.75,11100
2007-06-21 16:00:00-04:00,14.75,14.83,14.7,14.75,5000
2007-06-22 16:00:00-04:00,14.76,14.76,14.52,14.67,12600
2007-06-25 16:00:00-04:00,14.58,14.62,14.55,14.55,17700
2007-06-26 16:00:00-04:00,14.58,14.65,14.51,14.58,10000
2007-06-27 16:00:00-04:00,14.52,14.64,14.5,14.64,15000
2007-06-28 16:00:00-04:00,14.64,14.79,14.53,14.69,22800
2007-06-29 16:00:00-04:00,14.77,14.83,14.6901,14.76,12200
2007-07-02 16:00:00-04:00,14.8,14.86,14.77,14.85,13300
2007-07-03 16:00:00-04:00,14.83,14.9,14.75,14.75,12400
2007-07-05 16:00:00-04:00,14.75,14.7934,14.55,14.5501,15800
2007-07-06 16:00:00-04:00,14.5001,14.6,14.45,14.5499,12100
2007-07-09 16:00:00-04:00,14.5,14.57,14.47,14.57,11800
2007-07-10 16:00:00-04:00,14.5,14.59,14.5,14.51,8600
2007-07-11 16:00:00-04:00,14.47,14.65,14.47,14.47,7600
2007-07-12 16:00:00-04:00,14.45,14.54,14.39,14.52,7900
2007-07-13 16:00:00-04:00,14.45,14.55,14.4,14.55,6300
2007-07-16 16:00:00-04:00,14.47,14.6,14.46,14.59,9800
2007-07-17 16:00:00-04:00,14.55,14.8,14.5201,14.7899,35300
2007-07-18 16:00:00-04:00,14.7,14.7499,14.55,14.56,16300
2007-07-19 16:00:00-04:00,14.56,14.69,14.5,14.6,8700
2007-07-20 16:00:00-04:00,14.45,14.6,14.45,14.55,13200
2007-07-23 16:00:00-04:00,14.7,14.7,14.55,14.61,8900
2007-07-24 16:00:00-04:00,14.73,14.73,14.65,14.7,10500
2007-07-25 16:00:00-04:00,14.69,14.69,14.6096,14.67,4300
2007-07-26 16:00:00-04:00,14.64,14.7,14.4,14.5,14600
2007-07-27 16:00:00-04:00,14.45,14.52,14.31,14.31,11100
2007-07-30 16:00:00-04:00,14.35,14.39,13.9,13.92,23500
2007-07-31 16:00:00-04:00,13.93,14.05,13.5,13.62,55300
2007-08-01 16:00:00-04:00,13.65,13.82,13.65,13.8,25700
2007-08-02 16:00:00-04:00,13.8,14.03,13.8,13.87,12100
2007-08-03 16:00:00-04:00,13.82,13.9,13.76,13.81,10600
2007-08-06 16:00:00-04:00,13.76,13.89,13.76,13.89,16300
2007-08-07 16:00:00-04:00,13.89,14.0,13.85,13.97,12500
2007-08-08 16:00:00-04:00,13.93,14.1,13.91,14.1,9800
2007-08-09 16:00:00-04:00,14.09,14.09,13.94,13.94,3700
2007-08-10 16:00:00-04:00,13.77,13.82,13.72,13.78,15800
2007-08-13 16:00:00-04:00,13.87,14.06,13.74,13.8,16200
2007-08-14 16:00:00-04:00,13.95,13.95,13.73,13.73,26900
2007-08-15 16:00:00-04:00,13.68,13.83,13.43,13.63,35200
2007-08-16 16:00:00-04:00,13.57,13.57,10.5,12.9,48800
2007-08-17 16:00:00-04:00,13.0,13.88,13.0,13.66,26300
2007-08-20 16:00:00-04:00,13.65,13.83,13.29,13.53,35400
2007-08-21 16:00:00-04:00,13.54,13.8,13.44,13.61,19500
2007-08-22 16:00:00-04:00,13.75,14.0499,13.75,13.97,14600
2007-08-23 16:00:00-04:00,13.95,14.34,13.95,14.05,32500
2007-08-24 16:00:00-04:00,13.97,14.15,13.97,14.02,11400
2007-08-27 16:00:00-04:00,13.98,14.06,13.81,13.97,25300
2007-08-28 16:00:00-04:00,14.02,14.05,13.88,13.98,15700
2007-08-29 16:00:00-04:00,13.99,14.3,13.91,14.3,19900
2007-08-30 16:00:00-04:00,14.2,14.47,14.12,14.25,29200
2007-08-31 16:00:00-04:00,14.35,14.35,14.2,14.24,7700
2007-09-04 16:00:00-04:00,14.34,14.4,14.314,14.39,14200
2007-09-05 16:00:00-04:00,14.4,14.43,14.3,14.37,7100
2007-09-06 16:00:00-04:00,14.4,14.55,14.35,14.41,8900
2007-09-07 16:00:00-04:00,14.5,14.5,14.34,14.34,15900
2007-09-10 16:00:00-04:00,14.3,14.5,14.2623,14.42,9500
2007-09-11 16:00:00-04:00,14.42,14.59,14.4,14.52,8500
2007-09-12 16:00:00-04:00,14.41,14.45,14.21,14.35,17200
2007-09-13 16:00:00-04:00,14.35,14.5,14.35,14.49,3800
2007-09-14 16:00:00-04:00,14.49,14.49,14.37,14.37,9100
2007-09-17 16:00:00-04:00,14.36,14.49,14.36,14.36,4600
2007-09-18 16:00:00-04:00,14.35,14.43,14.3,14.31,15400
2007-09-19 16:00:00-04:00,14.35,14.4,14.21,14.31,12300
2007-09-20 16:00:00-04:00,14.16,14.64,14.12,14.46,37200
2007-09-21 16:00:00-04:00,14.41,14.6,14.4,14.58,15800
2007-09-24 16:00:00-04:00,14.48,14.85,14.46,14.75,13600
2007-09-25 16:00:00-04:00,14.82,14.84,14.67,14.82,18100
2007-09-26 16:00:00-04:00,14.82,14.87,14.77,14.79,6400
2007-09-27 16:00:00-04:00,14.8,14.85,14.79,14.85,5900
2007-09-28 16:00:00-04:00,14.78,14.84,14.7,14.72,15000
2007-10-01 16:00:00-04:00,14.76,14.93,14.66,14.85,10500
2007-10-02 16:00:00-04:00,14.85,14.85,14.4,14.43,12800
2007-10-03 16:00:00-04:00,14.4,14.49,14.21,14.45,12600
2007-10-04 16:00:00-04:00,14.46,14.53,14.4,14.43,15400
2007-10-05 16:00:00-04:00,14.43,14.7,14.38,14.5,18100
2007-10-08 16:00:00-04:00,14.46,14.63,14.46,14.51,8100
2007-10-09 16:00:00-04:00,14.5,14.68,14.5,14.61,9200
2007-10-10 16:00:00-04:00,14.52,14.63,14.5,14.54,8000
2007-10-11 16:00:00-04:00,14.5,14.5,14.43,14.5,14400
2007-10-12 16:00:00-04:00,14.45,14.6,14.4375,14.5499,9400
2007-10-15 16:00:00-04:00,14.5,14.59,14.47,14.5,5600
2007-10-16 16:00:00-04:00,14.5,14.5925,14.48,14.48,9700
2007-10-17 16:00:00-04:00,14.45,14.7,14.45,14.57,13600
2007-10-18 16:00:00-04:00,14.57,14.66,14.5,14.55,11800
2007-10-19 16:00:00-04:00,14.52,14.79,14.52,14.54,12700
2007-10-22 16:00:00-04:00,14.58,14.65,14.5,14.59,9800
2007-10-23 16:00:00-04:00,14.67,14.67,14.58,14.58,7500
2007-10-24 16:00:00-04:00,14.58,14.64,14.5,14.62,12100
2007-10-25 16:00:00-04:00,14.65,14.65,14.51,14.65,12000
2007-10-26 16:00:00-04:00,14.69,14.69,14.45,14.45,16800
2007-10-29 16:00:00-04:00,14.45,14.55,14.42,14.43,13700
2007-10-30 16:00:00-04:00,14.37,14.42,14.26,14.26,15100
2007-10-31 16:00:00-04:00,14.35,14.35,14.0,14.15,24100
2007-11-01 16:00:00-04:00,14.2,14.2099,13.86,13.89,26600
2007-11-02 16:00:00-04:00,13.9,14.05,13.9,13.91,21300
2007-11-05 16:00:00-05:00,13.72,14.03,13.7,13.96,46800
2007-11-06 16:00:00-05:00,13.91,14.15,13.91,14.12,19100
2007-11-07 16:00:00-05:00,14.1,14.12,13.98,14.02,23400
2007-11-08 16:00:00-05:00,14.02,14.1,13.82,13.91,19300
2007-11-09 16:00:00-05:00,13.83,13.83,13.56,13.59,18300
2007-11-12 16:00:00-05:00,13.61,13.74,13.61,13.74,6200
2007-11-13 16:00:00-05:00,13.62,13.64,13.54,13.6,21800
2007-11-14 16:00:00-05:00,13.55,13.64,13.53,13.56,14400
2007-11-15 16:00:00-05:00,13.51,13.55,13.41,13.41,17200
2007-11-16 16:00:00-05:00,13.42,13.6,13.4,13.52,16700
2007-11-19 16:00:00-05:00,13.58,13.6,13.08,13.26,39200
2007-11-20 16:00:00-05:00,13.2,13.5,13.15,13.4,24400
2007-11-21 16:00:00-05:00,13.48,13.58,13.22,13.52,17900
2007-11-23 16:00:00-05:00,13.65,13.75,13.65,13.65,4500
2007-11-26 16:00:00-05:00,13.58,13.94,13.56,13.7,34800
2007-11-27 16:00:00-05:00,13.75,13.78,13.5,13.6,18900
2007-11-28 16:00:00-05:00,13.55,13.85,13.55,13.76,17700
2007-11-29 16:00:00-05:00,13.79,13.92,13.71,13.92,11500
2007-11-30 16:00:00-05:00,13.9,14.05,13.81,14.0,23400
2007-12-03 16:00:00-05:00,14.06,14.2,13.95,14.13,16300
2007-12-04 16:00:00-05:00,13.82,14.39,13.82,14.35,18301
2007-12-05 16:00:00-05:00,14.3,14.45,14.25,14.31,14600
2007-12-06 16:00:00-05:00,14.26,14.48,14.25,14.3,26600
2007-12-07 16:00:00-05:00,14.28,14.31,13.85,13.85,16200
2007-12-10 16:00:00-05:00,13.8,13.83,13.7,13.7,13200
2007-12-11 16:00:00-05:00,13.67,13.85,13.66,13.85,35800
2007-12-12 16:00:00-05:00,13.9,13.9,13.63,13.65,21600
2007-12-13 16:00:00-05:00,13.55,13.66,13.53,13.57,19900
2007-12-14 16:00:00-05:00,13.51,13.5612,13.5,13.5001,13600
2007-12-17 16:00:00-05:00,13.45,13.48,13.4,13.41,15900
2007-12-18 16:00:00-05:00,13.46,13.5,13.15,13.17,28800
2007-12-19 16:00:00-05:00,13.12,13.26,13.1,13.26,19600
2007-12-20 16:00:00-05:00,13.22,13.37,13.12,13.35,25100
2007-12-21 16:00:00-05:00,13.36,13.52,13.36,13.44,27100
2007-12-24 16:00:00-05:00,13.42,13.5,13.42,13.46,11450
2007-12-26 16:00:00-05:00,13.79,13.84,13.42,13.47,42700
2007-12-27 16:00:00-05:00,13.45,13.45,13.38,13.4299,27900
2007-12-28 16:00:00-05:00,13.47,13.55,13.47,13.51,22607
2007-12-31 16:00:00-05:00,13.5,13.57,13.43,13.5,24000
2008-01-02 16:00:00-05:00,13.58,13.69,13.48,13.69,20400
2008-01-03 16:00:00-05:00,13.7,14.03,13.63,13.86,26700
2008-01-04 16:00:00-05:00,13.8,14.28,13.78,14.1,36100
2008-01-07 16:00:00-05:00,14.15,14.3,14.04,14.27,61900
2008-01-08 16:00:00-05:00,14.25,14.38,14.22,14.3,27300
2008-01-09 16:00:00-05:00,14.29,14.3,14.19,14.21,32000
2008-01-10 16:00:00-05:00,14.24,14.35,14.11,14.21,40200
2008-01-11 16:00:00-05:00,14.09,14.55,14.07,14.37,31375
2008-01-14 16:00:00-05:00,14.4,14.42,14.25,14.25,16800
2008-01-15 16:00:00-05:00,14.13,14.19,14.09,14.11,13100
2008-01-16 16:00:00-05:00,14.11,14.28,14.1,14.27,9200
2008-01-17 16:00:00-05:00,14.22,14.32,14.15,14.32,5600
2008-01-18 16:00:00-05:00,14.32,14.32,13.9,14.0,28200
2008-01-22 16:00:00-05:00,13.5,14.5,13.5,13.9799,29000
2008-01-23 16:00:00-05:00,13.95,14.4,13.95,14.3001,14300
2008-01-24 16:00:00-05:00,14.35,14.45,14.33,14.38,6700
2008-01-25 16:00:00-05:00,14.45,14.53,14.3885,14.52,11500
2008-01-28 16:00:00-05:00,14.53,14.6,14.53,14.56,18100
2008-01-29 16:00:00-05:00,14.65,14.6928,14.6,14.6201,13796
2008-01-30 16:00:00-05:00,14.7,14.77,14.5,14.5899,13300
2008-01-31 16:00:00-05:00,14.65,14.66,14.56,14.57,5118
2008-02-01 16:00:00-05:00,14.7,14.74,14.55,14.65,8500
2008-02-04 16:00:00-05:00,14.68,14.72,14.61,14.61,8400
2008-02-05 16:00:00-05:00,14.65,14.7,14.55,14.61,25700
2008-02-06 16:00:00-05:00,14.69,14.7,14.6,14.67,5000
2008-02-07 16:00:00-05:00,14.58,14.7,14.58,14.6799,6800
2008-02-08 16:00:00-05:00,14.65,14.7,14.61,14.69,10200
2008-02-11 16:00:00-05:00,14.61,14.75,14.61,14.75,5400
2008-02-12 16:00:00-05:00,14.67,14.74,14.56,14.68,7800
2008-02-13 16:00:00-05:00,14.53,14.63,14.53,14.56,6800
2008-02-14 16:00:00-05:00,14.56,14.77,14.35,14.35,14450
2008-02-15 16:00:00-05:00,14.18,14.18,13.49,13.61,42714
2008-02-19 16:00:00-05:00,13.75,14.1,13.75,13.86,14200
2008-02-20 16:00:00-05:00,13.86,14.22,13.86,14.11,11500
2008-02-21 16:00:00-05:00,14.11,14.24,14.06,14.18,16100
2008-02-22 16:00:00-05:00,14.14,14.25,14.11,14.16,7800
2008-02-25 16:00:00-05:00,14.27,14.4,14.15,14.32,20350
2008-02-26 16:00:00-05:00,14.3,14.57,14.2999,14.57,12400
2008-02-27 16:00:00-05:00,14.42,14.57,14.42,14.55,6500
2008-02-28 16:00:00-05:00,14.51,14.62,14.47,14.48,16800
2008-02-29 16:00:00-05:00,14.55,14.84,14.45,14.81,23400
2008-03-03 16:00:00-05:00,14.85,14.89,14.57,14.76,18200
2008-03-04 16:00:00-05:00,14.62,14.7,14.41,14.6,12400
2008-03-05 16:00:00-05:00,14.55,14.59,14.4,14.43,6300
2008-03-06 16:00:00-05:00,14.35,14.48,14.32,14.32,8500
2008-03-07 16:00:00-05:00,14.4,14.4,14.1,14.25,7825
2008-03-10 16:00:00-04:00,14.17,14.32,14.0,14.1226,20300
2008-03-11 16:00:00-04:00,14.12,14.38,14.09,14.11,13000
2008-03-12 16:00:00-04:00,14.12,14.12,13.73,13.74,12700
2008-03-13 16:00:00-04:00,13.57,13.67,13.27,13.38,29300
2008-03-14 16:00:00-04:00,13.35,13.43,13.21,13.23,7274
2008-03-17 16:00:00-04:00,13.17,13.17,12.03,12.88,32300
2008-03-18 16:00:00-04:00,12.88,13.09,12.88,13.09,21900
2008-03-19 16:00:00-04:00,13.05,13.33,13.05,13.24,13700
2008-03-20 16:00:00-04:00,13.35,13.35,12.85,13.18,21600
2008-03-24 16:00:00-04:00,13.19,13.45,13.18,13.45,10100
2008-03-25 16:00:00-04:00,13.5,13.51,13.42,13.51,6200
2008-03-26 16:00:00-04:00,13.37,13.8,13.37,13.8,4300
2008-03-27 16:00:00-04:00,13.83,13.95,13.61,13.7798,20600
2008-03-28 16:00:00-04:00,13.85,13.85,13.53,13.57,6800
2008-03-31 16:00:00-04:00,13.35,13.46,13.11,13.25,25500
2008-04-01 16:00:00-04:00,13.26,13.67,13.26,13.62,22600
2008-04-02 16:00:00-04:00,13.47,13.68,13.47,13.59,7776
2008-04-03 16:00:00-04:00,13.59,13.63,13.5,13.55,9800
2008-04-04 16:00:00-04:00,13.47,13.74,13.47,13.55,7800
2008-04-07 16:00:00-04:00,13.56,13.7399,13.43,13.73,22200
2008-04-08 16:00:00-04:00,13.73,14.0,13.66,13.7499,10200
2008-04-09 16:00:00-04:00,13.75,13.78,13.6,13.6499,6900
2008-04-10 16:00:00-04:00,13.69,13.69,13.15,13.39,22199
2008-04-11 16:00:00-04:00,13.35,13.4,13.15,13.39,18000
2008-04-14 16:00:00-04:00,13.3,13.54,13.2901,13.45,11787
2008-04-15 16:00:00-04:00,13.4,13.45,13.32,13.42,15066
2008-04-16 16:00:00-04:00,13.5,13.5,13.3,13.42,5650
2008-04-17 16:00:00-04:00,13.31,13.36,13.31,13.34,4500
2008-04-18 16:00:00-04:00,13.4,13.59,13.4,13.55,13104
2008-04-21 16:00:00-04:00,13.55,13.74,13.31,13.51,26675
2008-04-22 16:00:00-04:00,13.5,13.53,13.42,13.5,10815
2008-04-23 16:00:00-04:00,13.54,13.65,13.51,13.54,13000
2008-04-24 16:00:00-04:00,13.59,13.85,13.59,13.79,11300
2008-04-25 16:00:00-04:00,13.75,13.95,13.7,13.9,14385
2008-04-28 16:00:00-04:00,14.05,14.34,13.89,14.07,30138
2008-04-29 16:00:00-04:00,13.98,14.5,13.98,14.31,23236
2008-04-30 16:00:00-04:00,14.33,14.45,14.05,14.24,17424
2008-05-01 16:00:00-04:00,14.45,14.47,14.37,14.43,18887
2008-05-02 16:00:00-04:00,14.3,14.5,14.3,14.385,10453
2008-05-05 16:00:00-04:00,14.25,14.65,14.25,14.26,21893
2008-05-06 16:00:00-04:00,14.17,14.35,14.15,14.23,10315
2008-05-07 16:00:00-04:00,14.21,14.24,14.15,14.21,4573
2008-05-08 16:00:00-04:00,14.16,14.3,14.12,14.154,13490
2008-05-09 16:00:00-04:00,14.1,14.28,14.05,14.2101,11039
2008-05-12 16:00:00-04:00,14.18,14.37,14.18,14.37,5646
2008-05-13 16:00:00-04:00,13.71,13.99,13.71,13.87,103150
2008-05-14 16:00:00-04:00,13.89,14.02,13.89,13.92,9902
2008-05-15 16:00:00-04:00,13.85,14.05,13.82,14.05,13850
2008-05-16 16:00:00-04:00,13.94,14.1,13.86,14.07,9100
2008-05-19 16:00:00-04:00,13.97,14.1,13.9,13.9,13100
2008-05-20 16:00:00-04:00,13.9,13.97,13.8,13.88,10215
2008-05-21 16:00:00-04:00,13.88,14.05,13.88,14.04,7999
2008-05-22 16:00:00-04:00,13.95,14.13,13.95,14.12,5425
2008-05-23 16:00:00-04:00,13.99,14.11,13.99,14.1,11683
2008-05-27 16:00:00-04:00,14.0,14.1,13.9,13.95,7468
2008-05-28 16:00:00-04:00,13.9,14.0,13.84,13.92,14200
2008-05-29 16:00:00-04:00,13.8,13.99,13.8,13.91,23500
2008-05-30 16:00:00-04:00,13.94,13.94,13.72,13.88,14618
2008-06-02 16:00:00-04:00,13.93,13.99,13.81,13.91,11838
2008-06-03 16:00:00-04:00,13.88,13.92,13.85,13.8552,4658
2008-06-04 16:00:00-04:00,13.86,13.86,13.77,13.8,8945
2008-06-05 16:00:00-04:00,13.75,13.95,13.71,13.88,18035
2008-06-06 16:00:00-04:00,13.88,13.93,13.88,13.91,915
2008-06-09 16:00:00-04:00,13.91,13.93,13.87,13.9,27298
2008-06-10 16:00:00-04:00,13.83,13.86,13.8,13.84,8216
2008-06-11 16:00:00-04:00,13.7,13.78,13.698,13.698,2100
2008-06-12 16:00:00-04:00,13.67,13.67,13.45,13.45,11724
2008-06-13 16:00:00-04:00,13.45,13.52,13.31,13.33,13897
2008-06-16 16:00:00-04:00,13.3,13.4,13.07,13.21,16730
2008-06-17 16:00:00-04:00,13.11,13.3,13.11,13.28,11325
2008-06-18 16:00:00-04:00,13.27,13.45,13.25,13.431,10757
2008-06-19 16:00:00-04:00,13.4,13.4,13.16,13.39,14846
2008-06-20 16:00:00-04:00,13.35,13.5,13.35,13.35,1600
2008-06-23 16:00:00-04:00,13.17,13.27,12.99,13.12,24057
2008-06-24 16:00:00-04:00,13.05,13.1,13.0,13.1,8400
2008-06-25 16:00:00-04:00,13.04,13.38,12.86,13.23,33392
2008-06-26 16:00:00-04:00,13.25,13.26,13.02,13.1699,15404
2008-06-27 16:00:00-04:00,13.16,13.16,12.81,12.91,24773
2008-06-30 16:00:00-04:00,12.98,13.14,12.9599,13.14,18885
2008-07-01 16:00:00-04:00,13.14,13.14,12.8701,13.09,26462
2008-07-02 16:00:00-04:00,12.95,12.96,12.85,12.85,10912
2008-07-03 16:00:00-04:00,12.77,12.92,12.76,12.82,4790
2008-07-07 16:00:00-04:00,12.8,12.89,12.39,12.55,39688
2008-07-08 16:00:00-04:00,12.58,12.58,12.19,12.55,20862
2008-07-09 16:00:00-04:00,12.64,12.66,12.05,12.5275,9630
2008-07-10 16:00:00-04:00,12.6,12.84,12.55,12.76,6454
2008-07-11 16:00:00-04:00,12.65,12.67,12.24,12.55,9851
2008-07-14 16:00:00-04:00,12.4,12.56,12.27,12.337,22155
2008-07-15 16:00:00-04:00,12.1,12.16,11.72,12.1099,22500
2008-07-16 16:00:00-04:00,12.12,12.4,12.05,12.25,23288
2008-07-17 16:00:00-04:00,12.2,12.32,12.15,12.2325,11185
2008-07-18 16:00:00-04:00,12.25,12.38,12.1401,12.38,14575
2008-07-21 16:00:00-04:00,12.33,12.68,12.3,12.45,25428
2008-07-22 16:00:00-04:00,12.36,12.5,12.29,12.4499,7362
2008-07-23 16:00:00-04:00,12.35,12.48,12.34,12.47,15025
2008-07-24 16:00:00-04:00,12.53,12.57,12.41,12.41,28473
2008-07-25 16:00:00-04:00,12.41,12.41,12.22,12.27,8909
2008-07-28 16:00:00-04:00,12.31,12.4,12.25,12.35,34298
2008-07-29 16:00:00-04:00,12.4,12.7,12.3,12.59,9615
2008-07-30 16:00:00-04:00,12.57,12.6,12.48,12.58,19786
2008-07-31 16:00:00-04:00,12.56,12.6302,12.33,12.498,24350
2008-08-01 16:00:00-04:00,12.54,12.64,12.36,12.64,13097
2008-08-04 16:00:00-04:00,12.6,12.63,12.35,12.39,15210
2008-08-05 16:00:00-04:00,12.4,12.41,12.36,12.36,3896
2008-08-06 16:00:00-04:00,12.39,12.45,12.35,12.45,7899
2008-08-07 16:00:00-04:00,12.31,12.39,12.3,12.3,16658
2008-08-08 16:00:00-04:00,12.3,12.34,12.2,12.3,17400
2008-08-11 16:00:00-04:00,12.3,12.4,12.3,12.35,21381
2008-08-12 16:00:00-04:00,12.32,12.4388,12.32,12.34,7796
2008-08-13 16:00:00-04:00,12.18,12.2,12.1,12.2,19702
2008-08-14 16:00:00-04:00,12.2,12.34,12.07,12.24,19728
2008-08-15 16:00:00-04:00,12.15,12.25,12.15,12.17,14261
2008-08-18 16:00:00-04:00,12.22,12.35,12.2,12.21,15985
2008-08-19 16:00:00-04:00,12.22,12.3,12.2,12.28,12558
2008-08-20 16:00:00-04:00,12.24,12.33,12.21,12.21,15943
2008-08-21 16:00:00-04:00,12.25,12.2899,12.25,12.28,5100
2008-08-22 16:00:00-04:00,12.21,12.33,12.2,12.27,7515
2008-08-25 16:00:00-04:00,12.21,12.78,12.2,12.36,23641
2008-08-26 16:00:00-04:00,12.34,12.45,12.33,12.39,9867
2008-08-27 16:00:00-04:00,12.3,12.31,12.2,12.27,26448
2008-08-28 16:00:00-04:00,12.27,12.62,12.25,12.62,13297
2008-08-29 16:00:00-04:00,12.58,12.59,12.45,12.45,8535
2008-09-02 16:00:00-04:00,12.55,12.74,12.45,12.63,12467
2008-09-03 16:00:00-04:00,12.5,12.64,12.46,12.48,2413
2008-09-04 16:00:00-04:00,12.48,12.65,12.45,12.46,14437
2008-09-05 16:00:00-04:00,12.35,12.6,12.32,12.59,10504
2008-09-08 16:00:00-04:00,12.55,12.65,12.462,12.65,9374
2008-09-09 16:00:00-04:00,12.55,12.58,12.41,12.57,8365
2008-09-10 16:00:00-04:00,12.45,12.55,12.36,12.54,5500
2008-09-11 16:00:00-04:00,12.35,12.4,12.15,12.24,19894
2008-09-12 16:00:00-04:00,12.15,12.15,12.02,12.05,13395
2008-09-15 16:00:00-04:00,12.05,12.05,11.85,11.94,12080
2008-09-16 16:00:00-04:00,11.72,11.72,11.41,11.49,19172
2008-09-17 16:00:00-04:00,11.0,11.0,9.31,9.85,85223
2008-09-18 16:00:00-04:00,9.5,10.53,9.32,9.86,67280
2008-09-19 16:00:00-04:00,10.17,11.833,9.97,11.01,60874
2008-09-22 16:00:00-04:00,10.76,10.76,10.44,10.63,20800
2008-09-23 16:00:00-04:00,10.41,10.55,10.3,10.55,17278
2008-09-24 16:00:00-04:00,10.33,10.68,10.28,10.64,48029
2008-09-25 16:00:00-04:00,10.58,11.03,10.38,10.9,33052
2008-09-26 16:00:00-04:00,10.55,10.77,10.43,10.5,22561
2008-09-29 16:00:00-04:00,10.65,10.65,9.97,10.08,21643
2008-09-30 16:00:00-04:00,10.2,10.29,10.06,10.29,23525
2008-10-01 16:00:00-04:00,10.29,10.97,10.19,10.95,23445
2008-10-02 16:00:00-04:00,11.6,11.64,10.99,11.01,17571
2008-10-03 16:00:00-04:00,11.15,11.16,11.01,11.0298,11785
2008-10-06 16:00:00-04:00,11.03,11.11,10.32,10.448,30127
2008-10-07 16:00:00-04:00,10.37,10.5,10.19,10.42,21772
2008-10-08 16:00:00-04:00,10.3,10.5,9.7196,10.12,43282
2008-10-09 16:00:00-04:00,10.17,10.36,9.7,9.9606,35492
2008-10-10 16:00:00-04:00,10.0,10.0,8.68,8.915,21307
2008-10-13 16:00:00-04:00,8.9,9.46,8.9,9.23,26135
2008-10-14 16:00:00-04:00,9.23,9.3,8.92,8.922,21793
2008-10-15 16:00:00-04:00,8.9,8.9,8.39,8.7,11200
2008-10-16 16:00:00-04:00,9.1,9.1,8.72,8.94,15363
2008-10-17 16:00:00-04:00,8.9,9.29,8.64,9.25,24794
2008-10-20 16:00:00-04:00,9.28,9.65,9.28,9.46,14389
2008-10-21 16:00:00-04:00,9.54,9.83,9.32,9.83,33792
2008-10-22 16:00:00-04:00,9.75,9.7901,9.45,9.79,37506
2008-10-23 16:00:00-04:00,9.6,9.78,9.52,9.57,11202
2008-10-24 16:00:00-04:00,9.25,9.57,9.25,9.47,7074
2008-10-27 16:00:00-04:00,9.43,9.45,9.23,9.44,26425
2008-10-28 16:00:00-04:00,9.6,10.2,9.27,9.4,25434
2008-10-29 16:00:00-04:00,9.43,9.8,9.41,9.7,23003
2008-10-30 16:00:00-04:00,9.4,9.9,9.4,9.85,26350
2008-10-31 16:00:00-04:00,9.85,9.85,9.65,9.84,7750
2008-11-03 16:00:00-05:00,9.75,10.05,9.3,10.05,65707
2008-11-04 16:00:00-05:00,10.05,10.05,9.7,9.92,14477
2008-11-05 16:00:00-05:00,9.79,10.2,9.33,9.33,23206
2008-11-06 16:00:00-05:00,9.43,9.6,9.23,9.42,41299
2008-11-07 16:00:00-05:00,9.53,9.75,9.52,9.75,7451
2008-11-10 16:00:00-05:00,9.75,9.94,9.5,9.8,10750
2008-11-11 16:00:00-05:00,10.34,10.34,9.25,9.52,14330
2008-11-12 16:00:00-05:00,9.26,9.65,9.18,9.57,20332
2008-11-13 16:00:00-05:00,9.4,10.07,9.3,9.6,16550
2008-11-14 16:00:00-05:00,10.0,10.0,8.95,9.69,40511
2008-11-17 16:00:00-05:00,9.95,9.95,9.36,9.54,20664
2008-11-18 16:00:00-05:00,9.6,10.12,9.36,9.95,18017
2008-11-19 16:00:00-05:00,9.5,9.95,9.5,9.8,16611
2008-11-20 16:00:00-05:00,9.85,9.85,9.27,9.5,29970
2008-11-21 16:00:00-05:00,9.65,9.67,8.9,9.19,33060
2008-11-24 16:00:00-05:00,9.35,9.49,8.5,8.5,31224
2008-11-25 16:00:00-05:00,8.45,9.0,8.45,8.86,36142
2008-11-26 16:00:00-05:00,8.95,9.16,8.6,8.89,30193
2008-11-28 16:00:00-05:00,9.0,9.0,8.76,8.95,10286
2008-12-01 16:00:00-05:00,9.0,9.18,9.0,9.18,26175
2008-12-02 16:00:00-05:00,9.2,9.955,9.1,9.45,45141
2008-12-03 16:00:00-05:00,9.5,10.0768,9.15,9.45,137892
2008-12-04 16:00:00-05:00,9.45,9.93,9.3,9.5,33273
2008-12-05 16:00:00-05:00,9.5,9.5499,9.16,9.417,17713
2008-12-08 16:00:00-05:00,9.45,10.05,9.25,9.5,75329
2008-12-09 16:00:00-05:00,9.5,9.5,9.25,9.33,29172
2008-12-10 16:00:00-05:00,9.49,9.49,9.16,9.48,101792
2008-12-11 16:00:00-05:00,9.3,9.78,9.28,9.65,58438
2008-12-12 16:00:00-05:00,9.31,10.19,9.31,9.95,37937
2008-12-15 16:00:00-05:00,9.85,10.2,9.43,9.81,62240
2008-12-16 16:00:00-05:00,9.81,10.15,9.81,10.0,24281
2008-12-17 16:00:00-05:00,10.03,10.19,9.9,9.95,23773
2008-12-18 16:00:00-05:00,9.97,10.2,9.81,10.2,37055
2008-12-19 16:00:00-05:00,10.2,11.22,10.2,10.94,43720
2008-12-22 16:00:00-05:00,11.15,11.43,10.65,11.116,23179
2008-12-23 16:00:00-05:00,11.14,11.874,11.12,11.39,82916
2008-12-24 16:00:00-05:00,11.38,11.38,10.89,11.0,31353
2008-12-26 16:00:00-05:00,11.15,11.48,11.01,11.0201,10931
2008-12-29 16:00:00-05:00,11.25,11.47,10.4,10.4,18969
2008-12-30 16:00:00-05:00,10.4,10.74,10.1,10.25,39797
2008-12-31 16:00:00-05:00,10.8,10.87,10.44,10.4852,41105
2009-01-02 16:00:00-05:00,10.5,10.66,10.36,10.64,24404
2009-01-05 16:00:00-05:00,10.6,11.02,10.55,10.95,35620
2009-01-06 16:00:00-05:00,11.21,11.21,10.55,10.85,47829
2009-01-07 16:00:00-05:00,10.93,11.5,10.62,10.946,42893
2009-01-08 16:00:00-05:00,10.9,11.0,10.69,10.94,28216
2009-01-09 16:00:00-05:00,10.95,11.0399,10.7455,10.9,20344
2009-01-12 16:00:00-05:00,11.1,11.3844,10.88,11.21,18087
2009-01-13 16:00:00-05:00,11.15,11.3166,10.77,11.0,16562
2009-01-14 16:00:00-05:00,11.09,11.19,10.21,10.7,62571
2009-01-15 16:00:00-05:00,10.6,11.47,10.6,11.205,31672
2009-01-16 16:00:00-05:00,11.1,11.4399,10.97,11.25,10429
2009-01-20 16:00:00-05:00,10.85,11.25,10.6,11.2,39221
2009-01-21 16:00:00-05:00,11.2,11.24,10.85,11.09,34895
2009-01-22 16:00:00-05:00,11.09,11.1,10.802,11.07,23003
2009-01-23 16:00:00-05:00,11.09,11.1,10.8,11.0,11858
2009-01-26 16:00:00-05:00,11.0,11.1,10.77,11.0,17470
2009-01-27 16:00:00-05:00,11.37,11.47,11.058,11.2,21372
2009-01-28 16:00:00-05:00,11.4,11.45,11.06,11.45,46848
2009-01-29 16:00:00-05:00,11.4,11.4799,11.14,11.45,20697
2009-01-30 16:00:00-05:00,11.54,11.6,11.2,11.6,22023
2009-02-02 16:00:00-05:00,11.6,11.748,11.17,11.2856,18829
2009-02-03 16:00:00-05:00,11.7,11.72,11.31,11.44,18903
2009-02-04 16:00:00-05:00,11.48,11.4899,11.34,11.4899,6265
2009-02-05 16:00:00-05:00,11.5,12.0,11.5,11.53,18389
2009-02-06 16:00:00-05:00,11.88,12.0,11.6,11.83,43495
2009-02-09 16:00:00-05:00,11.72,11.81,11.36,11.36,25503
2009-02-10 16:00:00-05:00,11.31,11.31,10.81,11.08,14991
2009-02-11 16:00:00-05:00,11.44,11.44,10.97,11.2,16596
2009-02-12 16:00:00-05:00,11.45,11.79,11.11,11.26,31238
2009-02-13 16:00:00-05:00,11.35,11.69,11.21,11.23,31310
2009-02-17 16:00:00-05:00,11.6,11.6,11.15,11.3,12289
2009-02-18 16:00:00-05:00,11.3,11.5,11.06,11.07,17254
2009-02-19 16:00:00-05:00,11.321,11.35,10.72,10.87,23905
2009-02-20 16:00:00-05:00,10.7,10.7,10.07,10.62,22547
2009-02-23 16:00:00-05:00,10.56,10.87,10.53,10.65,8225
2009-02-24 16:00:00-05:00,11.05,11.13,10.2,10.946,24395
2009-02-25 16:00:00-05:00,11.0,11.18,10.85,11.048,15386
2009-02-26 16:00:00-05:00,10.96,11.0405,10.888,11.04,19550
2009-02-27 16:00:00-05:00,11.0,11.12,10.5298,10.9,26777
2009-03-02 16:00:00-05:00,11.0,11.08,10.74,11.03,16030
2009-03-03 16:00:00-05:00,11.08,11.1,10.29,10.4,22498
2009-03-04 16:00:00-05:00,10.4,10.88,10.12,10.77,23280
2009-03-05 16:00:00-05:00,10.88,10.88,10.15,10.35,22307
2009-03-06 16:00:00-05:00,10.5,10.6,9.82,9.82,13715
2009-03-09 16:00:00-04:00,9.82,10.57,9.33,9.33,26742
2009-03-10 16:00:00-04:00,10.22,10.22,9.4,9.82,25322
2009-03-11 16:00:00-04:00,9.74,9.9,9.6052,9.8399,16027
2009-03-12 16:00:00-04:00,9.71,9.99,9.71,9.9,7727
2009-03-13 16:00:00-04:00,10.25,10.25,9.61,9.8491,27446
2009-03-16 16:00:00-04:00,10.1,10.1,9.5,9.84,14810
2009-03-17 16:00:00-04:00,9.84,10.07,9.64,9.64,22187
2009-03-18 16:00:00-04:00,9.74,10.05,9.74,9.79,19900
2009-03-19 16:00:00-04:00,10.04,10.49,9.5,9.72,24303
2009-03-20 16:00:00-04:00,9.8,9.9,9.6,9.6,32333
2009-03-23 16:00:00-04:00,9.9,9.9,9.72,9.72,7534
2009-03-24 16:00:00-04:00,9.55,10.0773,9.54,9.94,14444
2009-03-25 16:00:00-04:00,9.79,10.02,9.79,10.0,10059
2009-03-26 16:00:00-04:00,10.15,10.16,9.89,9.9999,19256
2009-03-27 16:00:00-04:00,9.81,10.05,9.81,9.98,17990
2009-03-30 16:00:00-04:00,10.1,10.1,9.46,9.675,27415
2009-03-31 16:00:00-04:00,10.2,10.2,9.3997,9.87,24536
2009-04-01 16:00:00-04:00,9.98,10.1,9.72,10.02,17617
2009-04-02 16:00:00-04:00,10.1,10.1,9.8204,10.06,12264
2009-04-03 16:00:00-04:00,9.97,10.17,9.8,9.84,18796
2009-04-06 16:00:00-04:00,9.85,10.09,9.82,9.87,8718
2009-04-07 16:00:00-04:00,9.99,10.13,9.8319,10.08,10494
2009-04-08 16:00:00-04:00,9.89,10.19,9.89,10.19,4525
2009-04-09 16:00:00-04:00,10.49,10.75,9.99,10.285,22291
2009-04-13 16:00:00-04:00,10.01,10.73,10.01,10.48,12800
2009-04-14 16:00:00-04:00,10.67,10.84,10.39,10.65,23868
2009-04-15 16:00:00-04:00,10.64,10.64,10.2,10.305,13476
2009-04-16 16:00:00-04:00,10.31,11.5,9.95,11.25,46183
2009-04-17 16:00:00-04:00,10.97,10.97,10.68,10.92,27918
2009-04-20 16:00:00-04:00,10.58,10.92,10.58,10.73,10805
2009-04-21 16:00:00-04:00,10.77,11.15,10.73,11.09,14024
2009-04-22 16:00:00-04:00,10.87,11.21,10.65,10.9201,14875
2009-04-23 16:00:00-04:00,10.81,11.4714,10.77,11.25,25397
2009-04-24 16:00:00-04:00,11.15,11.19,10.94,10.94,8504
2009-04-27 16:00:00-04:00,10.94,11.3,10.81,11.01,18455
2009-04-28 16:00:00-04:00,11.0,11.19,10.5,10.85,26178
2009-04-29 16:00:00-04:00,10.85,10.95,10.85,10.85,11750
2009-04-30 16:00:00-04:00,11.1,11.2,10.85,10.85,20911
2009-05-01 16:00:00-04:00,10.97,11.05,10.75,10.98,17709
2009-05-04 16:00:00-04:00,11.05,11.19,10.95,11.15,16806
2009-05-05 16:00:00-04:00,11.03,11.065,10.85,10.935,9001
2009-05-06 16:00:00-04:00,11.0,11.0,10.7,10.7,37654
2009-05-07 16:00:00-04:00,10.85,10.85,10.71,10.72,8905
2009-05-08 16:00:00-04:00,10.66,10.85,10.66,10.73,8078
2009-05-11 16:00:00-04:00,11.11,11.11,10.62,10.7612,20006
2009-05-12 16:00:00-04:00,10.71,10.94,10.69,10.69,25151
2009-05-13 16:00:00-04:00,10.7,10.8857,10.6513,10.69,19951
2009-05-14 16:00:00-04:00,10.69,10.79,10.44,10.57,68695
2009-05-15 16:00:00-04:00,10.7,10.73,10.45,10.55,26760
2009-05-18 16:00:00-04:00,10.96,10.96,10.6,10.61,28438
2009-05-19 16:00:00-04:00,10.67,10.82,10.59,10.65,22105
2009-05-20 16:00:00-04:00,10.75,10.75,10.56,10.65,54996
2009-05-21 16:00:00-04:00,10.7,10.89,10.6,10.61,54051
2009-05-22 16:00:00-04:00,10.74,10.74,10.6101,10.6401,8298
2009-05-26 16:00:00-04:00,10.6,10.69,10.6,10.65,38405
2009-05-27 16:00:00-04:00,10.65,10.72,10.6,10.63,35579
2009-05-28 16:00:00-04:00,10.75,10.75,10.63,10.65,47170
2009-05-29 16:00:00-04:00,10.81,10.89,10.6105,10.89,56173
2009-06-01 16:00:00-04:00,10.88,11.09,10.64,10.64,144765
2009-06-02 16:00:00-04:00,10.71,10.78,10.64,10.65,70495
2009-06-03 16:00:00-04:00,10.69,10.865,10.65,10.79,24795
2009-06-04 16:00:00-04:00,10.9,10.95,10.85,10.94,35989
2009-06-05 16:00:00-04:00,10.89,10.89,10.74,10.78,48765
2009-06-08 16:00:00-04:00,10.7,10.7934,10.7,10.74,15825
2009-06-09 16:00:00-04:00,10.76,10.95,10.76,10.95,13262
2009-06-10 16:00:00-04:00,10.97,11.03,10.8001,11.0299,9049
2009-06-11 16:00:00-04:00,10.98,11.15,10.97,11.15,29444
2009-06-12 16:00:00-04:00,11.2,11.28,11.16,11.1965,13112
2009-06-15 16:00:00-04:00,11.28,11.28,11.17,11.24,26323
2009-06-16 16:00:00-04:00,11.35,11.35,11.24,11.29,14831
2009-06-17 16:00:00-04:00,11.6,11.6,11.16,11.32,17398
2009-06-18 16:00:00-04:00,11.71,11.71,11.1,11.27,35884
2009-06-19 16:00:00-04:00,11.5,11.5,11.21,11.33,23363
2009-06-22 16:00:00-04:00,11.5,11.5,11.2798,11.36,29585
2009-06-23 16:00:00-04:00,11.65,11.65,11.31,11.5,24954
2009-06-24 16:00:00-04:00,11.72,11.72,11.43,11.56,44140
2009-06-25 16:00:00-04:00,11.67,11.67,11.5,11.6,32533
2009-06-26 16:00:00-04:00,11.65,11.74,11.54,11.74,19013
2009-06-29 16:00:00-04:00,11.68,11.68,11.57,11.68,16652
2009-06-30 16:00:00-04:00,11.78,11.7871,11.55,11.75,38249
2009-07-01 16:00:00-04:00,11.88,11.88,11.59,11.79,17991
2009-07-02 16:00:00-04:00,11.88,12.06,11.74,12.06,16654
2009-07-06 16:00:00-04:00,12.05,12.25,11.85,11.87,34801
2009-07-07 16:00:00-04:00,11.93,11.95,11.75,11.85,19054
2009-07-08 16:00:00-04:00,12.2,12.2,11.63,11.74,23299
2009-07-09 16:00:00-04:00,11.92,11.92,11.58,11.71,17253
2009-07-10 16:00:00-04:00,11.89,11.92,11.66,11.78,22971
2009-07-13 16:00:00-04:00,11.95,11.95,11.72,11.82,18927
2009-07-14 16:00:00-04:00,11.85,11.85,11.7,11.8,10975
2009-07-15 16:00:00-04:00,11.86,11.8871,11.75,11.8871,14630
2009-07-16 16:00:00-04:00,11.94,11.97,11.81,11.97,14217
2009-07-17 16:00:00-04:00,12.0,12.1296,11.95,12.0,16771
2009-07-20 16:00:00-04:00,12.52,12.54,11.93,12.1,31155
2009-07-21 16:00:00-04:00,12.32,12.32,12.0809,12.16,23804
2009-07-22 16:00:00-04:00,12.3,12.3,12.12,12.17,17340
2009-07-23 16:00:00-04:00,12.16,12.29,12.15,12.24,27268
2009-07-24 16:00:00-04:00,12.35,12.35,11.98,12.06,33468
2009-07-27 16:00:00-04:00,12.14,12.18,12.01,12.18,16240
2009-07-28 16:00:00-04:00,12.2,12.23,12.02,12.07,15170
2009-07-29 16:00:00-04:00,12.16,12.2,12.0,12.15,29165
2009-07-30 16:00:00-04:00,12.3,12.3,12.0,12.05,28393
2009-07-31 16:00:00-04:00,12.26,12.294,12.19,12.25,16879
2009-08-03 16:00:00-04:00,12.38,12.48,12.29,12.48,28398
2009-08-04 16:00:00-04:00,12.6,12.66,12.41,12.55,35276
2009-08-05 16:00:00-04:00,12.7,12.7,12.31,12.47,28494
2009-08-06 16:00:00-04:00,12.66,12.68,12.47,12.52,26000
2009-08-07 16:00:00-04:00,12.99,12.99,12.37,12.64,29112
2009-08-10 16:00:00-04:00,12.72,12.99,12.3554,12.76,33837
2009-08-11 16:00:00-04:00,12.78,12.78,12.47,12.65,10056
2009-08-12 16:00:00-04:00,12.67,12.74,12.57,12.68,9800
2009-08-13 16:00:00-04:00,12.78,12.97,12.55,12.87,21337
2009-08-14 16:00:00-04:00,12.97,13.0,12.81,12.9899,23787
2009-08-17 16:00:00-04:00,12.98,12.98,12.56,12.65,30464
2009-08-18 16:00:00-04:00,12.8,12.81,12.64,12.65,12001
2009-08-19 16:00:00-04:00,12.85,12.85,12.4,12.59,40886
2009-08-20 16:00:00-04:00,12.69,12.7,12.48,12.6,17467
2009-08-21 16:00:00-04:00,12.65,12.99,12.57,12.99,30845
2009-08-24 16:00:00-04:00,12.99,12.99,12.71,12.81,29261
2009-08-25 16:00:00-04:00,12.87,12.94,12.71,12.93,16026
2009-08-26 16:00:00-04:00,12.99,12.99,12.8201,12.9,16551
2009-08-27 16:00:00-04:00,12.98,12.98,12.82,12.84,13980
2009-08-28 16:00:00-04:00,12.76,12.97,12.76,12.81,13532
2009-08-31 16:00:00-04:00,12.98,13.0,12.91,13.0,13650
2009-09-01 16:00:00-04:00,12.99,13.0799,12.81,12.81,25201
2009-09-02 16:00:00-04:00,13.05,13.05,12.85,12.97,11070
2009-09-03 16:00:00-04:00,13.04,13.07,12.74,12.76,21242
2009-09-04 16:00:00-04:00,12.85,12.94,12.81,12.868,16594
2009-09-08 16:00:00-04:00,12.96,12.99,12.77,12.8,14950
2009-09-09 16:00:00-04:00,12.87,12.87,12.71,12.76,8564
2009-09-10 16:00:00-04:00,12.9,12.95,12.73,12.8,15418
2009-09-11 16:00:00-04:00,12.83,13.02,12.83,12.96,13286
2009-09-14 16:00:00-04:00,12.86,13.12,12.84,12.84,19368
2009-09-15 16:00:00-04:00,12.96,12.96,12.74,12.88,20538
2009-09-16 16:00:00-04:00,12.92,12.92,12.74,12.74,15537
2009-09-17 16:00:00-04:00,12.87,12.87,12.6,12.65,23733
2009-09-18 16:00:00-04:00,12.59,12.72,12.46,12.6799,37857
2009-09-21 16:00:00-04:00,12.72,12.77,12.57,12.61,15125
2009-09-22 16:00:00-04:00,12.78,12.85,12.67,12.85,18536
2009-09-23 16:00:00-04:00,12.85,12.95,12.802,12.95,13977
2009-09-24 16:00:00-04:00,13.04,13.0999,12.891,12.901,18960
2009-09-25 16:00:00-04:00,13.02,13.19,12.9,13.19,17255
2009-09-28 16:00:00-04:00,13.15,13.56,13.1302,13.22,12785
2009-09-29 16:00:00-04:00,13.17,13.29,13.17,13.24,14419
2009-09-30 16:00:00-04:00,13.4,13.45,13.25,13.45,34111
2009-10-01 16:00:00-04:00,13.48,13.53,13.32,13.38,30279
2009-10-02 16:00:00-04:00,13.38,13.4015,13.25,13.38,22131
2009-10-05 16:00:00-04:00,13.46,13.46,13.21,13.25,20568
2009-10-06 16:00:00-04:00,13.33,13.35,12.84,13.16,35342
2009-10-07 16:00:00-04:00,13.3,13.39,13.1101,13.18,24732
2009-10-08 16:00:00-04:00,13.3,13.45,13.12,13.229,14640
2009-10-09 16:00:00-04:00,13.4,13.4,13.225,13.35,6050
2009-10-12 16:00:00-04:00,13.41,13.41,13.09,13.0901,17789
2009-10-13 16:00:00-04:00,12.9,12.91,12.6,12.64,43751
2009-10-14 16:00:00-04:00,12.65,12.68,12.55,12.61,17118
2009-10-15 16:00:00-04:00,12.55,12.7,12.55,12.68,16354
2009-10-16 16:00:00-04:00,12.71,12.74,12.65,12.72,17896
2009-10-19 16:00:00-04:00,12.67,12.71,12.62,12.69,13858
2009-10-20 16:00:00-04:00,12.78,12.79,12.71,12.76,5335
2009-10-21 16:00:00-04:00,12.85,12.86,12.74,12.749,14874
2009-10-22 16:00:00-04:00,12.87,12.87,12.81,12.83,9278
2009-10-23 16:00:00-04:00,12.9,12.9,12.75,12.78,14618
2009-10-26 16:00:00-04:00,12.87,12.87,12.62,12.8,29473
2009-10-27 16:00:00-04:00,12.9,12.9,12.7,12.72,6475
2009-10-28 16:00:00-04:00,12.81,12.81,12.44,12.5001,13903
2009-10-29 16:00:00-04:00,12.75,12.75,12.4,12.42,19071
2009-10-30 16:00:00-04:00,12.43,12.62,12.14,12.1901,36804
2009-11-02 16:00:00-05:00,12.23,12.4709,12.23,12.47,12190
2009-11-03 16:00:00-05:00,12.53,12.53,12.3101,12.3727,12724
2009-11-04 16:00:00-05:00,12.49,12.49,12.31,12.33,19462
2009-11-05 16:00:00-05:00,12.47,12.47,12.25,12.3,35503
2009-11-06 16:00:00-05:00,12.35,12.39,12.24,12.3,21017
2009-11-09 16:00:00-05:00,12.25,12.35,12.25,12.34,22362
2009-11-10 16:00:00-05:00,12.35,12.35,12.2,12.2068,19467
2009-11-11 16:00:00-05:00,12.3,12.3,12.2338,12.3,10949
2009-11-12 16:00:00-05:00,12.29,12.3,12.21,12.23,19086
2009-11-13 16:00:00-05:00,12.28,12.28,12.2,12.22,14269
2009-11-16 16:00:00-05:00,12.28,12.39,12.27,12.37,13852
2009-11-17 16:00:00-05:00,12.41,12.41,12.3201,12.39,24398
2009-11-18 16:00:00-05:00,12.38,12.52,12.28,12.52,19713
2009-11-19 16:00:00-05:00,12.34,12.59,12.34,12.52,20114
2009-11-20 16:00:00-05:00,12.44,12.52,12.07,12.37,15642
2009-11-23 16:00:00-05:00,12.4,12.51,12.25,12.51,31130
2009-11-24 16:00:00-05:00,12.54,12.54,12.5,12.52,12871
2009-11-25 16:00:00-05:00,12.66,12.66,12.56,12.605,17323
2009-11-27 13:00:00-05:00,12.56,12.62,12.55,12.62,6400
2009-11-30 16:00:00-05:00,12.7,12.77,12.608,12.77,12852
2009-12-01 16:00:00-05:00,12.79,12.92,12.7,12.8,58671
2009-12-02 16:00:00-05:00,12.84,12.864,12.78,12.85,5363
2009-12-03 16:00:00-05:00,12.95,12.95,12.79,12.85,11839
2009-12-04 16:00:00-05:00,12.84,12.92,12.81,12.81,12508
2009-12-07 16:00:00-05:00,12.8,12.8,12.6,12.61,13199
2009-12-08 16:00:00-05:00,12.67,12.74,12.56,12.74,22073
2009-12-09 16:00:00-05:00,12.77,12.8,12.72,12.75,7657
2009-12-10 16:00:00-05:00,12.75,12.8,12.7,12.73,10111
2009-12-11 16:00:00-05:00,12.72,12.78,12.69,12.73,7700
2009-12-14 16:00:00-05:00,13.04,13.04,12.69,12.7501,8902
2009-12-15 16:00:00-05:00,12.92,12.92,12.51,12.7,18763
2009-12-16 16:00:00-05:00,12.7,12.88,12.7,12.88,19268
2009-12-17 16:00:00-05:00,12.79,12.92,12.79,12.88,5626
2009-12-18 16:00:00-05:00,13.02,13.02,12.79,12.87,21450
2009-12-21 16:00:00-05:00,12.8,12.91,12.76,12.88,23051
2009-12-22 16:00:00-05:00,13.0,13.01,12.84,12.87,11555
2009-12-23 16:00:00-05:00,13.0,13.0,12.78,12.78,13245
2009-12-24 13:00:00-05:00,12.89,12.89,12.74,12.8,9099
2009-12-28 16:00:00-05:00,12.95,12.95,12.76,12.8,9245
2009-12-29 16:00:00-05:00,12.73,12.87,12.72,12.87,25174
2009-12-30 16:00:00-05:00,12.78,12.87,12.74,12.82,15785
2009-12-31 16:00:00-05:00,12.9,12.9,12.68,12.75,12900
2010-01-04 16:00:00-05:00,12.88,12.9,12.76,12.84,14697
2010-01-05 16:00:00-05:00,12.92,12.92,12.8,12.84,4172
2010-01-06 16:00:00-05:00,12.81,12.8576,12.75,12.76,10051
2010-01-07 16:00:00-05:00,12.85,12.85,12.76,12.8,13239
2010-01-08 16:00:00-05:00,12.84,12.85,12.73,12.8,9268
2010-01-11 16:00:00-05:00,12.76,12.85,12.75,12.77,12773
2010-01-12 16:00:00-05:00,12.71,12.86,12.71,12.85,17500
2010-01-13 16:00:00-05:00,12.83,12.83,12.681,12.76,12319
2010-01-14 16:00:00-05:00,12.82,12.82,12.7,12.82,20385
2010-01-15 16:00:00-05:00,12.73,12.9,12.73,12.9,18813
2010-01-19 16:00:00-05:00,12.94,12.94,12.79,12.85,11122
2010-01-20 16:00:00-05:00,12.74,13.0,12.74,12.78,15933
2010-01-21 16:00:00-05:00,12.75,12.87,12.75,12.79,19774
2010-01-22 16:00:00-05:00,12.85,12.85,12.73,12.7305,5532
2010-01-25 16:00:00-05:00,12.62,12.78,12.62,12.78,25899
2010-01-26 16:00:00-05:00,12.86,12.8975,12.71,12.71,20232
2010-01-27 16:00:00-05:00,12.79,12.79,12.66,12.69,19285
2010-01-28 16:00:00-05:00,12.72,12.72,12.62,12.62,9135
2010-01-29 16:00:00-05:00,12.72,12.76,12.64,12.66,15225
2010-02-01 16:00:00-05:00,12.79,12.79,12.54,12.59,39817
2010-02-02 16:00:00-05:00,12.66,12.75,12.55,12.75,10362
2010-02-03 16:00:00-05:00,12.72,12.72,12.65,12.69,16249
2010-02-04 16:00:00-05:00,12.72,12.72,12.6,12.62,11553
2010-02-05 16:00:00-05:00,12.71,12.75,12.46,12.675,19505
2010-02-08 16:00:00-05:00,12.74,12.74,12.55,12.56,19407
2010-02-09 16:00:00-05:00,12.72,12.72,12.5705,12.6,7311
2010-02-10 16:00:00-05:00,12.65,12.65,12.48,12.48,17604
2010-02-11 16:00:00-05:00,12.55,12.55,12.48,12.55,10087
2010-02-12 16:00:00-05:00,12.58,12.58,12.5,12.53,12400
2010-02-16 16:00:00-05:00,12.48,12.57,12.48,12.57,16804
2010-02-17 16:00:00-05:00,12.5,12.61,12.39,12.5,16983
2010-02-18 16:00:00-05:00,12.56,12.58,12.451,12.46,18418
2010-02-19 16:00:00-05:00,12.52,12.58,12.49,12.52,13251
2010-02-22 16:00:00-05:00,12.6,12.65,12.48,12.55,22091
2010-02-23 16:00:00-05:00,12.58,12.66,12.57,12.66,10161
2010-02-24 16:00:00-05:00,12.73,12.73,12.65,12.69,17129
2010-02-25 16:00:00-05:00,12.72,12.77,12.67,12.77,11724
2010-02-26 16:00:00-05:00,12.8,12.85,12.67,12.7576,17721
2010-03-01 16:00:00-05:00,12.82,12.89,12.78,12.82,16167
2010-03-02 16:00:00-05:00,12.79,12.87,12.79,12.8,19605
2010-03-03 16:00:00-05:00,12.89,12.89,12.74,12.74,18070
2010-03-04 16:00:00-05:00,12.68,12.87,12.68,12.68,44134
2010-03-05 16:00:00-05:00,12.68,12.81,12.68,12.68,19219
2010-03-08 16:00:00-05:00,12.74,12.75,12.67,12.75,14655
2010-03-09 16:00:00-05:00,12.82,12.82,12.7,12.8,17600
2010-03-10 16:00:00-05:00,12.82,12.82,12.7,12.74,9628
2010-03-11 16:00:00-05:00,12.71,12.76,12.566,12.7,24890
2010-03-12 16:00:00-05:00,12.79,12.79,12.73,12.7795,14455
2010-03-15 16:00:00-04:00,12.78,12.81,12.74,12.81,14590
2010-03-16 16:00:00-04:00,12.75,13.0,12.75,12.99,44176
2010-03-17 16:00:00-04:00,12.99,13.1,12.99,13.1,44846
2010-03-18 16:00:00-04:00,13.14,13.22,13.01,13.15,43108
2010-03-19 16:00:00-04:00,13.14,13.2,13.08,13.2,17001
2010-03-22 16:00:00-04:00,13.12,13.19,13.0535,13.19,25215
2010-03-23 16:00:00-04:00,13.19,13.19,12.93,13.09,26316
2010-03-24 16:00:00-04:00,13.15,13.15,12.97,12.9701,29062
2010-03-25 16:00:00-04:00,13.08,13.09,12.95,13.08,21690
2010-03-26 16:00:00-04:00,13.09,13.09,12.99,13.07,24600
2010-03-29 16:00:00-04:00,13.09,13.09,12.96,13.09,20608
2010-03-30 16:00:00-04:00,13.12,13.18,13.05,13.11,20840
2010-03-31 16:00:00-04:00,13.17,13.2,13.07,13.2,30551
2010-04-01 16:00:00-04:00,13.19,13.21,13.09,13.21,22051
2010-04-05 16:00:00-04:00,13.28,13.28,13.03,13.03,15489
2010-04-06 16:00:00-04:00,13.0,13.09,13.0,13.0366,13978
2010-04-07 16:00:00-04:00,13.1,13.1,13.0,13.1,8940
2010-04-08 16:00:00-04:00,13.15,13.15,13.0501,13.099,11794
2010-04-09 16:00:00-04:00,13.15,13.16,13.07,13.08,9541
2010-04-12 16:00:00-04:00,13.2,13.2,13.07,13.18,10421
2010-04-13 16:00:00-04:00,13.15,13.15,12.95,13.15,16089
2010-04-14 16:00:00-04:00,13.2,13.2,13.08,13.12,12528
2010-04-15 16:00:00-04:00,13.2,13.29,13.12,13.23,28041
2010-04-16 16:00:00-04:00,13.27,13.27,13.14,13.14,9783
2010-04-19 16:00:00-04:00,13.18,13.25,13.11,13.15,13761
2010-04-20 16:00:00-04:00,13.15,13.25,13.06,13.15,18415
2010-04-21 16:00:00-04:00,13.16,13.25,13.07,13.07,5490
2010-04-22 16:00:00-04:00,13.15,13.24,13.1337,13.24,14297
2010-04-23 16:00:00-04:00,13.19,13.268,13.13,13.19,28627
2010-04-26 16:00:00-04:00,13.23,13.26,13.12,13.12,11440
2010-04-27 16:00:00-04:00,13.08,13.24,13.01,13.09,16084
2010-04-28 16:00:00-04:00,13.1,13.227,13.1,13.18,12800
2010-04-29 16:00:00-04:00,13.21,13.23,13.18,13.1805,18333
2010-04-30 16:00:00-04:00,13.23,13.3,13.21,13.2625,20666
2010-05-03 16:00:00-04:00,13.36,13.36,13.25,13.26,23029
2010-05-04 16:00:00-04:00,13.27,13.34,13.25,13.3199,10606
2010-05-05 16:00:00-04:00,13.35,13.35,13.17,13.21,12686
2010-05-06 16:00:00-04:00,13.25,13.25,12.93,12.9301,20301
2010-05-07 16:00:00-04:00,12.77,12.91,12.5954,12.9,40867
2010-05-10 16:00:00-04:00,12.85,13.15,12.85,13.09,41391
2010-05-11 16:00:00-04:00,13.17,13.25,12.94,13.25,53422
2010-05-12 16:00:00-04:00,13.35,13.35,13.05,13.16,31618
2010-05-13 16:00:00-04:00,13.23,13.38,13.15,13.38,48760
2010-05-14 16:00:00-04:00,13.34,13.54,13.271,13.5,81217
2010-05-17 16:00:00-04:00,13.48,13.7601,13.27,13.62,70411
2010-05-18 16:00:00-04:00,13.62,14.34,13.5,13.94,145113
2010-05-19 16:00:00-04:00,14.1,14.2,13.641,14.06,57674
2010-05-20 16:00:00-04:00,14.06,14.06,13.64,13.85,28871
2010-05-21 16:00:00-04:00,14.12,14.39,13.84,14.31,38126
2010-05-24 16:00:00-04:00,14.25,15.0,14.25,14.4,97199
2010-05-25 16:00:00-04:00,14.43,14.43,13.77,13.8,41552
2010-05-26 16:00:00-04:00,14.1,14.1,13.17,13.24,42047
2010-05-27 16:00:00-04:00,13.47,13.51,13.25,13.3,23818
2010-05-28 16:00:00-04:00,13.53,13.53,13.16,13.36,16098
2010-06-01 16:00:00-04:00,13.25,13.5,13.11,13.23,74732
2010-06-02 16:00:00-04:00,13.38,13.38,13.17,13.3,10664
2010-06-03 16:00:00-04:00,13.4,13.42,13.11,13.15,15857
2010-06-04 16:00:00-04:00,13.26,13.26,12.93,13.02,23708
2010-06-07 16:00:00-04:00,13.14,13.14,12.57,12.65,269248
2010-06-08 16:00:00-04:00,12.57,12.74,12.54,12.63,36943
2010-06-09 16:00:00-04:00,12.55,12.68,12.55,12.62,20183
2010-06-10 16:00:00-04:00,12.57,12.67,12.57,12.67,15600
2010-06-11 16:00:00-04:00,12.7,12.7,12.54,12.58,26300
2010-06-14 16:00:00-04:00,12.66,12.66,12.31,12.35,128774
2010-06-15 16:00:00-04:00,12.55,12.55,12.37,12.5,29188
2010-06-16 16:00:00-04:00,12.55,12.55,12.13,12.38,190655
2010-06-17 16:00:00-04:00,12.52,12.54,12.42,12.54,23487
2010-06-18 16:00:00-04:00,12.57,12.62,12.5501,12.62,22099
2010-06-21 16:00:00-04:00,12.75,12.76,12.58,12.68,41805
2010-06-22 16:00:00-04:00,12.74,12.74,12.68,12.71,21929
2010-06-23 16:00:00-04:00,12.8,12.86,12.72,12.86,24737
2010-06-24 16:00:00-04:00,12.9,12.9,12.78,12.83,24072
2010-06-25 16:00:00-04:00,12.94,12.94,12.861,12.91,12260
2010-06-28 16:00:00-04:00,12.94,12.99,12.86,12.99,27158
2010-06-29 16:00:00-04:00,13.0,13.0,12.7801,12.82,12965
2010-06-30 16:00:00-04:00,12.94,12.94,12.75,12.9,29440
2010-07-01 16:00:00-04:00,12.95,13.0,12.82,12.99,36829
2010-07-02 16:00:00-04:00,13.06,13.06,12.85,12.932,15236
2010-07-06 16:00:00-04:00,13.1,13.1,12.9,12.91,18322
2010-07-07 16:00:00-04:00,13.02,13.15,12.93,13.15,38790
2010-07-08 16:00:00-04:00,13.27,13.27,13.07,13.2,48949
2010-07-09 16:00:00-04:00,13.2,13.28,13.09,13.28,22422
2010-07-12 16:00:00-04:00,13.34,13.56,13.2,13.26,39234
2010-07-13 16:00:00-04:00,13.4,13.43,13.22,13.34,33877
2010-07-14 16:00:00-04:00,13.31,13.31,13.23,13.27,10794
2010-07-15 16:00:00-04:00,13.26,13.28,13.16,13.23,17649
2010-07-16 16:00:00-04:00,13.3,13.36,13.28,13.31,34326
2010-07-19 16:00:00-04:00,13.41,13.43,13.33,13.38,25013
2010-07-20 16:00:00-04:00,13.31,13.439,13.31,13.42,11698
2010-07-21 16:00:00-04:00,13.32,13.43,13.28,13.43,30698
2010-07-22 16:00:00-04:00,13.43,13.8,13.41,13.8,36765
2010-07-23 16:00:00-04:00,13.94,13.94,13.433,13.64,40317
2010-07-26 16:00:00-04:00,13.71,13.72,13.38,13.72,17775
2010-07-27 16:00:00-04:00,13.68,13.72,13.41,13.72,33215
2010-07-28 16:00:00-04:00,13.76,13.8,13.6,13.72,20269
2010-07-29 16:00:00-04:00,13.8,13.9,13.74,13.9,13614
2010-07-30 16:00:00-04:00,13.92,13.92,13.7001,13.7001,26245
2010-08-02 16:00:00-04:00,13.71,13.9,13.71,13.87,13529
2010-08-03 16:00:00-04:00,13.93,13.93,13.87,13.93,11064
2010-08-04 16:00:00-04:00,13.93,14.11,13.87,14.11,18760
2010-08-05 16:00:00-04:00,14.06,14.11,13.86,13.95,23707
2010-08-06 16:00:00-04:00,13.99,14.19,13.91,14.02,15891
2010-08-09 16:00:00-04:00,14.11,14.11,13.96,14.11,10125
2010-08-10 16:00:00-04:00,14.09,14.11,14.0,14.06,17208
2010-08-11 16:00:00-04:00,14.05,14.09,13.85,13.86,12983
2010-08-12 16:00:00-04:00,13.89,13.95,13.77,13.772,9962
2010-08-13 16:00:00-04:00,13.84,13.92,13.73,13.89,21656
2010-08-16 16:00:00-04:00,13.93,13.93,13.78,13.86,15375
2010-08-17 16:00:00-04:00,13.98,13.98,13.8,13.85,7986
2010-08-18 16:00:00-04:00,13.94,13.94,13.8,13.85,7584
2010-08-19 16:00:00-04:00,13.91,13.91,13.7,13.74,10389
2010-08-20 16:00:00-04:00,13.8,13.8,13.63,13.72,16938
2010-08-23 16:00:00-04:00,13.7,13.75,13.65,13.72,19233
2010-08-24 16:00:00-04:00,13.77,13.8725,13.66,13.8,22784
2010-08-25 16:00:00-04:00,13.87,13.8899,13.7172,13.76,15007
2010-08-26 16:00:00-04:00,13.88,13.88,13.61,13.73,15226
2010-08-27 16:00:00-04:00,13.83,13.83,13.56,13.75,15931
2010-08-30 16:00:00-04:00,13.65,13.77,13.61,13.65,11549
2010-08-31 16:00:00-04:00,13.72,13.72,13.4,13.55,16574
2010-09-01 16:00:00-04:00,13.55,13.71,13.548,13.65,19411
2010-09-02 16:00:00-04:00,13.74,13.74,13.45,13.6,13880
2010-09-03 16:00:00-04:00,13.77,13.77,13.49,13.57,10214
2010-09-07 16:00:00-04:00,13.47,13.6499,13.47,13.57,3756
2010-09-08 16:00:00-04:00,13.65,13.77,13.6,13.61,53391
2010-09-09 16:00:00-04:00,13.61,13.64,13.39,13.53,37112
2010-09-10 16:00:00-04:00,13.62,13.64,13.51,13.63,30012
2010-09-13 16:00:00-04:00,13.64,13.65,13.4701,13.57,25221
2010-09-14 16:00:00-04:00,13.64,13.64,13.33,13.55,57182
2010-09-15 16:00:00-04:00,13.5,13.53,13.38,13.51,67901
2010-09-16 16:00:00-04:00,13.55,13.55,13.25,13.4,51588
2010-09-17 16:00:00-04:00,13.5,13.55,13.33,13.55,30938
2010-09-20 16:00:00-04:00,13.49,13.58,13.31,13.4,42509
2010-09-21 16:00:00-04:00,13.47,13.5,13.37,13.5,46973
2010-09-22 16:00:00-04:00,13.48,13.53,13.38,13.49,25953
2010-09-23 16:00:00-04:00,13.49,13.57,13.42,13.51,35076
2010-09-24 16:00:00-04:00,13.57,13.57,13.32,13.45,84428
2010-09-27 16:00:00-04:00,13.46,13.46,13.35,13.42,29467
2010-09-28 16:00:00-04:00,13.47,13.5,13.33,13.46,20864
2010-09-29 16:00:00-04:00,13.48,13.56,13.35,13.53,26361
2010-09-30 16:00:00-04:00,13.56,13.59,13.44,13.59,21094
2010-10-01 16:00:00-04:00,13.6,13.6174,13.52,13.5383,25082
2010-10-04 16:00:00-04:00,13.5,13.63,13.5,13.55,35084
2010-10-05 16:00:00-04:00,13.61,13.61,13.51,13.51,21117
2010-10-06 16:00:00-04:00,13.47,13.6,13.47,13.55,28651
2010-10-07 16:00:00-04:00,13.51,13.5774,13.47,13.57,32890
2010-10-08 16:00:00-04:00,13.51,13.58,13.49,13.52,21154
2010-10-11 16:00:00-04:00,13.52,13.58,13.46,13.58,18911
2010-10-12 16:00:00-04:00,13.53,13.54,13.47,13.53,36675
2010-10-13 16:00:00-04:00,13.51,13.53,13.42,13.43,31018
2010-10-14 16:00:00-04:00,13.47,13.5,13.33,13.37,49368
2010-10-15 16:00:00-04:00,13.33,13.44,13.3,13.34,68934
2010-10-18 16:00:00-04:00,13.29,13.38,13.29,13.31,25559
2010-10-19 16:00:00-04:00,13.29,13.35,13.275,13.31,7073
2010-10-20 16:00:00-04:00,13.25,13.46,13.25,13.41,14952
2010-10-21 16:00:00-04:00,13.46,13.46,13.33,13.37,15301
2010-10-22 16:00:00-04:00,13.33,13.4,13.315,13.34,19502
2010-10-25 16:00:00-04:00,13.4,13.46,13.37,13.45,23112
2010-10-26 16:00:00-04:00,13.46,13.4664,13.38,13.46,6874
2010-10-27 16:00:00-04:00,13.46,13.494,13.43,13.4301,39549
2010-10-28 16:00:00-04:00,13.5,13.51,13.42,13.43,16071
2010-10-29 16:00:00-04:00,13.51,13.57,13.46,13.57,45352
2010-11-01 16:00:00-04:00,13.59,13.63,13.5,13.54,23156
2010-11-02 16:00:00-04:00,13.55,13.63,13.53,13.63,17565
2010-11-03 16:00:00-04:00,13.62,13.67,13.56,13.56,43843
2010-11-04 16:00:00-04:00,13.58,13.69,13.58,13.6,19922
2010-11-05 16:00:00-04:00,13.63,13.65,13.5,13.58,14329
2010-11-08 16:00:00-05:00,13.51,13.58,13.48,13.49,18175
2010-11-09 16:00:00-05:00,13.55,13.55,13.41,13.44,27468
2010-11-10 16:00:00-05:00,13.39,13.45,13.1808,13.35,35398
2010-11-11 16:00:00-05:00,13.34,13.36,13.28,13.3,16064
2010-11-12 16:00:00-05:00,13.29,13.36,13.18,13.18,7620
2010-11-15 16:00:00-05:00,13.16,13.24,12.89,12.99,27943
2010-11-16 16:00:00-05:00,12.92,12.92,12.22,12.92,84224
2010-11-17 16:00:00-05:00,12.89,13.09,12.89,13.04,41999
2010-11-18 16:00:00-05:00,13.19,13.21,13.046,13.07,22825
2010-11-19 16:00:00-05:00,13.14,13.14,13.06,13.14,18623
2010-11-22 16:00:00-05:00,13.07,13.24,13.07,13.22,10960
2010-11-23 16:00:00-05:00,13.19,13.28,13.15,13.25,18188
2010-11-24 16:00:00-05:00,13.29,13.29,13.09,13.09,14287
2010-11-26 13:00:00-05:00,13.12,13.16,13.11,13.15,4982
2010-11-29 16:00:00-05:00,13.19,13.23,13.16,13.21,17582
2010-11-30 16:00:00-05:00,13.2,13.24,13.17,13.24,14176
2010-12-01 16:00:00-05:00,13.3,13.3,13.07,13.12,38521
2010-12-02 16:00:00-05:00,13.07,13.17,13.02,13.0442,23964
2010-12-03 16:00:00-05:00,13.0,13.14,12.98,13.05,25224
2010-12-06 16:00:00-05:00,13.09,13.1,12.97,13.1,13068
2010-12-07 16:00:00-05:00,13.13,13.13,12.85,12.94,14741
2010-12-08 16:00:00-05:00,12.96,12.96,12.589,12.64,28884
2010-12-09 16:00:00-05:00,12.58,12.73,12.5,12.6,45056
2010-12-10 16:00:00-05:00,12.63,12.63,12.14,12.6,41716
2010-12-13 16:00:00-05:00,12.53,12.63,12.45,12.47,55629
2010-12-14 16:00:00-05:00,12.52,12.52,12.37,12.46,35885
2010-12-15 16:00:00-05:00,12.5,12.5,12.33,12.36,26741
2010-12-16 16:00:00-05:00,12.34,12.46,12.34,12.41,43726
2010-12-17 16:00:00-05:00,12.45,12.56,12.415,12.56,33035
2010-12-20 16:00:00-05:00,12.52,12.76,12.4902,12.76,41148
2010-12-21 16:00:00-05:00,12.74,12.74,12.6301,12.74,20207
2010-12-22 16:00:00-05:00,12.74,12.83,12.71,12.82,41904
2010-12-23 16:00:00-05:00,12.88,12.88,12.75,12.85,36685
2010-12-27 16:00:00-05:00,12.89,12.89,12.82,12.8899,9512
2010-12-28 16:00:00-05:00,12.82,12.83,12.77,12.77,32693
2010-12-29 16:00:00-05:00,12.74,12.82,12.7,12.82,26352
2010-12-30 16:00:00-05:00,12.77,12.82,12.76,12.82,17615
2010-12-31 16:00:00-05:00,12.86,12.9099,12.83,12.89,17911
2011-01-03 16:00:00-05:00,12.9,12.92,12.8,12.92,17593
2011-01-04 16:00:00-05:00,12.97,12.971,12.8637,12.91,8102
2011-01-05 16:00:00-05:00,12.9,12.9,12.76,12.84,12930
2011-01-06 16:00:00-05:00,12.85,12.9,12.78,12.8,10560
2011-01-07 16:00:00-05:00,12.73,12.89,12.73,12.89,24277
2011-01-10 16:00:00-05:00,12.9,12.9,12.8,12.89,11151
2011-01-11 16:00:00-05:00,12.84,12.8999,12.78,12.83,22344
2011-01-12 16:00:00-05:00,12.82,12.84,12.69,12.75,19422
2011-01-13 16:00:00-05:00,12.8,12.84,12.67,12.76,29136
2011-01-14 16:00:00-05:00,12.8,12.86,12.7,12.74,23486
2011-01-18 16:00:00-05:00,12.7,12.76,12.6601,12.73,21562
2011-01-19 16:00:00-05:00,12.69,12.84,12.56,12.57,24583
2011-01-20 16:00:00-05:00,12.57,12.64,12.51,12.51,26228
2011-01-21 16:00:00-05:00,12.62,12.69,12.52,12.61,16483
2011-01-24 16:00:00-05:00,12.57,12.74,12.52,12.65,25223
2011-01-25 16:00:00-05:00,12.67,12.76,12.67,12.68,22565
2011-01-26 16:00:00-05:00,12.64,12.79,12.64,12.75,25999
2011-01-27 16:00:00-05:00,12.79,12.79,12.66,12.67,17471
2011-01-28 16:00:00-05:00,12.71,12.77,12.61,12.62,21110
2011-01-31 16:00:00-05:00,12.68,12.8,12.64,12.78,35510
2011-02-01 16:00:00-05:00,12.8,12.88,12.73,12.84,36889
2011-02-02 16:00:00-05:00,12.76,12.85,12.71,12.8,27111
2011-02-03 16:00:00-05:00,12.8,12.85,12.8,12.84,28195
2011-02-04 16:00:00-05:00,12.81,12.84,12.75,12.75,23865
2011-02-07 16:00:00-05:00,12.75,12.83,12.75,12.83,14079
2011-02-08 16:00:00-05:00,12.78,12.86,12.77,12.81,20516
2011-02-09 16:00:00-05:00,12.77,12.84,12.74,12.78,26592
2011-02-10 16:00:00-05:00,12.71,12.87,12.71,12.8,23443
2011-02-11 16:00:00-05:00,12.75,12.83,12.74,12.8,25344
2011-02-14 16:00:00-05:00,12.75,12.86,12.75,12.86,11972
2011-02-15 16:00:00-05:00,12.8,12.9,12.8,12.9,8875
2011-02-16 16:00:00-05:00,12.84,12.89,12.82,12.85,21237
2011-02-17 16:00:00-05:00,12.85,12.93,12.82,12.93,13715
2011-02-18 16:00:00-05:00,12.87,12.9,12.821,12.89,11106
2011-02-22 16:00:00-05:00,12.81,12.9,12.64,12.67,30084
2011-02-23 16:00:00-05:00,12.74,12.89,12.6508,12.85,24313
2011-02-24 16:00:00-05:00,12.89,12.96,12.81,12.86,19157
2011-02-25 16:00:00-05:00,12.9,13.01,12.85,13.0099,12989
2011-02-28 16:00:00-05:00,13.09,13.1,12.82,13.0,25999
2011-03-01 16:00:00-05:00,12.97,13.0,12.88,12.92,29789
2011-03-02 16:00:00-05:00,12.93,13.0,12.88,12.97,19093
2011-03-03 16:00:00-05:00,13.0,13.05,12.87,13.04,58250
2011-03-04 16:00:00-05:00,13.08,13.08,13.006,13.08,24409
2011-03-07 16:00:00-05:00,13.07,13.07,12.97,13.06,20476
2011-03-08 16:00:00-05:00,13.07,13.07,12.96,13.06,13630
2011-03-09 16:00:00-05:00,12.96,13.24,12.96,13.0901,54108
2011-03-10 16:00:00-05:00,13.05,13.06,12.9,13.04,22489
2011-03-11 16:00:00-05:00,13.04,13.12,13.01,13.09,10313
2011-03-14 16:00:00-04:00,12.87,13.0699,12.87,12.97,16229
2011-03-15 16:00:00-04:00,12.84,12.96,12.84,12.8701,9562
2011-03-16 16:00:00-04:00,12.87,13.05,12.78,12.92,27303
2011-03-17 16:00:00-04:00,12.97,13.06,12.96,12.96,28133
2011-03-18 16:00:00-04:00,12.97,13.05,12.86,12.96,12315
2011-03-21 16:00:00-04:00,12.96,13.05,12.9,13.05,20116
2011-03-22 16:00:00-04:00,13.06,13.11,12.97,13.09,27148
2011-03-23 16:00:00-04:00,13.13,13.13,13.02,13.13,10651
2011-03-24 16:00:00-04:00,13.16,13.16,12.96,13.03,19566
2011-03-25 16:00:00-04:00,13.07,13.07,12.98,13.07,7541
2011-03-28 16:00:00-04:00,13.09,13.1,13.03,13.07,15932
2011-03-29 16:00:00-04:00,13.04,13.08,12.97,13.0,15132
2011-03-30 16:00:00-04:00,13.09,13.09,13.0,13.05,13867
2011-03-31 16:00:00-04:00,13.07,13.08,12.99,13.04,6048
2011-04-01 16:00:00-04:00,13.09,13.09,12.98,13.09,11199
2011-04-04 16:00:00-04:00,13.04,13.09,13.04,13.0899,9764
2011-04-05 16:00:00-04:00,13.09,13.11,13.03,13.04,12660
2011-04-06 16:00:00-04:00,13.05,13.15,13.05,13.15,7494
2011-04-07 16:00:00-04:00,13.14,13.17,13.04,13.13,11438
2011-04-08 16:00:00-04:00,13.1,13.13,13.04,13.09,10108
2011-04-11 16:00:00-04:00,13.04,13.07,13.03,13.03,7437
2011-04-12 16:00:00-04:00,12.93,13.14,12.93,13.14,17942
2011-04-13 16:00:00-04:00,13.07,13.1271,13.04,13.04,5838
2011-04-14 16:00:00-04:00,13.05,13.18,13.03,13.18,11698
2011-04-15 16:00:00-04:00,13.16,13.16,13.07,13.13,13700
2011-04-18 16:00:00-04:00,13.13,13.13,12.87,12.88,40568
2011-04-19 16:00:00-04:00,12.89,13.0,12.89,13.0,26235
2011-04-20 16:00:00-04:00,13.05,13.05,12.95,13.0,18154
2011-04-21 16:00:00-04:00,12.95,13.02,12.9,12.98,28339
2011-04-25 16:00:00-04:00,12.84,12.99,12.84,12.95,27965
2011-04-26 16:00:00-04:00,12.99,13.03,12.96,13.0,12180
2011-04-27 16:00:00-04:00,13.03,13.05,12.95,13.02,22967
2011-04-28 16:00:00-04:00,13.04,13.05,12.95,12.97,14851
2011-04-29 16:00:00-04:00,12.95,13.06,12.9,13.03,18606
2011-05-02 16:00:00-04:00,13.07,13.08,12.96,13.0375,27798
2011-05-03 16:00:00-04:00,12.97,13.08,12.97,13.08,14085
2011-05-04 16:00:00-04:00,13.12,13.15,13.04,13.12,15857
2011-05-05 16:00:00-04:00,13.12,13.18,13.09,13.18,21370
2011-05-06 16:00:00-04:00,13.16,13.2,13.1,13.172,21069
2011-05-09 16:00:00-04:00,13.17,13.22,13.12,13.19,21896
2011-05-10 16:00:00-04:00,13.15,13.25,13.15,13.24,30818
2011-05-11 16:00:00-04:00,13.2,13.3,13.2,13.3,9013
2011-05-12 16:00:00-04:00,13.22,13.28,13.2103,13.28,14543
2011-05-13 16:00:00-04:00,13.3,13.3398,13.2601,13.278,10883
2011-05-16 16:00:00-04:00,13.27,13.38,13.27,13.38,31466
2011-05-17 16:00:00-04:00,13.32,13.4,13.31,13.39,13296
2011-05-18 16:00:00-04:00,13.31,13.45,13.31,13.45,29945
2011-05-19 16:00:00-04:00,13.4,13.4,13.24,13.29,15639
2011-05-20 16:00:00-04:00,13.19,13.25,13.17,13.24,19313
2011-05-23 16:00:00-04:00,13.25,13.25,13.151,13.2,37466
2011-05-24 16:00:00-04:00,13.26,13.28,13.18,13.26,14687
2011-05-25 16:00:00-04:00,13.23,13.31,13.22,13.24,32722
2011-05-26 16:00:00-04:00,13.21,13.34,13.21,13.34,18985
2011-05-27 16:00:00-04:00,13.34,13.42,13.33,13.42,21583
2011-05-31 16:00:00-04:00,13.43,13.47,13.37,13.47,14023
2011-06-01 16:00:00-04:00,13.3,13.4699,13.3,13.4001,30059
2011-06-02 16:00:00-04:00,13.34,13.45,13.3,13.43,25013
2011-06-03 16:00:00-04:00,13.33,13.37,13.28,13.3232,18626
2011-06-06 16:00:00-04:00,13.31,13.37,13.17,13.3,21295
2011-06-07 16:00:00-04:00,13.24,13.34,13.23,13.34,13913
2011-06-08 16:00:00-04:00,13.3,13.35,13.18,13.18,35778
2011-06-09 16:00:00-04:00,13.19,13.26,13.18,13.26,24420
2011-06-10 16:00:00-04:00,13.18,13.31,13.16,13.25,21826
2011-06-13 16:00:00-04:00,13.31,13.31,13.1,13.1,39184
2011-06-14 16:00:00-04:00,13.18,13.18,13.06,13.18,11296
2011-06-15 16:00:00-04:00,13.16,13.16,13.0,13.06,22906
2011-06-16 16:00:00-04:00,13.1,13.13,13.0,13.07,23588
2011-06-17 16:00:00-04:00,13.13,13.15,13.04,13.15,20042
2011-06-20 16:00:00-04:00,13.16,13.2001,13.05,13.11,38115
2011-06-21 16:00:00-04:00,13.18,13.3,13.13,13.2,19105
2011-06-22 16:00:00-04:00,13.24,13.28,13.19,13.26,25142
2011-06-23 16:00:00-04:00,13.24,13.38,13.19,13.38,26328
2011-06-24 16:00:00-04:00,13.41,13.45,13.29,13.45,15222
2011-06-27 16:00:00-04:00,13.42,13.51,13.35,13.5,30881
2011-06-28 16:00:00-04:00,13.5,13.52,13.23,13.25,22500
2011-06-29 16:00:00-04:00,13.32,13.71,13.22,13.32,23721
2011-06-30 16:00:00-04:00,13.25,13.36,13.21,13.27,14275
2011-07-01 16:00:00-04:00,13.2,13.33,13.2,13.2,12602
2011-07-05 16:00:00-04:00,13.19,13.29,13.18,13.28,21369
2011-07-06 16:00:00-04:00,13.33,13.37,13.21,13.27,14584
2011-07-07 16:00:00-04:00,13.24,13.33,13.18,13.27,22622
2011-07-08 16:00:00-04:00,13.16,13.358,13.15,13.31,14280
2011-07-11 16:00:00-04:00,13.2,13.36,13.2,13.36,15173
2011-07-12 16:00:00-04:00,13.24,13.4,13.24,13.32,42525
2011-07-13 16:00:00-04:00,13.3,13.329,13.26,13.32,27147
2011-07-14 16:00:00-04:00,13.37,13.37,13.21,13.27,24175
2011-07-15 16:00:00-04:00,13.22,13.2967,13.16,13.24,23442
2011-07-18 16:00:00-04:00,13.16,13.27,13.13,13.13,22078
2011-07-19 16:00:00-04:00,13.16,13.54,13.14,13.18,35148
2011-07-20 16:00:00-04:00,13.17,13.21,13.13,13.15,19418
2011-07-21 16:00:00-04:00,13.16,13.19,13.14,13.17,15736
2011-07-22 16:00:00-04:00,13.17,13.23,13.12,13.14,15102
2011-07-25 16:00:00-04:00,13.02,13.1075,12.95,13.01,36615
2011-07-26 16:00:00-04:00,12.96,13.2,12.96,13.15,25078
2011-07-27 16:00:00-04:00,13.13,13.17,13.0,13.1,26246
2011-07-28 16:00:00-04:00,13.04,13.05,12.85,13.01,21245
2011-07-29 16:00:00-04:00,12.96,13.06,12.77,12.95,15943
2011-08-01 16:00:00-04:00,13.13,13.17,12.951,13.12,30921
2011-08-02 16:00:00-04:00,12.99,13.22,12.99,13.19,22860
2011-08-03 16:00:00-04:00,13.23,13.26,13.19,13.23,14343
2011-08-04 16:00:00-04:00,13.15,13.38,13.15,13.29,34765
2011-08-05 16:00:00-04:00,13.35,13.35,12.72,13.12,42783
2011-08-08 16:00:00-04:00,12.74,13.13,12.35,12.53,90519
2011-08-09 16:00:00-04:00,12.36,13.13,12.35,13.03,76863
2011-08-10 16:00:00-04:00,12.82,13.02,12.68,12.97,28790
2011-08-11 16:00:00-04:00,13.06,13.2,12.81,13.13,53725
2011-08-12 16:00:00-04:00,13.27,13.3,13.09,13.3,38551
2011-08-15 16:00:00-04:00,13.37,13.37,13.25,13.27,45185
2011-08-16 16:00:00-04:00,13.33,13.35,13.15,13.3,36815
2011-08-17 16:00:00-04:00,13.28,13.31,13.2096,13.22,30974
2011-08-18 16:00:00-04:00,13.31,13.31,13.1275,13.3,24419
2011-08-19 16:00:00-04:00,13.18,13.3,13.18,13.29,20218
2011-08-22 16:00:00-04:00,13.34,13.34,13.22,13.24,16081
2011-08-23 16:00:00-04:00,13.29,13.3,13.165,13.3,18479
2011-08-24 16:00:00-04:00,13.35,13.35,13.18,13.23,9068
2011-08-25 16:00:00-04:00,13.2,13.24,13.13,13.22,9727
2011-08-26 16:00:00-04:00,13.5,13.5,13.2,13.29,15803
2011-08-29 16:00:00-04:00,13.38,13.38,13.165,13.21,24457
2011-08-30 16:00:00-04:00,13.25,13.25,13.115,13.115,12968
2011-08-31 16:00:00-04:00,13.23,13.47,13.23,13.34,34768
2011-09-01 16:00:00-04:00,13.29,13.54,13.29,13.48,15755
2011-09-02 16:00:00-04:00,13.24,13.48,13.24,13.26,18065
2011-09-06 16:00:00-04:00,13.11,13.383,12.87,13.07,19878
2011-09-07 16:00:00-04:00,13.14,13.54,13.14,13.54,18072
2011-09-08 16:00:00-04:00,13.38,13.54,13.37,13.37,18333
2011-09-09 16:00:00-04:00,13.38,13.49,13.23,13.48,20674
2011-09-12 16:00:00-04:00,13.3,13.48,13.23,13.48,20793
2011-09-13 16:00:00-04:00,13.52,13.52,13.291,13.46,15172
2011-09-14 16:00:00-04:00,13.48,13.5,13.32,13.5,17556
2011-09-15 16:00:00-04:00,13.5,13.54,13.36,13.54,32622
2011-09-16 16:00:00-04:00,13.52,13.56,13.401,13.48,11735
2011-09-19 16:00:00-04:00,13.42,13.52,13.33,13.52,14855
2011-09-20 16:00:00-04:00,13.51,13.58,13.42,13.57,12019
2011-09-21 16:00:00-04:00,13.53,13.57,13.36,13.4089,20990
2011-09-22 16:00:00-04:00,13.41,13.61,13.35,13.55,20157
2011-09-23 16:00:00-04:00,13.53,13.53,13.35,13.41,14479
2011-09-26 16:00:00-04:00,13.46,13.52,13.2,13.25,23070
2011-09-27 16:00:00-04:00,13.52,13.52,13.13,13.2,18786
2011-09-28 16:00:00-04:00,13.34,13.34,13.0686,13.0686,34012
2011-09-29 16:00:00-04:00,13.21,13.21,13.05,13.15,15949
2011-09-30 16:00:00-04:00,13.17,13.26,13.0,13.24,24161
2011-10-03 16:00:00-04:00,13.11,13.24,13.0175,13.22,25544
2011-10-04 16:00:00-04:00,13.17,13.189,12.661,13.02,30042
2011-10-05 16:00:00-04:00,13.13,13.13,12.88,12.96,16783
2011-10-06 16:00:00-04:00,12.95,12.95,12.71,12.94,23445
2011-10-07 16:00:00-04:00,12.98,12.98,12.6,12.6,39328
2011-10-10 16:00:00-04:00,12.65,13.132,12.64,13.12,38469
2011-10-11 16:00:00-04:00,13.02,13.09,12.87,13.09,22451
2011-10-12 16:00:00-04:00,13.17,13.33,12.99,13.32,21777
2011-10-13 16:00:00-04:00,13.14,13.44,13.0201,13.38,28379
2011-10-14 16:00:00-04:00,13.42,13.49,13.26,13.42,24340
2011-10-17 16:00:00-04:00,13.39,13.4,13.0,13.21,28593
2011-10-18 16:00:00-04:00,13.46,13.46,13.0608,13.25,13832
2011-10-19 16:00:00-04:00,13.15,13.84,13.07,13.38,23355
2011-10-20 16:00:00-04:00,13.46,13.46,13.06,13.13,30360
2011-10-21 16:00:00-04:00,13.2,13.3,12.74,13.21,31444
2011-10-24 16:00:00-04:00,13.33,13.33,13.01,13.14,26199
2011-10-25 16:00:00-04:00,13.19,13.19,13.0,13.08,23158
2011-10-26 16:00:00-04:00,13.12,13.13,13.0099,13.12,31453
2011-10-27 16:00:00-04:00,13.29,13.33,13.11,13.27,17467
2011-10-28 16:00:00-04:00,13.27,13.35,13.24,13.35,21779
2011-10-31 16:00:00-04:00,13.18,13.39,13.18,13.38,24071
2011-11-01 16:00:00-04:00,13.16,13.39,13.16,13.38,32881
2011-11-02 16:00:00-04:00,13.35,13.41,13.26,13.41,8886
2011-11-03 16:00:00-04:00,13.4,13.86,13.36,13.51,24602
2011-11-04 16:00:00-04:00,13.36,13.53,13.36,13.45,12103
2011-11-07 16:00:00-05:00,13.35,13.48,13.17,13.17,33548
2011-11-08 16:00:00-05:00,13.2,13.31,13.15,13.15,27294
2011-11-09 16:00:00-05:00,13.06,13.41,13.06,13.41,27759
2011-11-10 16:00:00-05:00,13.51,13.54,13.4,13.53,24942
2011-11-11 16:00:00-05:00,13.61,13.61,13.24,13.3,31884
2011-11-14 16:00:00-05:00,13.25,13.36,13.13,13.18,39935
2011-11-15 16:00:00-05:00,13.12,13.34,13.12,13.34,12038
2011-11-16 16:00:00-05:00,13.28,13.3293,13.13,13.29,23428
2011-11-17 16:00:00-05:00,13.33,13.33,13.15,13.25,14579
2011-11-18 16:00:00-05:00,13.25,13.4,13.14,13.31,16038
2011-11-21 16:00:00-05:00,13.12,13.32,13.12,13.25,23815
2011-11-22 16:00:00-05:00,13.17,13.34,13.17,13.34,18486
2011-11-23 16:00:00-05:00,13.29,13.49,13.2298,13.49,23692
2011-11-25 13:00:00-05:00,13.43,13.48,13.43,13.46,15512
2011-11-28 16:00:00-05:00,13.66,13.66,13.3695,13.5,31844
2011-11-29 16:00:00-05:00,13.61,13.61,13.27,13.27,20214
2011-11-30 16:00:00-05:00,13.54,13.73,13.39,13.62,28829
2011-12-01 16:00:00-05:00,13.6,13.91,13.59,13.71,13714
2011-12-02 16:00:00-05:00,13.71,13.8,13.4781,13.73,18002
2011-12-05 16:00:00-05:00,13.62,13.74,13.51,13.74,24855
2011-12-06 16:00:00-05:00,13.74,13.75,13.6,13.73,14443
2011-12-07 16:00:00-05:00,13.61,13.62,13.58,13.62,11652
2011-12-08 16:00:00-05:00,13.55,13.61,13.51,13.61,16338
2011-12-09 16:00:00-05:00,13.67,13.67,13.5,13.59,21871
2011-12-12 16:00:00-05:00,13.5,13.55,13.4,13.5,12990
2011-12-13 16:00:00-05:00,13.5,13.5565,13.4,13.5,23153
2011-12-14 16:00:00-05:00,13.43,13.47,13.36,13.36,14464
2011-12-15 16:00:00-05:00,13.45,13.62,13.39,13.62,20308
2011-12-16 16:00:00-05:00,13.73,13.93,13.72,13.875,42408
2011-12-19 16:00:00-05:00,13.9,13.91,13.72,13.83,21321
2011-12-20 16:00:00-05:00,13.9,13.9,13.751,13.89,17457
2011-12-21 16:00:00-05:00,13.92,13.97,13.75,13.84,25953
2011-12-22 16:00:00-05:00,13.94,14.33,13.79,13.85,33482
2011-12-23 16:00:00-05:00,14.0,14.35,14.0,14.1615,21145
2011-12-27 16:00:00-05:00,14.16,14.49,13.95,14.0,22165
2011-12-28 16:00:00-05:00,14.29,14.29,13.79,13.86,17454
2011-12-29 16:00:00-05:00,14.06,14.06,13.86,13.98,6020
2011-12-30 16:00:00-05:00,14.09,14.13,13.8,13.81,20649
2012-01-03 16:00:00-05:00,13.95,13.99,13.8,13.85,12688
2012-01-04 16:00:00-05:00,13.92,13.92,13.76,13.79,17113
2012-01-05 16:00:00-05:00,13.68,13.83,13.67,13.83,12654
2012-01-06 16:00:00-05:00,13.72,13.8,13.72,13.79,17916
2012-01-09 16:00:00-05:00,13.75,13.784,13.69,13.69,13113
2012-01-10 16:00:00-05:00,13.64,13.8,13.64,13.8,10957
2012-01-11 16:00:00-05:00,13.64,13.84,13.62,13.83,21501
2012-01-12 16:00:00-05:00,13.82,13.82,13.59,13.6,31055
2012-01-13 16:00:00-05:00,13.51,13.52,13.36,13.44,41984
2012-01-17 16:00:00-05:00,13.45,13.5199,13.43,13.45,16047
2012-01-18 16:00:00-05:00,13.34,13.5,13.34,13.43,32914
2012-01-19 16:00:00-05:00,13.47,13.65,13.35,13.35,57070
2012-01-20 16:00:00-05:00,13.42,13.61,13.42,13.44,22367
2012-01-23 16:00:00-05:00,13.44,13.6,13.44,13.46,30321
2012-01-24 16:00:00-05:00,13.54,13.56,13.43,13.45,34981
2012-01-25 16:00:00-05:00,13.49,13.65,13.41,13.47,47238
2012-01-26 16:00:00-05:00,13.57,13.66,13.5,13.66,19446
2012-01-27 16:00:00-05:00,13.61,13.79,13.57,13.79,22299
2012-01-30 16:00:00-05:00,13.64,13.74,13.62,13.68,32756
2012-01-31 16:00:00-05:00,13.64,13.76,13.64,13.75,20896
2012-02-01 16:00:00-05:00,13.75,13.9,13.75,13.9,79099
2012-02-02 16:00:00-05:00,13.9,13.92,13.74,13.79,31161
2012-02-03 16:00:00-05:00,13.72,14.09,13.72,13.98,38031
2012-02-06 16:00:00-05:00,13.9,14.05,13.9,13.99,31033
2012-02-07 16:00:00-05:00,13.91,14.14,13.91,14.14,29348
2012-02-08 16:00:00-05:00,14.07,14.19,14.07,14.19,17950
2012-02-09 16:00:00-05:00,14.22,14.5,14.13,14.5,24637
2012-02-10 16:00:00-05:00,14.39,14.5,14.16,14.49,45479
2012-02-13 16:00:00-05:00,14.46,14.48,14.32,14.35,20598
2012-02-14 16:00:00-05:00,14.42,14.42,14.17,14.29,34173
2012-02-15 16:00:00-05:00,14.29,14.34,13.8,13.98,62384
2012-02-16 16:00:00-05:00,14.0,14.48,13.81,14.31,37191
2012-02-17 16:00:00-05:00,14.31,14.31,14.13,14.17,25462
2012-02-21 16:00:00-05:00,14.29,14.4,14.19,14.19,36692
2012-02-22 16:00:00-05:00,14.22,14.26,14.12,14.19,66758
2012-02-23 16:00:00-05:00,14.37,14.4,14.22,14.4,46290
2012-02-24 16:00:00-05:00,14.4,14.63,14.33,14.63,24429
2012-02-27 16:00:00-05:00,14.63,14.66,14.42,14.58,38660
2012-02-28 16:00:00-05:00,14.58,14.62,14.45,14.54,25830
2012-02-29 16:00:00-05:00,14.54,14.7699,14.41,14.49,27304
2012-03-01 16:00:00-05:00,14.71,14.95,14.53,14.58,44808
2012-03-02 16:00:00-05:00,14.58,14.75,14.52,14.65,34409
2012-03-05 16:00:00-05:00,14.61,14.67,14.53,14.6,33140
2012-03-06 16:00:00-05:00,14.6,14.601,14.28,14.32,45917
2012-03-07 16:00:00-05:00,14.37,14.57,14.37,14.41,28401
2012-03-08 16:00:00-05:00,14.56,14.56,14.33,14.41,18680
2012-03-09 16:00:00-05:00,14.51,14.51,14.3,14.31,60554
2012-03-12 16:00:00-04:00,14.36,14.41,14.25,14.39,12310
2012-03-13 16:00:00-04:00,14.35,14.4456,14.3,14.42,13039
2012-03-14 16:00:00-04:00,14.42,14.68,14.25,14.5,37552
2012-03-15 16:00:00-04:00,14.69,14.83,14.42,14.6465,24974
2012-03-16 16:00:00-04:00,14.76,14.81,14.4707,14.54,22403
2012-03-19 16:00:00-04:00,14.75,14.75,14.26,14.41,29953
2012-03-20 16:00:00-04:00,14.56,14.56,14.33,14.37,20826
2012-03-21 16:00:00-04:00,14.37,14.58,14.34,14.38,32878
2012-03-22 16:00:00-04:00,14.44,14.68,14.44,14.57,34579
2012-03-23 16:00:00-04:00,14.67,14.67,14.435,14.55,30501
2012-03-26 16:00:00-04:00,14.47,14.71,14.36,14.64,26993
2012-03-27 16:00:00-04:00,14.66,14.69,14.2,14.25,50282
2012-03-28 16:00:00-04:00,14.3,14.46,14.26,14.44,28615
2012-03-29 16:00:00-04:00,14.49,14.56,14.34,14.39,23487
2012-03-30 16:00:00-04:00,14.48,14.55,14.34,14.55,23762
2012-04-02 16:00:00-04:00,14.54,14.68,14.36,14.68,22123
2012-04-03 16:00:00-04:00,14.53,14.63,14.36,14.49,12972
2012-04-04 16:00:00-04:00,14.36,14.54,14.35,14.42,19830
2012-04-05 16:00:00-04:00,14.42,14.47,14.36,14.47,12664
2012-04-09 16:00:00-04:00,14.32,14.43,14.3,14.4,11016
2012-04-10 16:00:00-04:00,14.36,14.43,14.35,14.43,14458
2012-04-11 16:00:00-04:00,14.35,14.4885,14.33,14.4,18091
2012-04-12 16:00:00-04:00,14.35,14.43,14.25,14.4,21391
2012-04-13 16:00:00-04:00,14.44,14.54,14.4,14.54,16142
2012-04-16 16:00:00-04:00,14.5,14.5,14.31,14.33,22897
2012-04-17 16:00:00-04:00,14.31,14.3692,14.11,14.29,38517
2012-04-18 16:00:00-04:00,14.29,14.29,14.1,14.12,15038
2012-04-19 16:00:00-04:00,14.29,14.29,14.13,14.29,18331
2012-04-20 16:00:00-04:00,14.27,14.27,14.15,14.15,7972
2012-04-23 16:00:00-04:00,14.08,14.31,14.08,14.19,20957
2012-04-24 16:00:00-04:00,14.19,14.32,14.19,14.32,16356
2012-04-25 16:00:00-04:00,14.3,14.42,14.25,14.29,17270
2012-04-26 16:00:00-04:00,14.37,14.42,14.27,14.38,8982
2012-04-27 16:00:00-04:00,14.39,14.41,14.22,14.3,14370
2012-04-30 16:00:00-04:00,14.21,14.33,14.2,14.26,12176
2012-05-01 16:00:00-04:00,14.21,14.32,14.2,14.26,11731
2012-05-02 16:00:00-04:00,14.22,14.29,14.17,14.25,16021
2012-05-03 16:00:00-04:00,14.2,14.32,14.19,14.3,11102
2012-05-04 16:00:00-04:00,14.21,14.27,14.0817,14.14,14765
2012-05-07 16:00:00-04:00,14.06,14.22,14.06,14.18,11344
2012-05-08 16:00:00-04:00,14.07,14.28,14.07,14.28,14412
2012-05-09 16:00:00-04:00,14.12,14.2,14.1,14.14,20980
2012-05-10 16:00:00-04:00,14.16,14.23,14.16,14.17,12418
2012-05-11 16:00:00-04:00,14.12,14.24,14.12,14.22,13637
2012-05-14 16:00:00-04:00,14.16,14.24,14.16,14.19,5795
2012-05-15 16:00:00-04:00,14.16,14.1848,14.04,14.07,20355
2012-05-16 16:00:00-04:00,14.02,14.06,13.94,14.01,14477
2012-05-17 16:00:00-04:00,14.0,14.0,13.761,13.79,18705
2012-05-18 16:00:00-04:00,13.73,13.8155,13.69,13.73,5860
2012-05-21 16:00:00-04:00,13.77,14.09,13.68,14.04,31636
2012-05-22 16:00:00-04:00,14.04,14.07,13.87,14.07,18250
2012-05-23 16:00:00-04:00,14.02,14.02,13.93,13.99,12897
2012-05-24 16:00:00-04:00,14.08,14.09,13.88,14.04,9268
2012-05-25 16:00:00-04:00,13.97,14.07,13.84,13.85,14018
2012-05-29 16:00:00-04:00,13.98,14.03,13.79,13.91,29200
2012-05-30 16:00:00-04:00,13.84,13.94,13.8,13.85,7352
2012-05-31 16:00:00-04:00,13.86,14.0,13.83,14.0,10819
2012-06-01 16:00:00-04:00,13.95,13.95,13.74,13.9,19068
2012-06-04 16:00:00-04:00,13.82,13.84,13.66,13.8,37760
2012-06-05 16:00:00-04:00,13.72,13.79,13.68,13.79,17351
2012-06-06 16:00:00-04:00,13.72,13.8,13.68,13.8,19658
2012-06-07 16:00:00-04:00,13.75,13.77,13.66,13.73,24885
2012-06-08 16:00:00-04:00,13.69,13.783,13.67,13.78,15320
2012-06-11 16:00:00-04:00,13.7,13.74,13.68,13.74,32486
2012-06-12 16:00:00-04:00,13.68,13.77,13.68,13.77,23751
2012-06-13 16:00:00-04:00,13.68,13.72,13.65,13.71,31233
2012-06-14 16:00:00-04:00,13.75,13.76,13.69,13.7,20252
2012-06-15 16:00:00-04:00,13.78,13.89,13.74,13.89,40943
2012-06-18 16:00:00-04:00,13.77,13.85,13.74,13.8,21293
2012-06-19 16:00:00-04:00,13.76,13.9,13.76,13.9,19957
2012-06-20 16:00:00-04:00,13.87,13.87,13.7,13.82,21544
2012-06-21 16:00:00-04:00,13.75,13.89,13.75,13.88,19169
2012-06-22 16:00:00-04:00,13.8,13.88,13.771,13.88,20719
2012-06-25 16:00:00-04:00,13.83,13.83,13.719,13.83,27032
2012-06-26 16:00:00-04:00,13.84,13.9,13.77,13.89,17837
2012-06-27 16:00:00-04:00,13.94,13.99,13.91,13.99,16219
2012-06-28 16:00:00-04:00,13.95,14.06,13.87,14.05,26024
2012-06-29 16:00:00-04:00,14.06,14.1,13.97,14.08,20797
2012-07-02 16:00:00-04:00,14.02,14.1,14.01,14.1,16445
2012-07-03 13:00:00-04:00,14.05,14.07,14.03,14.0609,4918
2012-07-05 16:00:00-04:00,14.1,14.31,14.08,14.31,26731
2012-07-06 16:00:00-04:00,14.17,14.34,14.17,14.31,15170
2012-07-09 16:00:00-04:00,14.23,14.3,14.19,14.3,16609
2012-07-10 16:00:00-04:00,14.22,14.22,14.13,14.2,29713
2012-07-11 16:00:00-04:00,14.16,14.28,14.16,14.2,13165
2012-07-12 16:00:00-04:00,14.13,14.42,14.13,14.42,29455
2012-07-13 16:00:00-04:00,14.45,14.45,14.36,14.4,9337
2012-07-16 16:00:00-04:00,14.4,14.45,14.4,14.45,20912
2012-07-17 16:00:00-04:00,14.49,14.49,14.37,14.4,36555
2012-07-18 16:00:00-04:00,14.48,14.48,14.25,14.35,31878
2012-07-19 16:00:00-04:00,14.49,14.49,14.35,14.48,16017
2012-07-20 16:00:00-04:00,14.49,14.49,14.25,14.33,18366
2012-07-23 16:00:00-04:00,14.39,14.54,14.35,14.51,15824
2012-07-24 16:00:00-04:00,14.54,14.58,14.51,14.56,22346
2012-07-25 16:00:00-04:00,14.58,14.61,14.51,14.61,21305
2012-07-26 16:00:00-04:00,14.58,14.62,14.55,14.62,15772
2012-07-27 16:00:00-04:00,14.63,14.64,14.52,14.61,24106
2012-07-30 16:00:00-04:00,14.56,14.58,14.4,14.54,42592
2012-07-31 16:00:00-04:00,14.48,14.76,14.48,14.7,33856
2012-08-01 16:00:00-04:00,14.71,14.71,14.59,14.71,18531
2012-08-02 16:00:00-04:00,14.61,14.7,14.6,14.68,12864
2012-08-03 16:00:00-04:00,14.61,15.66,14.61,15.11,146187
2012-08-06 16:00:00-04:00,15.1,15.18,14.94,15.07,40572
2012-08-07 16:00:00-04:00,15.06,15.06,14.93,15.04,28351
2012-08-08 16:00:00-04:00,14.95,15.06,14.95,15.0,13830
2012-08-09 16:00:00-04:00,15.0,15.0,14.91,14.94,17507
2012-08-10 16:00:00-04:00,14.99,14.99,14.9,14.99,20031
2012-08-13 16:00:00-04:00,15.0,15.09,15.0,15.09,13845
2012-08-14 16:00:00-04:00,15.1,15.11,14.93,15.11,19170
2012-08-15 16:00:00-04:00,15.11,15.17,15.05,15.17,21315
2012-08-16 16:00:00-04:00,15.17,15.29,14.75,15.14,47421
2012-08-17 16:00:00-04:00,15.3,15.31,14.99,15.12,22870
2012-08-20 16:00:00-04:00,15.12,15.12,14.871,15.02,21765
2012-08-21 16:00:00-04:00,15.3,15.3,14.75,15.01,22629
2012-08-22 16:00:00-04:00,15.2,15.2,14.68,14.86,33312
2012-08-23 16:00:00-04:00,14.95,15.08,14.77,14.94,28613
2012-08-24 16:00:00-04:00,15.03,15.25,14.88,15.25,19267
2012-08-27 16:00:00-04:00,15.25,15.4,14.92,14.99,48904
2012-08-28 16:00:00-04:00,14.89,15.09,14.89,15.0,16339
2012-08-29 16:00:00-04:00,14.94,15.4,14.94,15.32,17428
2012-08-30 16:00:00-04:00,15.32,15.39,15.27,15.38,24475
2012-08-31 16:00:00-04:00,15.4,15.4,15.16,15.31,26709
2012-09-04 16:00:00-04:00,15.22,15.4,15.16,15.4,20363
2012-09-05 16:00:00-04:00,15.28,15.52,15.0,15.52,23705
2012-09-06 16:00:00-04:00,15.39,15.45,15.05,15.11,19081
2012-09-07 16:00:00-04:00,15.23,15.23,15.03,15.11,24973
2012-09-10 16:00:00-04:00,15.04,15.0524,14.78,14.89,32300
2012-09-11 16:00:00-04:00,14.96,15.11,14.75,15.11,24836
2012-09-12 16:00:00-04:00,15.2,15.2,15.04,15.04,32043
2012-09-13 16:00:00-04:00,14.97,15.41,14.97,15.39,23036
2012-09-14 16:00:00-04:00,15.55,15.99,15.18,15.24,62480
2012-09-17 16:00:00-04:00,15.12,15.33,15.049,15.2,24504
2012-09-18 16:00:00-04:00,15.24,15.27,14.98,15.25,21761
2012-09-19 16:00:00-04:00,15.17,15.79,15.17,15.59,19071
2012-09-20 16:00:00-04:00,15.99,16.39,15.41,15.83,33048
2012-09-21 16:00:00-04:00,16.05,16.36,15.57,15.91,36439
2012-09-24 16:00:00-04:00,16.25,16.25,15.47,15.84,42918
2012-09-25 16:00:00-04:00,15.98,15.98,15.63,15.78,38896
2012-09-26 16:00:00-04:00,16.0,16.08,15.69,15.98,30942
2012-09-27 16:00:00-04:00,16.08,16.13,15.74,16.04,34609
2012-09-28 16:00:00-04:00,15.99,16.01,15.7901,15.85,47868
2012-10-01 16:00:00-04:00,15.81,16.09,15.79,15.98,21821
2012-10-02 16:00:00-04:00,15.92,15.94,15.66,15.83,41502
2012-10-03 16:00:00-04:00,15.7,15.99,15.67,15.99,20413
2012-10-04 16:00:00-04:00,15.86,15.93,15.62,15.65,25784
2012-10-05 16:00:00-04:00,15.54,15.5999,15.25,15.39,41212
2012-10-08 16:00:00-04:00,15.34,15.55,15.25,15.5,25717
2012-10-09 16:00:00-04:00,15.45,15.64,15.41,15.6,9175
2012-10-10 16:00:00-04:00,15.44,15.55,15.29,15.29,23767
2012-10-11 16:00:00-04:00,15.31,15.5699,15.22,15.46,12774
2012-10-12 16:00:00-04:00,15.88,15.89,15.45,15.61,9580
2012-10-15 16:00:00-04:00,15.55,15.74,15.46,15.64,17322
2012-10-16 16:00:00-04:00,15.68,15.7,15.6,15.67,11140
2012-10-17 16:00:00-04:00,15.54,15.75,15.54,15.68,17500
2012-10-18 16:00:00-04:00,15.75,15.75,15.51,15.7,15324
2012-10-19 16:00:00-04:00,15.75,15.75,15.5,15.51,15577
2012-10-22 16:00:00-04:00,15.58,15.66,15.51,15.65,31129
2012-10-23 16:00:00-04:00,15.74,15.75,15.5,15.66,29068
2012-10-24 16:00:00-04:00,15.75,15.75,15.36,15.38,17063
2012-10-25 16:00:00-04:00,15.4,15.54,15.32,15.45,27950
2012-10-26 16:00:00-04:00,15.48,15.48,15.19,15.27,17165
2012-10-31 16:00:00-04:00,15.37,15.3799,15.09,15.3,20790
2012-11-01 16:00:00-04:00,15.25,15.5265,15.25,15.5,20989
2012-11-02 16:00:00-04:00,15.59,15.8,15.39,15.8,26967
2012-11-05 16:00:00-05:00,15.77,15.86,15.76,15.83,17616
2012-11-06 16:00:00-05:00,15.9,15.92,15.82,15.86,8891
2012-11-07 16:00:00-05:00,15.66,15.98,15.66,15.87,19448
2012-11-08 16:00:00-05:00,15.85,16.0,15.82,16.0,22130
2012-11-09 16:00:00-05:00,16.05,16.05,15.78,16.03,23510
2012-11-12 16:00:00-05:00,16.0,16.0,15.8801,15.98,10717
2012-11-13 16:00:00-05:00,15.94,15.98,15.71,15.89,14411
2012-11-14 16:00:00-05:00,15.91,15.91,15.34,15.42,47425
2012-11-15 16:00:00-05:00,15.32,15.67,14.29,14.46,64622
2012-11-16 16:00:00-05:00,14.88,15.96,14.88,15.26,14280
2012-11-19 16:00:00-05:00,15.35,15.86,15.3,15.67,17246
2012-11-20 16:00:00-05:00,15.8,16.15,15.73,15.87,23946
2012-11-21 16:00:00-05:00,15.99,16.0,15.7155,15.99,29919
2012-11-23 13:00:00-05:00,16.14,16.25,16.0799,16.16,15084
2012-11-26 16:00:00-05:00,16.15,16.27,16.05,16.24,20116
2012-11-27 16:00:00-05:00,16.11,16.23,15.79,16.09,36265
2012-11-28 16:00:00-05:00,15.93,16.015,15.51,15.78,34337
2012-11-29 16:00:00-05:00,15.78,15.78,15.6,15.75,24768
2012-11-30 16:00:00-05:00,15.59,15.78,15.53,15.71,26539
2012-12-03 16:00:00-05:00,15.56,15.622,15.45,15.55,20035
2012-12-04 16:00:00-05:00,15.47,15.47,15.24,15.24,17080
2012-12-05 16:00:00-05:00,15.17,15.48,15.16,15.3,24152
2012-12-06 16:00:00-05:00,15.24,15.24,15.011,15.14,18541
2012-12-07 16:00:00-05:00,15.03,15.2,14.75,14.84,32052
2012-12-10 16:00:00-05:00,14.84,15.15,14.84,15.14,28242
2012-12-11 16:00:00-05:00,15.13,15.22,14.91,15.19,30235
2012-12-12 16:00:00-05:00,15.11,15.23,15.06,15.11,22515
2012-12-13 16:00:00-05:00,15.06,15.07,14.95,15.06,9248
2012-12-14 16:00:00-05:00,15.01,15.08,14.97,15.07,16024
2012-12-17 16:00:00-05:00,15.03,15.03,14.8,14.83,34303
2012-12-18 16:00:00-05:00,14.75,14.88,14.65,14.84,19910
2012-12-19 16:00:00-05:00,14.77,14.86,14.5,14.7162,45516
2012-12-20 16:00:00-05:00,14.72,14.81,14.61,14.81,14301
2012-12-21 16:00:00-05:00,14.8,14.95,14.65,14.94,18571
2012-12-24 13:00:00-05:00,14.95,14.99,14.9499,14.9899,4895
2012-12-26 16:00:00-05:00,14.99,15.02,14.58,14.58,92526
2012-12-27 16:00:00-05:00,14.6,14.7,14.55,14.64,24023
2012-12-28 16:00:00-05:00,14.55,14.75,14.55,14.75,16055
2012-12-31 16:00:00-05:00,14.76,14.84,14.7599,14.82,24579
2013-01-02 16:00:00-05:00,14.8,15.0,14.8,14.99,27503
2013-01-03 16:00:00-05:00,14.92,15.09,14.92,15.05,16923
2013-01-04 16:00:00-05:00,14.97,15.07,14.97,15.06,12865
2013-01-07 16:00:00-05:00,14.97,15.03,14.9076,15.02,28913
2013-01-08 16:00:00-05:00,14.93,15.0,14.9,15.0,15204
2013-01-09 16:00:00-05:00,14.96,15.28,14.95,15.23,65323
2013-01-10 16:00:00-05:00,15.19,15.2,15.0,15.027,17996
2013-01-11 16:00:00-05:00,14.98,15.0303,14.97,15.01,13096
2013-01-14 16:00:00-05:00,14.93,14.9801,14.84,14.84,31247
2013-01-15 16:00:00-05:00,14.82,14.95,14.82,14.87,19834
2013-01-16 16:00:00-05:00,14.9,14.9,14.78,14.81,21118
2013-01-17 16:00:00-05:00,14.75,14.89,14.75,14.88,17399
2013-01-18 16:00:00-05:00,14.95,14.95,14.88,14.88,15270
2013-01-22 16:00:00-05:00,14.83,14.91,14.82,14.87,28133
2013-01-23 16:00:00-05:00,14.93,14.98,14.92,14.94,9855
2013-01-24 16:00:00-05:00,14.9,14.99,14.88,14.98,11265
2013-01-25 16:00:00-05:00,14.94,15.04,14.89,15.04,13057
2013-01-28 16:00:00-05:00,15.09,15.09,14.82,14.91,20492
2013-01-29 16:00:00-05:00,14.97,14.99,14.71,14.74,36235
2013-01-30 16:00:00-05:00,14.67,14.79,14.67,14.79,27092
2013-01-31 16:00:00-05:00,14.73,14.86,14.73,14.86,11475
2013-02-01 16:00:00-05:00,14.82,14.93,14.8,14.93,18230
2013-02-04 16:00:00-05:00,14.91,14.91,14.65,14.7,20058
2013-02-05 16:00:00-05:00,14.7,14.72,14.55,14.68,30253
2013-02-06 16:00:00-05:00,14.71,14.71,14.61,14.66,34044
2013-02-07 16:00:00-05:00,14.6,14.8,14.6,14.72,48170
2013-02-08 16:00:00-05:00,14.63,14.739,14.63,14.739,26121
2013-02-11 16:00:00-05:00,14.65,14.7,14.56,14.57,36682
2013-02-12 16:00:00-05:00,14.56,14.612,14.54,14.59,29527
2013-02-13 16:00:00-05:00,14.47,14.55,14.47,14.51,36008
2013-02-14 16:00:00-05:00,14.43,14.49,14.43,14.45,35971
2013-02-15 16:00:00-05:00,14.4,14.49,14.4,14.44,19681
2013-02-19 16:00:00-05:00,14.31,14.4405,14.31,14.4,49293
2013-02-20 16:00:00-05:00,14.34,14.47,14.34,14.46,20530
2013-02-21 16:00:00-05:00,14.54,14.54,14.39,14.44,13476
2013-02-22 16:00:00-05:00,14.49,14.53,14.44,14.52,25728
2013-02-25 16:00:00-05:00,14.48,14.55,14.43,14.52,25238
2013-02-26 16:00:00-05:00,14.61,14.61,14.48,14.49,37562
2013-02-27 16:00:00-05:00,14.44,14.55,14.43,14.54,36514
2013-02-28 16:00:00-05:00,14.55,14.65,14.5101,14.65,38585
2013-03-01 16:00:00-05:00,14.52,14.66,14.45,14.66,38634
2013-03-04 16:00:00-05:00,14.57,14.66,14.46,14.49,19793
2013-03-05 16:00:00-05:00,14.48,14.55,14.46,14.47,30508
2013-03-06 16:00:00-05:00,14.42,14.52,14.4,14.45,32325
2013-03-07 16:00:00-05:00,14.4,14.57,14.36,14.41,40569
2013-03-08 16:00:00-05:00,14.35,14.45,14.35,14.41,13631
2013-03-11 16:00:00-04:00,14.37,14.4,14.36,14.37,16269
2013-03-12 16:00:00-04:00,14.27,14.45,14.27,14.41,20556
2013-03-13 16:00:00-04:00,14.32,14.3301,14.21,14.25,16802
2013-03-14 16:00:00-04:00,14.19,14.27,14.17,14.27,21014
2013-03-15 16:00:00-04:00,14.18,14.18,13.96,14.15,48554
2013-03-18 16:00:00-04:00,14.03,14.21,14.03,14.2,13484
2013-03-19 16:00:00-04:00,14.14,14.25,14.14,14.24,10057
2013-03-20 16:00:00-04:00,14.22,14.33,14.22,14.33,13884
2013-03-21 16:00:00-04:00,14.4,14.52,14.33,14.48,37841
2013-03-22 16:00:00-04:00,14.55,14.57,14.44,14.46,16235
2013-03-25 16:00:00-04:00,14.42,14.4399,14.3301,14.41,33169
2013-03-26 16:00:00-04:00,14.33,14.48,14.33,14.46,20377
2013-03-27 16:00:00-04:00,14.37,14.45,14.33,14.33,20428
2013-03-28 16:00:00-04:00,14.27,14.3175,14.27,14.28,20137
2013-04-01 16:00:00-04:00,14.21,14.2578,14.15,14.1952,16449
2013-04-02 16:00:00-04:00,14.26,14.3,14.2,14.3,20312
2013-04-03 16:00:00-04:00,14.2,14.28,14.2,14.26,15411
2013-04-04 16:00:00-04:00,14.22,14.26,14.12,14.2,25602
2013-04-05 16:00:00-04:00,14.07,14.31,14.07,14.31,33833
2013-04-08 16:00:00-04:00,14.23,14.44,14.23,14.399,32325
2013-04-09 16:00:00-04:00,14.28,14.39,14.28,14.39,23429
2013-04-10 16:00:00-04:00,14.32,14.41,14.29,14.4091,24547
2013-04-11 16:00:00-04:00,14.34,14.47,14.33,14.44,25869
2013-04-12 16:00:00-04:00,14.34,14.5,14.34,14.465,20007
2013-04-15 16:00:00-04:00,14.41,14.43,14.29,14.36,11182
2013-04-16 16:00:00-04:00,14.4,14.44,14.35,14.39,20374
2013-04-17 16:00:00-04:00,14.26,14.51,14.26,14.43,14254
2013-04-18 16:00:00-04:00,14.41,14.45,14.41,14.41,21564
2013-04-19 16:00:00-04:00,14.38,14.44,14.37,14.37,23454
2013-04-22 16:00:00-04:00,14.37,14.4499,14.34,14.37,22743
2013-04-23 16:00:00-04:00,14.46,14.49,14.32,14.417,25150
2013-04-24 16:00:00-04:00,14.36,14.47,14.35,14.4699,21110
2013-04-25 16:00:00-04:00,14.4,14.48,14.4,14.46,14549
2013-04-26 16:00:00-04:00,14.48,14.51,14.44,14.44,13390
2013-04-29 16:00:00-04:00,14.51,14.51,14.42,14.42,12648
2013-04-30 16:00:00-04:00,14.42,14.5,14.42,14.4601,13984
2013-05-01 16:00:00-04:00,14.44,14.5,14.38,14.49,19113
2013-05-02 16:00:00-04:00,14.44,14.5,14.4324,14.46,14144
2013-05-03 16:00:00-04:00,14.43,14.51,14.43,14.45,14594
2013-05-06 16:00:00-04:00,14.44,14.46,14.42,14.4304,10158
2013-05-07 16:00:00-04:00,14.39,14.43,14.36,14.36,9265
2013-05-08 16:00:00-04:00,14.35,14.4,14.35,14.37,12855
2013-05-09 16:00:00-04:00,14.34,14.37,14.31,14.31,17191
2013-05-10 16:00:00-04:00,14.27,14.3099,14.23,14.25,10656
2013-05-13 16:00:00-04:00,14.25,14.27,14.19,14.259,23458
2013-05-14 16:00:00-04:00,14.21,14.35,14.21,14.32,22379
2013-05-15 16:00:00-04:00,14.25,14.3365,14.25,14.28,16229
2013-05-16 16:00:00-04:00,14.21,14.27,14.208,14.22,25051
2013-05-17 16:00:00-04:00,14.19,14.21,14.18,14.19,9042
2013-05-20 16:00:00-04:00,14.16,14.19,14.1,14.11,16210
2013-05-21 16:00:00-04:00,14.1,14.19,14.1,14.18,13170
2013-05-22 16:00:00-04:00,14.08,14.13,14.0564,14.064,16274
2013-05-23 16:00:00-04:00,14.11,14.12,14.04,14.08,16774
2013-05-24 16:00:00-04:00,14.05,14.15,14.04,14.15,28233
2013-05-28 16:00:00-04:00,14.11,14.15,14.04,14.04,27764
2013-05-29 16:00:00-04:00,14.02,14.02,13.81,13.99,47657
2013-05-30 16:00:00-04:00,13.91,14.02,13.66,13.91,29578
2013-05-31 16:00:00-04:00,13.84,13.84,13.66,13.69,31441
2013-06-03 16:00:00-04:00,13.61,13.68,13.41,13.45,66810
2013-06-04 16:00:00-04:00,13.41,13.52,13.35,13.52,22135
2013-06-05 16:00:00-04:00,13.44,13.52,13.09,13.46,49617
2013-06-06 16:00:00-04:00,13.39,13.59,13.32,13.57,45614
2013-06-07 16:00:00-04:00,13.5,13.52,13.41,13.42,30165
2013-06-10 16:00:00-04:00,13.38,13.42,13.31,13.32,37602
2013-06-11 16:00:00-04:00,12.92,13.19,12.7,13.04,171074
2013-06-12 16:00:00-04:00,13.03,13.11,12.96,12.97,84850
2013-06-13 16:00:00-04:00,12.94,13.1899,12.94,13.164,70206
2013-06-14 16:00:00-04:00,13.13,13.24,13.12,13.21,59917
2013-06-17 16:00:00-04:00,13.2,13.26,13.18,13.21,29980
2013-06-18 16:00:00-04:00,13.16,13.24,13.12,13.18,20963
2013-06-19 16:00:00-04:00,13.07,13.13,13.02,13.06,17034
2013-06-20 16:00:00-04:00,12.97,13.01,12.72,12.72,64288
2013-06-21 16:00:00-04:00,12.68,12.76,12.68,12.72,57009
2013-06-24 16:00:00-04:00,12.54,12.72,12.498,12.498,32705
2013-06-25 16:00:00-04:00,12.43,12.5999,12.43,12.5401,34401
2013-06-26 16:00:00-04:00,12.56,12.74,12.5501,12.7299,31623
2013-06-27 16:00:00-04:00,12.69,12.94,12.69,12.88,36579
2013-06-28 16:00:00-04:00,12.92,12.95,12.83,12.87,28317
2013-07-01 16:00:00-04:00,12.83,13.03,12.83,12.95,29668
2013-07-02 16:00:00-04:00,12.88,13.029,12.88,12.94,35746
2013-07-03 16:00:00-04:00,12.86,12.98,12.86,12.88,18165
2013-07-05 16:00:00-04:00,12.79,12.9,12.7,12.78,32426
2013-07-08 16:00:00-04:00,12.74,12.85,12.68,12.69,44265
2013-07-09 16:00:00-04:00,12.68,12.74,12.63,12.74,23768
2013-07-10 16:00:00-04:00,12.69,12.79,12.68,12.79,10389
2013-07-11 16:00:00-04:00,12.82,12.919,12.78,12.91,18373
2013-07-12 16:00:00-04:00,12.83,12.8422,12.774,12.78,34226
2013-07-15 16:00:00-04:00,12.72,12.88,12.72,12.87,27433
2013-07-16 16:00:00-04:00,12.83,12.94,12.736,12.8,27063
2013-07-17 16:00:00-04:00,12.73,12.889,12.73,12.82,24995
2013-07-18 16:00:00-04:00,12.77,12.95,12.77,12.87,15426
2013-07-19 16:00:00-04:00,12.79,12.87,12.79,12.87,22521
2013-07-22 16:00:00-04:00,12.86,12.94,12.86,12.91,19806
2013-07-23 16:00:00-04:00,12.94,13.0,12.87,12.99,25635
2013-07-24 16:00:00-04:00,12.96,13.04,12.9,12.9,16157
2013-07-25 16:00:00-04:00,12.96,12.99,12.89,12.94,15411
2013-07-26 16:00:00-04:00,12.88,12.98,12.88,12.8901,14989
2013-07-29 16:00:00-04:00,12.97,12.97,12.65,12.69,79787
2013-07-30 16:00:00-04:00,12.65,12.8,12.65,12.77,26257
2013-07-31 16:00:00-04:00,12.73,12.78,12.7,12.74,24634
2013-08-01 16:00:00-04:00,12.69,12.77,12.69,12.74,17873
2013-08-02 16:00:00-04:00,12.66,12.8,12.66,12.72,20522
2013-08-05 16:00:00-04:00,12.72,12.7562,12.65,12.65,16787
2013-08-06 16:00:00-04:00,12.71,12.71,12.51,12.53,29641
2013-08-07 16:00:00-04:00,12.46,12.55,12.45,12.51,40998
2013-08-08 16:00:00-04:00,12.45,12.569,12.45,12.49,22491
2013-08-09 16:00:00-04:00,12.55,12.55,12.47,12.48,17944
2013-08-12 16:00:00-04:00,12.53,12.5399,12.491,12.5,10184
2013-08-13 16:00:00-04:00,12.45,12.48,12.44,12.48,22342
2013-08-14 16:00:00-04:00,12.45,12.5,12.43,12.46,49664
2013-08-15 16:00:00-04:00,12.44,12.45,12.37,12.41,39814
2013-08-16 16:00:00-04:00,12.35,12.49,12.35,12.38,35455
2013-08-19 16:00:00-04:00,12.28,12.39,12.28,12.28,66167
2013-08-20 16:00:00-04:00,12.28,12.36,12.28,12.31,41795
2013-08-21 16:00:00-04:00,12.25,12.27,12.18,12.2,47442
2013-08-22 16:00:00-04:00,12.13,12.24,12.13,12.2,33142
2013-08-23 16:00:00-04:00,12.18,12.27,12.18,12.23,27709
2013-08-26 16:00:00-04:00,12.22,12.33,12.22,12.26,72514
2013-08-27 16:00:00-04:00,12.21,12.34,12.21,12.28,32406
2013-08-28 16:00:00-04:00,12.24,12.35,12.233,12.35,31463
2013-08-29 16:00:00-04:00,12.28,12.34,12.25,12.33,35808
2013-08-30 16:00:00-04:00,12.3,12.41,12.26,12.34,29819
2013-09-03 16:00:00-04:00,12.34,12.53,12.29,12.53,59924
2013-09-04 16:00:00-04:00,12.44,12.59,12.43,12.45,88953
2013-09-05 16:00:00-04:00,12.38,12.6199,12.35,12.54,129442
2013-09-06 16:00:00-04:00,12.51,12.56,12.46,12.51,17354
2013-09-09 16:00:00-04:00,12.43,12.56,12.42,12.43,31234
2013-09-10 16:00:00-04:00,12.4,12.45,12.38,12.45,21664
2013-09-11 16:00:00-04:00,12.41,12.4979,12.4028,12.442,17686
2013-09-12 16:00:00-04:00,12.4,12.49,12.4,12.43,22239
2013-09-13 16:00:00-04:00,12.43,12.4601,12.35,12.37,27413
2013-09-16 16:00:00-04:00,12.41,12.59,12.39,12.49,62907
2013-09-17 16:00:00-04:00,12.46,12.61,12.46,12.6,25462
2013-09-18 16:00:00-04:00,12.51,12.69,12.51,12.69,23756
2013-09-19 16:00:00-04:00,12.6,12.67,12.56,12.67,29117
2013-09-20 16:00:00-04:00,12.61,12.66,12.58,12.66,17488
2013-09-23 16:00:00-04:00,12.59,12.67,12.59,12.62,15516
2013-09-24 16:00:00-04:00,12.6,12.71,12.6,12.7,23820
2013-09-25 16:00:00-04:00,12.64,12.8,12.64,12.79,38999
2013-09-26 16:00:00-04:00,12.65,12.78,12.65,12.77,24915
2013-09-27 16:00:00-04:00,12.7,12.77,12.7,12.77,12990
2013-09-30 16:00:00-04:00,12.6,12.75,12.6,12.71,27201
2013-10-01 16:00:00-04:00,12.61,12.69,12.61,12.65,73573
2013-10-02 16:00:00-04:00,12.63,12.73,12.63,12.64,28948
2013-10-03 16:00:00-04:00,12.61,12.65,12.58,12.61,40323
2013-10-04 16:00:00-04:00,12.56,12.57,12.53,12.56,20245
2013-10-07 16:00:00-04:00,12.58,12.58,12.53,12.53,20091
2013-10-08 16:00:00-04:00,12.49,12.6,12.49,12.59,16603
2013-10-09 16:00:00-04:00,12.6,12.62,12.59,12.62,8075
2013-10-10 16:00:00-04:00,12.58,12.63,12.58,12.63,19328
2013-10-11 16:00:00-04:00,12.63,12.72,12.63,12.71,16391
2013-10-14 16:00:00-04:00,12.65,12.75,12.65,12.74,49310
2013-10-15 16:00:00-04:00,12.71,12.74,12.7,12.73,61744
2013-10-16 16:00:00-04:00,12.64,12.7101,12.64,12.71,14453
2013-10-17 16:00:00-04:00,12.71,12.8,12.71,12.8,19185
2013-10-18 16:00:00-04:00,12.77,12.84,12.77,12.82,9225
2013-10-21 16:00:00-04:00,12.81,12.83,12.81,12.82,22719
2013-10-22 16:00:00-04:00,12.82,12.89,12.82,12.84,21916
2013-10-23 16:00:00-04:00,12.86,12.9799,12.86,12.92,36273
2013-10-24 16:00:00-04:00,12.92,12.946,12.91,12.93,26131
2013-10-25 16:00:00-04:00,12.98,12.98,12.9,12.94,11177
2013-10-28 16:00:00-04:00,12.91,13.19,12.9,12.95,24000
2013-10-29 16:00:00-04:00,12.92,12.95,12.9,12.94,19898
2013-10-30 16:00:00-04:00,12.92,12.972,12.92,12.95,21751
2013-10-31 16:00:00-04:00,12.92,12.98,12.92,12.96,17202
2013-11-01 16:00:00-04:00,12.92,12.98,12.92,12.961,43054
2013-11-04 16:00:00-05:00,13.02,13.08,12.95,13.04,23336
2013-11-05 16:00:00-05:00,13.03,13.08,13.02,13.05,28589
2013-11-06 16:00:00-05:00,13.02,13.08,13.02,13.03,24832
2013-11-07 16:00:00-05:00,13.03,13.0506,13.0,13.0,27507
2013-11-08 16:00:00-05:00,13.0,13.0,12.83,12.83,27787
2013-11-11 16:00:00-05:00,12.79,12.96,12.79,12.94,26407
2013-11-12 16:00:00-05:00,12.87,12.99,12.87,12.95,23958
2013-11-13 16:00:00-05:00,12.95,12.99,12.92,12.99,22963
2013-11-14 16:00:00-05:00,12.95,13.0,12.93,13.0,19263
2013-11-15 16:00:00-05:00,12.96,13.01,12.94,13.01,14567
2013-11-18 16:00:00-05:00,12.98,13.0,12.97,12.97,33239
2013-11-19 16:00:00-05:00,12.97,13.0,12.95,12.98,62549
2013-11-20 16:00:00-05:00,12.9,12.93,12.9,12.9,43545
2013-11-21 16:00:00-05:00,12.9,12.93,12.87,12.89,44941
2013-11-22 16:00:00-05:00,12.93,12.93,12.86,12.87,50542
2013-11-25 16:00:00-05:00,12.84,12.92,12.71,12.71,84829
2013-11-26 16:00:00-05:00,12.71,12.7699,12.63,12.7276,37776
2013-11-27 16:00:00-05:00,12.66,12.77,12.66,12.7501,30851
2013-11-29 16:00:00-05:00,12.68,12.79,12.63,12.77,15922
2013-12-02 16:00:00-05:00,12.69,12.81,12.69,12.8,57088
2013-12-03 16:00:00-05:00,12.71,12.8,12.69,12.78,45100
2013-12-04 16:00:00-05:00,12.67,12.74,12.66,12.74,22943
2013-12-05 16:00:00-05:00,12.66,12.74,12.65,12.74,51507
2013-12-06 16:00:00-05:00,12.71,12.77,12.69,12.77,24812
2013-12-09 16:00:00-05:00,12.73,12.76,12.69,12.73,32239
2013-12-10 16:00:00-05:00,12.68,12.79,12.68,12.79,41339
2013-12-11 16:00:00-05:00,12.71,12.9,12.71,12.87,42054
2013-12-12 16:00:00-05:00,12.81,12.88,12.78,12.78,33348
2013-12-13 16:00:00-05:00,12.85,12.8599,12.74,12.77,19160
2013-12-16 16:00:00-05:00,12.76,12.81,12.75,12.78,46232
2013-12-17 16:00:00-05:00,12.82,12.89,12.8,12.88,52993
2013-12-18 16:00:00-05:00,12.76,12.85,12.76,12.85,24617
2013-12-19 16:00:00-05:00,12.83,12.97,12.83,12.94,30384
2013-12-20 16:00:00-05:00,12.88,13.02,12.88,13.02,19109
2013-12-23 16:00:00-05:00,13.07,13.28,13.04,13.26,33878
2013-12-24 16:00:00-05:00,13.29,13.33,13.17,13.2768,29948
2013-12-26 16:00:00-05:00,13.24,13.32,13.21,13.29,25506
2013-12-27 16:00:00-05:00,13.34,13.34,13.14,13.17,21566
2013-12-30 16:00:00-05:00,13.15,13.2335,13.12,13.13,25248
2013-12-31 16:00:00-05:00,13.07,13.29,13.07,13.182,32399
2014-01-02 16:00:00-05:00,13.14,13.15,13.1,13.1361,19737
2014-01-03 16:00:00-05:00,13.1,13.16,13.1,13.14,12779
2014-01-06 16:00:00-05:00,13.11,13.18,13.09,13.13,22694
2014-01-07 16:00:00-05:00,13.09,13.14,13.09,13.1314,10122
2014-01-08 16:00:00-05:00,13.1,13.21,13.1,13.21,23098
2014-01-09 16:00:00-05:00,13.16,13.21,13.13,13.168,30054
2014-01-10 16:00:00-05:00,13.08,13.242,13.08,13.21,52485
2014-01-13 16:00:00-05:00,13.16,13.19,13.15,13.18,16467
2014-01-14 16:00:00-05:00,13.12,13.13,13.09,13.12,32202
2014-01-15 16:00:00-05:00,13.11,13.112,13.08,13.1,23038
2014-01-16 16:00:00-05:00,13.1,13.13,13.09,13.111,17887
2014-01-17 16:00:00-05:00,13.12,13.17,13.11,13.17,21645
2014-01-21 16:00:00-05:00,13.16,13.23,13.16,13.22,12621
2014-01-22 16:00:00-05:00,13.21,13.28,13.18,13.28,20607
2014-01-23 16:00:00-05:00,13.25,13.3,13.23,13.3,19920
2014-01-24 16:00:00-05:00,13.32,13.32,13.25,13.26,24243
2014-01-27 16:00:00-05:00,13.22,13.24,13.1281,13.16,21943
2014-01-28 16:00:00-05:00,13.15,13.2097,13.1101,13.18,18575
2014-01-29 16:00:00-05:00,13.15,13.1794,13.08,13.1,13530
2014-01-30 16:00:00-05:00,13.11,13.18,13.11,13.1399,26038
2014-01-31 16:00:00-05:00,13.14,13.14,13.11,13.13,21700
2014-02-03 16:00:00-05:00,13.14,13.17,13.11,13.12,34695
2014-02-04 16:00:00-05:00,13.12,13.19,13.11,13.16,40906
2014-02-05 16:00:00-05:00,13.15,13.2,13.12,13.14,39702
2014-02-06 16:00:00-05:00,13.13,13.14,13.09,13.11,18850
2014-02-07 16:00:00-05:00,13.15,13.15,13.11,13.11,18473
2014-02-10 16:00:00-05:00,13.12,13.15,13.1,13.11,22412
2014-02-11 16:00:00-05:00,13.05,13.18,13.05,13.15,28128
2014-02-12 16:00:00-05:00,13.18,13.18,13.09,13.1,30041
2014-02-13 16:00:00-05:00,13.1,13.13,13.05,13.08,18255
2014-02-14 16:00:00-05:00,13.08,13.17,13.08,13.14,27916
2014-02-18 16:00:00-05:00,13.13,13.2,13.126,13.17,25484
2014-02-19 16:00:00-05:00,13.16,13.17,13.14,13.14,18882
2014-02-20 16:00:00-05:00,13.15,13.18,13.13,13.13,45366
2014-02-21 16:00:00-05:00,13.14,13.19,13.13,13.1601,12552
2014-02-24 16:00:00-05:00,13.18,13.21,13.18,13.2,9319
2014-02-25 16:00:00-05:00,13.21,13.3325,13.2001,13.25,5793
2014-02-26 16:00:00-05:00,13.25,13.34,13.25,13.34,19681
2014-02-27 16:00:00-05:00,13.34,13.35,13.33,13.33,22766
2014-02-28 16:00:00-05:00,13.37,13.37,13.3,13.37,10659
2014-03-03 16:00:00-05:00,13.41,13.41,13.341,13.3899,13473
2014-03-04 16:00:00-05:00,13.4,13.43,13.39,13.4124,9925
2014-03-05 16:00:00-05:00,13.4,13.41,13.34,13.37,5587
2014-03-06 16:00:00-05:00,13.36,13.36,13.3,13.32,10177
2014-03-07 16:00:00-05:00,13.31,13.31,13.2,13.21,21397
2014-03-10 16:00:00-04:00,13.19,13.27,13.19,13.22,41469
2014-03-11 16:00:00-04:00,13.23,13.31,13.22,13.28,25370
2014-03-12 16:00:00-04:00,13.24,13.33,13.24,13.3216,16468
2014-03-13 16:00:00-04:00,13.37,13.4399,13.32,13.3395,12366
2014-03-14 16:00:00-04:00,13.31,13.36,13.28,13.28,10966
2014-03-17 16:00:00-04:00,13.29,13.33,13.28,13.31,16039
2014-03-18 16:00:00-04:00,13.32,13.37,13.31,13.33,36927
2014-03-19 16:00:00-04:00,13.32,13.32,13.15,13.15,18421
2014-03-20 16:00:00-04:00,13.17,13.17,13.11,13.13,18614
2014-03-21 16:00:00-04:00,13.14,13.23,13.14,13.18,7227
2014-03-24 16:00:00-04:00,13.18,13.2397,13.18,13.18,16410
2014-03-25 16:00:00-04:00,13.24,13.26,13.19,13.2,30594
2014-03-26 16:00:00-04:00,13.21,13.23,13.2,13.21,13463
2014-03-27 16:00:00-04:00,13.27,13.3199,13.23,13.31,32710
2014-03-28 16:00:00-04:00,13.31,13.34,13.3,13.31,25029
2014-03-31 16:00:00-04:00,13.33,13.35,13.27,13.27,72906
2014-04-01 16:00:00-04:00,13.26,13.289,13.252,13.27,18384
2014-04-02 16:00:00-04:00,13.27,13.388,13.27,13.35,52520
2014-04-03 16:00:00-04:00,13.29,13.408,13.29,13.32,48373
2014-04-04 16:00:00-04:00,13.31,13.47,13.31,13.34,70487
2014-04-07 16:00:00-04:00,13.34,13.42,13.34,13.37,46317
2014-04-08 16:00:00-04:00,13.38,13.46,13.38,13.46,32292
2014-04-09 16:00:00-04:00,13.44,13.55,13.42,13.53,54708
2014-04-10 16:00:00-04:00,13.48,13.55,13.46,13.54,39637
2014-04-11 16:00:00-04:00,13.53,13.58,13.5,13.52,41980
2014-04-14 16:00:00-04:00,13.53,13.6,13.53,13.58,34333
2014-04-15 16:00:00-04:00,13.53,13.61,13.53,13.58,10938
2014-04-16 16:00:00-04:00,13.61,13.77,13.61,13.66,11851
2014-04-17 16:00:00-04:00,13.66,13.66,13.6,13.62,24382
2014-04-21 16:00:00-04:00,13.62,13.69,13.62,13.63,17924
2014-04-22 16:00:00-04:00,13.65,13.72,13.63,13.6301,17477
2014-04-23 16:00:00-04:00,13.63,13.78,13.63,13.7028,6909
2014-04-24 16:00:00-04:00,13.69,13.72,13.66,13.71,13489
2014-04-25 16:00:00-04:00,13.72,13.72,13.68,13.7,8217
2014-04-28 16:00:00-04:00,13.7,13.72,13.6801,13.6999,9936
2014-04-29 16:00:00-04:00,13.67,13.69,13.63,13.67,60612
2014-04-30 16:00:00-04:00,13.66,13.67,13.62,13.63,15146
2014-05-01 16:00:00-04:00,13.65,13.67,13.62,13.65,9647
2014-05-02 16:00:00-04:00,13.67,13.7,13.66,13.6798,6524
2014-05-05 16:00:00-04:00,13.68,13.717,13.68,13.698,11359
2014-05-06 16:00:00-04:00,13.69,13.8,13.66,13.68,44520
2014-05-07 16:00:00-04:00,13.69,13.74,13.67,13.68,17796
2014-05-08 16:00:00-04:00,13.67,13.699,13.66,13.67,7191
2014-05-09 16:00:00-04:00,13.62,13.6799,13.62,13.64,5597
2014-05-12 16:00:00-04:00,13.64,13.73,13.64,13.668,13371
2014-05-13 16:00:00-04:00,13.65,13.69,13.65,13.67,13583
2014-05-14 16:00:00-04:00,13.59,13.69,13.59,13.67,30076
2014-05-15 16:00:00-04:00,13.67,13.68,13.64,13.66,46784
2014-05-16 16:00:00-04:00,13.67,13.7099,13.65,13.67,14710
2014-05-19 16:00:00-04:00,13.71,13.75,13.66,13.69,27317
2014-05-20 16:00:00-04:00,13.67,13.69,13.646,13.658,14277
2014-05-21 16:00:00-04:00,13.61,13.71,13.55,13.7,43386
2014-05-22 16:00:00-04:00,13.65,13.74,13.65,13.72,22104
2014-05-23 16:00:00-04:00,13.69,13.74,13.69,13.69,5814
2014-05-27 16:00:00-04:00,13.7,13.7479,13.7,13.71,18289
2014-05-28 16:00:00-04:00,13.74,13.74,13.66,13.68,7134
2014-05-29 16:00:00-04:00,13.7,13.75,13.69,13.75,5232
2014-05-30 16:00:00-04:00,13.78,13.78,13.69,13.7,15241
2014-06-02 16:00:00-04:00,13.69,13.73,13.67,13.717,17684
2014-06-03 16:00:00-04:00,13.72,13.72,13.65,13.67,46447
2014-06-04 16:00:00-04:00,13.65,13.65,13.57,13.58,14067
2014-06-05 16:00:00-04:00,13.54,13.56,13.49,13.56,11926
2014-06-06 16:00:00-04:00,13.59,13.6,13.5537,13.59,11615
2014-06-09 16:00:00-04:00,13.55,13.5789,13.54,13.57,9572
2014-06-10 16:00:00-04:00,13.59,13.72,13.56,13.7,25061
2014-06-11 16:00:00-04:00,13.69,13.74,13.65,13.74,14469
2014-06-12 16:00:00-04:00,13.74,13.79,13.7,13.71,17650
2014-06-13 16:00:00-04:00,13.74,13.748,13.69,13.7,15000
2014-06-16 16:00:00-04:00,13.69,13.73,13.66,13.73,23872
2014-06-17 16:00:00-04:00,13.75,13.75,13.68,13.7,37417
2014-06-18 16:00:00-04:00,13.71,13.717,13.65,13.69,32372
2014-06-19 16:00:00-04:00,13.66,13.73,13.65,13.66,25182
2014-06-20 16:00:00-04:00,13.65,13.71,13.65,13.67,9660
2014-06-23 16:00:00-04:00,13.67,13.74,13.67,13.69,22260
2014-06-24 16:00:00-04:00,13.73,13.79,13.65,13.69,26516
2014-06-25 16:00:00-04:00,13.7,13.78,13.7,13.78,8260
2014-06-26 16:00:00-04:00,13.76,13.8,13.73,13.7999,8619
2014-06-27 16:00:00-04:00,13.81,13.88,13.7956,13.88,14360
2014-06-30 16:00:00-04:00,13.88,13.91,13.85,13.89,34669
2014-07-01 16:00:00-04:00,13.86,13.9299,13.84,13.89,17015
2014-07-02 16:00:00-04:00,13.85,13.87,13.84,13.86,8799
2014-07-03 16:00:00-04:00,13.81,13.81,13.75,13.79,5932
2014-07-07 16:00:00-04:00,13.74,13.857,13.71,13.7808,24022
2014-07-08 16:00:00-04:00,13.78,13.84,13.73,13.7906,24484
2014-07-09 16:00:00-04:00,13.79,13.8,13.77,13.7806,6667
2014-07-10 16:00:00-04:00,13.7,13.76,13.68,13.68,11336
2014-07-11 16:00:00-04:00,13.65,13.7584,13.65,13.66,10285
2014-07-14 16:00:00-04:00,13.67,13.693,13.66,13.67,17872
2014-07-15 16:00:00-04:00,13.64,13.7,13.62,13.63,26515
2014-07-16 16:00:00-04:00,13.56,13.64,13.56,13.62,9647
2014-07-17 16:00:00-04:00,13.62,13.659,13.62,13.63,10058
2014-07-18 16:00:00-04:00,13.6,13.637,13.6,13.62,10998
2014-07-21 16:00:00-04:00,13.66,13.667,13.59,13.59,10685
2014-07-22 16:00:00-04:00,13.64,13.66,13.624,13.64,6781
2014-07-23 16:00:00-04:00,13.67,13.681,13.66,13.6696,3604
2014-07-24 16:00:00-04:00,13.67,13.71,13.6502,13.71,13779
2014-07-25 16:00:00-04:00,13.72,13.72,13.66,13.6799,12145
2014-07-28 16:00:00-04:00,13.64,13.71,13.64,13.69,15543
2014-07-29 16:00:00-04:00,13.67,13.72,13.67,13.71,13259
2014-07-30 16:00:00-04:00,13.73,13.73,13.59,13.6,15169
2014-07-31 16:00:00-04:00,13.56,13.57,13.46,13.49,16564
2014-08-01 16:00:00-04:00,13.51,13.5599,13.45,13.49,13497
2014-08-04 16:00:00-04:00,13.45,13.548,13.43,13.45,15012
2014-08-05 16:00:00-04:00,13.47,13.517,13.34,13.43,35194
2014-08-06 16:00:00-04:00,13.38,13.507,13.38,13.47,9538
2014-08-07 16:00:00-04:00,13.44,13.52,13.44,13.45,11245
2014-08-08 16:00:00-04:00,13.44,13.55,13.44,13.54,9618
2014-08-11 16:00:00-04:00,13.54,13.6,13.54,13.58,23723
2014-08-12 16:00:00-04:00,13.57,13.61,13.57,13.6,6976
2014-08-13 16:00:00-04:00,13.58,13.65,13.57,13.64,19567
2014-08-14 16:00:00-04:00,13.64,13.71,13.63,13.7,12176
2014-08-15 16:00:00-04:00,13.71,13.7999,13.71,13.76,8986
2014-08-18 16:00:00-04:00,13.76,13.82,13.73,13.73,7333
2014-08-19 16:00:00-04:00,13.76,13.76,13.65,13.71,14636
2014-08-20 16:00:00-04:00,13.7,13.7,13.65,13.677,10333
2014-08-21 16:00:00-04:00,13.68,13.7,13.66,13.7,6368
2014-08-22 16:00:00-04:00,13.67,13.7,13.6613,13.69,6922
2014-08-25 16:00:00-04:00,13.65,13.707,13.65,13.7,26403
2014-08-26 16:00:00-04:00,13.67,13.75,13.67,13.7,36842
2014-08-27 16:00:00-04:00,13.7,13.89,13.68,13.76,20815
2014-08-28 16:00:00-04:00,13.73,13.78,13.72,13.72,21959
2014-08-29 16:00:00-04:00,13.73,13.74,13.7,13.71,15864
2014-09-02 16:00:00-04:00,13.72,13.73,13.7,13.7,21513
2014-09-03 16:00:00-04:00,13.7,13.73,13.7,13.7,18574
2014-09-04 16:00:00-04:00,13.71,13.727,13.7,13.7,30527
2014-09-05 16:00:00-04:00,13.7,13.71,13.7,13.71,19109
2014-09-08 16:00:00-04:00,13.7,13.717,13.57,13.57,12433
2014-09-09 16:00:00-04:00,13.55,13.567,13.52,13.54,14789
2014-09-10 16:00:00-04:00,13.59,13.63,13.535,13.63,23988
2014-09-11 16:00:00-04:00,13.63,13.66,13.59,13.64,19085
2014-09-12 16:00:00-04:00,13.64,13.64,13.46,13.48,16805
2014-09-15 16:00:00-04:00,13.49,13.5,13.47,13.47,9963
2014-09-16 16:00:00-04:00,13.47,13.47,13.42,13.42,10282
2014-09-17 16:00:00-04:00,13.4,13.48,13.37,13.45,43869
2014-09-18 16:00:00-04:00,13.49,13.55,13.46,13.48,11981
2014-09-19 16:00:00-04:00,13.52,13.5273,13.5,13.5,9140
2014-09-22 16:00:00-04:00,13.49,13.53,13.4101,13.45,20479
2014-09-23 16:00:00-04:00,13.48,13.52,13.44,13.454,15495
2014-09-24 16:00:00-04:00,13.49,13.49,13.42,13.43,11880
2014-09-25 16:00:00-04:00,13.38,13.44,13.38,13.41,17395
2014-09-26 16:00:00-04:00,13.43,13.43,13.32,13.32,9897
2014-09-29 16:00:00-04:00,13.21,13.389,13.21,13.34,20575
2014-09-30 16:00:00-04:00,13.34,13.41,13.34,13.39,9473
2014-10-01 16:00:00-04:00,13.36,13.46,13.36,13.4,5730
2014-10-02 16:00:00-04:00,13.37,13.405,13.32,13.33,12085
2014-10-03 16:00:00-04:00,13.3,13.41,13.3,13.36,29341
2014-10-06 16:00:00-04:00,13.36,13.45,13.36,13.4,20804
2014-10-07 16:00:00-04:00,13.38,13.42,13.36,13.4,10388
2014-10-08 16:00:00-04:00,13.35,13.47,13.35,13.45,20333
2014-10-09 16:00:00-04:00,13.4,13.48,13.38,13.42,16750
2014-10-10 16:00:00-04:00,13.37,13.41,13.37,13.4016,9135
2014-10-13 16:00:00-04:00,13.35,13.4334,13.35,13.38,10550
2014-10-14 16:00:00-04:00,13.36,13.4,13.3561,13.37,24632
2014-10-15 16:00:00-04:00,13.33,13.42,13.31,13.35,24020
2014-10-16 16:00:00-04:00,13.31,13.3599,13.3,13.34,12851
2014-10-17 16:00:00-04:00,13.35,13.405,13.35,13.35,18237
2014-10-20 16:00:00-04:00,13.34,13.397,13.34,13.37,8109
2014-10-21 16:00:00-04:00,13.44,13.44,13.38,13.4,13831
2014-10-22 16:00:00-04:00,13.36,13.4,13.34,13.36,31642
2014-10-23 16:00:00-04:00,13.42,13.4277,13.386,13.39,29290
2014-10-24 16:00:00-04:00,13.41,13.44,13.39,13.4,14962
2014-10-27 16:00:00-04:00,13.37,13.48,13.37,13.41,17278
2014-10-28 16:00:00-04:00,13.47,13.47,13.3,13.45,23774
2014-10-29 16:00:00-04:00,13.5,13.5,13.45,13.45,34113
2014-10-30 16:00:00-04:00,13.45,13.51,13.45,13.45,49942
2014-10-31 16:00:00-04:00,13.54,13.57,13.4,13.49,28261
2014-11-03 16:00:00-05:00,13.53,13.6099,13.49,13.5,32973
2014-11-04 16:00:00-05:00,13.44,13.52,13.39,13.4,24682
2014-11-05 16:00:00-05:00,13.43,13.5,13.4,13.46,17580
2014-11-06 16:00:00-05:00,13.48,13.502,13.44,13.46,37853
2014-11-07 16:00:00-05:00,13.44,13.51,13.43,13.45,20029
2014-11-10 16:00:00-05:00,13.44,13.48,13.41,13.42,37967
2014-11-11 16:00:00-05:00,13.41,13.47,13.4,13.43,31215
2014-11-12 16:00:00-05:00,13.44,13.4699,13.43,13.45,10759
2014-11-13 16:00:00-05:00,13.46,13.48,13.44,13.47,16034
2014-11-14 16:00:00-05:00,13.49,13.49,13.43,13.46,18679
2014-11-17 16:00:00-05:00,13.46,13.47,13.43,13.44,29603
2014-11-18 16:00:00-05:00,13.46,13.5,13.39,13.43,47094
2014-11-19 16:00:00-05:00,13.38,13.45,13.3606,13.41,27187
2014-11-20 16:00:00-05:00,13.4,13.45,13.4,13.44,19899
2014-11-21 16:00:00-05:00,13.48,13.51,13.4301,13.4301,23865
2014-11-24 16:00:00-05:00,13.45,13.56,13.45,13.52,11482
2014-11-25 16:00:00-05:00,13.52,13.56,13.49,13.52,22308
2014-11-26 16:00:00-05:00,13.5,13.61,13.5,13.61,13805
2014-11-28 16:00:00-05:00,13.6,13.61,13.53,13.59,15382
2014-12-01 16:00:00-05:00,13.56,13.58,13.55,13.55,20431
2014-12-02 16:00:00-05:00,13.46,13.53,13.46,13.5,20766
2014-12-03 16:00:00-05:00,13.5,13.53,13.45,13.46,38503
2014-12-04 16:00:00-05:00,13.47,13.497,13.39,13.42,38392
2014-12-05 16:00:00-05:00,13.41,13.46,13.41,13.43,53738
2014-12-08 16:00:00-05:00,13.43,13.49,13.4,13.45,16370
2014-12-09 16:00:00-05:00,13.43,13.481,13.39,13.45,15076
2014-12-10 16:00:00-05:00,13.43,13.44,13.35,13.39,19716
2014-12-11 16:00:00-05:00,13.39,13.43,13.38,13.38,9050
2014-12-12 16:00:00-05:00,13.37,13.46,13.27,13.3,32618
2014-12-15 16:00:00-05:00,13.32,13.4,13.2635,13.27,24751
2014-12-16 16:00:00-05:00,13.26,13.2899,13.2332,13.25,17264
2014-12-17 16:00:00-05:00,13.27,13.46,13.26,13.46,14033
2014-12-18 16:00:00-05:00,13.4,13.45,13.39,13.42,12076
2014-12-19 16:00:00-05:00,13.43,13.5365,13.32,13.4926,12390
2014-12-22 16:00:00-05:00,13.43,13.51,13.43,13.51,22020
2014-12-23 16:00:00-05:00,13.54,13.59,13.5096,13.51,14832
2014-12-24 16:00:00-05:00,13.51,13.53,13.4,13.47,8750
2014-12-26 16:00:00-05:00,13.45,13.49,13.4,13.4,13410
2014-12-29 16:00:00-05:00,13.44,13.54,13.44,13.54,10230
2014-12-30 16:00:00-05:00,13.51,13.57,13.39,13.39,26797
2014-12-31 16:00:00-05:00,13.4,13.55,13.38,13.45,18872
2015-01-02 16:00:00-05:00,13.45,13.4845,13.45,13.48,7403
2015-01-05 16:00:00-05:00,13.47,13.53,13.4401,13.46,21302
2015-01-06 16:00:00-05:00,13.48,13.57,13.43,13.51,27574
2015-01-07 16:00:00-05:00,13.52,13.61,13.52,13.59,20985
2015-01-08 16:00:00-05:00,13.54,13.62,13.53,13.61,15719
2015-01-09 16:00:00-05:00,13.62,13.62,13.54,13.55,15705
2015-01-12 16:00:00-05:00,13.55,13.6465,13.53,13.59,20211
2015-01-13 16:00:00-05:00,13.58,13.66,13.56,13.6,10878
2015-01-14 16:00:00-05:00,13.63,13.66,13.54,13.62,21318
2015-01-15 16:00:00-05:00,13.62,13.6299,13.59,13.6,15686
2015-01-16 16:00:00-05:00,13.6,13.67,13.57,13.61,22888
2015-01-20 16:00:00-05:00,13.72,13.75,13.63,13.64,34403
2015-01-21 16:00:00-05:00,13.66,13.66,13.53,13.56,15158
2015-01-22 16:00:00-05:00,13.62,13.62,13.55,13.56,16399
2015-01-23 16:00:00-05:00,13.58,13.69,13.58,13.64,21215
2015-01-26 16:00:00-05:00,13.62,13.69,13.61,13.63,21773
2015-01-27 16:00:00-05:00,13.68,13.76,13.61,13.65,55189
2015-01-28 16:00:00-05:00,13.68,13.71,13.57,13.58,21242
2015-01-29 16:00:00-05:00,13.61,13.9,13.56,13.9,20444
2015-01-30 16:00:00-05:00,13.83,13.8665,13.65,13.67,13488
2015-02-02 16:00:00-05:00,13.71,13.75,13.65,13.65,10699
2015-02-03 16:00:00-05:00,13.63,13.97,13.63,13.66,16585
2015-02-04 16:00:00-05:00,13.65,13.65,13.54,13.56,7476
2015-02-05 16:00:00-05:00,13.65,13.65,13.57,13.6,10963
2015-02-06 16:00:00-05:00,13.53,13.59,13.49,13.49,11832
2015-02-09 16:00:00-05:00,13.5,13.5299,13.47,13.48,3442
2015-02-10 16:00:00-05:00,13.5,13.56,13.5,13.5599,4148
2015-02-11 16:00:00-05:00,13.51,13.5499,13.49,13.54,11595
2015-02-12 16:00:00-05:00,13.5,13.62,13.5,13.61,10819
2015-02-13 16:00:00-05:00,13.59,13.65,13.57,13.63,10340
2015-02-17 16:00:00-05:00,13.58,13.7,13.58,13.59,13831
2015-02-18 16:00:00-05:00,13.56,13.64,13.5253,13.5401,32418
2015-02-19 16:00:00-05:00,13.57,13.69,13.57,13.66,12121
2015-02-20 16:00:00-05:00,13.63,13.71,13.58,13.6,17111
2015-02-23 16:00:00-05:00,13.6,13.76,13.6,13.73,12191
2015-02-24 16:00:00-05:00,13.67,14.07,13.67,14.07,16678
2015-02-25 16:00:00-05:00,13.97,13.97,13.76,13.81,16538
2015-02-26 16:00:00-05:00,13.83,13.96,13.74,13.79,24423
2015-02-27 16:00:00-05:00,13.82,13.8242,13.72,13.72,11062
2015-03-02 16:00:00-05:00,13.74,13.86,13.7,13.72,17153
2015-03-03 16:00:00-05:00,13.76,13.85,13.72,13.84,32330
2015-03-04 16:00:00-05:00,13.84,13.84,13.7,13.7,12378
2015-03-05 16:00:00-05:00,13.7,13.74,13.7,13.73,14787
2015-03-06 16:00:00-05:00,13.7,13.7,13.59,13.59,14985
2015-03-09 16:00:00-04:00,13.61,13.71,13.56,13.64,17338
2015-03-10 16:00:00-04:00,13.64,13.76,13.63,13.68,13527
2015-03-11 16:00:00-04:00,13.73,13.73,13.62,13.62,9901
2015-03-12 16:00:00-04:00,13.74,13.749,13.69,13.71,15733
2015-03-13 16:00:00-04:00,13.69,13.69,13.56,13.57,8868
2015-03-16 16:00:00-04:00,13.64,13.66,13.56,13.59,12667
2015-03-17 16:00:00-04:00,13.62,13.7,13.59,13.675,17506
2015-03-18 16:00:00-04:00,13.67,13.7477,13.61,13.7401,11643
2015-03-19 16:00:00-04:00,13.73,13.79,13.62,13.662,15590
2015-03-20 16:00:00-04:00,13.66,13.71,13.66,13.71,5377
2015-03-23 16:00:00-04:00,13.7,13.83,13.7,13.7401,10463
2015-03-24 16:00:00-04:00,13.75,13.8,13.73,13.77,10681
2015-03-25 16:00:00-04:00,13.82,13.89,13.8048,13.84,14421
2015-03-26 16:00:00-04:00,13.85,13.87,13.76,13.79,20019
2015-03-27 16:00:00-04:00,13.83,13.86,13.79,13.79,21807
2015-03-30 16:00:00-04:00,13.88,13.9,13.85,13.85,11321
2015-03-31 16:00:00-04:00,13.88,13.91,13.81,13.91,9329
2015-04-01 16:00:00-04:00,13.92,14.135,13.89,13.91,5058
2015-04-02 16:00:00-04:00,13.84,13.87,13.83,13.83,8735
2015-04-06 16:00:00-04:00,13.73,13.92,13.73,13.92,24584
2015-04-07 16:00:00-04:00,13.92,13.92,13.874,13.9,5259
2015-04-08 16:00:00-04:00,13.94,13.96,13.9,13.95,9916
2015-04-09 16:00:00-04:00,13.97,14.05,13.92,13.99,8261
2015-04-10 16:00:00-04:00,14.03,14.03,13.9762,13.9799,5049
2015-04-13 16:00:00-04:00,14.0,14.0,13.91,13.91,11800
2015-04-14 16:00:00-04:00,13.94,13.99,13.88,13.9868,6755
2015-04-15 16:00:00-04:00,13.98,14.0,13.89,13.96,18454
2015-04-16 16:00:00-04:00,13.96,14.0,13.96,13.97,10813
2015-04-17 16:00:00-04:00,13.97,14.0,13.97,13.99,12836
2015-04-20 16:00:00-04:00,14.0,14.0875,13.975,14.0,14178
2015-04-21 16:00:00-04:00,13.97,14.04,13.97,13.98,21543
2015-04-22 16:00:00-04:00,13.93,14.03,13.93,14.0,18594
2015-04-23 16:00:00-04:00,13.99,14.0,13.94,13.97,13416
2015-04-24 16:00:00-04:00,14.0,14.05,13.98,14.01,18041
2015-04-27 16:00:00-04:00,14.0,14.04,13.98,13.98,21974
2015-04-28 16:00:00-04:00,13.99,14.05,13.97,13.97,97027
2015-04-29 16:00:00-04:00,13.97,14.0,13.93,14.0,5818
2015-04-30 16:00:00-04:00,13.98,13.98,13.89,13.915,20676
2015-05-01 16:00:00-04:00,13.92,13.92,13.86,13.87,23054
2015-05-04 16:00:00-04:00,13.85,13.88,13.8,13.8,23871
2015-05-05 16:00:00-04:00,13.83,13.83,13.65,13.72,29012
2015-05-06 16:00:00-04:00,13.69,13.74,13.65,13.71,14848
2015-05-07 16:00:00-04:00,13.73,13.75,13.675,13.7,10871
2015-05-08 16:00:00-04:00,13.8,13.8,13.68,13.71,11044
2015-05-11 16:00:00-04:00,13.67,13.6847,13.53,13.63,34233
2015-05-12 16:00:00-04:00,13.57,13.57,13.39,13.53,38173
2015-05-13 16:00:00-04:00,13.58,13.58,13.47,13.49,9859
2015-05-14 16:00:00-04:00,13.48,13.5269,13.45,13.49,14609
2015-05-15 16:00:00-04:00,13.48,13.54,13.46,13.51,26344
2015-05-18 16:00:00-04:00,13.5,13.5599,13.4701,13.51,11438
2015-05-19 16:00:00-04:00,13.5,13.5,13.4701,13.489,3782
2015-05-20 16:00:00-04:00,13.51,13.51,13.32,13.36,20978
2015-05-21 16:00:00-04:00,13.35,13.399,13.31,13.34,12846
2015-05-22 16:00:00-04:00,13.32,13.362,13.3101,13.33,19460
2015-05-26 16:00:00-04:00,13.32,13.34,13.25,13.32,14122
2015-05-27 16:00:00-04:00,13.34,13.3483,13.29,13.3483,12744
2015-05-28 16:00:00-04:00,13.36,13.3899,13.32,13.34,8841
2015-05-29 16:00:00-04:00,13.38,13.38,13.3,13.31,5570
2015-06-01 16:00:00-04:00,13.34,13.34,13.29,13.29,17810
2015-06-02 16:00:00-04:00,13.27,13.3199,13.19,13.2,9714
2015-06-03 16:00:00-04:00,13.19,13.21,13.14,13.14,12583
2015-06-04 16:00:00-04:00,13.14,13.1401,13.105,13.13,21625
2015-06-05 16:00:00-04:00,13.11,13.11,13.05,13.05,28836
2015-06-08 16:00:00-04:00,13.04,13.06,13.0103,13.06,51278
2015-06-09 16:00:00-04:00,13.08,13.13,13.0401,13.09,22682
2015-06-10 16:00:00-04:00,13.1,13.1,13.07,13.07,24648
2015-06-11 16:00:00-04:00,13.1,13.1,13.07,13.0901,9553
2015-06-12 16:00:00-04:00,13.09,13.1225,13.09,13.12,12012
2015-06-15 16:00:00-04:00,13.12,13.152,13.11,13.14,8558
2015-06-16 16:00:00-04:00,13.16,13.18,13.14,13.15,12369
2015-06-17 16:00:00-04:00,13.11,13.1399,13.05,13.05,20554
2015-06-18 16:00:00-04:00,13.05,13.08,13.05,13.05,21864
2015-06-19 16:00:00-04:00,13.04,13.1,13.03,13.04,15072
2015-06-22 16:00:00-04:00,13.03,13.15,13.025,13.07,26366
2015-06-23 16:00:00-04:00,13.07,13.2,13.07,13.16,14390
2015-06-24 16:00:00-04:00,13.17,13.17,13.11,13.13,37953
2015-06-25 16:00:00-04:00,13.13,13.19,13.07,13.18,15396
2015-06-26 16:00:00-04:00,13.2,13.2,13.13,13.13,15733
2015-06-29 16:00:00-04:00,13.14,13.14,13.04,13.06,22970
2015-06-30 16:00:00-04:00,13.06,13.126,13.03,13.126,12735
2015-07-01 16:00:00-04:00,13.12,13.12,13.08,13.1,13167
2015-07-02 16:00:00-04:00,13.13,13.17,13.117,13.16,7957
2015-07-06 16:00:00-04:00,13.1,13.1,13.03,13.06,28540
2015-07-07 16:00:00-04:00,13.06,13.11,13.06,13.09,11341
2015-07-08 16:00:00-04:00,13.06,13.19,13.06,13.18,8991
2015-07-09 16:00:00-04:00,13.29,13.29,13.11,13.11,20874
2015-07-10 16:00:00-04:00,13.1,13.15,13.0753,13.15,17912
2015-07-13 16:00:00-04:00,13.14,13.18,13.11,13.1559,11038
2015-07-14 16:00:00-04:00,13.19,13.19,13.11,13.14,12896
2015-07-15 16:00:00-04:00,13.13,13.18,13.13,13.18,24451
2015-07-16 16:00:00-04:00,13.18,13.24,13.17,13.2,17116
2015-07-17 16:00:00-04:00,13.22,13.29,13.17,13.1732,16066
2015-07-20 16:00:00-04:00,13.2,13.22,13.09,13.12,10121
2015-07-21 16:00:00-04:00,13.14,13.17,13.14,13.17,5766
2015-07-22 16:00:00-04:00,13.14,13.21,13.1001,13.17,13101
2015-07-23 16:00:00-04:00,13.21,13.22,13.1701,13.22,7858
2015-07-24 16:00:00-04:00,13.22,13.24,13.0,13.18,35754
2015-07-27 16:00:00-04:00,13.15,13.19,13.0,13.03,22842
2015-07-28 16:00:00-04:00,13.06,13.29,13.06,13.27,22571
2015-07-29 16:00:00-04:00,13.22,13.26,13.11,13.19,17459
2015-07-30 16:00:00-04:00,13.19,13.26,13.19,13.26,6152
2015-07-31 16:00:00-04:00,13.29,13.3,13.27,13.3,8205
2015-08-03 16:00:00-04:00,13.28,13.44,13.228,13.44,9820
2015-08-04 16:00:00-04:00,13.4,13.55,13.29,13.38,19254
2015-08-05 16:00:00-04:00,13.38,13.44,13.24,13.24,12651
2015-08-06 16:00:00-04:00,13.18,13.42,13.18,13.26,12300
2015-08-07 16:00:00-04:00,13.23,13.28,13.13,13.21,13945
2015-08-10 16:00:00-04:00,13.17,13.2699,13.15,13.2,12160
2015-08-11 16:00:00-04:00,13.21,13.26,13.19,13.23,7975
2015-08-12 16:00:00-04:00,13.19,13.19,13.03,13.07,17695
2015-08-13 16:00:00-04:00,13.2,13.2,13.13,13.13,28024
2015-08-14 16:00:00-04:00,13.13,13.13,13.06,13.07,24410
2015-08-17 16:00:00-04:00,13.08,13.27,13.08,13.22,17305
2015-08-18 16:00:00-04:00,13.25,13.35,13.2238,13.35,12173
2015-08-19 16:00:00-04:00,13.23,13.3,13.2,13.25,10170
2015-08-20 16:00:00-04:00,13.24,13.25,13.07,13.07,17678
2015-08-21 16:00:00-04:00,13.12,13.15,13.009,13.14,32157
2015-08-24 16:00:00-04:00,12.99,13.14,12.99,13.14,33469
2015-08-25 16:00:00-04:00,13.11,13.11,12.95,12.95,25413
2015-08-26 16:00:00-04:00,12.95,13.035,12.94,12.965,12585
2015-08-27 16:00:00-04:00,12.93,13.05,12.88,13.0,11546
2015-08-28 16:00:00-04:00,13.05,13.16,12.951,12.99,36577
2015-08-31 16:00:00-04:00,13.0,13.05,12.97,13.0001,17080
2015-09-01 16:00:00-04:00,12.98,13.06,12.84,13.06,17042
2015-09-02 16:00:00-04:00,13.02,13.27,13.02,13.266,15498
2015-09-03 16:00:00-04:00,13.21,13.39,13.1901,13.29,17744
2015-09-04 16:00:00-04:00,13.25,13.3,13.18,13.2808,12193
2015-09-08 16:00:00-04:00,13.25,13.29,13.18,13.28,15295
2015-09-09 16:00:00-04:00,13.24,13.28,13.24,13.25,14054
2015-09-10 16:00:00-04:00,13.25,13.29,13.2004,13.29,4693
2015-09-11 16:00:00-04:00,13.25,13.3,13.25,13.2962,4914
2015-09-14 16:00:00-04:00,13.24,13.3299,13.24,13.31,11671
2015-09-15 16:00:00-04:00,13.26,13.29,13.26,13.29,5174
2015-09-16 16:00:00-04:00,13.19,13.28,13.135,13.23,34720
2015-09-17 16:00:00-04:00,13.24,13.24,13.12,13.16,35249
2015-09-18 16:00:00-04:00,13.12,13.18,13.1199,13.18,22470
2015-09-21 16:00:00-04:00,13.21,13.35,13.16,13.33,29740
2015-09-22 16:00:00-04:00,13.3,13.4199,13.22,13.3787,21426
2015-09-23 16:00:00-04:00,13.38,13.42,13.3727,13.404,18190
2015-09-24 16:00:00-04:00,13.36,13.48,13.32,13.43,13149
2015-09-25 16:00:00-04:00,13.43,13.43,13.37,13.39,7592
2015-09-28 16:00:00-04:00,13.36,13.37,13.26,13.36,13433
2015-09-29 16:00:00-04:00,13.32,13.32,13.23,13.26,8811
2015-09-30 16:00:00-04:00,13.24,13.26,13.19,13.19,3618
2015-10-01 16:00:00-04:00,13.24,13.24,13.17,13.21,7090
2015-10-02 16:00:00-04:00,13.21,13.36,13.19,13.29,38577
2015-10-05 16:00:00-04:00,13.29,13.29,13.22,13.2406,6085
2015-10-06 16:00:00-04:00,13.25,13.27,13.2212,13.23,15520
2015-10-07 16:00:00-04:00,13.24,13.32,13.22,13.25,18121
2015-10-08 16:00:00-04:00,13.25,13.31,13.23,13.2601,5919
2015-10-09 16:00:00-04:00,13.25,13.317,13.25,13.317,3332
2015-10-12 16:00:00-04:00,13.35,13.35,13.3137,13.35,10498
2015-10-13 16:00:00-04:00,13.38,13.4,13.33,13.33,34560
2015-10-14 16:00:00-04:00,13.3,13.3393,13.25,13.287,14319
2015-10-15 16:00:00-04:00,13.29,13.4,13.29,13.33,18417
2015-10-16 16:00:00-04:00,13.36,13.4,13.31,13.32,31904
2015-10-19 16:00:00-04:00,13.3,13.39,13.291,13.3575,21239
2015-10-20 16:00:00-04:00,13.33,13.39,13.31,13.3636,11964
2015-10-21 16:00:00-04:00,13.33,13.33,13.29,13.2901,6784
2015-10-22 16:00:00-04:00,13.3,13.39,13.3,13.3756,10992
2015-10-23 16:00:00-04:00,13.36,13.41,13.36,13.41,17073
2015-10-26 16:00:00-04:00,13.4,13.42,13.39,13.4,9469
2015-10-27 16:00:00-04:00,13.4,13.46,13.4,13.45,16587
2015-10-28 16:00:00-04:00,13.35,13.46,13.35,13.42,29205
2015-10-29 16:00:00-04:00,13.38,13.44,13.37,13.42,11058
2015-10-30 16:00:00-04:00,13.42,13.42,13.35,13.36,10705
2015-11-02 16:00:00-05:00,13.32,13.37,13.32,13.34,18001
2015-11-03 16:00:00-05:00,13.38,13.38,13.3,13.3,18382
2015-11-04 16:00:00-05:00,13.36,13.4,13.33,13.33,16642
2015-11-05 16:00:00-05:00,13.34,13.34,13.25,13.26,26627
2015-11-06 16:00:00-05:00,13.23,13.2742,13.19,13.21,9147
2015-11-09 16:00:00-05:00,13.24,13.24,13.16,13.19,14252
2015-11-10 16:00:00-05:00,13.21,13.2516,13.15,13.15,9783
2015-11-11 16:00:00-05:00,13.21,13.21,13.12,13.15,20577
2015-11-12 16:00:00-05:00,13.17,13.18,13.0905,13.13,30395
2015-11-13 16:00:00-05:00,13.09,13.13,13.09,13.11,11599
2015-11-16 16:00:00-05:00,13.14,13.18,13.11,13.17,23679
2015-11-17 16:00:00-05:00,13.25,13.27,13.17,13.21,17538
2015-11-18 16:00:00-05:00,13.25,13.26,13.16,13.17,10647
2015-11-19 16:00:00-05:00,13.16,13.165,13.08,13.12,13595
2015-11-20 16:00:00-05:00,13.12,13.21,13.08,13.08,16747
2015-11-23 16:00:00-05:00,13.09,13.32,13.09,13.24,21110
2015-11-24 16:00:00-05:00,13.21,13.29,13.21,13.23,22211
2015-11-25 16:00:00-05:00,13.22,13.28,13.22,13.22,16425
2015-11-27 16:00:00-05:00,13.28,13.4,13.28,13.36,8063
2015-11-30 16:00:00-05:00,13.32,13.3794,13.24,13.27,17442
2015-12-01 16:00:00-05:00,13.26,13.434,13.22,13.4,19363
2015-12-02 16:00:00-05:00,13.39,13.46,13.38,13.39,18680
2015-12-03 16:00:00-05:00,13.36,13.41,13.3,13.385,18445
2015-12-04 16:00:00-05:00,13.36,13.36,13.16,13.33,23946
2015-12-07 16:00:00-05:00,13.28,13.28,13.14,13.18,16327
2015-12-08 16:00:00-05:00,13.18,13.24,13.16,13.17,16224
2015-12-09 16:00:00-05:00,13.17,13.3,13.04,13.13,30050
2015-12-10 16:00:00-05:00,13.1,13.17,13.06,13.13,15513
2015-12-11 16:00:00-05:00,13.13,13.2,13.06,13.06,11105
2015-12-14 16:00:00-05:00,13.1,13.11,13.061,13.08,29530
2015-12-15 16:00:00-05:00,13.08,13.0999,13.0,13.07,10005
2015-12-16 16:00:00-05:00,12.96,13.05,12.94,13.05,10209
2015-12-17 16:00:00-05:00,13.0,13.04,12.97,12.99,9151
2015-12-18 16:00:00-05:00,12.99,13.07,12.98,13.0528,7034
2015-12-21 16:00:00-05:00,13.02,13.07,13.0101,13.02,20395
2015-12-22 16:00:00-05:00,13.04,13.04,12.97,13.04,14002
2015-12-23 16:00:00-05:00,13.09,13.09,13.0301,13.08,20092
2015-12-24 16:00:00-05:00,13.1,13.1,13.0525,13.06,8191
2015-12-28 16:00:00-05:00,13.06,13.1,13.01,13.07,35842
2015-12-29 16:00:00-05:00,13.12,13.12,13.04,13.05,18230
2015-12-30 16:00:00-05:00,13.03,13.03,13.0,13.0157,11411
2015-12-31 16:00:00-05:00,13.02,13.0858,13.01,13.02,4976
2016-01-04 16:00:00-05:00,13.0,13.02,12.96,13.01,20303
2016-01-05 16:00:00-05:00,13.02,13.04,13.01,13.0225,18428
2016-01-06 16:00:00-05:00,12.96,13.02,12.96,12.9968,41286
2016-01-07 16:00:00-05:00,12.87,13.0,12.87,13.0,26725
2016-01-08 16:00:00-05:00,12.99,13.06,12.9501,13.01,16316
2016-01-11 16:00:00-05:00,12.96,13.0,12.87,12.92,34423
2016-01-12 16:00:00-05:00,12.91,13.0,12.91,13.0,13901
2016-01-13 16:00:00-05:00,12.99,13.04,12.9519,13.03,12713
2016-01-14 16:00:00-05:00,12.99,13.08,12.966,13.02,52861
2016-01-15 16:00:00-05:00,12.68,12.98,12.68,12.9353,15843
2016-01-19 16:00:00-05:00,12.93,12.95,12.89,12.9,19901
2016-01-20 16:00:00-05:00,12.84,12.84,12.72,12.72,21628
2016-01-21 16:00:00-05:00,12.74,12.77,12.7,12.73,23750
2016-01-22 16:00:00-05:00,12.77,12.88,12.7,12.79,20391
2016-01-25 16:00:00-05:00,12.76,12.81,12.69,12.8,24390
2016-01-26 16:00:00-05:00,12.78,12.82,12.76,12.82,19167
2016-01-27 16:00:00-05:00,12.78,13.0,12.77,13.0,15802
2016-01-28 16:00:00-05:00,12.91,12.91,12.82,12.82,22142
2016-01-29 16:00:00-05:00,12.82,12.92,12.82,12.91,38801
2016-02-01 16:00:00-05:00,12.85,12.93,12.85,12.92,38683
2016-02-02 16:00:00-05:00,12.87,12.92,12.81,12.88,32011
2016-02-03 16:00:00-05:00,12.9,12.9,12.86,12.87,19092
2016-02-04 16:00:00-05:00,12.87,12.89,12.81,12.83,23526
2016-02-05 16:00:00-05:00,12.82,12.84,12.79,12.81,40005
2016-02-08 16:00:00-05:00,12.81,12.81,12.72,12.76,28309
2016-02-09 16:00:00-05:00,12.78,12.78,12.64,12.71,32403
2016-02-10 16:00:00-05:00,12.69,12.72,12.63,12.63,21858
2016-02-11 16:00:00-05:00,12.64,12.67,12.62,12.627,18993
2016-02-12 16:00:00-05:00,12.59,12.63,12.54,12.62,23397
2016-02-16 16:00:00-05:00,12.63,12.669,12.53,12.62,42459
2016-02-17 16:00:00-05:00,12.6,12.6,12.551,12.5613,20154
2016-02-18 16:00:00-05:00,12.58,12.6,12.579,12.59,21990
2016-02-19 16:00:00-05:00,12.61,12.72,12.61,12.72,10015
2016-02-22 16:00:00-05:00,12.69,12.75,12.69,12.7201,18409
2016-02-23 16:00:00-05:00,12.65,12.74,12.65,12.74,25889
2016-02-24 16:00:00-05:00,12.74,12.77,12.713,12.76,25928
2016-02-25 16:00:00-05:00,12.73,12.75,12.65,12.71,21008
2016-02-26 16:00:00-05:00,12.69,12.75,12.66,12.68,19877
2016-02-29 16:00:00-05:00,12.69,12.7,12.67,12.7,20612
2016-03-01 16:00:00-05:00,12.64,12.72,12.62,12.68,72396
2016-03-02 16:00:00-05:00,12.63,12.7499,12.62,12.7499,16471
2016-03-03 16:00:00-05:00,12.79,12.8799,12.73,12.87,8085
2016-03-04 16:00:00-05:00,12.85,12.91,12.82,12.91,17397
2016-03-07 16:00:00-05:00,12.91,12.95,12.84,12.95,17776
2016-03-08 16:00:00-05:00,12.95,12.98,12.8806,12.97,37014
2016-03-09 16:00:00-05:00,13.05,13.05,13.0,13.05,18653
2016-03-10 16:00:00-05:00,13.06,13.06,12.97,12.99,40250
2016-03-11 16:00:00-05:00,13.09,13.11,13.0674,13.09,48409
2016-03-14 16:00:00-04:00,13.12,13.16,13.1,13.14,34247
2016-03-15 16:00:00-04:00,13.16,13.22,13.124,13.16,50818
2016-03-16 16:00:00-04:00,13.16,13.16,13.105,13.11,22753
2016-03-17 16:00:00-04:00,13.15,13.16,13.1,13.14,70100
2016-03-18 16:00:00-04:00,13.13,13.31,13.13,13.31,35885
2016-03-21 16:00:00-04:00,13.31,13.31,13.23,13.31,60667
2016-03-22 16:00:00-04:00,13.31,13.31,13.2624,13.3,13544
2016-03-23 16:00:00-04:00,13.3,13.32,13.27,13.32,28407
2016-03-24 16:00:00-04:00,13.36,13.36,13.3,13.32,22887
2016-03-28 16:00:00-04:00,13.26,13.32,13.23,13.32,32495
2016-03-29 16:00:00-04:00,13.33,13.35,13.2985,13.33,23430
2016-03-30 16:00:00-04:00,13.36,13.36,13.31,13.33,20045
2016-03-31 16:00:00-04:00,13.35,13.59,13.328,13.59,119628
2016-04-01 16:00:00-04:00,13.53,13.58,13.4262,13.48,36086
2016-04-04 16:00:00-04:00,13.51,13.51,13.446,13.48,14884
2016-04-05 16:00:00-04:00,13.5,13.54,13.4613,13.54,19675
2016-04-06 16:00:00-04:00,13.57,13.63,13.47,13.5999,34303
2016-04-07 16:00:00-04:00,13.56,13.59,13.34,13.34,47794
2016-04-08 16:00:00-04:00,13.5,13.5,13.33,13.3699,50695
2016-04-11 16:00:00-04:00,13.35,13.46,13.3301,13.41,24934
2016-04-12 16:00:00-04:00,13.43,13.43,13.3925,13.4,20321
2016-04-13 16:00:00-04:00,13.42,13.48,13.39,13.42,31308
2016-04-14 16:00:00-04:00,13.42,13.47,13.4,13.41,20477
2016-04-15 16:00:00-04:00,13.42,13.5,13.42,13.491,38127
2016-04-18 16:00:00-04:00,13.52,13.59,13.445,13.57,41268
2016-04-19 16:00:00-04:00,13.63,13.63,13.564,13.61,24616
2016-04-20 16:00:00-04:00,13.55,13.61,13.55,13.579,21117
2016-04-21 16:00:00-04:00,13.59,13.62,13.4972,13.61,32109
2016-04-22 16:00:00-04:00,13.6,13.71,13.6,13.71,32616
2016-04-25 16:00:00-04:00,13.68,13.72,13.64,13.72,23600
2016-04-26 16:00:00-04:00,13.77,13.78,13.7,13.74,33571
2016-04-27 16:00:00-04:00,13.82,13.82,13.7266,13.76,41812
2016-04-28 16:00:00-04:00,13.84,13.84,13.71,13.76,70365
2016-04-29 16:00:00-04:00,13.77,13.83,13.72,13.78,51691
2016-05-02 16:00:00-04:00,13.8,13.84,13.781,13.79,21447
2016-05-03 16:00:00-04:00,13.79,13.81,13.74,13.81,39952
2016-05-04 16:00:00-04:00,13.87,13.87,13.7958,13.8,37272
2016-05-05 16:00:00-04:00,13.83,13.85,13.79,13.79,24060
2016-05-06 16:00:00-04:00,13.86,13.87,13.8,13.83,53858
2016-05-09 16:00:00-04:00,13.85,13.855,13.803,13.83,34309
2016-05-10 16:00:00-04:00,13.84,13.85,13.8016,13.82,30112
2016-05-11 16:00:00-04:00,13.81,13.89,13.79,13.83,29523
2016-05-12 16:00:00-04:00,13.99,13.99,13.8,13.8299,41441
2016-05-13 16:00:00-04:00,13.85,13.89,13.8213,13.85,35018
2016-05-16 16:00:00-04:00,13.92,13.92,13.82,13.86,38079
2016-05-17 16:00:00-04:00,13.92,13.92,13.833,13.86,30287
2016-05-18 16:00:00-04:00,13.86,13.88,13.7138,13.85,33893
2016-05-19 16:00:00-04:00,13.8,13.8,13.67,13.79,69448
2016-05-20 16:00:00-04:00,13.86,13.86,13.73,13.73,40731
2016-05-23 16:00:00-04:00,13.72,13.75,13.6904,13.71,36983
2016-05-24 16:00:00-04:00,13.74,13.79,13.7106,13.77,55129
2016-05-25 16:00:00-04:00,13.8,13.8,13.7364,13.745,29594
2016-05-26 16:00:00-04:00,13.77,13.77,13.74,13.74,32808
2016-05-27 16:00:00-04:00,13.76,13.79,13.76,13.79,23813
2016-05-31 16:00:00-04:00,13.8,13.9,13.75,13.9,69872
2016-06-01 16:00:00-04:00,13.8,13.84,13.79,13.8,28478
2016-06-02 16:00:00-04:00,13.83,13.87,13.78,13.7902,49757
2016-06-03 16:00:00-04:00,13.81,13.9599,13.81,13.8416,21380
2016-06-06 16:00:00-04:00,13.86,13.95,13.86,13.95,26773
2016-06-07 16:00:00-04:00,13.95,13.98,13.91,13.98,34616
2016-06-08 16:00:00-04:00,13.92,13.96,13.89,13.96,77144
2016-06-09 16:00:00-04:00,14.0,14.0,13.9278,13.98,22263
2016-06-10 16:00:00-04:00,14.04,14.04,13.95,13.96,22360
2016-06-13 16:00:00-04:00,14.01,14.01,13.94,13.98,21342
2016-06-14 16:00:00-04:00,13.99,13.99,13.9601,13.98,18443
2016-06-15 16:00:00-04:00,13.97,13.98,13.9001,13.96,29542
2016-06-16 16:00:00-04:00,14.03,14.03,13.9301,13.94,39763
2016-06-17 16:00:00-04:00,13.92,14.0817,13.92,13.99,21480
2016-06-20 16:00:00-04:00,14.04,14.04,13.99,14.0,18150
2016-06-21 16:00:00-04:00,14.04,14.06,14.01,14.04,51780
2016-06-22 16:00:00-04:00,14.07,14.07,14.01,14.02,24003
2016-06-23 16:00:00-04:00,14.06,14.06,13.98,14.02,41092
2016-06-24 16:00:00-04:00,13.99,14.0,13.865,13.98,29808
2016-06-27 16:00:00-04:00,14.06,14.06,13.91,14.06,32552
2016-06-28 16:00:00-04:00,14.18,14.18,14.0401,14.06,36662
2016-06-29 16:00:00-04:00,14.09,14.2,14.09,14.18,32307
2016-06-30 16:00:00-04:00,14.2,14.2,14.15,14.18,39546
2016-07-01 16:00:00-04:00,14.2,14.2,14.12,14.12,25205
2016-07-05 16:00:00-04:00,14.17,14.17,14.05,14.06,23971
2016-07-06 16:00:00-04:00,14.1,14.23,14.08,14.2,39029
2016-07-07 16:00:00-04:00,14.2,14.31,14.18,14.28,28042
2016-07-08 16:00:00-04:00,14.33,14.38,14.2996,14.36,22919
2016-07-11 16:00:00-04:00,14.38,14.38,14.28,14.36,84046
2016-07-12 16:00:00-04:00,14.39,14.4,14.18,14.26,50198
2016-07-13 16:00:00-04:00,14.3,14.39,14.19,14.21,24313
2016-07-14 16:00:00-04:00,14.24,14.2442,14.16,14.21,28321
2016-07-15 16:00:00-04:00,14.27,14.29,14.14,14.17,31926
2016-07-18 16:00:00-04:00,14.17,14.27,14.1475,14.27,19091
2016-07-19 16:00:00-04:00,14.29,14.34,14.29,14.34,22935
2016-07-20 16:00:00-04:00,14.34,14.36,14.27,14.29,16442
2016-07-21 16:00:00-04:00,14.34,14.3789,14.28,14.35,32822
2016-07-22 16:00:00-04:00,14.39,14.4192,14.34,14.41,21844
2016-07-25 16:00:00-04:00,14.42,14.46,14.4,14.44,21635
2016-07-26 16:00:00-04:00,14.48,14.52,14.451,14.495,46218
2016-07-27 16:00:00-04:00,14.53,14.67,14.51,14.56,28520
2016-07-28 16:00:00-04:00,14.62,14.889,14.6087,14.84,33769
2016-07-29 16:00:00-04:00,14.85,14.88,14.79,14.86,20309
2016-08-01 16:00:00-04:00,14.8,15.18,14.78,15.16,52369
2016-08-02 16:00:00-04:00,15.09,15.1399,15.03,15.09,42894
2016-08-03 16:00:00-04:00,15.11,15.26,15.04,15.23,33153
2016-08-04 16:00:00-04:00,15.2,15.28,15.05,15.17,84598
2016-08-05 16:00:00-04:00,15.22,15.22,14.97,15.02,47765
2016-08-08 16:00:00-04:00,15.01,15.15,14.95,14.95,39753
2016-08-09 16:00:00-04:00,15.04,15.3599,14.95,15.28,22193
2016-08-10 16:00:00-04:00,15.34,15.42,15.21,15.34,30982
2016-08-11 16:00:00-04:00,15.31,15.3789,15.2601,15.31,22235
2016-08-12 16:00:00-04:00,15.36,15.4252,15.17,15.18,29727
2016-08-15 16:00:00-04:00,15.33,15.4,15.23,15.25,32592
2016-08-16 16:00:00-04:00,15.33,15.33,15.25,15.32,26420
2016-08-17 16:00:00-04:00,15.34,15.36,15.2001,15.2799,32253
2016-08-18 16:00:00-04:00,15.35,15.35,15.26,15.28,30191
2016-08-19 16:00:00-04:00,15.35,15.43,15.29,15.42,39565
2016-08-22 16:00:00-04:00,15.42,15.42,15.29,15.42,22231
2016-08-23 16:00:00-04:00,15.4,15.84,15.4,15.84,47748
2016-08-24 16:00:00-04:00,15.82,15.82,15.65,15.67,21757
2016-08-25 16:00:00-04:00,15.72,15.8092,15.68,15.73,31214
2016-08-26 16:00:00-04:00,15.73,15.76,15.61,15.622,35723
2016-08-29 16:00:00-04:00,15.87,15.88,15.64,15.8,25837
2016-08-30 16:00:00-04:00,15.87,15.98,15.8127,15.9,40474
2016-08-31 16:00:00-04:00,15.96,15.96,15.53,15.58,74373
2016-09-01 16:00:00-04:00,15.68,15.68,15.03,15.0301,118808
2016-09-02 16:00:00-04:00,15.11,15.18,15.04,15.13,38886
2016-09-06 16:00:00-04:00,15.17,15.223,15.09,15.11,25213
2016-09-07 16:00:00-04:00,15.14,15.21,15.04,15.13,39404
2016-09-08 16:00:00-04:00,15.03,15.3099,14.98,15.1099,64377
2016-09-09 16:00:00-04:00,15.15,15.15,14.951,15.09,27512
2016-09-12 16:00:00-04:00,15.08,15.2899,15.01,15.12,31634
2016-09-13 16:00:00-04:00,15.26,15.26,15.1,15.18,31712
2016-09-14 16:00:00-04:00,15.24,15.24,15.11,15.14,15447
2016-09-15 16:00:00-04:00,15.11,15.11,14.73,14.76,24440
2016-09-16 16:00:00-04:00,14.89,15.02,14.8,14.98,23837
2016-09-19 16:00:00-04:00,15.09,15.12,15.0425,15.12,15754
2016-09-20 16:00:00-04:00,15.25,15.25,15.15,15.25,24794
2016-09-21 16:00:00-04:00,15.34,15.42,15.07,15.09,23897
2016-09-22 16:00:00-04:00,15.2,15.31,15.121,15.2,32060
2016-09-23 16:00:00-04:00,15.14,15.35,15.14,15.2,25934
2016-09-26 16:00:00-04:00,15.24,15.36,15.24,15.29,36923
2016-09-27 16:00:00-04:00,15.38,15.42,15.26,15.28,41664
2016-09-28 16:00:00-04:00,15.34,15.3837,15.1501,15.31,76847
2016-09-29 16:00:00-04:00,15.36,15.5,15.2913,15.48,83707
2016-09-30 16:00:00-04:00,15.5,15.5299,15.27,15.36,108829
2016-10-03 16:00:00-04:00,15.46,15.46,15.29,15.29,25058
2016-10-04 16:00:00-04:00,15.35,15.36,15.27,15.27,17525
2016-10-05 16:00:00-04:00,15.32,15.33,15.15,15.24,85376
2016-10-06 16:00:00-04:00,15.23,15.23,15.04,15.04,38490
2016-10-07 16:00:00-04:00,15.09,15.09,14.95,14.96,13605
2016-10-10 16:00:00-04:00,15.13,15.13,14.93,14.95,31727
2016-10-11 16:00:00-04:00,14.84,14.88,14.75,14.7617,32075
2016-10-12 16:00:00-04:00,14.89,14.95,14.71,14.79,31585
2016-10-13 16:00:00-04:00,14.67,14.87,14.6,14.63,37348
2016-10-14 16:00:00-04:00,14.56,14.71,14.525,14.53,43066
2016-10-17 16:00:00-04:00,14.46,14.516,14.25,14.25,38654
2016-10-18 16:00:00-04:00,14.24,14.65,14.24,14.5,57270
2016-10-19 16:00:00-04:00,14.37,14.82,14.33,14.58,55147
2016-10-20 16:00:00-04:00,14.68,14.68,14.4,14.49,50026
2016-10-21 16:00:00-04:00,14.57,14.83,14.56,14.59,78200
2016-10-24 16:00:00-04:00,14.54,14.62,14.51,14.51,25704
2016-10-25 16:00:00-04:00,14.61,14.79,14.52,14.6,19321
2016-10-26 16:00:00-04:00,14.58,14.7,14.5382,14.68,17013
2016-10-27 16:00:00-04:00,14.55,14.619,14.47,14.52,24827
2016-10-28 16:00:00-04:00,14.62,14.62,14.48,14.56,9299
2016-10-31 16:00:00-04:00,14.64,14.8669,14.52,14.5582,23285
2016-11-01 16:00:00-04:00,14.65,15.058,14.4301,14.81,38037
2016-11-02 16:00:00-04:00,14.79,14.8,14.61,14.8,27663
2016-11-03 16:00:00-04:00,14.66,14.71,14.59,14.59,27151
2016-11-04 16:00:00-04:00,14.58,14.76,14.57,14.6,30457
2016-11-07 16:00:00-05:00,14.61,14.71,14.26,14.27,34064
2016-11-08 16:00:00-05:00,14.19,14.3127,14.19,14.26,33313
2016-11-09 16:00:00-05:00,14.04,14.25,14.01,14.0701,36936
2016-11-10 16:00:00-05:00,14.1,14.1,13.81,13.81,57805
2016-11-11 16:00:00-05:00,13.72,13.82,13.64,13.65,54451
2016-11-14 16:00:00-05:00,13.84,14.0394,13.64,13.91,80047
2016-11-15 16:00:00-05:00,14.01,14.05,13.89,14.03,43382
2016-11-16 16:00:00-05:00,14.15,14.2988,13.9,14.12,136679
2016-11-17 16:00:00-05:00,14.31,14.48,14.19,14.48,37113
2016-11-18 16:00:00-05:00,14.6,14.99,14.3101,14.43,55047
2016-11-21 16:00:00-05:00,14.55,14.57,14.2915,14.46,26791
2016-11-22 16:00:00-05:00,14.62,14.92,14.5,14.89,35031
2016-11-23 16:00:00-05:00,14.83,14.83,14.57,14.5899,29780
2016-11-25 13:00:00-05:00,14.49,14.72,14.49,14.59,25766
2016-11-28 16:00:00-05:00,14.55,14.65,14.55,14.61,18049
2016-11-29 16:00:00-05:00,14.6,14.67,14.53,14.57,41793
2016-11-30 16:00:00-05:00,14.56,14.77,14.54,14.75,30446
2016-12-01 16:00:00-05:00,14.74,15.05,14.6,14.65,22940
2016-12-02 16:00:00-05:00,14.71,15.0,14.62,14.66,30760
2016-12-05 16:00:00-05:00,14.77,14.91,14.63,14.63,31633
2016-12-06 16:00:00-05:00,14.6,14.6544,14.6,14.64,19411
2016-12-07 16:00:00-05:00,14.66,14.775,14.6,14.6,15172
2016-12-08 16:00:00-05:00,14.54,14.5919,14.46,14.46,13429
2016-12-09 16:00:00-05:00,14.53,14.58,14.46,14.46,12477
2016-12-12 16:00:00-05:00,14.54,14.54,14.46,14.4601,12142
2016-12-13 16:00:00-05:00,14.47,14.7,14.47,14.58,15001
2016-12-14 16:00:00-05:00,14.74,14.74,14.39,14.43,17408
2016-12-15 16:00:00-05:00,14.45,14.5273,14.36,14.36,19251
2016-12-16 16:00:00-05:00,14.48,14.48,14.33,14.34,18379
2016-12-19 16:00:00-05:00,14.49,14.49,14.24,14.27,20731
2016-12-20 16:00:00-05:00,14.21,14.35,14.21,14.31,13688
2016-12-21 16:00:00-05:00,14.16,14.3,14.16,14.28,27657
2016-12-22 16:00:00-05:00,14.29,14.3089,14.23,14.29,12324
2016-12-23 16:00:00-05:00,14.28,14.37,14.2,14.37,23660
2016-12-27 16:00:00-05:00,14.38,14.38,14.2223,14.29,11877
2016-12-28 16:00:00-05:00,14.29,14.3554,14.25,14.25,14788
2016-12-29 16:00:00-05:00,14.2,14.32,14.13,14.3,17628
2016-12-30 16:00:00-05:00,14.39,14.39,14.3015,14.31,16852
2017-01-03 16:00:00-05:00,14.39,15.0,14.11,14.19,56797
2017-01-04 16:00:00-05:00,14.22,14.26,14.13,14.15,112148
2017-01-05 16:00:00-05:00,14.19,14.2299,13.59,14.2061,48916
2017-01-06 16:00:00-05:00,14.13,14.24,14.13,14.2192,23275
2017-01-09 16:00:00-05:00,14.18,14.27,14.18,14.23,12590
2017-01-10 16:00:00-05:00,14.16,14.3,14.16,14.18,23056
2017-01-11 16:00:00-05:00,14.15,14.2177,14.1201,14.1401,23967
2017-01-12 16:00:00-05:00,14.1,14.16,14.1,14.14,12805
2017-01-13 16:00:00-05:00,14.15,14.17,14.13,14.17,9581
2017-01-17 16:00:00-05:00,14.18,14.31,14.1301,14.27,42668
2017-01-18 16:00:00-05:00,14.29,14.29,14.16,14.17,31307
2017-01-19 16:00:00-05:00,14.24,14.24,14.11,14.11,25900
2017-01-20 16:00:00-05:00,14.13,14.14,14.08,14.1,27557
2017-01-23 16:00:00-05:00,14.15,14.24,14.1,14.24,19752
2017-01-24 16:00:00-05:00,14.21,14.32,14.12,14.13,35009
2017-01-25 16:00:00-05:00,14.15,14.205,14.07,14.09,34086
2017-01-26 16:00:00-05:00,14.11,14.12,14.04,14.11,25725
2017-01-27 16:00:00-05:00,14.17,14.2935,14.0813,14.0924,23487
2017-01-30 16:00:00-05:00,14.13,14.18,14.04,14.069,26580
2017-01-31 16:00:00-05:00,14.07,14.13,14.07,14.09,15662
2017-02-01 16:00:00-05:00,14.05,14.1399,14.05,14.11,21173
2017-02-02 16:00:00-05:00,14.15,14.1621,14.05,14.08,22834
2017-02-03 16:00:00-05:00,14.04,14.15,14.04,14.09,19954
2017-02-06 16:00:00-05:00,14.15,14.19,14.047,14.1,23633
2017-02-07 16:00:00-05:00,14.1,14.1599,14.0301,14.14,35587
2017-02-08 16:00:00-05:00,14.13,14.23,14.12,14.23,27060
2017-02-09 16:00:00-05:00,14.2,14.28,14.15,14.16,26015
2017-02-10 16:00:00-05:00,14.2,14.22,14.14,14.22,19953
2017-02-13 16:00:00-05:00,14.27,14.32,14.22,14.281,39324
2017-02-14 16:00:00-05:00,14.28,14.35,14.25,14.34,32868
2017-02-15 16:00:00-05:00,14.34,14.43,14.3,14.3608,27397
2017-02-16 16:00:00-05:00,14.55,14.65,14.4,14.65,24276
2017-02-17 16:00:00-05:00,14.65,14.65,14.5418,14.6,19678
2017-02-21 16:00:00-05:00,14.69,15.37,14.6565,14.697,24074
2017-02-22 16:00:00-05:00,14.66,14.74,14.66,14.74,11614
2017-02-23 16:00:00-05:00,14.77,15.32,14.64,14.64,26429
2017-02-24 16:00:00-05:00,14.97,15.2089,14.61,14.61,18543
2017-02-27 16:00:00-05:00,14.6,14.9369,14.6,14.7,19585
2017-02-28 16:00:00-05:00,14.78,14.78,14.7211,14.73,17705
2017-03-01 16:00:00-05:00,14.85,14.85,14.47,14.47,27329
2017-03-02 16:00:00-05:00,14.43,14.56,14.38,14.5397,11023
2017-03-03 16:00:00-05:00,14.52,14.98,14.44,14.5375,15359
2017-03-06 16:00:00-05:00,14.42,14.65,14.42,14.61,29666
2017-03-07 16:00:00-05:00,14.52,14.64,14.4529,14.46,11016
2017-03-08 16:00:00-05:00,14.55,14.55,14.36,14.36,14768
2017-03-09 16:00:00-05:00,14.48,14.5,14.0,14.06,37966
2017-03-10 16:00:00-05:00,14.14,14.1635,14.01,14.0463,39136
2017-03-13 16:00:00-04:00,13.99,14.07,13.93,14.04,11226
2017-03-14 16:00:00-04:00,14.05,14.05,14.01,14.04,13025
2017-03-15 16:00:00-04:00,13.94,14.19,13.94,14.19,40510
2017-03-16 16:00:00-04:00,14.2,14.2,14.08,14.16,20343
2017-03-17 16:00:00-04:00,14.16,14.2,14.06,14.13,31699
2017-03-20 16:00:00-04:00,14.07,14.2,14.07,14.19,8776
2017-03-21 16:00:00-04:00,14.22,14.24,14.1988,14.24,14853
2017-03-22 16:00:00-04:00,14.17,14.2268,14.17,14.17,14089
2017-03-23 16:00:00-04:00,14.24,14.26,14.19,14.25,29721
2017-03-24 16:00:00-04:00,14.23,14.2699,14.19,14.2,18486
2017-03-27 16:00:00-04:00,14.29,14.3,14.2521,14.2788,17723
2017-03-28 16:00:00-04:00,14.27,14.31,14.24,14.26,8278
2017-03-29 16:00:00-04:00,14.34,14.38,14.2836,14.31,18298
2017-03-30 16:00:00-04:00,14.41,14.43,14.3185,14.39,30097
2017-03-31 16:00:00-04:00,14.42,14.49,14.39,14.49,34231
2017-04-03 16:00:00-04:00,14.52,14.64,14.44,14.595,20917
2017-04-04 16:00:00-04:00,14.62,14.69,14.44,14.5,46889
2017-04-05 16:00:00-04:00,14.43,14.5,14.38,14.39,14404
2017-04-06 16:00:00-04:00,14.46,14.46,14.4,14.43,7722
2017-04-07 16:00:00-04:00,14.5,14.599,14.44,14.46,20292
2017-04-10 16:00:00-04:00,14.54,14.54,14.47,14.4798,5199
2017-04-11 16:00:00-04:00,14.55,14.55,14.46,14.46,21897
2017-04-12 16:00:00-04:00,14.52,14.54,14.47,14.52,11338
2017-04-13 16:00:00-04:00,14.51,14.559,14.49,14.49,11921
2017-04-17 16:00:00-04:00,14.71,14.71,14.49,14.5,24146
2017-04-18 16:00:00-04:00,14.58,14.58,14.4345,14.48,13360
2017-04-19 16:00:00-04:00,14.48,14.48,14.4176,14.47,9733
2017-04-20 16:00:00-04:00,14.56,14.56,14.45,14.46,5921
2017-04-21 16:00:00-04:00,14.52,14.55,14.45,14.5458,18806
2017-04-24 16:00:00-04:00,14.59,14.61,14.5311,14.61,14125
2017-04-25 16:00:00-04:00,14.64,14.73,14.63,14.635,17437
2017-04-26 16:00:00-04:00,14.7,14.75,14.61,14.65,24189
2017-04-27 16:00:00-04:00,14.73,14.73,14.6799,14.686,10901
2017-04-28 16:00:00-04:00,14.74,14.7882,14.6301,14.65,12821
2017-05-01 16:00:00-04:00,14.7,14.71,14.59,14.59,23164
2017-05-02 16:00:00-04:00,14.64,14.71,14.6,14.71,7946
2017-05-03 16:00:00-04:00,14.66,14.79,14.66,14.7718,10678
2017-05-04 16:00:00-04:00,14.8,14.8,14.5,14.51,32081
2017-05-05 16:00:00-04:00,14.58,14.67,14.58,14.67,12255
2017-05-08 16:00:00-04:00,14.71,14.71,14.66,14.6857,3129
2017-05-09 16:00:00-04:00,14.73,14.7334,14.49,14.53,22144
2017-05-10 16:00:00-04:00,14.61,14.61,14.54,14.545,10691
2017-05-11 16:00:00-04:00,14.52,14.61,14.46,14.5,22397
2017-05-12 16:00:00-04:00,14.47,14.55,14.39,14.39,57486
2017-05-15 16:00:00-04:00,14.45,14.54,14.45,14.54,12569
2017-05-16 16:00:00-04:00,14.52,14.57,14.5,14.54,12597
2017-05-17 16:00:00-04:00,14.54,14.64,14.52,14.61,13108
2017-05-18 16:00:00-04:00,14.63,14.64,14.51,14.53,12412
2017-05-19 16:00:00-04:00,14.56,14.66,14.52,14.53,21933
2017-05-22 16:00:00-04:00,14.5,14.68,14.5,14.53,18174
2017-05-23 16:00:00-04:00,14.59,14.7,14.57,14.63,17220
2017-05-24 16:00:00-04:00,14.65,14.76,14.65,14.66,19143
2017-05-25 16:00:00-04:00,14.64,14.756,14.64,14.7165,18214
2017-05-26 16:00:00-04:00,14.71,14.91,14.68,14.68,26481
2017-05-30 16:00:00-04:00,14.67,14.7279,14.63,14.65,14980
2017-05-31 16:00:00-04:00,14.79,14.79,14.64,14.7099,32488
2017-06-01 16:00:00-04:00,14.64,14.6999,14.59,14.59,19099
2017-06-02 16:00:00-04:00,14.58,14.73,14.58,14.72,19558
2017-06-05 16:00:00-04:00,14.7,14.79,14.69,14.73,21988
2017-06-06 16:00:00-04:00,14.75,14.7676,14.71,14.76,13460
2017-06-07 16:00:00-04:00,14.82,15.8772,14.72,14.819,15851
2017-06-08 16:00:00-04:00,14.86,14.88,14.7667,14.88,10745
2017-06-09 16:00:00-04:00,14.86,14.93,14.8301,14.93,9904
2017-06-12 16:00:00-04:00,14.84,15.04,14.84,15.04,19896
2017-06-13 16:00:00-04:00,15.22,15.22,14.92,14.95,22813
2017-06-14 16:00:00-04:00,15.08,15.1,14.91,14.92,17900
2017-06-15 16:00:00-04:00,14.93,14.98,14.91,14.93,14643
2017-06-16 16:00:00-04:00,15.2,15.2,14.94,15.12,26569
2017-06-19 16:00:00-04:00,15.25,15.8068,15.21,15.46,29153
2017-06-20 16:00:00-04:00,15.42,15.42,15.2101,15.35,18490
2017-06-21 16:00:00-04:00,15.5,15.5,15.1722,15.34,28326
2017-06-22 16:00:00-04:00,15.46,15.5,15.1,15.28,27351
2017-06-23 16:00:00-04:00,15.32,15.45,15.2371,15.4,32278
2017-06-26 16:00:00-04:00,15.31,15.31,15.15,15.25,20554
2017-06-27 16:00:00-04:00,15.17,15.49,15.09,15.09,44970
2017-06-28 16:00:00-04:00,15.3,15.44,15.3,15.3,27190
2017-06-29 16:00:00-04:00,15.37,15.5,15.27,15.44,16339
2017-06-30 16:00:00-04:00,15.44,15.8899,14.91,14.91,108125
2017-07-03 13:00:00-04:00,14.97,15.07,14.87,14.98,12164
2017-07-05 16:00:00-04:00,14.99,15.12,14.9251,15.06,18238
2017-07-06 16:00:00-04:00,15.04,15.27,14.9,14.91,19929
2017-07-07 16:00:00-04:00,14.95,15.12,14.95,15.1134,11854
2017-07-10 16:00:00-04:00,15.14,15.14,14.9,14.94,26553
2017-07-11 16:00:00-04:00,14.99,15.0,14.91,14.99,16591
2017-07-12 16:00:00-04:00,15.04,15.06,14.91,14.98,18200
2017-07-13 16:00:00-04:00,15.04,15.06,14.93,14.98,16152
2017-07-14 16:00:00-04:00,15.05,15.17,15.03,15.144,15165
2017-07-17 16:00:00-04:00,15.32,15.35,15.2,15.22,18358
2017-07-18 16:00:00-04:00,15.34,15.38,15.29,15.36,7599
2017-07-19 16:00:00-04:00,15.43,15.59,15.29,15.361,12834
2017-07-20 16:00:00-04:00,15.58,15.6,15.354,15.54,15947
2017-07-21 16:00:00-04:00,15.47,15.5,15.31,15.5,19863
2017-07-24 16:00:00-04:00,15.62,15.7482,15.4819,15.63,17469
2017-07-25 16:00:00-04:00,15.7,15.8068,15.65,15.72,63089
2017-07-26 16:00:00-04:00,15.85,15.85,15.5,15.71,36007
2017-07-27 16:00:00-04:00,15.6,15.6,15.4506,15.5,31412
2017-07-28 16:00:00-04:00,15.51,15.51,15.4816,15.51,14570
2017-07-31 16:00:00-04:00,0.0,15.535,15.38,15.45,51414
2017-08-01 16:00:00-04:00,15.48,15.51,15.27,15.36,66887
2017-08-02 16:00:00-04:00,15.4,15.48,15.3887,15.42,32616
2017-08-03 16:00:00-04:00,15.5,15.5,15.25,15.3,38641
2017-08-04 16:00:00-04:00,15.33,15.37,15.33,15.34,16963
2017-08-07 16:00:00-04:00,15.41,15.43,15.354,15.43,12327
2017-08-08 16:00:00-04:00,15.47,15.49,15.29,15.29,21851
2017-08-09 16:00:00-04:00,15.41,15.4161,15.2,15.32,32415
2017-08-10 16:00:00-04:00,15.32,15.3224,15.11,15.11,23774
2017-08-11 16:00:00-04:00,15.07,15.39,15.065,15.35,24356
2017-08-14 16:00:00-04:00,15.35,15.35,15.32,15.34,14290
2017-08-15 16:00:00-04:00,15.47,15.9864,15.34,15.54,19775
2017-08-16 16:00:00-04:00,15.59,15.72,15.52,15.66,23915
2017-08-17 16:00:00-04:00,15.59,15.6,15.5,15.57,11417
2017-08-18 16:00:00-04:00,15.65,15.7,15.51,15.64,16316
2017-08-21 16:00:00-04:00,15.72,16.2,15.72,16.14,8431
2017-08-22 16:00:00-04:00,16.13,16.133,15.96,16.13,18465
2017-08-23 16:00:00-04:00,15.94,15.9543,15.67,15.95,24619
2017-08-24 16:00:00-04:00,15.95,15.981,15.9,15.92,11318
2017-08-25 16:00:00-04:00,16.05,16.05,15.99,16.04,9049
2017-08-28 16:00:00-04:00,16.1,16.1996,15.871,16.1728,18882
2017-08-29 16:00:00-04:00,16.12,16.4146,16.09,16.38,26019
2017-08-30 16:00:00-04:00,16.42,16.59,16.34,16.41,16464
2017-08-31 16:00:00-04:00,16.34,16.403,16.09,16.14,32219
2017-09-01 16:00:00-04:00,16.34,16.38,15.94,16.04,21245
2017-09-05 16:00:00-04:00,16.0,16.114,15.95,15.97,17626
2017-09-06 16:00:00-04:00,15.96,16.0418,15.7651,15.82,21450
2017-09-07 16:00:00-04:00,15.88,16.2,15.81,16.06,31216
2017-09-08 16:00:00-04:00,16.0,16.2,15.98,16.12,21932
2017-09-11 16:00:00-04:00,16.04,16.13,15.92,15.94,23079
2017-09-12 16:00:00-04:00,15.94,15.97,15.73,15.789,28588
2017-09-13 16:00:00-04:00,15.85,15.93,15.64,15.93,9042
2017-09-14 16:00:00-04:00,15.87,15.99,15.87,15.99,10129
2017-09-15 16:00:00-04:00,16.17,16.17,16.0201,16.1401,16875
2017-09-18 16:00:00-04:00,16.15,16.33,16.1,16.33,21081
2017-09-19 16:00:00-04:00,16.4,16.8361,16.26,16.5708,33307
2017-09-20 16:00:00-04:00,16.7,16.7,16.4601,16.65,33362
2017-09-21 16:00:00-04:00,16.56,16.7,16.56,16.69,13749
2017-09-22 16:00:00-04:00,16.68,16.8314,16.6758,16.8,19371
2017-09-25 16:00:00-04:00,16.78,16.865,16.321,16.61,29808
2017-09-26 16:00:00-04:00,17.25,17.25,16.431,17.0,30505
2017-09-27 16:00:00-04:00,17.06,17.37,16.9486,16.989,26702
2017-09-28 16:00:00-04:00,17.0,17.25,16.93,17.06,29660
2017-09-29 16:00:00-04:00,17.0,17.0,16.3564,16.4182,17162
2017-10-02 16:00:00-04:00,16.52,16.53,16.4132,16.43,10010
2017-10-03 16:00:00-04:00,16.46,16.6,16.28,16.33,16665
2017-10-04 16:00:00-04:00,16.48,16.48,16.224,16.25,6729
2017-10-05 16:00:00-04:00,16.32,16.32,16.04,16.06,13004
2017-10-06 16:00:00-04:00,16.08,16.2,16.0465,16.2,11731
2017-10-09 16:00:00-04:00,16.25,16.31,16.1761,16.31,4008
2017-10-10 16:00:00-04:00,16.23,16.3121,16.21,16.2796,6410
2017-10-11 16:00:00-04:00,16.39,16.92,16.39,16.48,2266
2017-10-12 16:00:00-04:00,16.57,16.57,16.44,16.44,7248
2017-10-13 16:00:00-04:00,16.57,16.57,16.44,16.44,4321
2017-10-16 16:00:00-04:00,16.45,16.47,16.32,16.35,5767
2017-10-17 16:00:00-04:00,16.31,16.57,16.2363,16.38,22224
2017-10-18 16:00:00-04:00,16.35,16.45,16.301,16.38,12747
2017-10-19 16:00:00-04:00,16.38,16.4274,16.15,16.15,8914
2017-10-20 16:00:00-04:00,16.11,16.11,15.65,15.81,35998
2017-10-23 16:00:00-04:00,15.89,16.4873,15.89,15.9205,11777
2017-10-24 16:00:00-04:00,15.85,16.09,15.85,16.06,11892
2017-10-25 16:00:00-04:00,16.0,16.04,15.88,15.88,10877
2017-10-26 16:00:00-04:00,15.84,15.86,15.7,15.71,25487
2017-10-27 16:00:00-04:00,15.76,15.76,15.665,15.71,8595
2017-10-30 16:00:00-04:00,15.72,16.02,15.596,15.61,15494
2017-10-31 16:00:00-04:00,15.7,15.9,15.61,15.9,11327
2017-11-01 16:00:00-04:00,16.02,16.02,15.92,15.94,10805
2017-11-02 16:00:00-04:00,15.9,16.0082,15.8425,15.8886,9673
2017-11-03 16:00:00-04:00,16.02,16.02,15.7951,15.81,15721
2017-11-06 16:00:00-05:00,15.82,15.92,15.82,15.84,11908
2017-11-07 16:00:00-05:00,15.79,15.8191,15.75,15.76,9113
2017-11-08 16:00:00-05:00,15.7,15.7158,15.59,15.59,7689
2017-11-09 16:00:00-05:00,15.56,15.6,15.46,15.47,8334
2017-11-10 16:00:00-05:00,15.56,15.56,15.13,15.16,8154
2017-11-13 16:00:00-05:00,15.26,15.331,15.24,15.28,14748
2017-11-14 16:00:00-05:00,15.23,15.254,15.14,15.19,18707
2017-11-15 16:00:00-05:00,15.32,15.39,15.15,15.37,20183
2017-11-16 16:00:00-05:00,15.39,15.39,15.22,15.22,20654
2017-11-17 16:00:00-05:00,15.26,15.52,15.2095,15.38,14767
2017-11-20 16:00:00-05:00,15.36,15.69,15.36,15.65,11530
2017-11-21 16:00:00-05:00,15.75,15.8433,15.6302,15.73,11860
2017-11-22 16:00:00-05:00,15.7,15.8549,15.6923,15.7178,4622
2017-11-24 13:00:00-05:00,15.71,15.85,15.71,15.79,4076
2017-11-27 16:00:00-05:00,15.78,15.84,15.76,15.76,5853
2017-11-28 16:00:00-05:00,15.7,15.7,15.5505,15.629,15997
2017-11-29 16:00:00-05:00,15.55,15.73,15.55,15.67,12224
2017-11-30 16:00:00-05:00,15.63,15.6783,15.526,15.65,12973
2017-12-01 16:00:00-05:00,15.58,15.58,15.511,15.53,7561
2017-12-04 16:00:00-05:00,15.5,15.522,15.4857,15.5114,7297
2017-12-05 16:00:00-05:00,15.45,15.5,15.45,15.48,7981
2017-12-06 16:00:00-05:00,15.44,15.67,15.44,15.67,10965
2017-12-07 16:00:00-05:00,15.54,15.54,15.44,15.51,7929
2017-12-08 16:00:00-05:00,15.55,15.66,15.4308,15.4471,10776
