,Open,High,Low,Close,Volume
1987-12-14 16:00:00-05:00,0.0,17.25,17.125,17.125,2000
1987-12-15 16:00:00-05:00,0.0,17.125,17.125,17.125,1100
1987-12-16 16:00:00-05:00,0.0,17.125,17.125,17.125,200
1987-12-17 16:00:00-05:00,0.0,17.25,17.125,17.25,1700
1987-12-18 16:00:00-05:00,0.0,18.125,17.5,18.125,2600
1987-12-21 16:00:00-05:00,0.0,17.875,17.5,17.5,3000
1987-12-22 16:00:00-05:00,0.0,17.625,17.375,17.625,600
1987-12-23 16:00:00-05:00,0.0,17.5,17.25,17.5,1500
1987-12-24 16:00:00-05:00,0.0,17.375,17.375,17.375,500
1987-12-28 16:00:00-05:00,0.0,17.25,17.25,17.25,800
1987-12-29 16:00:00-05:00,0.0,17.25,17.125,17.25,2500
1987-12-30 16:00:00-05:00,0.0,17.875,17.25,17.625,8800
1987-12-31 16:00:00-05:00,0.0,17.75,17.375,17.375,5400
1988-01-04 16:00:00-05:00,0.0,8.875,8.8125,8.875,1200
1988-01-05 16:00:00-05:00,0.0,9.125,8.9375,8.9375,2800
1988-01-06 16:00:00-05:00,0.0,8.9375,8.9375,8.9375,400
1988-01-07 16:00:00-05:00,0.0,0.0,0.0,8.9375,0
1988-01-08 16:00:00-05:00,0.0,8.875,8.75,8.75,11600
1988-01-11 16:00:00-05:00,0.0,0.0,0.0,8.75,0
1988-01-12 16:00:00-05:00,0.0,8.6875,8.6875,8.6875,2000
1988-01-13 16:00:00-05:00,0.0,0.0,0.0,8.6875,0
1988-01-14 16:00:00-05:00,0.0,0.0,0.0,8.6875,0
1988-01-15 16:00:00-05:00,0.0,9.25,8.6875,9.25,6600
1988-01-18 16:00:00-05:00,0.0,9.125,9.125,9.125,1200
1988-01-19 16:00:00-05:00,0.0,0.0,0.0,9.125,0
1988-01-20 16:00:00-05:00,0.0,9.0625,9.0625,9.0625,2000
1988-01-21 16:00:00-05:00,0.0,9.0,9.0,9.0,400
1988-01-22 16:00:00-05:00,0.0,9.0,8.8125,8.8125,2800
1988-01-25 16:00:00-05:00,0.0,8.8125,8.8125,8.8125,400
1988-01-26 16:00:00-05:00,0.0,8.75,8.75,8.75,3200
1988-01-27 16:00:00-05:00,0.0,0.0,0.0,8.75,0
1988-01-28 16:00:00-05:00,0.0,8.75,8.75,8.75,600
1988-01-29 16:00:00-05:00,0.0,8.6875,8.6875,8.6875,2200
1988-02-01 16:00:00-05:00,0.0,8.875,8.75,8.875,31600
1988-02-02 16:00:00-05:00,0.0,0.0,0.0,8.875,0
1988-02-03 16:00:00-05:00,0.0,9.0625,8.9375,9.0625,3000
1988-02-04 16:00:00-05:00,0.0,8.9375,8.8125,8.8125,2200
1988-02-05 16:00:00-05:00,0.0,8.8125,8.8125,8.8125,200
1988-02-08 16:00:00-05:00,0.0,8.6875,8.6875,8.6875,1000
1988-02-09 16:00:00-05:00,0.0,8.8125,8.75,8.8125,600
1988-02-10 16:00:00-05:00,0.0,0.0,0.0,8.8125,0
1988-02-11 16:00:00-05:00,0.0,8.75,8.75,8.75,600
1988-02-12 16:00:00-05:00,0.0,0.0,0.0,8.75,0
1988-02-16 16:00:00-05:00,0.0,8.9375,8.75,8.875,2200
1988-02-17 16:00:00-05:00,0.0,0.0,0.0,8.875,0
1988-02-18 16:00:00-05:00,0.0,0.0,0.0,8.875,0
1988-02-19 16:00:00-05:00,0.0,0.0,0.0,8.875,0
1988-02-22 16:00:00-05:00,0.0,8.8125,8.8125,8.8125,200
1988-02-23 16:00:00-05:00,0.0,0.0,0.0,8.8125,0
1988-02-24 16:00:00-05:00,0.0,8.75,8.75,8.75,2000
1988-02-25 16:00:00-05:00,0.0,8.8125,8.75,8.8125,14800
1988-02-26 16:00:00-05:00,0.0,0.0,0.0,8.8125,0
1988-02-29 16:00:00-05:00,0.0,8.875,8.875,8.875,2000
1988-03-01 16:00:00-05:00,0.0,8.8125,8.8125,8.8125,800
1988-03-02 16:00:00-05:00,0.0,8.8125,8.8125,8.8125,600
1988-03-03 16:00:00-05:00,0.0,8.875,8.875,8.875,1400
1988-03-04 16:00:00-05:00,0.0,8.9375,8.8125,8.9375,2600
1988-03-07 16:00:00-05:00,0.0,9.0,8.9375,8.9375,1200
1988-03-08 16:00:00-05:00,0.0,9.125,8.9375,9.0,14400
1988-03-09 16:00:00-05:00,0.0,9.125,9.0,9.125,11000
1988-03-10 16:00:00-05:00,0.0,9.3125,9.25,9.25,11800
1988-03-11 16:00:00-05:00,0.0,9.4375,9.375,9.375,2000
1988-03-14 16:00:00-05:00,0.0,9.4375,9.25,9.4375,3800
1988-03-15 16:00:00-05:00,0.0,9.5,9.5,9.5,600
1988-03-16 16:00:00-05:00,0.0,9.875,9.5,9.875,25000
1988-03-17 16:00:00-05:00,0.0,10.25,9.75,10.25,4000
1988-03-18 16:00:00-05:00,0.0,10.3125,10.0625,10.0625,2800
1988-03-21 16:00:00-05:00,0.0,9.875,9.8125,9.8125,2400
1988-03-22 16:00:00-05:00,0.0,9.6875,9.6875,9.6875,1400
1988-03-23 16:00:00-05:00,0.0,9.875,9.5625,9.875,10800
1988-03-24 16:00:00-05:00,0.0,9.75,9.6875,9.6875,4400
1988-03-25 16:00:00-05:00,0.0,9.9375,9.6875,9.9375,4400
1988-03-28 16:00:00-05:00,0.0,9.75,9.75,9.75,1200
1988-03-29 16:00:00-05:00,0.0,9.875,9.75,9.875,12000
1988-03-30 16:00:00-05:00,0.0,0.0,0.0,9.875,0
1988-03-31 16:00:00-05:00,0.0,9.9375,9.8125,9.9375,2600
1988-04-04 16:00:00-04:00,0.0,10.125,10.0,10.125,3200
1988-04-05 16:00:00-04:00,0.0,10.875,10.125,10.875,12000
1988-04-06 16:00:00-04:00,0.0,11.8125,10.8125,11.8125,17000
1988-04-07 16:00:00-04:00,0.0,11.8125,11.4375,11.5625,8200
1988-04-08 16:00:00-04:00,0.0,11.5,11.3125,11.3125,6000
1988-04-11 16:00:00-04:00,0.0,11.1875,11.1875,11.1875,800
1988-04-12 16:00:00-04:00,0.0,11.1875,11.125,11.1875,1000
1988-04-13 16:00:00-04:00,0.0,11.125,11.0625,11.0625,1200
1988-04-14 16:00:00-04:00,0.0,11.0,10.875,10.9375,1600
1988-04-15 16:00:00-04:00,0.0,10.8125,10.6875,10.75,4600
1988-04-18 16:00:00-04:00,0.0,10.75,10.625,10.75,2000
1988-04-19 16:00:00-04:00,0.0,10.6875,10.5,10.6875,3600
1988-04-20 16:00:00-04:00,0.0,10.5625,10.5625,10.5625,1600
1988-04-21 16:00:00-04:00,0.0,0.0,0.0,10.5625,0
1988-04-22 16:00:00-04:00,0.0,10.5625,10.5625,10.5625,400
1988-04-25 16:00:00-04:00,0.0,10.5625,10.5625,10.5625,400
1988-04-26 16:00:00-04:00,0.0,10.75,10.625,10.625,5000
1988-04-27 16:00:00-04:00,0.0,10.5625,10.5625,10.5625,1600
1988-04-28 16:00:00-04:00,0.0,10.75,10.5,10.75,4600
1988-04-29 16:00:00-04:00,0.0,0.0,0.0,10.75,0
1988-05-02 16:00:00-04:00,0.0,10.6875,10.6875,10.6875,1400
1988-05-03 16:00:00-04:00,0.0,10.875,10.8125,10.875,2600
1988-05-04 16:00:00-04:00,0.0,10.875,10.875,10.875,600
1988-05-05 16:00:00-04:00,0.0,10.8125,10.8125,10.8125,200
1988-05-06 16:00:00-04:00,0.0,10.75,10.625,10.625,2400
1988-05-09 16:00:00-04:00,0.0,10.5625,10.5625,10.5625,800
1988-05-10 16:00:00-04:00,0.0,10.4375,10.4375,10.4375,2000
1988-05-11 16:00:00-04:00,0.0,10.4375,10.25,10.25,3000
1988-05-12 16:00:00-04:00,0.0,10.3125,10.25,10.3125,1000
1988-05-13 16:00:00-04:00,0.0,10.375,10.25,10.375,1600
1988-05-16 16:00:00-04:00,0.0,0.0,0.0,10.375,0
1988-05-17 16:00:00-04:00,0.0,10.3125,10.3125,10.3125,400
1988-05-18 16:00:00-04:00,0.0,10.3125,10.3125,10.3125,200
1988-05-19 16:00:00-04:00,0.0,10.25,10.1875,10.1875,1200
1988-05-20 16:00:00-04:00,0.0,10.125,10.125,10.125,1000
1988-05-23 16:00:00-04:00,0.0,10.25,10.25,10.25,200
1988-05-24 16:00:00-04:00,0.0,10.3125,10.3125,10.3125,600
1988-05-25 16:00:00-04:00,0.0,10.5625,10.4375,10.5625,2000
1988-05-26 16:00:00-04:00,0.0,10.5,10.3125,10.5,4800
1988-05-27 16:00:00-04:00,0.0,10.625,10.5625,10.5625,8200
1988-05-31 16:00:00-04:00,0.0,10.5625,10.5,10.5625,800
1988-06-01 16:00:00-04:00,0.0,0.0,0.0,10.5625,0
1988-06-02 16:00:00-04:00,0.0,0.0,0.0,10.5625,0
1988-06-03 16:00:00-04:00,0.0,0.0,0.0,10.5625,0
1988-06-06 16:00:00-04:00,0.0,10.625,10.4375,10.625,34400
1988-06-07 16:00:00-04:00,0.0,10.625,10.625,10.625,400
1988-06-08 16:00:00-04:00,0.0,11.1875,10.625,11.0625,8200
1988-06-09 16:00:00-04:00,0.0,11.25,10.875,11.25,26400
1988-06-10 16:00:00-04:00,0.0,11.8125,11.375,11.625,38600
1988-06-13 16:00:00-04:00,0.0,12.125,11.625,12.125,64000
1988-06-14 16:00:00-04:00,0.0,12.25,11.875,11.875,3800
1988-06-15 16:00:00-04:00,0.0,11.875,11.75,11.8125,2200
1988-06-16 16:00:00-04:00,0.0,11.875,11.8125,11.875,5800
1988-06-17 16:00:00-04:00,0.0,12.1875,11.9375,12.1875,17200
1988-06-20 16:00:00-04:00,0.0,12.4375,12.1875,12.4375,4600
1988-06-21 16:00:00-04:00,0.0,12.5625,12.375,12.375,55800
1988-06-22 16:00:00-04:00,0.0,12.375,12.1875,12.25,5600
1988-06-23 16:00:00-04:00,0.0,12.25,12.25,12.25,400
1988-06-24 16:00:00-04:00,0.0,0.0,0.0,12.25,0
1988-06-27 16:00:00-04:00,0.0,12.125,11.9375,11.9375,3400
1988-06-28 16:00:00-04:00,0.0,12.0,11.9375,11.9375,2800
1988-06-29 16:00:00-04:00,0.0,12.3125,12.0625,12.3125,13200
1988-06-30 16:00:00-04:00,0.0,12.3125,12.25,12.3125,4800
1988-07-01 16:00:00-04:00,0.0,12.4375,12.3125,12.4375,800
1988-07-05 16:00:00-04:00,0.0,0.0,0.0,12.4375,0
1988-07-06 16:00:00-04:00,0.0,12.5,12.5,12.5,600
1988-07-07 16:00:00-04:00,0.0,12.4375,12.375,12.375,2200
1988-07-08 16:00:00-04:00,0.0,12.3125,12.3125,12.3125,800
1988-07-11 16:00:00-04:00,0.0,12.375,12.3125,12.3125,600
1988-07-12 16:00:00-04:00,0.0,12.25,12.25,12.25,400
1988-07-13 16:00:00-04:00,0.0,12.375,12.25,12.25,2200
1988-07-14 16:00:00-04:00,0.0,0.0,0.0,12.25,0
1988-07-15 16:00:00-04:00,0.0,12.1875,12.1875,12.1875,1200
1988-07-18 16:00:00-04:00,0.0,0.0,0.0,12.1875,0
1988-07-19 16:00:00-04:00,0.0,12.125,12.125,12.125,400
1988-07-20 16:00:00-04:00,0.0,12.125,12.125,12.125,200
1988-07-21 16:00:00-04:00,0.0,12.0,12.0,12.0,1400
1988-07-22 16:00:00-04:00,0.0,11.9375,11.9375,11.9375,1800
1988-07-25 16:00:00-04:00,0.0,11.875,11.875,11.875,200
1988-07-26 16:00:00-04:00,0.0,11.8125,11.75,11.75,1200
1988-07-27 16:00:00-04:00,0.0,11.75,11.4375,11.4375,7000
1988-07-28 16:00:00-04:00,0.0,0.0,0.0,11.4375,0
1988-07-29 16:00:00-04:00,0.0,11.8125,11.5625,11.8125,3000
1988-08-01 16:00:00-04:00,0.0,11.875,11.875,11.875,600
1988-08-02 16:00:00-04:00,0.0,11.9375,11.9375,11.9375,1000
1988-08-03 16:00:00-04:00,0.0,0.0,0.0,11.9375,0
1988-08-04 16:00:00-04:00,0.0,0.0,0.0,11.9375,0
1988-08-05 16:00:00-04:00,0.0,11.75,11.75,11.75,1200
1988-08-08 16:00:00-04:00,0.0,11.6875,11.5625,11.5625,2400
1988-08-09 16:00:00-04:00,0.0,11.6875,11.6875,11.6875,600
1988-08-10 16:00:00-04:00,0.0,0.0,0.0,11.6875,0
1988-08-11 16:00:00-04:00,0.0,0.0,0.0,11.6875,0
1988-08-12 16:00:00-04:00,0.0,0.0,0.0,11.6875,0
1988-08-15 16:00:00-04:00,0.0,0.0,0.0,11.6875,0
1988-08-16 16:00:00-04:00,0.0,11.5625,11.5,11.5,2000
1988-08-17 16:00:00-04:00,0.0,11.375,11.375,11.375,200
1988-08-18 16:00:00-04:00,0.0,11.4375,11.4375,11.4375,200
1988-08-19 16:00:00-04:00,0.0,0.0,0.0,11.4375,0
1988-08-22 16:00:00-04:00,0.0,11.3125,11.125,11.125,3200
1988-08-23 16:00:00-04:00,0.0,0.0,0.0,11.125,0
1988-08-24 16:00:00-04:00,0.0,11.125,11.125,11.125,200
1988-08-25 16:00:00-04:00,0.0,0.0,0.0,11.125,0
1988-08-26 16:00:00-04:00,0.0,0.0,0.0,11.125,0
1988-08-29 16:00:00-04:00,0.0,0.0,0.0,11.125,0
1988-08-30 16:00:00-04:00,0.0,11.0625,11.0625,11.0625,200
1988-08-31 16:00:00-04:00,0.0,0.0,0.0,11.0625,0
1988-09-01 16:00:00-04:00,0.0,0.0,0.0,11.0625,0
1988-09-02 16:00:00-04:00,0.0,0.0,0.0,11.0625,0
1988-09-06 16:00:00-04:00,0.0,0.0,0.0,11.0625,0
1988-09-07 16:00:00-04:00,0.0,11.0,11.0,11.0,1400
1988-09-08 16:00:00-04:00,0.0,11.125,11.0,11.0625,8200
1988-09-09 16:00:00-04:00,0.0,11.0,11.0,11.0,600
1988-09-12 16:00:00-04:00,0.0,11.0625,11.0,11.0625,800
1988-09-13 16:00:00-04:00,0.0,11.0,10.9375,10.9375,800
1988-09-14 16:00:00-04:00,0.0,11.1875,11.0625,11.1875,4200
1988-09-15 16:00:00-04:00,0.0,11.1875,11.1875,11.1875,200
1988-09-16 16:00:00-04:00,0.0,0.0,0.0,11.1875,0
1988-09-19 16:00:00-04:00,0.0,11.0625,11.0625,11.0625,200
1988-09-20 16:00:00-04:00,0.0,11.0625,11.0625,11.0625,200
1988-09-21 16:00:00-04:00,0.0,0.0,0.0,11.0625,0
1988-09-22 16:00:00-04:00,0.0,0.0,0.0,11.0625,0
1988-09-23 16:00:00-04:00,0.0,0.0,0.0,11.0625,0
1988-09-26 16:00:00-04:00,0.0,11.0625,10.875,11.0625,1800
1988-09-27 16:00:00-04:00,0.0,0.0,0.0,11.0625,0
1988-09-28 16:00:00-04:00,0.0,11.25,11.125,11.25,2000
1988-09-29 16:00:00-04:00,0.0,11.5625,11.1875,11.5625,3000
1988-09-30 16:00:00-04:00,0.0,11.4375,11.4375,11.4375,600
1988-10-03 16:00:00-04:00,0.0,0.0,0.0,11.4375,0
1988-10-04 16:00:00-04:00,0.0,0.0,0.0,11.4375,0
1988-10-05 16:00:00-04:00,0.0,11.4375,11.4375,11.4375,200
1988-10-06 16:00:00-04:00,0.0,11.375,11.375,11.375,600
1988-10-07 16:00:00-04:00,0.0,11.375,11.3125,11.375,1200
1988-10-10 16:00:00-04:00,0.0,11.3125,11.1875,11.1875,2400
1988-10-11 16:00:00-04:00,0.0,11.125,11.125,11.125,600
1988-10-12 16:00:00-04:00,0.0,11.1875,11.1875,11.1875,7400
1988-10-13 16:00:00-04:00,0.0,0.0,0.0,11.1875,0
1988-10-14 16:00:00-04:00,0.0,11.1875,11.1875,11.1875,1000
1988-10-17 16:00:00-04:00,0.0,0.0,0.0,11.1875,0
1988-10-18 16:00:00-04:00,0.0,0.0,0.0,11.1875,0
1988-10-19 16:00:00-04:00,0.0,10.75,10.625,10.625,4600
1988-10-20 16:00:00-04:00,0.0,0.0,0.0,10.625,0
1988-10-21 16:00:00-04:00,0.0,0.0,0.0,10.625,0
1988-10-24 16:00:00-04:00,0.0,10.5625,10.5625,10.5625,200
1988-10-25 16:00:00-04:00,0.0,10.4375,10.25,10.25,1800
1988-10-26 16:00:00-04:00,0.0,0.0,0.0,10.25,0
1988-10-27 16:00:00-04:00,0.0,10.1875,10.1875,10.1875,200
1988-10-28 16:00:00-04:00,0.0,0.0,0.0,10.1875,0
1988-10-31 16:00:00-05:00,0.0,0.0,0.0,10.1875,0
1988-11-01 16:00:00-05:00,0.0,0.0,0.0,10.1875,0
1988-11-02 16:00:00-05:00,0.0,10.3125,10.1875,10.1875,3000
1988-11-03 16:00:00-05:00,0.0,0.0,0.0,10.1875,0
1988-11-04 16:00:00-05:00,0.0,0.0,0.0,10.1875,0
1988-11-07 16:00:00-05:00,0.0,10.1875,10.1875,10.1875,6000
1988-11-08 16:00:00-05:00,0.0,10.1875,10.1875,10.1875,4000
1988-11-09 16:00:00-05:00,0.0,0.0,0.0,10.1875,0
1988-11-10 16:00:00-05:00,0.0,10.125,10.125,10.125,2000
1988-11-11 16:00:00-05:00,0.0,0.0,0.0,10.125,0
1988-11-14 16:00:00-05:00,0.0,10.1875,9.8125,10.1875,7200
1988-11-15 16:00:00-05:00,0.0,0.0,0.0,10.1875,0
1988-11-16 16:00:00-05:00,0.0,10.125,10.0625,10.0625,1000
1988-11-17 16:00:00-05:00,0.0,9.9375,9.9375,9.9375,600
1988-11-18 16:00:00-05:00,0.0,9.6875,9.625,9.6875,2800
1988-11-21 16:00:00-05:00,0.0,0.0,0.0,9.6875,0
1988-11-22 16:00:00-05:00,0.0,0.0,0.0,9.6875,0
1988-11-23 16:00:00-05:00,0.0,0.0,0.0,9.6875,0
1988-11-25 16:00:00-05:00,0.0,0.0,0.0,9.6875,0
1988-11-28 16:00:00-05:00,0.0,9.625,9.625,9.625,4000
1988-11-29 16:00:00-05:00,0.0,0.0,0.0,9.625,0
1988-11-30 16:00:00-05:00,0.0,9.5625,9.5625,9.5625,1000
1988-12-01 16:00:00-05:00,0.0,9.5625,9.5,9.5,800
1988-12-02 16:00:00-05:00,0.0,9.5,9.5,9.5,3000
1988-12-05 16:00:00-05:00,0.0,9.375,9.3125,9.375,1600
1988-12-06 16:00:00-05:00,0.0,9.5,9.4375,9.4375,3000
1988-12-07 16:00:00-05:00,0.0,9.3125,9.25,9.25,1600
1988-12-08 16:00:00-05:00,0.0,0.0,0.0,9.25,0
1988-12-09 16:00:00-05:00,0.0,9.25,9.0,9.0,1400
1988-12-12 16:00:00-05:00,0.0,9.0625,9.0,9.0625,1600
1988-12-13 16:00:00-05:00,0.0,9.0,8.875,8.875,800
1988-12-14 16:00:00-05:00,0.0,8.875,8.875,8.875,200
1988-12-15 16:00:00-05:00,0.0,8.9375,8.8125,8.8125,2800
1988-12-16 16:00:00-05:00,0.0,8.75,8.75,8.75,21200
1988-12-19 16:00:00-05:00,0.0,8.875,8.8125,8.8125,2600
1988-12-20 16:00:00-05:00,0.0,8.875,8.8125,8.8125,2000
1988-12-21 16:00:00-05:00,0.0,9.0625,8.8125,9.0,3200
1988-12-22 16:00:00-05:00,0.0,9.1875,9.125,9.125,8000
1988-12-23 16:00:00-05:00,0.0,0.0,0.0,9.125,0
1988-12-27 16:00:00-05:00,0.0,9.125,9.125,9.125,400
1988-12-28 16:00:00-05:00,0.0,9.3125,9.125,9.125,7000
1988-12-29 16:00:00-05:00,0.0,9.25,9.1875,9.25,3800
1988-12-30 16:00:00-05:00,0.0,9.1875,9.0625,9.0625,3600
1989-01-03 16:00:00-05:00,0.0,18.5,18.25,18.25,1300
1989-01-04 16:00:00-05:00,0.0,18.5,18.375,18.375,1400
1989-01-05 16:00:00-05:00,0.0,18.5,18.25,18.5,3200
1989-01-06 16:00:00-05:00,0.0,19.0,18.625,19.0,1000
1989-01-09 16:00:00-05:00,0.0,19.375,19.125,19.375,1000
1989-01-10 16:00:00-05:00,0.0,19.375,19.0,19.375,1400
1989-01-11 16:00:00-05:00,0.0,0.0,0.0,19.375,0
1989-01-12 16:00:00-05:00,0.0,19.125,18.75,18.75,1200
1989-01-13 16:00:00-05:00,0.0,19.0,19.0,19.0,100
1989-01-16 16:00:00-05:00,0.0,0.0,0.0,19.0,0
1989-01-17 16:00:00-05:00,0.0,0.0,0.0,19.0,0
1989-01-18 16:00:00-05:00,0.0,19.0,19.0,19.0,1000
1989-01-19 16:00:00-05:00,0.0,19.125,19.125,19.125,100
1989-01-20 16:00:00-05:00,0.0,0.0,0.0,19.125,0
1989-01-23 16:00:00-05:00,0.0,19.0,19.0,19.0,100
1989-01-24 16:00:00-05:00,0.0,0.0,0.0,19.0,0
1989-01-25 16:00:00-05:00,0.0,0.0,0.0,19.0,0
1989-01-26 16:00:00-05:00,0.0,18.875,18.875,18.875,100
1989-01-27 16:00:00-05:00,0.0,18.75,18.75,18.75,300
1989-01-30 16:00:00-05:00,0.0,0.0,0.0,18.75,0
1989-01-31 16:00:00-05:00,0.0,0.0,0.0,18.75,0
1989-02-01 16:00:00-05:00,0.0,18.625,18.625,18.625,300
1989-02-02 16:00:00-05:00,0.0,0.0,0.0,18.625,0
1989-02-03 16:00:00-05:00,0.0,18.875,18.625,18.625,1400
1989-02-06 16:00:00-05:00,0.0,18.5,18.375,18.375,1000
1989-02-07 16:00:00-05:00,0.0,18.5,18.5,18.5,100
1989-02-08 16:00:00-05:00,0.0,18.75,18.75,18.75,300
1989-02-09 16:00:00-05:00,0.0,18.5,18.5,18.5,1000
1989-02-10 16:00:00-05:00,0.0,18.375,18.125,18.125,1700
1989-02-13 16:00:00-05:00,0.0,19.0,18.375,18.625,3300
1989-02-14 16:00:00-05:00,0.0,19.0,18.625,19.0,2600
1989-02-15 16:00:00-05:00,0.0,19.25,19.25,19.25,400
1989-02-16 16:00:00-05:00,0.0,20.25,19.5,20.25,3500
1989-02-17 16:00:00-05:00,0.0,20.25,19.75,20.125,4100
1989-02-21 16:00:00-05:00,0.0,20.25,19.875,19.875,800
1989-02-22 16:00:00-05:00,0.0,19.875,19.875,19.875,100
1989-02-23 16:00:00-05:00,0.0,19.75,19.625,19.75,300
1989-02-24 16:00:00-05:00,0.0,19.625,19.5,19.5,1000
1989-02-27 16:00:00-05:00,0.0,0.0,0.0,19.5,0
1989-02-28 16:00:00-05:00,0.0,19.625,19.625,19.625,100
1989-03-01 16:00:00-05:00,0.0,19.625,19.625,19.625,3100
1989-03-02 16:00:00-05:00,0.0,20.25,19.625,19.875,4900
1989-03-03 16:00:00-05:00,0.0,19.75,19.75,19.75,200
1989-03-06 16:00:00-05:00,0.0,0.0,0.0,19.75,0
1989-03-07 16:00:00-05:00,0.0,19.625,19.625,19.625,400
1989-03-08 16:00:00-05:00,0.0,19.625,19.625,19.625,100
1989-03-09 16:00:00-05:00,0.0,19.625,19.625,19.625,100
1989-03-10 16:00:00-05:00,0.0,19.625,19.625,19.625,300
1989-03-13 16:00:00-05:00,0.0,19.75,19.75,19.75,200
1989-03-14 16:00:00-05:00,0.0,0.0,0.0,19.75,0
1989-03-15 16:00:00-05:00,0.0,19.75,19.75,19.75,200
1989-03-16 16:00:00-05:00,0.0,19.625,19.375,19.375,800
1989-03-17 16:00:00-05:00,0.0,23.0,19.625,23.0,17300
1989-03-20 16:00:00-05:00,0.0,23.625,22.625,22.875,7000
1989-03-21 16:00:00-05:00,0.0,23.125,22.75,23.0,2400
1989-03-22 16:00:00-05:00,0.0,24.125,23.25,24.125,5700
1989-03-23 16:00:00-05:00,0.0,25.375,24.25,24.75,8000
1989-03-27 16:00:00-05:00,0.0,24.75,24.5,24.625,1400
1989-03-28 16:00:00-05:00,0.0,24.375,24.25,24.25,2000
1989-03-29 16:00:00-05:00,0.0,25.5,24.0,25.25,22800
1989-03-30 16:00:00-05:00,0.0,25.375,25.0,25.0,9400
1989-03-31 16:00:00-05:00,0.0,24.875,24.75,24.875,2600
1989-04-03 16:00:00-04:00,0.0,24.625,24.5,24.5,4400
1989-04-04 16:00:00-04:00,0.0,24.75,24.75,24.75,800
1989-04-05 16:00:00-04:00,0.0,24.75,24.5,24.5,1800
1989-04-06 16:00:00-04:00,0.0,0.0,0.0,24.5,0
1989-04-07 16:00:00-04:00,0.0,24.75,24.5,24.75,1500
1989-04-10 16:00:00-04:00,0.0,24.75,24.5,24.75,600
1989-04-11 16:00:00-04:00,0.0,24.625,24.375,24.625,700
1989-04-12 16:00:00-04:00,0.0,24.625,24.625,24.625,100
1989-04-13 16:00:00-04:00,0.0,24.5,24.5,24.5,200
1989-04-14 16:00:00-04:00,0.0,24.5,24.375,24.375,1100
1989-04-17 16:00:00-04:00,0.0,24.375,24.25,24.25,600
1989-04-18 16:00:00-04:00,0.0,24.25,23.875,23.875,2100
1989-04-19 16:00:00-04:00,0.0,24.0,23.875,24.0,700
1989-04-20 16:00:00-04:00,0.0,24.0,23.25,23.25,2900
1989-04-21 16:00:00-04:00,0.0,23.75,23.5,23.5,1100
1989-04-24 16:00:00-04:00,0.0,24.0,23.75,23.875,2100
1989-04-25 16:00:00-04:00,0.0,23.75,23.5,23.5,1600
1989-04-26 16:00:00-04:00,0.0,23.375,23.375,23.375,200
1989-04-27 16:00:00-04:00,0.0,0.0,0.0,23.375,0
1989-04-28 16:00:00-04:00,0.0,23.625,23.625,23.625,200
1989-05-01 16:00:00-04:00,0.0,0.0,0.0,23.625,0
1989-05-02 16:00:00-04:00,0.0,0.0,0.0,23.625,0
1989-05-03 16:00:00-04:00,0.0,23.375,23.25,23.25,400
1989-05-04 16:00:00-04:00,0.0,23.5,23.5,23.5,100
1989-05-05 16:00:00-04:00,0.0,23.5,23.25,23.5,1800
1989-05-08 16:00:00-04:00,0.0,0.0,0.0,23.5,0
1989-05-09 16:00:00-04:00,0.0,23.625,23.625,23.625,200
1989-05-10 16:00:00-04:00,0.0,23.75,23.625,23.75,1100
1989-05-11 16:00:00-04:00,0.0,24.25,23.875,24.25,1000
1989-05-12 16:00:00-04:00,0.0,25.25,24.5,25.0,6100
1989-05-15 16:00:00-04:00,0.0,25.5,25.0,25.0,4000
1989-05-16 16:00:00-04:00,0.0,24.875,24.625,24.875,800
1989-05-17 16:00:00-04:00,0.0,24.625,24.375,24.375,2000
1989-05-18 16:00:00-04:00,0.0,24.5,24.5,24.5,100
1989-05-19 16:00:00-04:00,0.0,24.375,24.25,24.25,900
1989-05-22 16:00:00-04:00,0.0,0.0,0.0,24.25,0
1989-05-23 16:00:00-04:00,0.0,0.0,0.0,24.25,0
1989-05-24 16:00:00-04:00,0.0,0.0,0.0,24.25,0
1989-05-25 16:00:00-04:00,0.0,24.25,24.25,24.25,1400
1989-05-26 16:00:00-04:00,0.0,24.25,24.125,24.25,400
1989-05-30 16:00:00-04:00,0.0,0.0,0.0,24.25,0
1989-05-31 16:00:00-04:00,0.0,26.5,24.25,26.375,8600
1989-06-01 16:00:00-04:00,0.0,27.375,26.625,27.125,9800
1989-06-02 16:00:00-04:00,0.0,26.875,26.75,26.75,900
1989-06-05 16:00:00-04:00,0.0,26.625,26.5,26.5,400
1989-06-06 16:00:00-04:00,0.0,26.5,26.25,26.5,1100
1989-06-07 16:00:00-04:00,0.0,26.0,25.75,26.0,2000
1989-06-08 16:00:00-04:00,0.0,26.0,26.0,26.0,400
1989-06-09 16:00:00-04:00,0.0,26.0,26.0,26.0,2000
1989-06-12 16:00:00-04:00,0.0,25.875,25.75,25.75,200
1989-06-13 16:00:00-04:00,0.0,25.625,25.5,25.5,300
1989-06-14 16:00:00-04:00,0.0,25.75,25.75,25.75,500
1989-06-15 16:00:00-04:00,0.0,0.0,0.0,25.75,0
1989-06-16 16:00:00-04:00,0.0,0.0,0.0,25.75,0
1989-06-19 16:00:00-04:00,0.0,25.625,25.625,25.625,600
1989-06-20 16:00:00-04:00,0.0,25.625,25.5,25.5,200
1989-06-21 16:00:00-04:00,0.0,25.375,25.125,25.375,1100
1989-06-22 16:00:00-04:00,0.0,25.25,25.25,25.25,100
1989-06-23 16:00:00-04:00,0.0,0.0,0.0,25.25,0
1989-06-26 16:00:00-04:00,0.0,0.0,0.0,25.25,0
1989-06-27 16:00:00-04:00,0.0,0.0,0.0,25.25,0
1989-06-28 16:00:00-04:00,0.0,25.125,25.0,25.0,500
1989-06-29 16:00:00-04:00,0.0,25.125,24.875,25.125,700
1989-06-30 16:00:00-04:00,0.0,25.375,25.0,25.375,500
1989-07-03 16:00:00-04:00,0.0,0.0,0.0,25.375,0
1989-07-05 16:00:00-04:00,0.0,0.0,0.0,25.375,0
1989-07-06 16:00:00-04:00,0.0,0.0,0.0,25.375,0
1989-07-07 16:00:00-04:00,0.0,0.0,0.0,25.375,0
1989-07-10 16:00:00-04:00,0.0,25.125,25.0,25.0,1200
1989-07-11 16:00:00-04:00,0.0,25.0,24.75,24.75,500
1989-07-12 16:00:00-04:00,0.0,24.75,24.75,24.75,500
1989-07-13 16:00:00-04:00,0.0,24.5,24.375,24.375,800
1989-07-14 16:00:00-04:00,0.0,0.0,0.0,24.375,0
1989-07-17 16:00:00-04:00,0.0,0.0,0.0,24.375,0
1989-07-18 16:00:00-04:00,0.0,0.0,0.0,24.375,0
1989-07-19 16:00:00-04:00,0.0,0.0,0.0,24.375,0
1989-07-20 16:00:00-04:00,0.0,0.0,0.0,24.375,0
1989-07-21 16:00:00-04:00,0.0,24.625,24.375,24.625,300
1989-07-24 16:00:00-04:00,0.0,24.5,24.5,24.5,100
1989-07-25 16:00:00-04:00,0.0,0.0,0.0,24.5,0
1989-07-26 16:00:00-04:00,0.0,0.0,0.0,24.5,0
1989-07-27 16:00:00-04:00,0.0,0.0,0.0,24.5,0
1989-07-28 16:00:00-04:00,0.0,0.0,0.0,24.5,0
1989-07-31 16:00:00-04:00,0.0,0.0,0.0,24.5,0
1989-08-01 16:00:00-04:00,0.0,24.25,24.25,24.25,700
1989-08-02 16:00:00-04:00,0.0,24.125,24.0,24.0,800
1989-08-03 16:00:00-04:00,0.0,23.75,23.75,23.75,200
1989-08-04 16:00:00-04:00,0.0,23.625,23.5,23.5,900
1989-08-07 16:00:00-04:00,0.0,0.0,0.0,23.5,0
1989-08-08 16:00:00-04:00,0.0,23.5,23.5,23.5,1300
1989-08-09 16:00:00-04:00,0.0,23.75,23.5,23.625,1300
1989-08-10 16:00:00-04:00,0.0,0.0,0.0,23.625,0
1989-08-11 16:00:00-04:00,0.0,23.75,23.75,23.75,500
1989-08-14 16:00:00-04:00,0.0,23.5,23.375,23.375,800
1989-08-15 16:00:00-04:00,0.0,0.0,0.0,23.375,0
1989-08-16 16:00:00-04:00,0.0,0.0,0.0,23.375,0
1989-08-17 16:00:00-04:00,0.0,0.0,0.0,23.375,0
1989-08-18 16:00:00-04:00,0.0,0.0,0.0,23.375,0
1989-08-21 16:00:00-04:00,0.0,23.25,23.125,23.125,900
1989-08-22 16:00:00-04:00,0.0,0.0,0.0,23.125,0
1989-08-23 16:00:00-04:00,0.0,23.0,22.75,22.75,1500
1989-08-24 16:00:00-04:00,0.0,22.625,22.625,22.625,1000
1989-08-25 16:00:00-04:00,0.0,22.625,22.625,22.625,100
1989-08-28 16:00:00-04:00,0.0,23.375,22.75,23.375,2600
1989-08-29 16:00:00-04:00,0.0,23.75,23.5,23.5,2400
1989-08-30 16:00:00-04:00,0.0,23.5,23.5,23.5,200
1989-08-31 16:00:00-04:00,0.0,0.0,0.0,23.5,0
1989-09-01 16:00:00-04:00,0.0,24.5,23.875,24.5,3700
1989-09-05 16:00:00-04:00,0.0,25.0,24.5,24.875,2000
1989-09-06 16:00:00-04:00,0.0,0.0,0.0,24.875,0
1989-09-07 16:00:00-04:00,0.0,0.0,0.0,24.875,0
1989-09-08 16:00:00-04:00,0.0,25.0,25.0,25.0,100
1989-09-11 16:00:00-04:00,0.0,0.0,0.0,25.0,0
1989-09-12 16:00:00-04:00,0.0,24.75,24.375,24.375,3000
1989-09-13 16:00:00-04:00,0.0,24.125,23.625,23.875,2500
1989-09-14 16:00:00-04:00,0.0,23.625,23.25,23.25,1200
1989-09-15 16:00:00-04:00,0.0,23.25,23.25,23.25,300
1989-09-18 16:00:00-04:00,0.0,0.0,0.0,23.25,0
1989-09-19 16:00:00-04:00,0.0,0.0,0.0,23.25,0
1989-09-20 16:00:00-04:00,0.0,0.0,0.0,23.25,0
1989-09-21 16:00:00-04:00,0.0,0.0,0.0,23.25,0
1989-09-22 16:00:00-04:00,0.0,0.0,0.0,23.25,0
1989-09-25 16:00:00-04:00,0.0,23.125,22.875,22.875,600
1989-09-26 16:00:00-04:00,0.0,22.75,22.75,22.75,600
1989-09-27 16:00:00-04:00,0.0,22.5,22.25,22.25,900
1989-09-28 16:00:00-04:00,0.0,0.0,0.0,22.25,0
1989-09-29 16:00:00-04:00,0.0,22.0,22.0,22.0,600
1989-10-02 16:00:00-04:00,0.0,22.625,22.25,22.625,1100
1989-10-03 16:00:00-04:00,0.0,0.0,0.0,22.625,0
1989-10-04 16:00:00-04:00,0.0,22.375,22.25,22.25,600
1989-10-05 16:00:00-04:00,0.0,22.25,22.125,22.125,1500
1989-10-06 16:00:00-04:00,0.0,22.125,21.75,21.75,1700
1989-10-09 16:00:00-04:00,0.0,0.0,0.0,21.75,0
1989-10-10 16:00:00-04:00,0.0,22.0,22.0,22.0,1000
1989-10-11 16:00:00-04:00,0.0,0.0,0.0,22.0,0
1989-10-12 16:00:00-04:00,0.0,21.5,21.5,21.5,2500
1989-10-13 16:00:00-04:00,0.0,21.375,20.75,20.75,1200
1989-10-16 16:00:00-04:00,0.0,0.0,0.0,20.75,0
1989-10-17 16:00:00-04:00,0.0,20.125,20.125,20.125,100
1989-10-18 16:00:00-04:00,0.0,20.125,20.125,20.125,100
1989-10-19 16:00:00-04:00,0.0,0.0,0.0,20.125,0
1989-10-20 16:00:00-04:00,0.0,19.875,19.25,19.25,2300
1989-10-23 16:00:00-04:00,0.0,19.125,19.125,19.125,100
1989-10-24 16:00:00-04:00,0.0,18.875,18.875,18.875,1000
1989-10-25 16:00:00-04:00,0.0,19.0,19.0,19.0,2600
1989-10-26 16:00:00-04:00,0.0,0.0,0.0,19.0,0
1989-10-27 16:00:00-04:00,0.0,19.0,19.0,19.0,300
1989-10-30 16:00:00-05:00,0.0,18.875,18.875,18.875,500
1989-10-31 16:00:00-05:00,0.0,18.75,18.75,18.75,400
1989-11-01 16:00:00-05:00,0.0,18.75,18.75,18.75,200
1989-11-02 16:00:00-05:00,0.0,19.0,18.75,19.0,1500
1989-11-03 16:00:00-05:00,0.0,19.0,18.875,19.0,1000
1989-11-06 16:00:00-05:00,0.0,0.0,0.0,19.0,0
1989-11-07 16:00:00-05:00,0.0,18.75,18.75,18.75,500
1989-11-08 16:00:00-05:00,0.0,18.75,18.75,18.75,100
1989-11-09 16:00:00-05:00,0.0,18.875,18.625,18.875,1000
1989-11-10 16:00:00-05:00,0.0,18.875,18.875,18.875,500
1989-11-13 16:00:00-05:00,0.0,0.0,0.0,18.875,0
1989-11-14 16:00:00-05:00,0.0,18.75,18.75,18.75,200
1989-11-15 16:00:00-05:00,0.0,19.25,19.0,19.25,2500
1989-11-16 16:00:00-05:00,0.0,19.625,19.5,19.625,2200
1989-11-17 16:00:00-05:00,0.0,20.375,19.75,20.375,3500
1989-11-20 16:00:00-05:00,0.0,20.375,20.125,20.125,2600
1989-11-21 16:00:00-05:00,0.0,20.0,20.0,20.0,400
1989-11-22 16:00:00-05:00,0.0,20.0,20.0,20.0,300
1989-11-24 16:00:00-05:00,0.0,0.0,0.0,20.0,0
1989-11-27 16:00:00-05:00,0.0,0.0,0.0,20.0,0
1989-11-28 16:00:00-05:00,0.0,20.375,20.25,20.375,1200
1989-11-29 16:00:00-05:00,0.0,0.0,0.0,20.375,0
1989-11-30 16:00:00-05:00,0.0,20.25,19.875,19.875,3000
1989-12-01 16:00:00-05:00,0.0,0.0,0.0,19.875,0
1989-12-04 16:00:00-05:00,0.0,0.0,0.0,19.875,0
1989-12-05 16:00:00-05:00,0.0,0.0,0.0,19.875,0
1989-12-06 16:00:00-05:00,0.0,19.875,19.75,19.75,800
1989-12-07 16:00:00-05:00,0.0,0.0,0.0,19.75,0
1989-12-08 16:00:00-05:00,0.0,19.75,19.75,19.75,600
1989-12-11 16:00:00-05:00,0.0,0.0,0.0,19.75,0
1989-12-12 16:00:00-05:00,0.0,0.0,0.0,19.75,0
1989-12-13 16:00:00-05:00,0.0,0.0,0.0,19.75,0
1989-12-14 16:00:00-05:00,0.0,19.75,19.75,19.75,500
1989-12-15 16:00:00-05:00,0.0,0.0,0.0,19.75,0
1989-12-18 16:00:00-05:00,0.0,19.5,19.375,19.375,1100
1989-12-19 16:00:00-05:00,0.0,19.125,19.125,19.125,200
1989-12-20 16:00:00-05:00,0.0,0.0,0.0,19.125,0
1989-12-21 16:00:00-05:00,0.0,0.0,0.0,19.125,0
1989-12-22 16:00:00-05:00,0.0,0.0,0.0,19.125,0
1989-12-26 16:00:00-05:00,0.0,0.0,0.0,19.125,0
1989-12-27 16:00:00-05:00,0.0,19.0,18.0,18.0,2900
1989-12-28 16:00:00-05:00,0.0,18.375,18.25,18.25,1300
1989-12-29 16:00:00-05:00,0.0,18.5,18.375,18.375,1900
1990-01-02 16:00:00-05:00,0.0,18.875,18.625,18.875,1300
1990-01-03 16:00:00-05:00,0.0,19.0,19.0,19.0,100
1990-01-04 16:00:00-05:00,0.0,0.0,0.0,19.0,0
1990-01-05 16:00:00-05:00,0.0,18.875,18.875,18.875,200
1990-01-08 16:00:00-05:00,0.0,18.875,18.875,18.875,100
1990-01-09 16:00:00-05:00,0.0,19.0,19.0,19.0,1000
1990-01-10 16:00:00-05:00,0.0,0.0,0.0,19.0,0
1990-01-11 16:00:00-05:00,0.0,18.75,18.75,18.75,200
1990-01-12 16:00:00-05:00,0.0,18.5,18.5,18.5,500
1990-01-15 16:00:00-05:00,0.0,18.375,18.0,18.0,22200
1990-01-16 16:00:00-05:00,0.0,0.0,0.0,18.0,0
1990-01-17 16:00:00-05:00,0.0,0.0,0.0,18.0,0
1990-01-18 16:00:00-05:00,0.0,0.0,0.0,18.0,0
1990-01-19 16:00:00-05:00,0.0,0.0,0.0,18.0,0
1990-01-22 16:00:00-05:00,0.0,18.25,18.25,18.25,400
1990-01-23 16:00:00-05:00,0.0,18.125,18.125,18.125,500
1990-01-24 16:00:00-05:00,0.0,0.0,0.0,18.125,0
1990-01-25 16:00:00-05:00,0.0,0.0,0.0,18.125,0
1990-01-26 16:00:00-05:00,0.0,0.0,0.0,18.125,0
1990-01-29 16:00:00-05:00,0.0,17.875,17.75,17.75,1000
1990-01-30 16:00:00-05:00,0.0,17.625,17.5,17.5,1000
1990-01-31 16:00:00-05:00,0.0,17.375,17.375,17.375,100
1990-02-01 16:00:00-05:00,0.0,17.125,16.375,16.375,4700
1990-02-02 16:00:00-05:00,0.0,16.625,16.5,16.625,1000
1990-02-05 16:00:00-05:00,0.0,16.5,16.5,16.5,400
1990-02-06 16:00:00-05:00,0.0,0.0,0.0,16.5,0
1990-02-07 16:00:00-05:00,0.0,16.5,16.5,16.5,500
1990-02-08 16:00:00-05:00,0.0,16.5,16.5,16.5,300
1990-02-09 16:00:00-05:00,0.0,16.375,16.375,16.375,500
1990-02-12 16:00:00-05:00,0.0,16.75,16.5,16.625,3200
1990-02-13 16:00:00-05:00,0.0,0.0,0.0,16.625,0
1990-02-14 16:00:00-05:00,0.0,0.0,0.0,16.625,0
1990-02-15 16:00:00-05:00,0.0,0.0,0.0,16.625,0
1990-02-16 16:00:00-05:00,0.0,16.75,16.75,16.75,100
1990-02-20 16:00:00-05:00,0.0,16.875,16.875,16.875,200
1990-02-21 16:00:00-05:00,0.0,0.0,0.0,16.875,0
1990-02-22 16:00:00-05:00,0.0,0.0,0.0,16.875,0
1990-02-23 16:00:00-05:00,0.0,0.0,0.0,16.875,0
1990-02-26 16:00:00-05:00,0.0,0.0,0.0,16.875,0
1990-02-27 16:00:00-05:00,0.0,16.75,16.75,16.75,100
1990-02-28 16:00:00-05:00,0.0,16.75,16.75,16.75,800
1990-03-01 16:00:00-05:00,0.0,0.0,0.0,16.75,0
1990-03-02 16:00:00-05:00,0.0,16.75,16.75,16.75,100
1990-03-05 16:00:00-05:00,0.0,0.0,0.0,16.75,0
1990-03-06 16:00:00-05:00,0.0,16.625,16.625,16.625,400
1990-03-07 16:00:00-05:00,0.0,16.625,16.625,16.625,200
1990-03-08 16:00:00-05:00,0.0,0.0,0.0,16.625,0
1990-03-09 16:00:00-05:00,0.0,16.375,16.375,16.375,400
1990-03-12 16:00:00-05:00,0.0,16.625,16.625,16.625,200
1990-03-13 16:00:00-05:00,0.0,16.75,16.75,16.75,100
1990-03-14 16:00:00-05:00,0.0,16.5,16.25,16.25,400
1990-03-15 16:00:00-05:00,0.0,16.125,16.0,16.0,700
1990-03-16 16:00:00-05:00,0.0,16.125,16.0,16.125,600
1990-03-19 16:00:00-05:00,0.0,16.0,16.0,16.0,100
1990-03-20 16:00:00-05:00,0.0,0.0,0.0,16.0,0
1990-03-21 16:00:00-05:00,0.0,0.0,0.0,16.0,0
1990-03-22 16:00:00-05:00,0.0,0.0,0.0,16.0,0
1990-03-23 16:00:00-05:00,0.0,16.375,16.25,16.375,600
1990-03-26 16:00:00-05:00,0.0,0.0,0.0,16.375,0
1990-03-27 16:00:00-05:00,0.0,0.0,0.0,16.375,0
1990-03-28 16:00:00-05:00,0.0,0.0,0.0,16.375,0
1990-03-29 16:00:00-05:00,0.0,16.125,16.125,16.125,100
1990-03-30 16:00:00-05:00,0.0,16.125,16.125,16.125,500
1990-04-02 16:00:00-04:00,0.0,16.0,16.0,16.0,500
1990-04-03 16:00:00-04:00,0.0,15.875,15.875,15.875,500
1990-04-04 16:00:00-04:00,0.0,0.0,0.0,15.875,0
1990-04-05 16:00:00-04:00,0.0,0.0,0.0,15.875,0
1990-04-06 16:00:00-04:00,0.0,16.125,15.875,16.125,500
1990-04-09 16:00:00-04:00,0.0,15.875,15.25,15.25,4600
1990-04-10 16:00:00-04:00,0.0,15.5,15.375,15.375,800
1990-04-11 16:00:00-04:00,0.0,0.0,0.0,15.375,0
1990-04-12 16:00:00-04:00,0.0,15.5,15.5,15.5,1500
1990-04-16 16:00:00-04:00,0.0,15.75,15.5,15.75,200
1990-04-17 16:00:00-04:00,0.0,15.75,15.75,15.75,200
1990-04-18 16:00:00-04:00,0.0,16.0,15.875,15.875,1200
1990-04-19 16:00:00-04:00,0.0,16.0,15.875,16.0,300
1990-04-20 16:00:00-04:00,0.0,16.0,16.0,16.0,700
1990-04-23 16:00:00-04:00,0.0,0.0,0.0,16.0,0
1990-04-24 16:00:00-04:00,0.0,0.0,0.0,16.0,0
1990-04-25 16:00:00-04:00,0.0,0.0,0.0,16.0,0
1990-04-26 16:00:00-04:00,0.0,0.0,0.0,16.0,0
1990-04-27 16:00:00-04:00,0.0,0.0,0.0,16.0,0
1990-04-30 16:00:00-04:00,0.0,15.75,15.5,15.5,800
1990-05-01 16:00:00-04:00,0.0,17.5,15.5,17.5,18300
1990-05-02 16:00:00-04:00,0.0,17.5,17.375,17.5,900
1990-05-03 16:00:00-04:00,0.0,0.0,0.0,17.5,0
1990-05-04 16:00:00-04:00,0.0,17.25,17.0,17.25,900
1990-05-07 16:00:00-04:00,0.0,17.0,17.0,17.0,300
1990-05-08 16:00:00-04:00,0.0,16.75,16.75,16.75,400
1990-05-09 16:00:00-04:00,0.0,16.625,16.625,16.625,300
1990-05-10 16:00:00-04:00,0.0,17.375,16.875,17.25,1500
1990-05-11 16:00:00-04:00,0.0,17.5,17.5,17.5,200
1990-05-14 16:00:00-04:00,0.0,17.625,17.375,17.625,300
1990-05-15 16:00:00-04:00,0.0,17.5,17.5,17.5,200
1990-05-16 16:00:00-04:00,0.0,0.0,0.0,17.5,0
1990-05-17 16:00:00-04:00,0.0,17.5,17.5,17.5,200
1990-05-18 16:00:00-04:00,0.0,17.625,17.625,17.625,100
1990-05-21 16:00:00-04:00,0.0,17.5,17.5,17.5,300
1990-05-22 16:00:00-04:00,0.0,17.75,17.5,17.75,500
1990-05-23 16:00:00-04:00,0.0,18.375,17.875,18.375,2000
1990-05-24 16:00:00-04:00,0.0,18.5,18.5,18.5,1000
1990-05-25 16:00:00-04:00,0.0,18.5,18.375,18.5,400
1990-05-29 16:00:00-04:00,0.0,18.375,18.375,18.375,300
1990-05-30 16:00:00-04:00,0.0,0.0,0.0,18.375,0
1990-05-31 16:00:00-04:00,0.0,18.25,18.125,18.125,800
1990-06-01 16:00:00-04:00,0.0,18.0,18.0,18.0,500
1990-06-04 16:00:00-04:00,0.0,16.875,16.5,16.875,9000
1990-06-05 16:00:00-04:00,0.0,17.125,17.0,17.125,1400
1990-06-06 16:00:00-04:00,0.0,17.0,17.0,17.0,600
1990-06-07 16:00:00-04:00,0.0,0.0,0.0,17.0,0
1990-06-08 16:00:00-04:00,0.0,17.125,17.0,17.125,1300
1990-06-11 16:00:00-04:00,0.0,16.75,16.75,16.75,1500
1990-06-12 16:00:00-04:00,0.0,16.875,16.875,16.875,300
1990-06-13 16:00:00-04:00,0.0,16.75,16.75,16.75,500
1990-06-14 16:00:00-04:00,0.0,0.0,0.0,16.75,0
1990-06-15 16:00:00-04:00,0.0,16.75,16.75,16.75,200
1990-06-18 16:00:00-04:00,0.0,16.0,15.5,15.5,8500
1990-06-19 16:00:00-04:00,0.0,15.625,15.625,15.625,100
1990-06-20 16:00:00-04:00,0.0,15.75,15.75,15.75,700
1990-06-21 16:00:00-04:00,0.0,15.75,15.5,15.5,1300
1990-06-22 16:00:00-04:00,0.0,0.0,0.0,15.5,0
1990-06-25 16:00:00-04:00,0.0,15.625,15.625,15.625,100
1990-06-26 16:00:00-04:00,0.0,15.75,15.75,15.75,1000
1990-06-27 16:00:00-04:00,0.0,0.0,0.0,15.75,0
1990-06-28 16:00:00-04:00,0.0,0.0,0.0,15.75,0
1990-06-29 16:00:00-04:00,0.0,15.5,15.5,15.5,1000
1990-07-02 16:00:00-04:00,0.0,15.625,15.625,15.625,1000
1990-07-03 16:00:00-04:00,0.0,15.625,15.625,15.625,200
1990-07-05 16:00:00-04:00,0.0,15.625,15.5,15.5,1000
1990-07-06 16:00:00-04:00,0.0,15.375,15.125,15.375,1200
1990-07-09 16:00:00-04:00,0.0,0.0,0.0,15.375,0
1990-07-10 16:00:00-04:00,0.0,15.25,15.25,15.25,200
1990-07-11 16:00:00-04:00,0.0,15.125,15.125,15.125,1000
1990-07-12 16:00:00-04:00,0.0,15.125,15.125,15.125,700
1990-07-13 16:00:00-04:00,0.0,15.125,15.125,15.125,700
1990-07-16 16:00:00-04:00,0.0,15.0,14.875,14.875,1500
1990-07-17 16:00:00-04:00,0.0,0.0,0.0,14.875,0
1990-07-18 16:00:00-04:00,0.0,0.0,0.0,14.875,0
1990-07-19 16:00:00-04:00,0.0,14.875,14.875,14.875,100
1990-07-20 16:00:00-04:00,0.0,14.75,14.5,14.5,1900
1990-07-23 16:00:00-04:00,0.0,14.5,14.5,14.5,300
1990-07-24 16:00:00-04:00,0.0,14.375,14.375,14.375,300
1990-07-25 16:00:00-04:00,0.0,14.5,14.375,14.375,700
1990-07-26 16:00:00-04:00,0.0,14.5,14.5,14.5,400
1990-07-27 16:00:00-04:00,0.0,14.375,14.375,14.375,1100
1990-07-30 16:00:00-04:00,0.0,14.375,14.375,14.375,1000
1990-07-31 16:00:00-04:00,0.0,14.25,14.25,14.25,100
1990-08-01 16:00:00-04:00,0.0,14.25,14.25,14.25,500
1990-08-02 16:00:00-04:00,0.0,14.0,14.0,14.0,500
1990-08-03 16:00:00-04:00,0.0,13.75,13.0,13.0,1500
1990-08-06 16:00:00-04:00,0.0,12.875,12.875,12.875,300
1990-08-07 16:00:00-04:00,0.0,12.5,12.375,12.375,2300
1990-08-08 16:00:00-04:00,0.0,12.5,12.5,12.5,900
1990-08-09 16:00:00-04:00,0.0,12.375,12.125,12.125,700
1990-08-10 16:00:00-04:00,0.0,13.0,12.375,12.875,23200
1990-08-13 16:00:00-04:00,0.0,0.0,0.0,12.875,0
1990-08-14 16:00:00-04:00,0.0,13.625,12.875,13.25,5300
1990-08-15 16:00:00-04:00,0.0,13.375,13.375,13.375,400
1990-08-16 16:00:00-04:00,0.0,13.25,13.25,13.25,1400
1990-08-17 16:00:00-04:00,0.0,13.0,12.5,12.5,3400
1990-08-20 16:00:00-04:00,0.0,0.0,0.0,12.5,0
1990-08-21 16:00:00-04:00,0.0,12.5,12.375,12.5,800
1990-08-22 16:00:00-04:00,0.0,12.25,12.125,12.125,700
1990-08-23 16:00:00-04:00,0.0,11.875,11.125,11.125,3200
1990-08-24 16:00:00-04:00,0.0,11.625,11.25,11.625,12800
1990-08-27 16:00:00-04:00,0.0,12.25,11.625,11.875,11600
1990-08-28 16:00:00-04:00,0.0,0.0,0.0,11.875,0
1990-08-29 16:00:00-04:00,0.0,12.0,12.0,12.0,1100
1990-08-30 16:00:00-04:00,0.0,12.0,12.0,12.0,2000
1990-08-31 16:00:00-04:00,0.0,12.25,12.25,12.25,100
1990-09-04 16:00:00-04:00,0.0,12.75,12.5,12.75,1400
1990-09-05 16:00:00-04:00,0.0,14.25,12.625,14.25,3100
1990-09-06 16:00:00-04:00,0.0,15.0,14.5,14.875,2500
1990-09-07 16:00:00-04:00,0.0,16.375,15.25,16.375,8500
1990-09-10 16:00:00-04:00,0.0,16.25,15.5,15.5,73400
1990-09-11 16:00:00-04:00,0.0,15.75,15.625,15.625,800
1990-09-12 16:00:00-04:00,0.0,15.625,15.125,15.125,4100
1990-09-13 16:00:00-04:00,0.0,15.0,15.0,15.0,500
1990-09-14 16:00:00-04:00,0.0,15.0,14.75,14.75,500
1990-09-17 16:00:00-04:00,0.0,0.0,0.0,14.75,0
1990-09-18 16:00:00-04:00,0.0,14.875,14.375,14.375,1000
1990-09-19 16:00:00-04:00,0.0,14.375,14.375,14.375,500
1990-09-20 16:00:00-04:00,0.0,0.0,0.0,14.375,0
1990-09-21 16:00:00-04:00,0.0,0.0,0.0,14.375,0
1990-09-24 16:00:00-04:00,0.0,14.125,14.0,14.0,900
1990-09-25 16:00:00-04:00,0.0,13.75,13.75,13.75,200
1990-09-26 16:00:00-04:00,0.0,13.5,13.5,13.5,200
1990-09-27 16:00:00-04:00,0.0,13.25,13.25,13.25,200
1990-09-28 16:00:00-04:00,0.0,13.625,13.375,13.375,3900
1990-10-01 16:00:00-04:00,0.0,13.5,13.5,13.5,100
1990-10-02 16:00:00-04:00,0.0,0.0,0.0,13.5,0
1990-10-03 16:00:00-04:00,0.0,0.0,0.0,13.5,0
1990-10-04 16:00:00-04:00,0.0,13.5,13.5,13.5,200
1990-10-05 16:00:00-04:00,0.0,0.0,0.0,13.5,0
1990-10-08 16:00:00-04:00,0.0,0.0,0.0,13.5,0
1990-10-09 16:00:00-04:00,0.0,13.25,13.25,13.25,800
1990-10-10 16:00:00-04:00,0.0,13.25,13.125,13.125,600
1990-10-11 16:00:00-04:00,0.0,13.25,12.75,12.75,1700
1990-10-12 16:00:00-04:00,0.0,13.0,12.75,12.75,800
1990-10-15 16:00:00-04:00,0.0,12.75,12.25,12.75,1200
1990-10-16 16:00:00-04:00,0.0,12.5,12.25,12.25,800
1990-10-17 16:00:00-04:00,0.0,11.875,11.125,11.625,4800
1990-10-18 16:00:00-04:00,0.0,12.0,11.875,12.0,900
1990-10-19 16:00:00-04:00,0.0,0.0,0.0,12.0,0
1990-10-22 16:00:00-04:00,0.0,12.25,12.125,12.125,500
1990-10-23 16:00:00-04:00,0.0,12.25,12.0,12.0,2600
1990-10-24 16:00:00-04:00,0.0,0.0,0.0,12.0,0
1990-10-25 16:00:00-04:00,0.0,11.5,11.5,11.5,100
1990-10-26 16:00:00-04:00,0.0,0.0,0.0,11.5,0
1990-10-29 16:00:00-05:00,0.0,0.0,0.0,11.5,0
1990-10-30 16:00:00-05:00,0.0,11.5,11.375,11.375,300
1990-10-31 16:00:00-05:00,0.0,11.25,11.25,11.25,400
1990-11-01 16:00:00-05:00,0.0,0.0,0.0,11.25,0
1990-11-02 16:00:00-05:00,0.0,11.375,11.25,11.375,600
1990-11-05 16:00:00-05:00,0.0,11.25,11.25,11.25,200
1990-11-06 16:00:00-05:00,0.0,11.25,11.25,11.25,100
1990-11-07 16:00:00-05:00,0.0,11.75,11.25,11.75,7100
1990-11-08 16:00:00-05:00,0.0,12.0,12.0,12.0,300
1990-11-09 16:00:00-05:00,0.0,12.25,12.125,12.125,400
1990-11-12 16:00:00-05:00,0.0,12.375,12.125,12.375,1500
1990-11-13 16:00:00-05:00,0.0,0.0,0.0,12.375,0
1990-11-14 16:00:00-05:00,0.0,0.0,0.0,12.375,0
1990-11-15 16:00:00-05:00,0.0,0.0,0.0,12.375,0
1990-11-16 16:00:00-05:00,0.0,0.0,0.0,12.375,0
1990-11-19 16:00:00-05:00,0.0,0.0,0.0,12.375,0
1990-11-20 16:00:00-05:00,0.0,12.25,12.25,12.25,100
1990-11-21 16:00:00-05:00,0.0,0.0,0.0,12.25,0
1990-11-23 16:00:00-05:00,0.0,0.0,0.0,12.25,0
1990-11-26 16:00:00-05:00,0.0,12.5,12.0,12.25,4900
1990-11-27 16:00:00-05:00,0.0,0.0,0.0,12.25,0
1990-11-28 16:00:00-05:00,0.0,13.0,12.375,12.75,3100
1990-11-29 16:00:00-05:00,0.0,13.0,12.625,12.625,2400
1990-11-30 16:00:00-05:00,0.0,12.875,12.75,12.875,1700
1990-12-03 16:00:00-05:00,0.0,12.625,12.375,12.375,2300
1990-12-04 16:00:00-05:00,0.0,0.0,0.0,12.375,0
1990-12-05 16:00:00-05:00,0.0,12.75,12.375,12.75,6800
1990-12-06 16:00:00-05:00,0.0,13.125,13.0,13.125,3500
1990-12-07 16:00:00-05:00,0.0,13.625,13.375,13.625,3100
1990-12-10 16:00:00-05:00,0.0,0.0,0.0,13.625,0
1990-12-11 16:00:00-05:00,0.0,13.375,13.25,13.25,700
1990-12-12 16:00:00-05:00,0.0,13.25,13.0,13.25,800
1990-12-13 16:00:00-05:00,0.0,13.5,13.375,13.375,1700
1990-12-14 16:00:00-05:00,0.0,13.125,13.125,13.125,200
1990-12-17 16:00:00-05:00,0.0,0.0,0.0,13.125,0
1990-12-18 16:00:00-05:00,0.0,0.0,0.0,13.125,0
1990-12-19 16:00:00-05:00,0.0,13.25,13.25,13.25,100
1990-12-20 16:00:00-05:00,0.0,13.125,13.125,13.125,100
1990-12-21 16:00:00-05:00,0.0,13.0,12.5,12.625,1400
1990-12-24 16:00:00-05:00,0.0,12.5,12.5,12.5,200
1990-12-26 16:00:00-05:00,0.0,0.0,0.0,12.5,0
1990-12-27 16:00:00-05:00,0.0,12.375,12.375,12.375,600
1990-12-28 16:00:00-05:00,0.0,12.375,12.0,12.0,600
1990-12-31 16:00:00-05:00,0.0,12.25,11.625,12.0,1700
1991-01-02 16:00:00-05:00,0.0,0.0,0.0,12.0,0
1991-01-03 16:00:00-05:00,0.0,0.0,0.0,12.0,0
1991-01-04 16:00:00-05:00,0.0,0.0,0.0,12.0,0
1991-01-07 16:00:00-05:00,0.0,12.125,11.75,12.0,800
1991-01-08 16:00:00-05:00,0.0,0.0,0.0,12.0,0
1991-01-09 16:00:00-05:00,0.0,12.0,12.0,12.0,500
1991-01-10 16:00:00-05:00,0.0,0.0,0.0,12.0,0
1991-01-11 16:00:00-05:00,0.0,12.0,12.0,12.0,800
1991-01-14 16:00:00-05:00,0.0,11.75,11.75,11.75,100
1991-01-15 16:00:00-05:00,0.0,11.75,11.5,11.75,700
1991-01-16 16:00:00-05:00,0.0,11.75,11.75,11.75,200
1991-01-17 16:00:00-05:00,0.0,11.875,11.875,11.875,300
1991-01-18 16:00:00-05:00,0.0,0.0,0.0,11.875,0
1991-01-21 16:00:00-05:00,0.0,12.25,12.0,12.25,2800
1991-01-22 16:00:00-05:00,0.0,14.5,12.75,14.25,10000
1991-01-23 16:00:00-05:00,0.0,14.75,13.875,14.125,7500
1991-01-24 16:00:00-05:00,0.0,14.125,14.0,14.0,1000
1991-01-25 16:00:00-05:00,0.0,14.25,14.0,14.0,4300
1991-01-28 16:00:00-05:00,0.0,14.625,14.25,14.625,2800
1991-01-29 16:00:00-05:00,0.0,14.625,14.25,14.5,4300
1991-01-30 16:00:00-05:00,0.0,14.5,14.0,14.125,1500
1991-01-31 16:00:00-05:00,0.0,16.0,14.375,16.0,11100
1991-02-01 16:00:00-05:00,0.0,16.5,15.5,15.5,5000
1991-02-04 16:00:00-05:00,0.0,16.0,15.75,16.0,4300
1991-02-05 16:00:00-05:00,0.0,16.25,16.0,16.25,2000
1991-02-06 16:00:00-05:00,0.0,16.125,15.75,16.0,7600
1991-02-07 16:00:00-05:00,0.0,16.25,15.625,15.875,4800
1991-02-08 16:00:00-05:00,0.0,16.0,15.625,16.0,1500
1991-02-11 16:00:00-05:00,0.0,16.0,16.0,16.0,400
1991-02-12 16:00:00-05:00,0.0,16.375,15.25,15.25,9400
1991-02-13 16:00:00-05:00,0.0,15.25,14.875,14.875,4300
1991-02-14 16:00:00-05:00,0.0,15.0,14.875,14.875,900
1991-02-15 16:00:00-05:00,0.0,15.0,14.875,15.0,600
1991-02-19 16:00:00-05:00,0.0,15.25,15.0,15.0,1700
1991-02-20 16:00:00-05:00,0.0,0.0,0.0,15.0,0
1991-02-21 16:00:00-05:00,0.0,15.0,14.875,15.0,1200
1991-02-22 16:00:00-05:00,0.0,15.0,15.0,15.0,200
1991-02-25 16:00:00-05:00,0.0,15.125,14.875,15.125,1900
1991-02-26 16:00:00-05:00,0.0,15.125,14.875,15.0,700
1991-02-27 16:00:00-05:00,0.0,15.125,15.0,15.0,200
1991-02-28 16:00:00-05:00,0.0,15.0,14.875,14.875,1200
1991-03-01 16:00:00-05:00,0.0,14.75,14.75,14.75,1000
1991-03-04 16:00:00-05:00,0.0,15.0,14.875,15.0,1300
1991-03-05 16:00:00-05:00,0.0,15.75,15.25,15.625,3300
1991-03-06 16:00:00-05:00,0.0,16.0,15.625,15.625,2100
1991-03-07 16:00:00-05:00,0.0,15.875,15.625,15.875,1400
1991-03-08 16:00:00-05:00,0.0,16.0,16.0,16.0,800
1991-03-11 16:00:00-05:00,0.0,16.125,16.0,16.125,300
1991-03-12 16:00:00-05:00,0.0,16.375,16.125,16.125,600
1991-03-13 16:00:00-05:00,0.0,0.0,0.0,16.125,0
1991-03-14 16:00:00-05:00,0.0,0.0,0.0,16.125,0
1991-03-15 16:00:00-05:00,0.0,16.0,16.0,16.0,500
1991-03-18 16:00:00-05:00,0.0,16.0,15.625,15.625,1000
1991-03-19 16:00:00-05:00,0.0,15.75,15.5,15.75,1000
1991-03-20 16:00:00-05:00,0.0,0.0,0.0,15.75,0
1991-03-21 16:00:00-05:00,0.0,15.75,15.625,15.625,3800
1991-03-22 16:00:00-05:00,0.0,15.5,15.5,15.5,300
1991-03-25 16:00:00-05:00,0.0,15.5,15.5,15.5,2400
1991-03-26 16:00:00-05:00,0.0,15.5,15.5,15.5,100
1991-03-27 16:00:00-05:00,0.0,15.5,15.5,15.5,500
1991-03-28 16:00:00-05:00,0.0,0.0,0.0,15.5,0
1991-04-01 16:00:00-05:00,0.0,15.625,15.5,15.625,900
1991-04-02 16:00:00-05:00,0.0,0.0,0.0,15.625,0
1991-04-03 16:00:00-05:00,0.0,16.5,15.5,16.5,4400
1991-04-04 16:00:00-05:00,0.0,0.0,0.0,16.5,0
1991-04-05 16:00:00-05:00,0.0,16.875,16.5,16.875,5000
1991-04-08 16:00:00-04:00,0.0,17.0,17.0,17.0,500
1991-04-09 16:00:00-04:00,0.0,17.0,17.0,17.0,200
1991-04-10 16:00:00-04:00,0.0,16.875,16.75,16.75,400
1991-04-11 16:00:00-04:00,0.0,16.75,16.25,16.75,2400
1991-04-12 16:00:00-04:00,0.0,16.625,16.5,16.5,700
1991-04-15 16:00:00-04:00,0.0,16.5,16.375,16.375,300
1991-04-16 16:00:00-04:00,0.0,17.5,16.375,17.375,2100
1991-04-17 16:00:00-04:00,0.0,17.125,17.125,17.125,600
1991-04-18 16:00:00-04:00,0.0,17.25,16.75,17.0,2300
1991-04-19 16:00:00-04:00,0.0,16.875,16.625,16.625,1100
1991-04-22 16:00:00-04:00,0.0,16.75,16.5,16.5,1200
1991-04-23 16:00:00-04:00,0.0,0.0,0.0,16.5,0
1991-04-24 16:00:00-04:00,0.0,0.0,0.0,16.5,0
1991-04-25 16:00:00-04:00,0.0,16.75,16.5,16.625,1500
1991-04-26 16:00:00-04:00,0.0,16.75,16.75,16.75,500
1991-04-29 16:00:00-04:00,0.0,0.0,0.0,16.75,0
1991-04-30 16:00:00-04:00,0.0,16.5,16.375,16.375,300
1991-05-01 16:00:00-04:00,0.0,16.625,16.625,16.625,200
1991-05-02 16:00:00-04:00,0.0,16.625,16.625,16.625,300
1991-05-03 16:00:00-04:00,0.0,16.75,16.625,16.75,1300
1991-05-06 16:00:00-04:00,0.0,0.0,0.0,16.75,0
1991-05-07 16:00:00-04:00,0.0,16.5,16.5,16.5,300
1991-05-08 16:00:00-04:00,0.0,16.625,16.625,16.625,200
1991-05-09 16:00:00-04:00,0.0,16.375,16.25,16.25,600
1991-05-10 16:00:00-04:00,0.0,16.0,15.625,15.625,1800
1991-05-13 16:00:00-04:00,0.0,0.0,0.0,15.625,0
1991-05-14 16:00:00-04:00,0.0,15.75,15.75,15.75,100
1991-05-15 16:00:00-04:00,0.0,15.75,15.75,15.75,100
1991-05-16 16:00:00-04:00,0.0,0.0,0.0,15.75,0
1991-05-17 16:00:00-04:00,0.0,0.0,0.0,15.75,0
1991-05-20 16:00:00-04:00,0.0,15.75,15.75,15.75,1000
1991-05-21 16:00:00-04:00,0.0,15.75,15.75,15.75,1000
1991-05-22 16:00:00-04:00,0.0,15.625,15.625,15.625,500
1991-05-23 16:00:00-04:00,0.0,0.0,0.0,15.625,0
1991-05-24 16:00:00-04:00,0.0,15.75,15.625,15.75,1500
1991-05-28 16:00:00-04:00,0.0,0.0,0.0,15.75,0
1991-05-29 16:00:00-04:00,0.0,0.0,0.0,15.75,0
1991-05-30 16:00:00-04:00,0.0,16.125,15.75,16.125,800
1991-05-31 16:00:00-04:00,0.0,15.875,15.5,15.625,2100
1991-06-03 16:00:00-04:00,0.0,15.625,15.625,15.625,200
1991-06-04 16:00:00-04:00,0.0,15.625,15.625,15.625,600
1991-06-05 16:00:00-04:00,0.0,15.625,15.625,15.625,800
1991-06-06 16:00:00-04:00,0.0,15.625,15.625,15.625,100
1991-06-07 16:00:00-04:00,0.0,15.75,15.5,15.625,1300
1991-06-10 16:00:00-04:00,0.0,0.0,0.0,15.625,0
1991-06-11 16:00:00-04:00,0.0,15.625,15.625,15.625,500
1991-06-12 16:00:00-04:00,0.0,15.75,15.625,15.625,3000
1991-06-13 16:00:00-04:00,0.0,15.625,15.625,15.625,1000
1991-06-14 16:00:00-04:00,0.0,16.25,15.625,16.25,5300
1991-06-17 16:00:00-04:00,0.0,16.25,16.125,16.125,1100
1991-06-18 16:00:00-04:00,0.0,0.0,0.0,16.125,0
1991-06-19 16:00:00-04:00,0.0,16.125,16.125,16.125,500
1991-06-20 16:00:00-04:00,0.0,16.125,16.125,16.125,1900
1991-06-21 16:00:00-04:00,0.0,16.125,16.125,16.125,300
1991-06-24 16:00:00-04:00,0.0,16.0,16.0,16.0,1300
1991-06-25 16:00:00-04:00,0.0,0.0,0.0,16.0,0
1991-06-26 16:00:00-04:00,0.0,0.0,0.0,16.0,0
1991-06-27 16:00:00-04:00,0.0,0.0,0.0,16.0,0
1991-06-28 16:00:00-04:00,0.0,16.0,16.0,16.0,1100
1991-07-01 16:00:00-04:00,0.0,0.0,0.0,16.0,0
1991-07-02 16:00:00-04:00,0.0,0.0,0.0,16.0,0
1991-07-03 16:00:00-04:00,0.0,0.0,0.0,16.0,0
1991-07-05 16:00:00-04:00,0.0,15.875,15.875,15.875,200
1991-07-08 16:00:00-04:00,0.0,15.875,15.875,15.875,600
1991-07-09 16:00:00-04:00,0.0,0.0,0.0,15.875,0
1991-07-10 16:00:00-04:00,0.0,15.875,15.875,15.875,1100
1991-07-11 16:00:00-04:00,0.0,0.0,0.0,15.875,0
1991-07-12 16:00:00-04:00,0.0,15.875,15.875,15.875,100
1991-07-15 16:00:00-04:00,0.0,16.25,16.0,16.25,1000
1991-07-16 16:00:00-04:00,0.0,16.0,16.0,16.0,1100
1991-07-17 16:00:00-04:00,0.0,16.5,16.25,16.5,1800
1991-07-18 16:00:00-04:00,0.0,16.625,16.625,16.625,800
1991-07-19 16:00:00-04:00,0.0,0.0,0.0,16.625,0
1991-07-22 16:00:00-04:00,0.0,0.0,0.0,16.625,0
1991-07-23 16:00:00-04:00,0.0,0.0,0.0,16.625,0
1991-07-24 16:00:00-04:00,0.0,0.0,0.0,16.625,0
1991-07-25 16:00:00-04:00,0.0,0.0,0.0,16.625,0
1991-07-26 16:00:00-04:00,0.0,16.625,16.625,16.625,1300
1991-07-29 16:00:00-04:00,0.0,16.625,16.625,16.625,200
1991-07-30 16:00:00-04:00,0.0,16.625,16.625,16.625,1400
1991-07-31 16:00:00-04:00,0.0,0.0,0.0,16.625,0
1991-08-01 16:00:00-04:00,0.0,16.625,16.625,16.625,800
1991-08-02 16:00:00-04:00,0.0,16.625,16.625,16.625,1700
1991-08-05 16:00:00-04:00,0.0,16.5,16.5,16.5,300
1991-08-06 16:00:00-04:00,0.0,0.0,0.0,16.5,0
1991-08-07 16:00:00-04:00,0.0,16.25,16.25,16.25,500
1991-08-08 16:00:00-04:00,0.0,16.125,15.875,16.125,1000
1991-08-09 16:00:00-04:00,0.0,0.0,0.0,16.125,0
1991-08-12 16:00:00-04:00,0.0,15.875,15.875,15.875,800
1991-08-13 16:00:00-04:00,0.0,0.0,0.0,15.875,0
1991-08-14 16:00:00-04:00,0.0,15.75,15.625,15.625,1000
1991-08-15 16:00:00-04:00,0.0,0.0,0.0,15.625,0
1991-08-16 16:00:00-04:00,0.0,0.0,0.0,15.625,0
1991-08-19 16:00:00-04:00,0.0,15.5,15.375,15.375,2000
1991-08-20 16:00:00-04:00,0.0,0.0,0.0,15.375,0
1991-08-21 16:00:00-04:00,0.0,0.0,0.0,15.375,0
1991-08-22 16:00:00-04:00,0.0,0.0,0.0,15.375,0
1991-08-23 16:00:00-04:00,0.0,0.0,0.0,15.375,0
1991-08-26 16:00:00-04:00,0.0,15.125,15.125,15.125,300
1991-08-27 16:00:00-04:00,0.0,0.0,0.0,15.125,0
1991-08-28 16:00:00-04:00,0.0,0.0,0.0,15.125,0
1991-08-29 16:00:00-04:00,0.0,0.0,0.0,15.125,0
1991-08-30 16:00:00-04:00,0.0,0.0,0.0,15.125,0
1991-09-03 16:00:00-04:00,0.0,0.0,0.0,15.125,0
1991-09-04 16:00:00-04:00,0.0,15.375,15.0,15.375,2000
1991-09-05 16:00:00-04:00,0.0,15.375,15.0,15.0,800
1991-09-06 16:00:00-04:00,0.0,15.75,15.0,15.75,2400
1991-09-09 16:00:00-04:00,0.0,16.25,16.0,16.0,2700
1991-09-10 16:00:00-04:00,0.0,16.0,16.0,16.0,100
1991-09-11 16:00:00-04:00,0.0,15.875,15.875,15.875,300
1991-09-12 16:00:00-04:00,0.0,15.625,15.5,15.5,800
1991-09-13 16:00:00-04:00,0.0,0.0,0.0,15.5,0
1991-09-16 16:00:00-04:00,0.0,15.5,15.5,15.5,600
1991-09-17 16:00:00-04:00,0.0,0.0,0.0,15.5,0
1991-09-18 16:00:00-04:00,0.0,15.75,15.75,15.75,100
1991-09-19 16:00:00-04:00,0.0,15.75,15.75,15.75,400
1991-09-20 16:00:00-04:00,0.0,16.5,15.5,16.5,7600
1991-09-23 16:00:00-04:00,0.0,17.375,16.75,17.375,3200
1991-09-24 16:00:00-04:00,0.0,17.375,17.375,17.375,700
1991-09-25 16:00:00-04:00,0.0,17.25,17.25,17.25,100
1991-09-26 16:00:00-04:00,0.0,0.0,0.0,17.25,0
1991-09-27 16:00:00-04:00,0.0,17.25,17.25,17.25,1600
1991-09-30 16:00:00-04:00,0.0,18.25,17.25,18.25,4000
1991-10-01 16:00:00-04:00,0.0,18.875,18.375,18.875,2600
1991-10-02 16:00:00-04:00,0.0,18.875,18.5,18.5,1100
1991-10-03 16:00:00-04:00,0.0,18.375,18.375,18.375,200
1991-10-04 16:00:00-04:00,0.0,18.25,17.875,18.125,1800
1991-10-07 16:00:00-04:00,0.0,18.0,18.0,18.0,1200
1991-10-08 16:00:00-04:00,0.0,0.0,0.0,18.0,0
1991-10-09 16:00:00-04:00,0.0,17.75,17.75,17.75,1000
1991-10-10 16:00:00-04:00,0.0,17.625,17.625,17.625,500
1991-10-11 16:00:00-04:00,0.0,18.125,17.875,18.125,900
1991-10-14 16:00:00-04:00,0.0,18.25,18.0,18.0,700
1991-10-15 16:00:00-04:00,0.0,17.75,17.625,17.625,300
1991-10-16 16:00:00-04:00,0.0,17.5,17.0,17.0,3000
1991-10-17 16:00:00-04:00,0.0,0.0,0.0,17.0,0
1991-10-18 16:00:00-04:00,0.0,17.125,17.125,17.125,200
1991-10-21 16:00:00-04:00,0.0,17.0,16.75,16.75,2300
1991-10-22 16:00:00-04:00,0.0,17.75,17.0,17.75,2400
1991-10-23 16:00:00-04:00,0.0,18.0,17.875,18.0,2900
1991-10-24 16:00:00-04:00,0.0,0.0,0.0,18.0,0
1991-10-25 16:00:00-04:00,0.0,17.125,17.0,17.125,1400
1991-10-28 16:00:00-05:00,0.0,17.0,17.0,17.0,1000
1991-10-29 16:00:00-05:00,0.0,0.0,0.0,17.0,0
1991-10-30 16:00:00-05:00,0.0,17.0,17.0,17.0,300
1991-10-31 16:00:00-05:00,0.0,16.875,16.875,16.875,2400
1991-11-01 16:00:00-05:00,0.0,16.875,16.875,16.875,300
1991-11-04 16:00:00-05:00,0.0,17.25,17.0,17.25,900
1991-11-05 16:00:00-05:00,0.0,0.0,0.0,17.25,0
1991-11-06 16:00:00-05:00,0.0,17.625,17.25,17.625,700
1991-11-07 16:00:00-05:00,0.0,17.75,16.75,16.75,9800
1991-11-08 16:00:00-05:00,0.0,17.375,17.125,17.375,2400
1991-11-11 16:00:00-05:00,0.0,17.375,17.0,17.375,5000
1991-11-12 16:00:00-05:00,0.0,17.75,17.5,17.625,1000
1991-11-13 16:00:00-05:00,0.0,17.625,17.5,17.625,1700
1991-11-14 16:00:00-05:00,0.0,18.5,17.625,18.25,1700
1991-11-15 16:00:00-05:00,0.0,18.25,18.25,18.25,200
1991-11-18 16:00:00-05:00,0.0,18.25,17.75,18.25,1700
1991-11-19 16:00:00-05:00,0.0,18.0,17.625,17.625,4100
1991-11-20 16:00:00-05:00,0.0,17.625,17.375,17.625,5700
1991-11-21 16:00:00-05:00,0.0,17.5,17.375,17.5,800
1991-11-22 16:00:00-05:00,0.0,17.375,17.25,17.375,600
1991-11-25 16:00:00-05:00,0.0,17.25,17.25,17.25,100
1991-11-26 16:00:00-05:00,0.0,17.0,16.875,16.875,700
1991-11-27 16:00:00-05:00,0.0,0.0,0.0,16.875,0
1991-11-29 16:00:00-05:00,0.0,17.0,17.0,17.0,600
1991-12-02 16:00:00-05:00,0.0,0.0,0.0,17.0,0
1991-12-03 16:00:00-05:00,0.0,16.75,16.75,16.75,1000
1991-12-04 16:00:00-05:00,0.0,16.6876,16.6876,16.6876,200
1991-12-05 16:00:00-05:00,0.0,16.5,16.125,16.125,1100
1991-12-06 16:00:00-05:00,0.0,15.875,15.375,15.625,13800
1991-12-09 16:00:00-05:00,0.0,15.875,15.0,15.0,1800
1991-12-10 16:00:00-05:00,0.0,14.75,14.75,14.75,500
1991-12-11 16:00:00-05:00,0.0,14.75,14.75,14.75,500
1991-12-12 16:00:00-05:00,0.0,15.0,14.875,15.0,1500
1991-12-13 16:00:00-05:00,0.0,14.875,14.875,14.875,200
1991-12-16 16:00:00-05:00,0.0,15.5,15.125,15.5,2000
1991-12-17 16:00:00-05:00,0.0,15.5,15.25,15.25,700
1991-12-18 16:00:00-05:00,0.0,0.0,0.0,15.25,0
1991-12-19 16:00:00-05:00,0.0,15.125,14.875,14.875,700
1991-12-20 16:00:00-05:00,0.0,0.0,0.0,14.875,0
1991-12-23 16:00:00-05:00,0.0,0.0,0.0,14.875,0
1991-12-24 16:00:00-05:00,0.0,0.0,0.0,14.875,0
1991-12-26 16:00:00-05:00,0.0,14.875,14.75,14.75,2100
1991-12-27 16:00:00-05:00,0.0,14.875,14.875,14.875,2000
1991-12-30 16:00:00-05:00,0.0,14.75,14.625,14.75,1100
1991-12-31 16:00:00-05:00,0.0,15.375,14.875,15.125,9900
1992-01-02 16:00:00-05:00,0.0,14.875,14.875,14.875,600
1992-01-03 16:00:00-05:00,0.0,14.625,14.625,14.625,800
1992-01-06 16:00:00-05:00,0.0,0.0,0.0,14.625,0
1992-01-07 16:00:00-05:00,0.0,14.625,14.5,14.625,6100
1992-01-08 16:00:00-05:00,0.0,14.625,14.5,14.625,1300
1992-01-09 16:00:00-05:00,0.0,14.625,14.5,14.625,4100
1992-01-10 16:00:00-05:00,0.0,15.0,14.75,14.875,2900
1992-01-13 16:00:00-05:00,0.0,15.5,14.625,15.5,5200
1992-01-14 16:00:00-05:00,0.0,15.875,15.625,15.875,3200
1992-01-15 16:00:00-05:00,0.0,16.375,16.0,16.375,2000
1992-01-16 16:00:00-05:00,0.0,16.5,16.375,16.375,400
1992-01-17 16:00:00-05:00,0.0,16.25,16.25,16.25,900
1992-01-20 16:00:00-05:00,0.0,0.0,0.0,16.25,0
1992-01-21 16:00:00-05:00,0.0,16.125,16.125,16.125,400
1992-01-22 16:00:00-05:00,0.0,16.25,16.25,16.25,100
1992-01-23 16:00:00-05:00,0.0,16.375,16.375,16.375,200
1992-01-24 16:00:00-05:00,0.0,16.125,16.0,16.0,2800
1992-01-27 16:00:00-05:00,0.0,15.875,15.875,15.875,100
1992-01-28 16:00:00-05:00,0.0,0.0,0.0,15.875,0
1992-01-29 16:00:00-05:00,0.0,15.75,15.75,15.75,800
1992-01-30 16:00:00-05:00,0.0,0.0,0.0,15.75,0
1992-01-31 16:00:00-05:00,0.0,0.0,0.0,15.75,0
1992-02-03 16:00:00-05:00,0.0,15.625,15.625,15.625,400
1992-02-04 16:00:00-05:00,0.0,15.75,15.5,15.5,400
1992-02-05 16:00:00-05:00,0.0,15.75,15.75,15.75,100
1992-02-06 16:00:00-05:00,0.0,15.75,15.75,15.75,100
1992-02-07 16:00:00-05:00,0.0,15.875,15.75,15.875,500
1992-02-10 16:00:00-05:00,0.0,15.75,15.625,15.625,300
1992-02-11 16:00:00-05:00,0.0,0.0,0.0,15.625,0
1992-02-12 16:00:00-05:00,0.0,17.125,15.5,17.125,12600
1992-02-13 16:00:00-05:00,0.0,17.125,16.5,16.5,2700
1992-02-14 16:00:00-05:00,0.0,16.5,16.25,16.375,2000
1992-02-18 16:00:00-05:00,0.0,16.75,16.625,16.75,1500
1992-02-19 16:00:00-05:00,0.0,0.0,0.0,16.75,0
1992-02-20 16:00:00-05:00,0.0,16.75,16.75,16.75,300
1992-02-21 16:00:00-05:00,0.0,16.5,16.5,16.5,100
1992-02-24 16:00:00-05:00,0.0,16.5,16.25,16.25,1400
1992-02-25 16:00:00-05:00,0.0,16.25,16.125,16.25,200
1992-02-26 16:00:00-05:00,0.0,16.375,16.375,16.375,600
1992-02-27 16:00:00-05:00,0.0,16.125,16.0,16.0,600
1992-02-28 16:00:00-05:00,0.0,0.0,0.0,16.0,0
1992-03-02 16:00:00-05:00,0.0,16.25,16.25,16.25,200
1992-03-03 16:00:00-05:00,0.0,16.375,16.0,16.375,1200
1992-03-04 16:00:00-05:00,0.0,16.625,16.25,16.625,1100
1992-03-05 16:00:00-05:00,0.0,0.0,0.0,16.625,0
1992-03-06 16:00:00-05:00,0.0,0.0,0.0,16.625,0
1992-03-09 16:00:00-05:00,0.0,16.75,16.5,16.625,4200
1992-03-10 16:00:00-05:00,0.0,16.75,16.625,16.75,2100
1992-03-11 16:00:00-05:00,0.0,0.0,0.0,16.75,0
1992-03-12 16:00:00-05:00,0.0,0.0,0.0,16.75,0
1992-03-13 16:00:00-05:00,0.0,16.625,16.5,16.625,400
1992-03-16 16:00:00-05:00,0.0,16.625,16.375,16.375,700
1992-03-17 16:00:00-05:00,0.0,0.0,0.0,16.375,0
1992-03-18 16:00:00-05:00,0.0,16.25,16.25,16.25,100
1992-03-19 16:00:00-05:00,0.0,0.0,0.0,16.25,0
1992-03-20 16:00:00-05:00,0.0,0.0,0.0,16.25,0
1992-03-23 16:00:00-05:00,0.0,16.375,16.25,16.375,700
1992-03-24 16:00:00-05:00,0.0,16.5,16.5,16.5,3300
1992-03-25 16:00:00-05:00,0.0,16.625,16.625,16.625,300
1992-03-26 16:00:00-05:00,0.0,16.75,16.75,16.75,2200
1992-03-27 16:00:00-05:00,0.0,16.75,16.5,16.5,200
1992-03-30 16:00:00-05:00,0.0,0.0,0.0,16.5,0
1992-03-31 16:00:00-05:00,0.0,16.375,16.375,16.375,400
1992-04-01 16:00:00-05:00,0.0,16.625,16.375,16.625,700
1992-04-02 16:00:00-05:00,0.0,16.375,16.375,16.375,100
1992-04-03 16:00:00-05:00,0.0,16.5,16.5,16.5,200
1992-04-06 16:00:00-04:00,0.0,0.0,0.0,16.5,0
1992-04-07 16:00:00-04:00,0.0,16.5,16.5,16.5,1000
1992-04-08 16:00:00-04:00,0.0,16.5,16.375,16.375,1600
1992-04-09 16:00:00-04:00,0.0,16.625,16.625,16.625,200
1992-04-10 16:00:00-04:00,0.0,17.375,16.875,17.125,5600
1992-04-13 16:00:00-04:00,0.0,17.0,17.0,17.0,400
1992-04-14 16:00:00-04:00,0.0,0.0,0.0,17.0,0
1992-04-15 16:00:00-04:00,0.0,17.0,17.0,17.0,1700
1992-04-16 16:00:00-04:00,0.0,0.0,0.0,17.0,0
1992-04-20 16:00:00-04:00,0.0,17.75,17.125,17.125,7500
1992-04-21 16:00:00-04:00,0.0,17.0,17.0,17.0,100
1992-04-22 16:00:00-04:00,0.0,17.0,16.875,16.875,400
1992-04-23 16:00:00-04:00,0.0,17.25,17.0,17.25,2200
1992-04-24 16:00:00-04:00,0.0,17.25,17.25,17.25,100
1992-04-27 16:00:00-04:00,0.0,17.0,17.0,17.0,800
1992-04-28 16:00:00-04:00,0.0,0.0,0.0,17.0,0
1992-04-29 16:00:00-04:00,0.0,16.875,16.875,16.875,100
1992-04-30 16:00:00-04:00,0.0,0.0,0.0,16.875,0
1992-05-01 16:00:00-04:00,0.0,16.625,16.625,16.625,900
1992-05-04 16:00:00-04:00,0.0,0.0,0.0,16.625,0
1992-05-05 16:00:00-04:00,0.0,16.375,16.375,16.375,1200
1992-05-06 16:00:00-04:00,0.0,16.625,16.625,16.625,200
1992-05-07 16:00:00-04:00,0.0,16.625,16.625,16.625,300
1992-05-08 16:00:00-04:00,0.0,16.625,16.625,16.625,1100
1992-05-11 16:00:00-04:00,0.0,0.0,0.0,16.625,0
1992-05-12 16:00:00-04:00,0.0,16.875,16.625,16.625,1600
1992-05-13 16:00:00-04:00,0.0,0.0,0.0,16.625,0
1992-05-14 16:00:00-04:00,0.0,16.5,16.5,16.5,2000
1992-05-15 16:00:00-04:00,0.0,0.0,0.0,16.5,0
1992-05-18 16:00:00-04:00,0.0,16.5,16.375,16.375,1000
1992-05-19 16:00:00-04:00,0.0,16.25,16.25,16.25,300
1992-05-20 16:00:00-04:00,0.0,16.625,16.375,16.375,2500
1992-05-21 16:00:00-04:00,0.0,16.375,16.25,16.25,1300
1992-05-22 16:00:00-04:00,0.0,16.375,16.375,16.375,1000
1992-05-26 16:00:00-04:00,0.0,16.25,16.125,16.25,1500
1992-05-27 16:00:00-04:00,0.0,16.125,16.125,16.125,100
1992-05-28 16:00:00-04:00,0.0,0.0,0.0,16.125,0
1992-05-29 16:00:00-04:00,0.0,0.0,0.0,16.125,0
1992-06-01 16:00:00-04:00,0.0,16.375,16.375,16.375,300
1992-06-02 16:00:00-04:00,0.0,16.25,16.25,16.25,900
1992-06-03 16:00:00-04:00,0.0,16.375,16.375,16.375,100
1992-06-04 16:00:00-04:00,0.0,16.25,16.25,16.25,2100
1992-06-05 16:00:00-04:00,0.0,16.25,16.25,16.25,400
1992-06-08 16:00:00-04:00,0.0,0.0,0.0,16.25,0
1992-06-09 16:00:00-04:00,0.0,16.125,16.125,16.125,1200
1992-06-10 16:00:00-04:00,0.0,0.0,0.0,16.125,0
1992-06-11 16:00:00-04:00,0.0,16.125,16.125,16.125,500
1992-06-12 16:00:00-04:00,0.0,16.125,16.125,16.125,200
1992-06-15 16:00:00-04:00,0.0,0.0,0.0,16.125,0
1992-06-16 16:00:00-04:00,0.0,16.125,16.125,16.125,300
1992-06-17 16:00:00-04:00,0.0,15.875,15.75,15.75,4200
1992-06-18 16:00:00-04:00,0.0,0.0,0.0,15.75,0
1992-06-19 16:00:00-04:00,0.0,0.0,0.0,15.75,0
1992-06-22 16:00:00-04:00,0.0,15.625,15.5,15.5,700
1992-06-23 16:00:00-04:00,0.0,15.375,15.375,15.375,900
1992-06-24 16:00:00-04:00,0.0,15.375,15.375,15.375,200
1992-06-25 16:00:00-04:00,0.0,15.375,15.375,15.375,800
1992-06-26 16:00:00-04:00,0.0,0.0,0.0,15.375,0
1992-06-29 16:00:00-04:00,0.0,0.0,0.0,15.375,0
1992-06-30 16:00:00-04:00,0.0,15.375,15.375,15.375,200
1992-07-01 16:00:00-04:00,0.0,15.375,15.375,15.375,1100
1992-07-02 16:00:00-04:00,0.0,15.375,15.375,15.375,200
1992-07-06 16:00:00-04:00,0.0,0.0,0.0,15.375,0
1992-07-07 16:00:00-04:00,0.0,0.0,0.0,15.375,0
1992-07-08 16:00:00-04:00,0.0,0.0,0.0,15.375,0
1992-07-09 16:00:00-04:00,0.0,15.25,15.25,15.25,200
1992-07-10 16:00:00-04:00,0.0,15.25,15.125,15.125,800
1992-07-13 16:00:00-04:00,0.0,0.0,0.0,15.125,0
1992-07-14 16:00:00-04:00,0.0,15.25,15.25,15.25,100
1992-07-15 16:00:00-04:00,0.0,0.0,0.0,15.25,0
1992-07-16 16:00:00-04:00,0.0,0.0,0.0,15.25,0
1992-07-17 16:00:00-04:00,0.0,15.0,15.0,15.0,100
1992-07-20 16:00:00-04:00,0.0,15.0,15.0,15.0,300
1992-07-21 16:00:00-04:00,0.0,15.125,15.125,15.125,5300
1992-07-22 16:00:00-04:00,0.0,15.125,15.0,15.0,300
1992-07-23 16:00:00-04:00,0.0,15.0,15.0,15.0,100
1992-07-24 16:00:00-04:00,0.0,0.0,0.0,15.0,0
1992-07-27 16:00:00-04:00,0.0,15.25,15.25,15.25,300
1992-07-28 16:00:00-04:00,0.0,15.125,15.125,15.125,300
1992-07-29 16:00:00-04:00,0.0,0.0,0.0,15.125,0
1992-07-30 16:00:00-04:00,0.0,15.125,15.125,15.125,100
1992-07-31 16:00:00-04:00,0.0,0.0,0.0,15.125,0
1992-08-03 16:00:00-04:00,0.0,15.375,15.375,15.375,500
1992-08-04 16:00:00-04:00,0.0,0.0,0.0,15.375,0
1992-08-05 16:00:00-04:00,0.0,15.5,15.5,15.5,1000
1992-08-06 16:00:00-04:00,0.0,15.75,15.75,15.75,100
1992-08-07 16:00:00-04:00,0.0,15.75,15.75,15.75,600
1992-08-10 16:00:00-04:00,0.0,15.875,15.75,15.75,300
1992-08-11 16:00:00-04:00,0.0,15.625,15.625,15.625,200
1992-08-12 16:00:00-04:00,0.0,0.0,0.0,15.625,0
1992-08-13 16:00:00-04:00,0.0,16.125,15.75,16.125,1800
1992-08-14 16:00:00-04:00,0.0,0.0,0.0,16.125,0
1992-08-17 16:00:00-04:00,0.0,16.0,15.5,15.5,3900
1992-08-18 16:00:00-04:00,0.0,0.0,0.0,15.5,0
1992-08-19 16:00:00-04:00,0.0,0.0,0.0,15.5,0
1992-08-20 16:00:00-04:00,0.0,0.0,0.0,15.5,0
1992-08-21 16:00:00-04:00,0.0,15.375,15.375,15.375,1300
1992-08-24 16:00:00-04:00,0.0,0.0,0.0,15.375,0
1992-08-25 16:00:00-04:00,0.0,0.0,0.0,15.375,0
1992-08-26 16:00:00-04:00,0.0,0.0,0.0,15.375,0
1992-08-27 16:00:00-04:00,0.0,0.0,0.0,15.375,0
1992-08-28 16:00:00-04:00,0.0,15.625,15.625,15.625,100
1992-08-31 16:00:00-04:00,0.0,0.0,0.0,15.625,0
1992-09-01 16:00:00-04:00,0.0,15.5,15.5,15.5,500
1992-09-02 16:00:00-04:00,0.0,15.5,15.5,15.5,100
1992-09-03 16:00:00-04:00,0.0,15.25,15.125,15.25,800
1992-09-04 16:00:00-04:00,0.0,0.0,0.0,15.25,0
1992-09-08 16:00:00-04:00,0.0,15.25,15.25,15.25,400
1992-09-09 16:00:00-04:00,0.0,0.0,0.0,15.25,0
1992-09-10 16:00:00-04:00,0.0,0.0,0.0,15.25,0
1992-09-11 16:00:00-04:00,0.0,0.0,0.0,15.25,0
1992-09-14 16:00:00-04:00,0.0,15.375,15.125,15.125,1300
1992-09-15 16:00:00-04:00,0.0,0.0,0.0,15.125,0
1992-09-16 16:00:00-04:00,0.0,15.0,15.0,15.0,900
1992-09-17 16:00:00-04:00,0.0,15.0,14.875,14.875,600
1992-09-18 16:00:00-04:00,0.0,14.75,14.625,14.75,1700
1992-09-21 16:00:00-04:00,0.0,14.5,14.375,14.375,1800
1992-09-22 16:00:00-04:00,0.0,14.5,14.5,14.5,500
1992-09-23 16:00:00-04:00,0.0,14.5,14.375,14.375,500
1992-09-24 16:00:00-04:00,0.0,14.375,14.375,14.375,300
1992-09-25 16:00:00-04:00,0.0,14.5,14.5,14.5,300
1992-09-28 16:00:00-04:00,0.0,14.75,14.625,14.625,300
1992-09-29 16:00:00-04:00,0.0,14.625,14.625,14.625,300
1992-09-30 16:00:00-04:00,0.0,0.0,0.0,14.625,0
1992-10-01 16:00:00-04:00,0.0,0.0,0.0,14.625,0
1992-10-02 16:00:00-04:00,0.0,14.625,14.625,14.625,300
1992-10-05 16:00:00-04:00,0.0,0.0,0.0,14.625,0
1992-10-06 16:00:00-04:00,0.0,14.375,14.375,14.375,500
1992-10-07 16:00:00-04:00,0.0,14.375,14.375,14.375,500
1992-10-08 16:00:00-04:00,0.0,14.375,14.375,14.375,800
1992-10-09 16:00:00-04:00,0.0,0.0,0.0,14.375,0
1992-10-12 16:00:00-04:00,0.0,0.0,0.0,14.375,0
1992-10-13 16:00:00-04:00,0.0,0.0,0.0,14.375,0
1992-10-14 16:00:00-04:00,0.0,0.0,0.0,14.375,0
1992-10-15 16:00:00-04:00,0.0,14.5,14.5,14.5,100
1992-10-16 16:00:00-04:00,0.0,14.5,14.5,14.5,200
1992-10-19 16:00:00-04:00,0.0,14.25,14.25,14.25,1000
1992-10-20 16:00:00-04:00,0.0,14.125,14.0,14.0,1000
1992-10-21 16:00:00-04:00,0.0,0.0,0.0,14.0,0
1992-10-22 16:00:00-04:00,0.0,0.0,0.0,14.0,0
1992-10-23 16:00:00-04:00,0.0,14.25,13.875,13.875,1600
1992-10-26 16:00:00-05:00,0.0,13.25,13.25,13.25,100
1992-10-27 16:00:00-05:00,0.0,13.25,13.25,13.25,1100
1992-10-28 16:00:00-05:00,0.0,0.0,0.0,13.25,0
1992-10-29 16:00:00-05:00,0.0,13.25,13.25,13.25,100
1992-10-30 16:00:00-05:00,0.0,13.5,13.5,13.5,400
1992-11-02 16:00:00-05:00,0.0,0.0,0.0,13.5,0
1992-11-03 16:00:00-05:00,0.0,0.0,0.0,13.5,0
1992-11-04 16:00:00-05:00,0.0,13.5,13.5,13.5,500
1992-11-05 16:00:00-05:00,0.0,0.0,0.0,13.5,0
1992-11-06 16:00:00-05:00,0.0,13.5,13.375,13.5,6600
1992-11-09 16:00:00-05:00,0.0,0.0,0.0,13.5,0
1992-11-10 16:00:00-05:00,0.0,0.0,0.0,13.5,0
1992-11-11 16:00:00-05:00,0.0,13.5,13.375,13.375,800
1992-11-12 16:00:00-05:00,0.0,14.75,13.5,14.75,8000
1992-11-13 16:00:00-05:00,0.0,14.75,14.625,14.75,1000
1992-11-16 16:00:00-05:00,0.0,14.625,14.375,14.375,1500
1992-11-17 16:00:00-05:00,0.0,14.25,14.125,14.125,2000
1992-11-18 16:00:00-05:00,0.0,14.375,14.125,14.375,1200
1992-11-19 16:00:00-05:00,0.0,14.25,14.125,14.125,600
1992-11-20 16:00:00-05:00,0.0,0.0,0.0,14.125,0
1992-11-23 16:00:00-05:00,0.0,14.25,14.25,14.25,200
1992-11-24 16:00:00-05:00,0.0,0.0,0.0,14.25,0
1992-11-25 16:00:00-05:00,0.0,0.0,0.0,14.25,0
1992-11-27 16:00:00-05:00,0.0,14.375,14.375,14.375,200
1992-11-30 16:00:00-05:00,0.0,14.25,14.125,14.25,1400
1992-12-01 16:00:00-05:00,0.0,14.25,14.0,14.0,1300
1992-12-02 16:00:00-05:00,0.0,14.25,14.0,14.25,2200
1992-12-03 16:00:00-05:00,0.0,14.25,14.125,14.25,1100
1992-12-04 16:00:00-05:00,0.0,14.25,14.25,14.25,1600
1992-12-07 16:00:00-05:00,0.0,14.25,14.0,14.0,1200
1992-12-08 16:00:00-05:00,0.0,14.5,14.0,14.5,2800
1992-12-09 16:00:00-05:00,0.0,15.0,14.375,14.875,3300
1992-12-10 16:00:00-05:00,0.0,15.25,15.0,15.0,3600
1992-12-11 16:00:00-05:00,0.0,14.875,14.875,14.875,1000
1992-12-14 16:00:00-05:00,0.0,0.0,0.0,14.875,0
1992-12-15 16:00:00-05:00,0.0,15.125,15.125,15.125,100
1992-12-16 16:00:00-05:00,0.0,0.0,0.0,15.125,0
1992-12-17 16:00:00-05:00,0.0,15.125,15.125,15.125,200
1992-12-18 16:00:00-05:00,0.0,15.25,15.125,15.25,2500
1992-12-21 16:00:00-05:00,0.0,16.0,15.375,16.0,7000
1992-12-22 16:00:00-05:00,0.0,16.25,16.0,16.0,3300
1992-12-23 16:00:00-05:00,0.0,16.125,16.0,16.125,1000
1992-12-24 16:00:00-05:00,0.0,16.125,15.875,15.875,700
1992-12-28 16:00:00-05:00,0.0,15.75,15.75,15.75,300
1992-12-29 16:00:00-05:00,0.0,15.5,15.5,15.5,800
1992-12-30 16:00:00-05:00,0.0,15.75,15.625,15.75,700
1992-12-31 16:00:00-05:00,0.0,15.75,15.75,15.75,400
1993-01-04 16:00:00-05:00,0.0,15.5,15.25,15.25,2800
1993-01-05 16:00:00-05:00,0.0,15.25,15.25,15.25,1800
1993-01-06 16:00:00-05:00,0.0,15.5,15.375,15.375,2100
1993-01-07 16:00:00-05:00,0.0,0.0,0.0,15.375,0
1993-01-08 16:00:00-05:00,0.0,15.25,15.25,15.25,600
1993-01-11 16:00:00-05:00,0.0,15.25,15.25,15.25,100
1993-01-12 16:00:00-05:00,0.0,15.25,15.0,15.0,2100
1993-01-13 16:00:00-05:00,0.0,15.125,14.75,15.125,2000
1993-01-14 16:00:00-05:00,0.0,15.0,15.0,15.0,400
1993-01-15 16:00:00-05:00,0.0,15.25,15.25,15.25,1400
1993-01-18 16:00:00-05:00,0.0,15.0,15.0,15.0,600
1993-01-19 16:00:00-05:00,0.0,15.25,14.875,14.875,1400
1993-01-20 16:00:00-05:00,0.0,14.875,14.875,14.875,600
1993-01-21 16:00:00-05:00,0.0,0.0,0.0,14.875,0
1993-01-22 16:00:00-05:00,0.0,14.875,14.75,14.75,1300
1993-01-25 16:00:00-05:00,0.0,15.0,15.0,15.0,600
1993-01-26 16:00:00-05:00,0.0,15.0,14.875,14.875,400
1993-01-27 16:00:00-05:00,0.0,0.0,0.0,14.875,0
1993-01-28 16:00:00-05:00,0.0,14.875,14.875,14.875,300
1993-01-29 16:00:00-05:00,0.0,15.125,14.875,15.125,900
1993-02-01 16:00:00-05:00,0.0,0.0,0.0,15.125,0
1993-02-02 16:00:00-05:00,0.0,15.25,15.25,15.25,100
1993-02-03 16:00:00-05:00,0.0,15.25,15.0,15.25,3600
1993-02-04 16:00:00-05:00,0.0,15.875,15.375,15.875,2000
1993-02-05 16:00:00-05:00,0.0,15.625,15.625,15.625,1100
1993-02-08 16:00:00-05:00,0.0,15.75,15.625,15.75,500
1993-02-09 16:00:00-05:00,0.0,15.25,15.25,15.25,3200
1993-02-10 16:00:00-05:00,0.0,15.5,15.0,15.0,2900
1993-02-11 16:00:00-05:00,0.0,14.875,14.875,14.875,1000
1993-02-12 16:00:00-05:00,0.0,15.0,14.875,14.875,1100
1993-02-16 16:00:00-05:00,0.0,14.875,14.875,14.875,200
1993-02-17 16:00:00-05:00,0.0,14.625,14.625,14.625,700
1993-02-18 16:00:00-05:00,0.0,0.0,0.0,14.625,0
1993-02-19 16:00:00-05:00,0.0,14.75,14.75,14.75,200
1993-02-22 16:00:00-05:00,0.0,14.625,14.625,14.625,500
1993-02-23 16:00:00-05:00,0.0,0.0,0.0,14.625,0
1993-02-24 16:00:00-05:00,0.0,14.875,14.875,14.875,400
1993-02-25 16:00:00-05:00,0.0,15.0,14.75,15.0,900
1993-02-26 16:00:00-05:00,0.0,14.75,14.75,14.75,300
1993-03-01 16:00:00-05:00,0.0,15.0,14.75,15.0,400
1993-03-02 16:00:00-05:00,0.0,14.75,14.75,14.75,200
1993-03-03 16:00:00-05:00,0.0,0.0,0.0,14.75,0
1993-03-04 16:00:00-05:00,0.0,0.0,0.0,14.75,0
1993-03-05 16:00:00-05:00,0.0,0.0,0.0,14.75,0
1993-03-08 16:00:00-05:00,0.0,15.0,14.875,14.875,400
1993-03-09 16:00:00-05:00,0.0,14.875,14.875,14.875,200
1993-03-10 16:00:00-05:00,0.0,0.0,0.0,14.875,0
1993-03-11 16:00:00-05:00,0.0,14.875,14.875,14.875,300
1993-03-12 16:00:00-05:00,0.0,14.625,14.625,14.625,1100
1993-03-15 16:00:00-05:00,0.0,14.625,14.5,14.5,1100
1993-03-16 16:00:00-05:00,0.0,14.5,14.5,14.5,100
1993-03-17 16:00:00-05:00,0.0,0.0,0.0,14.5,0
1993-03-18 16:00:00-05:00,0.0,14.875,14.75,14.875,1000
1993-03-19 16:00:00-05:00,0.0,14.75,14.75,14.75,400
1993-03-22 16:00:00-05:00,0.0,0.0,0.0,14.75,0
1993-03-23 16:00:00-05:00,0.0,0.0,0.0,14.75,0
1993-03-24 16:00:00-05:00,0.0,0.0,0.0,14.75,0
1993-03-25 16:00:00-05:00,0.0,0.0,0.0,14.75,0
1993-03-26 16:00:00-05:00,0.0,14.5,14.5,14.5,1200
1993-03-29 16:00:00-05:00,0.0,14.375,14.375,14.375,300
1993-03-30 16:00:00-05:00,0.0,14.375,14.375,14.375,300
1993-03-31 16:00:00-05:00,0.0,14.375,14.375,14.375,100
1993-04-01 16:00:00-05:00,0.0,0.0,0.0,14.375,0
1993-04-02 16:00:00-05:00,0.0,14.375,14.375,14.375,300
1993-04-05 16:00:00-04:00,0.0,0.0,0.0,14.375,0
1993-04-06 16:00:00-04:00,0.0,0.0,0.0,14.375,0
1993-04-07 16:00:00-04:00,0.0,0.0,0.0,14.375,0
1993-04-08 16:00:00-04:00,0.0,14.25,14.25,14.25,100
1993-04-12 16:00:00-04:00,0.0,0.0,0.0,14.25,0
1993-04-13 16:00:00-04:00,0.0,14.375,14.375,14.375,1000
1993-04-14 16:00:00-04:00,0.0,14.25,14.25,14.25,500
1993-04-15 16:00:00-04:00,0.0,14.0,14.0,14.0,1000
1993-04-16 16:00:00-04:00,0.0,14.375,14.25,14.375,2300
1993-04-19 16:00:00-04:00,0.0,14.5,14.5,14.5,700
1993-04-20 16:00:00-04:00,0.0,14.5,14.5,14.5,300
1993-04-21 16:00:00-04:00,0.0,0.0,0.0,14.5,0
1993-04-22 16:00:00-04:00,0.0,14.375,14.25,14.25,1000
1993-04-23 16:00:00-04:00,0.0,14.5,14.5,14.5,700
1993-04-26 16:00:00-04:00,0.0,0.0,0.0,14.5,0
1993-04-27 16:00:00-04:00,0.0,14.375,14.25,14.25,300
1993-04-28 16:00:00-04:00,0.0,0.0,0.0,14.25,0
1993-04-29 16:00:00-04:00,0.0,0.0,0.0,14.25,0
1993-04-30 16:00:00-04:00,0.0,0.0,0.0,14.25,0
1993-05-03 16:00:00-04:00,0.0,14.5,14.5,14.5,100
1993-05-04 16:00:00-04:00,0.0,14.625,14.375,14.625,400
1993-05-05 16:00:00-04:00,0.0,14.375,14.375,14.375,500
1993-05-06 16:00:00-04:00,0.0,14.5,14.25,14.25,700
1993-05-07 16:00:00-04:00,0.0,0.0,0.0,14.25,0
1993-05-10 16:00:00-04:00,0.0,14.125,14.125,14.125,500
1993-05-11 16:00:00-04:00,0.0,0.0,0.0,14.125,0
1993-05-12 16:00:00-04:00,0.0,14.125,14.125,14.125,500
1993-05-13 16:00:00-04:00,0.0,14.0,13.5,13.75,2400
1993-05-14 16:00:00-04:00,0.0,0.0,0.0,13.75,0
1993-05-17 16:00:00-04:00,0.0,13.75,13.5,13.75,900
1993-05-18 16:00:00-04:00,0.0,13.875,13.875,13.875,200
1993-05-19 16:00:00-04:00,0.0,13.875,13.875,13.875,300
1993-05-20 16:00:00-04:00,0.0,13.625,13.5,13.625,2500
1993-05-21 16:00:00-04:00,0.0,13.875,13.875,13.875,1000
1993-05-24 16:00:00-04:00,0.0,0.0,0.0,13.875,0
1993-05-25 16:00:00-04:00,0.0,0.0,0.0,13.875,0
1993-05-26 16:00:00-04:00,0.0,0.0,0.0,13.875,0
1993-05-27 16:00:00-04:00,0.0,13.75,13.75,13.75,200
1993-05-28 16:00:00-04:00,0.0,13.625,13.5,13.625,1300
1993-06-01 16:00:00-04:00,0.0,13.875,13.875,13.875,600
1993-06-02 16:00:00-04:00,0.0,13.75,13.75,13.75,300
1993-06-03 16:00:00-04:00,0.0,13.75,13.75,13.75,200
1993-06-04 16:00:00-04:00,0.0,13.5,13.5,13.5,600
1993-06-07 16:00:00-04:00,0.0,13.625,13.625,13.625,400
1993-06-08 16:00:00-04:00,0.0,0.0,0.0,13.625,0
1993-06-09 16:00:00-04:00,0.0,13.625,13.625,13.625,200
1993-06-10 16:00:00-04:00,0.0,13.5,13.5,13.5,300
1993-06-11 16:00:00-04:00,0.0,13.625,13.625,13.625,200
1993-06-14 16:00:00-04:00,0.0,13.375,13.375,13.375,200
1993-06-15 16:00:00-04:00,0.0,13.5,13.5,13.5,400
1993-06-16 16:00:00-04:00,0.0,13.75,13.625,13.75,1300
1993-06-17 16:00:00-04:00,0.0,13.625,13.625,13.625,100
1993-06-18 16:00:00-04:00,0.0,13.875,13.75,13.875,600
1993-06-21 16:00:00-04:00,0.0,13.75,13.75,13.75,200
1993-06-22 16:00:00-04:00,0.0,13.875,13.875,13.875,100
1993-06-23 16:00:00-04:00,0.0,0.0,0.0,13.875,0
1993-06-24 16:00:00-04:00,0.0,0.0,0.0,13.875,0
1993-06-25 16:00:00-04:00,0.0,0.0,0.0,13.875,0
1993-06-28 16:00:00-04:00,0.0,13.875,13.625,13.75,2300
1993-06-29 16:00:00-04:00,0.0,13.75,13.75,13.75,600
1993-06-30 16:00:00-04:00,0.0,13.75,13.125,13.75,8200
1993-07-01 16:00:00-04:00,0.0,13.875,13.625,13.875,900
1993-07-02 16:00:00-04:00,0.0,13.875,13.75,13.875,200
1993-07-06 16:00:00-04:00,0.0,13.75,13.75,13.75,100
1993-07-07 16:00:00-04:00,0.0,13.625,13.625,13.625,800
1993-07-08 16:00:00-04:00,0.0,14.0,13.625,14.0,1100
1993-07-09 16:00:00-04:00,0.0,0.0,0.0,14.0,0
1993-07-12 16:00:00-04:00,0.0,0.0,0.0,14.0,0
1993-07-13 16:00:00-04:00,0.0,0.0,0.0,14.0,0
1993-07-14 16:00:00-04:00,0.0,13.875,13.875,13.875,2000
1993-07-15 16:00:00-04:00,0.0,0.0,0.0,13.875,0
1993-07-16 16:00:00-04:00,0.0,14.0,14.0,14.0,400
1993-07-19 16:00:00-04:00,0.0,13.75,13.75,13.75,200
1993-07-20 16:00:00-04:00,0.0,0.0,0.0,13.75,0
1993-07-21 16:00:00-04:00,0.0,0.0,0.0,13.75,0
1993-07-22 16:00:00-04:00,0.0,14.125,13.875,14.125,2000
1993-07-23 16:00:00-04:00,0.0,14.0,13.875,13.875,700
1993-07-26 16:00:00-04:00,0.0,14.0,14.0,14.0,100
1993-07-27 16:00:00-04:00,0.0,14.125,14.0,14.125,500
1993-07-28 16:00:00-04:00,0.0,14.0,14.0,14.0,900
1993-07-29 16:00:00-04:00,0.0,14.0,14.0,14.0,200
1993-07-30 16:00:00-04:00,0.0,0.0,0.0,14.0,0
1993-08-02 16:00:00-04:00,0.0,14.125,14.125,14.125,200
1993-08-03 16:00:00-04:00,0.0,14.0,14.0,14.0,100
1993-08-04 16:00:00-04:00,0.0,0.0,0.0,14.0,0
1993-08-05 16:00:00-04:00,0.0,0.0,0.0,14.0,0
1993-08-06 16:00:00-04:00,0.0,0.0,0.0,14.0,0
1993-08-09 16:00:00-04:00,0.0,0.0,0.0,14.0,0
1993-08-10 16:00:00-04:00,0.0,14.0,14.0,14.0,1000
1993-08-11 16:00:00-04:00,0.0,0.0,0.0,14.0,0
1993-08-12 16:00:00-04:00,0.0,0.0,0.0,14.0,0
1993-08-13 16:00:00-04:00,0.0,0.0,0.0,14.0,0
1993-08-16 16:00:00-04:00,0.0,0.0,0.0,14.0,0
1993-08-17 16:00:00-04:00,0.0,13.75,13.5,13.5,1500
1993-08-18 16:00:00-04:00,0.0,13.875,13.5,13.875,2200
1993-08-19 16:00:00-04:00,0.0,0.0,0.0,13.875,0
1993-08-20 16:00:00-04:00,0.0,13.625,13.625,13.625,200
1993-08-23 16:00:00-04:00,0.0,0.0,0.0,13.625,0
1993-08-24 16:00:00-04:00,0.0,13.625,13.625,13.625,500
1993-08-25 16:00:00-04:00,0.0,13.75,13.625,13.75,800
1993-08-26 16:00:00-04:00,0.0,0.0,0.0,13.75,0
1993-08-27 16:00:00-04:00,0.0,13.875,13.875,13.875,1300
1993-08-30 16:00:00-04:00,0.0,13.75,13.625,13.625,900
1993-08-31 16:00:00-04:00,0.0,0.0,0.0,13.625,0
1993-09-01 16:00:00-04:00,0.0,13.75,13.75,13.75,100
1993-09-02 16:00:00-04:00,0.0,13.625,13.625,13.625,100
1993-09-03 16:00:00-04:00,0.0,13.75,13.75,13.75,100
1993-09-07 16:00:00-04:00,0.0,13.625,13.625,13.625,200
1993-09-08 16:00:00-04:00,0.0,13.75,13.75,13.75,400
1993-09-09 16:00:00-04:00,0.0,0.0,0.0,13.75,0
1993-09-10 16:00:00-04:00,0.0,0.0,0.0,13.75,0
1993-09-13 16:00:00-04:00,0.0,13.625,13.625,13.625,800
1993-09-14 16:00:00-04:00,0.0,13.5,13.375,13.375,1500
1993-09-15 16:00:00-04:00,0.0,13.875,13.625,13.875,1200
1993-09-16 16:00:00-04:00,0.0,13.875,13.875,13.875,400
1993-09-17 16:00:00-04:00,0.0,14.0,13.875,14.0,5600
1993-09-20 16:00:00-04:00,0.0,14.375,14.0,14.375,1600
1993-09-21 16:00:00-04:00,0.0,14.5,14.5,14.5,700
1993-09-22 16:00:00-04:00,0.0,0.0,0.0,14.5,0
1993-09-23 16:00:00-04:00,0.0,14.625,14.625,14.625,200
1993-09-24 16:00:00-04:00,0.0,0.0,0.0,14.625,0
1993-09-27 16:00:00-04:00,0.0,14.375,14.375,14.375,1000
1993-09-28 16:00:00-04:00,0.0,14.5,14.5,14.5,100
1993-09-29 16:00:00-04:00,0.0,14.5,14.5,14.5,500
1993-09-30 16:00:00-04:00,0.0,14.5,14.5,14.5,100
1993-10-01 16:00:00-04:00,0.0,0.0,0.0,14.5,0
1993-10-04 16:00:00-04:00,0.0,0.0,0.0,14.5,0
1993-10-05 16:00:00-04:00,0.0,14.25,14.25,14.25,200
1993-10-06 16:00:00-04:00,0.0,0.0,0.0,14.25,0
1993-10-07 16:00:00-04:00,0.0,14.25,14.25,14.25,500
1993-10-08 16:00:00-04:00,0.0,0.0,0.0,14.25,0
1993-10-11 16:00:00-04:00,0.0,14.125,14.125,14.125,100
1993-10-12 16:00:00-04:00,0.0,14.0,14.0,14.0,500
1993-10-13 16:00:00-04:00,0.0,14.375,14.125,14.125,1600
1993-10-14 16:00:00-04:00,0.0,14.125,14.125,14.125,1100
1993-10-15 16:00:00-04:00,0.0,14.375,14.375,14.375,300
1993-10-18 16:00:00-04:00,0.0,14.375,14.375,14.375,200
1993-10-19 16:00:00-04:00,0.0,0.0,0.0,14.375,0
1993-10-20 16:00:00-04:00,0.0,14.125,14.0,14.125,2000
1993-10-21 16:00:00-04:00,0.0,0.0,0.0,14.125,0
1993-10-22 16:00:00-04:00,0.0,14.375,14.375,14.375,400
1993-10-25 16:00:00-04:00,0.0,13.625,13.625,13.625,100
1993-10-26 16:00:00-04:00,0.0,0.0,0.0,13.625,0
1993-10-27 16:00:00-04:00,0.0,0.0,0.0,13.625,0
1993-10-28 16:00:00-04:00,0.0,13.875,13.875,13.875,700
1993-10-29 16:00:00-04:00,0.0,14.0,14.0,14.0,100
1993-11-01 16:00:00-05:00,0.0,0.0,0.0,14.0,0
1993-11-02 16:00:00-05:00,0.0,0.0,0.0,14.0,0
1993-11-03 16:00:00-05:00,0.0,0.0,0.0,14.0,0
1993-11-04 16:00:00-05:00,0.0,14.25,14.25,14.25,1000
1993-11-05 16:00:00-05:00,0.0,14.25,14.25,14.25,500
1993-11-08 16:00:00-05:00,0.0,14.25,14.25,14.25,1100
1993-11-09 16:00:00-05:00,0.0,14.125,14.125,14.125,100
1993-11-10 16:00:00-05:00,0.0,0.0,0.0,14.125,0
1993-11-11 16:00:00-05:00,0.0,14.25,14.25,14.25,200
1993-11-12 16:00:00-05:00,0.0,0.0,0.0,14.25,0
1993-11-15 16:00:00-05:00,0.0,14.0,14.0,14.0,1100
1993-11-16 16:00:00-05:00,0.0,0.0,0.0,14.0,0
1993-11-17 16:00:00-05:00,0.0,0.0,0.0,14.0,0
1993-11-18 16:00:00-05:00,0.0,0.0,0.0,14.0,0
1993-11-19 16:00:00-05:00,0.0,0.0,0.0,14.0,0
1993-11-22 16:00:00-05:00,0.0,14.125,14.125,14.125,200
1993-11-23 16:00:00-05:00,0.0,14.0,14.0,14.0,100
1993-11-24 16:00:00-05:00,0.0,0.0,0.0,14.0,0
1993-11-26 16:00:00-05:00,0.0,0.0,0.0,14.0,0
1993-11-29 16:00:00-05:00,0.0,0.0,0.0,14.0,0
1993-11-30 16:00:00-05:00,0.0,13.875,13.875,13.875,100
1993-12-01 16:00:00-05:00,0.0,13.875,13.75,13.75,700
1993-12-02 16:00:00-05:00,0.0,13.75,13.75,13.75,1000
1993-12-03 16:00:00-05:00,0.0,0.0,0.0,13.75,0
1993-12-06 16:00:00-05:00,0.0,0.0,0.0,13.75,0
1993-12-07 16:00:00-05:00,0.0,0.0,0.0,13.75,0
1993-12-08 16:00:00-05:00,0.0,0.0,0.0,13.75,0
1993-12-09 16:00:00-05:00,0.0,15.0,14.0,15.0,4800
1993-12-10 16:00:00-05:00,0.0,15.0,14.75,14.75,5000
1993-12-13 16:00:00-05:00,0.0,14.625,14.25,14.375,3800
1993-12-14 16:00:00-05:00,0.0,14.5,14.5,14.5,1000
1993-12-15 16:00:00-05:00,0.0,0.0,0.0,14.5,0
1993-12-16 16:00:00-05:00,0.0,0.0,0.0,14.5,0
1993-12-17 16:00:00-05:00,0.0,14.375,14.375,14.375,300
1993-12-20 16:00:00-05:00,0.0,14.125,14.0,14.0,1200
1993-12-21 16:00:00-05:00,0.0,14.0,14.0,14.0,400
1993-12-22 16:00:00-05:00,0.0,14.0,14.0,14.0,1200
1993-12-23 16:00:00-05:00,0.0,14.125,13.875,14.125,900
1993-12-27 16:00:00-05:00,0.0,0.0,0.0,14.125,0
1993-12-28 16:00:00-05:00,0.0,14.0,13.875,14.0,1200
1993-12-29 16:00:00-05:00,0.0,0.0,0.0,14.0,0
1993-12-30 16:00:00-05:00,0.0,14.25,14.0,14.125,1600
1993-12-31 16:00:00-05:00,0.0,14.125,14.0,14.125,1000
1994-01-03 16:00:00-05:00,0.0,0.0,0.0,14.125,0
1994-01-04 16:00:00-05:00,0.0,0.0,0.0,14.125,0
1994-01-05 16:00:00-05:00,0.0,14.125,14.0,14.0,600
1994-01-06 16:00:00-05:00,0.0,14.375,14.125,14.375,700
1994-01-07 16:00:00-05:00,0.0,0.0,0.0,14.375,0
1994-01-10 16:00:00-05:00,0.0,14.5,14.375,14.375,500
1994-01-11 16:00:00-05:00,0.0,14.25,14.25,14.25,500
1994-01-12 16:00:00-05:00,0.0,14.375,14.375,14.375,200
1994-01-13 16:00:00-05:00,0.0,0.0,0.0,14.375,0
1994-01-14 16:00:00-05:00,0.0,14.5,14.25,14.5,400
1994-01-17 16:00:00-05:00,0.0,14.625,14.625,14.625,100
1994-01-18 16:00:00-05:00,0.0,14.875,14.875,14.875,300
1994-01-19 16:00:00-05:00,0.0,14.625,14.625,14.625,1600
1994-01-20 16:00:00-05:00,0.0,14.625,14.625,14.625,100
1994-01-21 16:00:00-05:00,0.0,14.625,14.5,14.625,400
1994-01-24 16:00:00-05:00,0.0,0.0,0.0,14.625,0
1994-01-25 16:00:00-05:00,0.0,14.625,14.625,14.625,800
1994-01-26 16:00:00-05:00,0.0,14.875,14.875,14.875,300
1994-01-27 16:00:00-05:00,0.0,15.25,14.875,14.875,4800
1994-01-28 16:00:00-05:00,0.0,15.125,15.125,15.125,800
1994-01-31 16:00:00-05:00,0.0,15.0,15.0,15.0,700
1994-02-01 16:00:00-05:00,0.0,0.0,0.0,15.0,0
1994-02-02 16:00:00-05:00,0.0,0.0,0.0,15.0,0
1994-02-03 16:00:00-05:00,0.0,14.875,14.75,14.875,1400
1994-02-04 16:00:00-05:00,0.0,0.0,0.0,14.875,0
1994-02-07 16:00:00-05:00,0.0,14.875,14.625,14.875,800
1994-02-08 16:00:00-05:00,0.0,14.625,14.625,14.625,200
1994-02-09 16:00:00-05:00,0.0,14.5,14.5,14.5,900
1994-02-10 16:00:00-05:00,0.0,14.5,14.375,14.375,1800
1994-02-11 16:00:00-05:00,0.0,0.0,0.0,14.375,0
1994-02-14 16:00:00-05:00,0.0,0.0,0.0,14.375,0
1994-02-15 16:00:00-05:00,0.0,0.0,0.0,14.375,0
1994-02-16 16:00:00-05:00,0.0,0.0,0.0,14.375,0
1994-02-17 16:00:00-05:00,0.0,0.0,0.0,14.375,0
1994-02-18 16:00:00-05:00,0.0,14.25,14.125,14.25,500
1994-02-22 16:00:00-05:00,0.0,14.0,13.875,13.875,500
1994-02-23 16:00:00-05:00,0.0,0.0,0.0,13.875,0
1994-02-24 16:00:00-05:00,0.0,13.875,13.625,13.625,900
1994-02-25 16:00:00-05:00,0.0,14.0,13.875,14.0,600
1994-02-28 16:00:00-05:00,0.0,14.25,14.0,14.25,1200
1994-03-01 16:00:00-05:00,0.0,0.0,0.0,14.25,0
1994-03-02 16:00:00-05:00,0.0,0.0,0.0,14.25,0
1994-03-03 16:00:00-05:00,0.0,14.0,14.0,14.0,600
1994-03-04 16:00:00-05:00,0.0,0.0,0.0,14.0,0
1994-03-07 16:00:00-05:00,0.0,14.25,14.25,14.25,100
1994-03-08 16:00:00-05:00,0.0,0.0,0.0,14.25,0
1994-03-09 16:00:00-05:00,0.0,14.25,14.0,14.25,600
1994-03-10 16:00:00-05:00,0.0,0.0,0.0,14.25,0
1994-03-11 16:00:00-05:00,0.0,0.0,0.0,14.25,0
1994-03-14 16:00:00-05:00,0.0,14.25,14.125,14.25,2500
1994-03-15 16:00:00-05:00,0.0,14.375,14.375,14.375,1000
1994-03-16 16:00:00-05:00,0.0,0.0,0.0,14.375,0
1994-03-17 16:00:00-05:00,0.0,0.0,0.0,14.375,0
1994-03-18 16:00:00-05:00,0.0,14.625,14.5,14.625,600
1994-03-21 16:00:00-05:00,0.0,14.75,14.75,14.75,200
1994-03-22 16:00:00-05:00,0.0,14.75,14.75,14.75,300
1994-03-23 16:00:00-05:00,0.0,14.875,14.875,14.875,200
1994-03-24 16:00:00-05:00,0.0,14.625,14.5,14.5,1000
1994-03-25 16:00:00-05:00,0.0,14.75,14.625,14.75,500
1994-03-28 16:00:00-05:00,0.0,14.875,14.625,14.875,500
1994-03-29 16:00:00-05:00,0.0,0.0,0.0,14.875,0
1994-03-30 16:00:00-05:00,0.0,14.625,14.0,14.0,2500
1994-03-31 16:00:00-05:00,0.0,14.125,14.125,14.125,600
1994-04-04 16:00:00-04:00,0.0,0.0,0.0,14.125,0
1994-04-05 16:00:00-04:00,0.0,0.0,0.0,14.125,0
1994-04-06 16:00:00-04:00,0.0,0.0,0.0,14.125,0
1994-04-07 16:00:00-04:00,0.0,0.0,0.0,14.125,0
1994-04-08 16:00:00-04:00,0.0,0.0,0.0,14.125,0
1994-04-11 16:00:00-04:00,0.0,0.0,0.0,14.125,0
1994-04-12 16:00:00-04:00,0.0,0.0,0.0,14.125,0
1994-04-13 16:00:00-04:00,0.0,14.0,14.0,14.0,400
1994-04-14 16:00:00-04:00,0.0,13.875,13.875,13.875,200
1994-04-15 16:00:00-04:00,0.0,0.0,0.0,13.875,0
1994-04-18 16:00:00-04:00,0.0,14.0,13.75,13.75,1200
1994-04-19 16:00:00-04:00,0.0,0.0,0.0,13.75,0
1994-04-20 16:00:00-04:00,0.0,0.0,0.0,13.75,0
1994-04-21 16:00:00-04:00,0.0,13.875,13.875,13.875,300
1994-04-22 16:00:00-04:00,0.0,0.0,0.0,13.875,0
1994-04-25 16:00:00-04:00,0.0,13.75,13.75,13.75,100
1994-04-26 16:00:00-04:00,0.0,0.0,0.0,13.75,0
1994-04-28 16:00:00-04:00,0.0,0.0,0.0,13.75,0
1994-04-29 16:00:00-04:00,0.0,0.0,0.0,13.75,0
1994-05-02 16:00:00-04:00,0.0,0.0,0.0,13.75,0
1994-05-03 16:00:00-04:00,0.0,13.875,13.875,13.875,300
1994-05-04 16:00:00-04:00,0.0,0.0,0.0,13.875,0
1994-05-05 16:00:00-04:00,0.0,13.75,13.75,13.75,500
1994-05-06 16:00:00-04:00,0.0,0.0,0.0,13.75,0
1994-05-09 16:00:00-04:00,0.0,13.625,13.625,13.625,300
1994-05-10 16:00:00-04:00,0.0,0.0,0.0,13.625,0
1994-05-11 16:00:00-04:00,0.0,0.0,0.0,13.625,0
1994-05-12 16:00:00-04:00,0.0,0.0,0.0,13.625,0
1994-05-13 16:00:00-04:00,0.0,13.625,13.625,13.625,600
1994-05-16 16:00:00-04:00,0.0,13.5,13.5,13.5,500
1994-05-17 16:00:00-04:00,0.0,0.0,0.0,13.5,0
1994-05-18 16:00:00-04:00,0.0,0.0,0.0,13.5,0
1994-05-19 16:00:00-04:00,0.0,0.0,0.0,13.5,0
1994-05-20 16:00:00-04:00,0.0,0.0,0.0,13.5,0
1994-05-23 16:00:00-04:00,0.0,13.375,13.375,13.375,800
1994-05-24 16:00:00-04:00,0.0,0.0,0.0,13.375,0
1994-05-25 16:00:00-04:00,0.0,0.0,0.0,13.375,0
1994-05-26 16:00:00-04:00,0.0,0.0,0.0,13.375,0
1994-05-27 16:00:00-04:00,0.0,13.5,13.5,13.5,500
1994-05-31 16:00:00-04:00,0.0,13.5,13.5,13.5,500
1994-06-01 16:00:00-04:00,0.0,13.75,13.625,13.625,700
1994-06-02 16:00:00-04:00,0.0,14.0,13.875,14.0,2300
1994-06-03 16:00:00-04:00,0.0,0.0,0.0,14.0,0
1994-06-06 16:00:00-04:00,0.0,0.0,0.0,14.0,0
1994-06-07 16:00:00-04:00,0.0,0.0,0.0,14.0,0
1994-06-08 16:00:00-04:00,0.0,0.0,0.0,14.0,0
1994-06-09 16:00:00-04:00,0.0,14.125,13.875,13.875,200
1994-06-10 16:00:00-04:00,0.0,14.0,14.0,14.0,1000
1994-06-13 16:00:00-04:00,0.0,13.875,13.875,13.875,100
1994-06-14 16:00:00-04:00,0.0,14.125,14.125,14.125,100
1994-06-15 16:00:00-04:00,0.0,0.0,0.0,14.125,0
1994-06-16 16:00:00-04:00,0.0,13.875,13.875,13.875,1000
1994-06-17 16:00:00-04:00,0.0,14.0,13.75,14.0,1200
1994-06-20 16:00:00-04:00,0.0,14.25,14.25,14.25,1000
1994-06-21 16:00:00-04:00,0.0,14.0,14.0,14.0,1000
1994-06-22 16:00:00-04:00,0.0,14.0,14.0,14.0,300
1994-06-23 16:00:00-04:00,0.0,14.25,14.25,14.25,400
1994-06-24 16:00:00-04:00,0.0,14.0,14.0,14.0,300
1994-06-27 16:00:00-04:00,0.0,0.0,0.0,14.0,0
1994-06-28 16:00:00-04:00,0.0,14.125,13.875,14.125,1000
1994-06-29 16:00:00-04:00,0.0,14.0,14.0,14.0,100
1994-06-30 16:00:00-04:00,0.0,14.25,13.875,14.25,600
1994-07-01 16:00:00-04:00,0.0,14.0,14.0,14.0,300
1994-07-05 16:00:00-04:00,0.0,14.25,14.25,14.25,100
1994-07-06 16:00:00-04:00,0.0,0.0,0.0,14.25,0
1994-07-07 16:00:00-04:00,0.0,14.375,14.375,14.375,400
1994-07-08 16:00:00-04:00,0.0,14.25,14.25,14.25,200
1994-07-11 16:00:00-04:00,0.0,0.0,0.0,14.25,0
1994-07-12 16:00:00-04:00,0.0,14.5,14.375,14.5,600
1994-07-13 16:00:00-04:00,0.0,0.0,0.0,14.5,0
1994-07-14 16:00:00-04:00,0.0,0.0,0.0,14.5,0
1994-07-15 16:00:00-04:00,0.0,0.0,0.0,14.5,0
1994-07-18 16:00:00-04:00,0.0,14.625,14.625,14.625,200
1994-07-19 16:00:00-04:00,0.0,0.0,0.0,14.625,0
1994-07-20 16:00:00-04:00,0.0,14.75,14.75,14.75,200
1994-07-21 16:00:00-04:00,0.0,0.0,0.0,14.75,0
1994-07-22 16:00:00-04:00,0.0,14.875,14.875,14.875,200
1994-07-25 16:00:00-04:00,0.0,0.0,0.0,14.875,0
1994-07-26 16:00:00-04:00,0.0,0.0,0.0,14.875,0
1994-07-27 16:00:00-04:00,0.0,14.625,14.5,14.5,1200
1994-07-28 16:00:00-04:00,0.0,14.5,14.5,14.5,200
1994-07-29 16:00:00-04:00,0.0,14.5,14.5,14.5,100
1994-08-01 16:00:00-04:00,0.0,14.25,14.125,14.125,700
1994-08-02 16:00:00-04:00,0.0,14.125,14.125,14.125,300
1994-08-03 16:00:00-04:00,0.0,14.125,14.125,14.125,200
1994-08-04 16:00:00-04:00,0.0,0.0,0.0,14.125,0
1994-08-05 16:00:00-04:00,0.0,14.0,14.0,14.0,500
1994-08-08 16:00:00-04:00,0.0,0.0,0.0,14.0,0
1994-08-09 16:00:00-04:00,0.0,14.125,14.0,14.125,1600
1994-08-10 16:00:00-04:00,0.0,13.875,13.75,13.75,2000
1994-08-11 16:00:00-04:00,0.0,13.875,13.875,13.875,1000
1994-08-12 16:00:00-04:00,0.0,13.75,13.75,13.75,100
1994-08-15 16:00:00-04:00,0.0,13.875,13.875,13.875,100
1994-08-16 16:00:00-04:00,0.0,0.0,0.0,13.875,0
1994-08-17 16:00:00-04:00,0.0,13.875,13.875,13.875,1300
1994-08-18 16:00:00-04:00,0.0,0.0,0.0,13.875,0
1994-08-19 16:00:00-04:00,0.0,13.75,13.75,13.75,100
1994-08-22 16:00:00-04:00,0.0,0.0,0.0,13.75,0
1994-08-23 16:00:00-04:00,0.0,13.75,13.75,13.75,400
1994-08-24 16:00:00-04:00,0.0,13.875,13.875,13.875,300
1994-08-25 16:00:00-04:00,0.0,13.75,13.75,13.75,400
1994-08-26 16:00:00-04:00,0.0,0.0,0.0,13.75,0
1994-08-29 16:00:00-04:00,0.0,14.0,13.875,14.0,400
1994-08-30 16:00:00-04:00,0.0,0.0,0.0,14.0,0
1994-08-31 16:00:00-04:00,0.0,13.875,13.875,13.875,200
1994-09-01 16:00:00-04:00,0.0,14.0,13.75,13.75,2400
1994-09-02 16:00:00-04:00,0.0,14.0,13.875,13.875,600
1994-09-06 16:00:00-04:00,0.0,0.0,0.0,13.875,0
1994-09-07 16:00:00-04:00,0.0,0.0,0.0,13.875,0
1994-09-08 16:00:00-04:00,0.0,14.0,14.0,14.0,500
1994-09-09 16:00:00-04:00,0.0,0.0,0.0,14.0,0
1994-09-12 16:00:00-04:00,0.0,0.0,0.0,14.0,0
1994-09-13 16:00:00-04:00,0.0,14.0626,14.0,14.0626,2100
1994-09-14 16:00:00-04:00,0.0,14.125,13.875,14.125,1600
1994-09-15 16:00:00-04:00,0.0,14.125,14.125,14.125,100
1994-09-16 16:00:00-04:00,0.0,0.0,0.0,14.125,0
1994-09-19 16:00:00-04:00,0.0,14.0,14.0,14.0,100
1994-09-20 16:00:00-04:00,0.0,14.0,13.875,14.0,3500
1994-09-21 16:00:00-04:00,0.0,14.0,14.0,14.0,1000
1994-09-22 16:00:00-04:00,0.0,14.0,13.875,13.875,500
1994-09-23 16:00:00-04:00,0.0,13.75,13.625,13.75,4300
1994-09-26 16:00:00-04:00,0.0,13.875,13.625,13.875,600
1994-09-27 16:00:00-04:00,0.0,13.875,13.875,13.875,200
1994-09-28 16:00:00-04:00,0.0,13.875,13.875,13.875,200
1994-09-29 16:00:00-04:00,0.0,13.625,13.375,13.375,6500
1994-09-30 16:00:00-04:00,0.0,13.875,13.5,13.875,3500
1994-10-03 16:00:00-04:00,0.0,14.0,13.875,14.0,500
1994-10-04 16:00:00-04:00,0.0,0.0,0.0,14.0,0
1994-10-05 16:00:00-04:00,0.0,14.0,14.0,14.0,200
1994-10-06 16:00:00-04:00,0.0,14.0,13.875,13.875,400
1994-10-07 16:00:00-04:00,0.0,14.0,13.875,14.0,1700
1994-10-10 16:00:00-04:00,0.0,0.0,0.0,14.0,0
1994-10-11 16:00:00-04:00,0.0,14.0,13.9376,14.0,3800
1994-10-12 16:00:00-04:00,0.0,14.125,14.0,14.125,300
1994-10-13 16:00:00-04:00,0.0,13.875,13.875,13.875,500
1994-10-14 16:00:00-04:00,0.0,0.0,0.0,13.875,0
1994-10-17 16:00:00-04:00,0.0,14.0,14.0,14.0,1000
1994-10-18 16:00:00-04:00,0.0,14.0,14.0,14.0,1000
1994-10-19 16:00:00-04:00,0.0,0.0,0.0,14.0,0
1994-10-20 16:00:00-04:00,0.0,14.0,14.0,14.0,500
1994-10-21 16:00:00-04:00,0.0,14.25,14.0,14.0,2200
1994-10-24 16:00:00-04:00,0.0,13.75,13.375,13.75,2200
1994-10-25 16:00:00-04:00,0.0,0.0,0.0,13.75,0
1994-10-26 16:00:00-04:00,0.0,0.0,0.0,13.75,0
1994-10-27 16:00:00-04:00,0.0,0.0,0.0,13.75,0
1994-10-28 16:00:00-04:00,0.0,13.75,13.625,13.625,1100
1994-10-31 16:00:00-05:00,0.0,0.0,0.0,13.625,0
1994-11-01 16:00:00-05:00,0.0,0.0,0.0,13.625,0
1994-11-02 16:00:00-05:00,0.0,0.0,0.0,13.625,0
1994-11-03 16:00:00-05:00,0.0,0.0,0.0,13.625,0
1994-11-04 16:00:00-05:00,0.0,13.625,13.625,13.625,100
1994-11-07 16:00:00-05:00,0.0,0.0,0.0,13.625,0
1994-11-08 16:00:00-05:00,0.0,13.5,13.5,13.5,700
1994-11-09 16:00:00-05:00,0.0,0.0,0.0,13.5,0
1994-11-10 16:00:00-05:00,0.0,13.625,13.375,13.625,1600
1994-11-11 16:00:00-05:00,0.0,13.75,13.5,13.5,200
1994-11-14 16:00:00-05:00,0.0,13.375,13.375,13.375,200
1994-11-15 16:00:00-05:00,0.0,13.375,13.25,13.375,1100
1994-11-16 16:00:00-05:00,0.0,13.5,13.375,13.5,300
1994-11-17 16:00:00-05:00,0.0,13.75,13.375,13.75,2000
1994-11-18 16:00:00-05:00,0.0,0.0,0.0,13.75,0
1994-11-21 16:00:00-05:00,0.0,13.5,13.5,13.5,500
1994-11-22 16:00:00-05:00,0.0,0.0,0.0,13.5,0
1994-11-23 16:00:00-05:00,0.0,13.375,13.375,13.375,100
1994-11-25 16:00:00-05:00,0.0,13.375,13.375,13.375,100
1994-11-28 16:00:00-05:00,0.0,13.25,13.25,13.25,300
1994-11-29 16:00:00-05:00,0.0,0.0,0.0,13.25,0
1994-11-30 16:00:00-05:00,0.0,13.125,13.125,13.125,200
1994-12-01 16:00:00-05:00,0.0,13.125,13.125,13.125,100
1994-12-02 16:00:00-05:00,0.0,13.125,13.125,13.125,100
1994-12-05 16:00:00-05:00,0.0,0.0,0.0,13.125,0
1994-12-06 16:00:00-05:00,0.0,0.0,0.0,13.125,0
1994-12-07 16:00:00-05:00,0.0,0.0,0.0,13.125,0
1994-12-08 16:00:00-05:00,0.0,13.125,13.125,13.125,300
1994-12-09 16:00:00-05:00,0.0,13.125,13.125,13.125,400
1994-12-12 16:00:00-05:00,0.0,0.0,0.0,13.125,0
1994-12-13 16:00:00-05:00,0.0,13.125,13.0,13.0,1200
1994-12-14 16:00:00-05:00,0.0,13.5,13.25,13.5,2000
1994-12-15 16:00:00-05:00,0.0,13.5,13.5,13.5,400
1994-12-16 16:00:00-05:00,0.0,0.0,0.0,13.5,0
1994-12-19 16:00:00-05:00,0.0,13.625,13.625,13.625,200
1994-12-20 16:00:00-05:00,0.0,13.75,13.5,13.5,700
1994-12-21 16:00:00-05:00,0.0,0.0,0.0,13.5,0
1994-12-22 16:00:00-05:00,0.0,13.375,13.375,13.375,200
1994-12-23 16:00:00-05:00,0.0,13.25,13.25,13.25,800
1994-12-27 16:00:00-05:00,0.0,0.0,0.0,13.25,0
1994-12-28 16:00:00-05:00,0.0,13.0,12.625,12.625,2700
1994-12-29 16:00:00-05:00,0.0,12.625,12.5,12.5,500
1994-12-30 16:00:00-05:00,0.0,12.5,12.5,12.5,2600
1995-01-03 16:00:00-05:00,0.0,12.75,12.75,12.75,100
1995-01-04 16:00:00-05:00,0.0,0.0,0.0,12.75,0
1995-01-05 16:00:00-05:00,0.0,12.875,12.875,12.875,300
1995-01-06 16:00:00-05:00,0.0,12.75,12.625,12.625,500
1995-01-09 16:00:00-05:00,0.0,12.625,12.625,12.625,100
1995-01-10 16:00:00-05:00,0.0,0.0,0.0,12.625,0
1995-01-11 16:00:00-05:00,0.0,0.0,0.0,12.625,0
1995-01-12 16:00:00-05:00,0.0,0.0,0.0,12.625,0
1995-01-13 16:00:00-05:00,0.0,0.0,0.0,12.625,0
1995-01-16 16:00:00-05:00,0.0,12.75,12.5,12.75,1100
1995-01-17 16:00:00-05:00,0.0,13.0,12.875,12.875,1200
1995-01-18 16:00:00-05:00,0.0,0.0,0.0,12.875,0
1995-01-19 16:00:00-05:00,0.0,0.0,0.0,12.875,0
1995-01-20 16:00:00-05:00,0.0,13.0,13.0,13.0,1000
1995-01-23 16:00:00-05:00,0.0,13.125,13.125,13.125,100
1995-01-24 16:00:00-05:00,0.0,0.0,0.0,13.125,0
1995-01-25 16:00:00-05:00,0.0,0.0,0.0,13.125,0
1995-01-26 16:00:00-05:00,0.0,0.0,0.0,13.125,0
1995-01-27 16:00:00-05:00,0.0,0.0,0.0,13.125,0
1995-01-30 16:00:00-05:00,0.0,13.0,13.0,13.0,200
1995-01-31 16:00:00-05:00,0.0,13.25,13.25,13.25,200
1995-02-01 16:00:00-05:00,0.0,13.0,12.875,12.875,1000
1995-02-02 16:00:00-05:00,0.0,13.0,12.875,12.875,400
1995-02-03 16:00:00-05:00,0.0,12.75,12.75,12.75,100
1995-02-06 16:00:00-05:00,0.0,0.0,0.0,12.75,0
1995-02-07 16:00:00-05:00,0.0,12.625,12.5,12.5,6900
1995-02-08 16:00:00-05:00,0.0,12.5,12.5,12.5,2000
1995-02-09 16:00:00-05:00,0.0,0.0,0.0,12.5,0
1995-02-10 16:00:00-05:00,0.0,12.625,12.5,12.625,8400
1995-02-13 16:00:00-05:00,0.0,12.5,12.5,12.5,2000
1995-02-14 16:00:00-05:00,0.0,12.5,12.5,12.5,7000
1995-02-15 16:00:00-05:00,0.0,12.375,12.25,12.375,3700
1995-02-16 16:00:00-05:00,0.0,0.0,0.0,12.375,0
1995-02-17 16:00:00-05:00,0.0,12.5,12.375,12.5,1500
1995-02-21 16:00:00-05:00,0.0,0.0,0.0,12.5,0
1995-02-22 16:00:00-05:00,0.0,0.0,0.0,12.5,0
1995-02-23 16:00:00-05:00,0.0,0.0,0.0,12.5,0
1995-02-24 16:00:00-05:00,0.0,12.25,12.25,12.25,200
1995-02-27 16:00:00-05:00,0.0,12.5,12.5,12.5,2000
1995-02-28 16:00:00-05:00,0.0,12.625,12.5,12.5,1100
1995-03-01 16:00:00-05:00,0.0,12.25,12.25,12.25,300
1995-03-02 16:00:00-05:00,0.0,12.375,12.375,12.375,2100
1995-03-03 16:00:00-05:00,0.0,0.0,0.0,12.375,0
1995-03-06 16:00:00-05:00,0.0,0.0,0.0,12.375,0
1995-03-07 16:00:00-05:00,0.0,0.0,0.0,12.375,0
1995-03-08 16:00:00-05:00,0.0,0.0,0.0,12.375,0
1995-03-09 16:00:00-05:00,0.0,12.25,12.0,12.0,2100
1995-03-10 16:00:00-05:00,0.0,12.125,12.0,12.0,11500
1995-03-13 16:00:00-05:00,0.0,12.0,12.0,12.0,62600
1995-03-14 16:00:00-05:00,0.0,12.0,11.625,11.625,6500
1995-03-15 16:00:00-05:00,0.0,12.0,11.875,12.0,2100
1995-03-16 16:00:00-05:00,0.0,12.5,12.125,12.5,4100
1995-03-17 16:00:00-05:00,0.0,12.25,12.125,12.125,2500
1995-03-20 16:00:00-05:00,0.0,12.25,12.0,12.0,13600
1995-03-21 16:00:00-05:00,0.0,12.375,12.25,12.25,1100
1995-03-22 16:00:00-05:00,0.0,12.125,12.0,12.0,13500
1995-03-23 16:00:00-05:00,0.0,12.0,12.0,12.0,500
1995-03-24 16:00:00-05:00,0.0,12.0,12.0,12.0,400
1995-03-27 16:00:00-05:00,0.0,12.5,12.0,12.5,1800
1995-03-28 16:00:00-05:00,0.0,12.5,12.5,12.5,500
1995-03-29 16:00:00-05:00,0.0,12.75,12.5,12.75,1200
1995-03-30 16:00:00-05:00,0.0,12.75,12.5,12.75,600
1995-03-31 16:00:00-05:00,0.0,0.0,0.0,12.75,0
1995-04-03 16:00:00-04:00,0.0,0.0,0.0,12.75,0
1995-04-04 16:00:00-04:00,0.0,12.75,12.5,12.75,1500
1995-04-05 16:00:00-04:00,0.0,0.0,0.0,12.75,0
1995-04-06 16:00:00-04:00,0.0,0.0,0.0,12.75,0
1995-04-07 16:00:00-04:00,0.0,12.625,12.5,12.5,600
1995-04-10 16:00:00-04:00,0.0,0.0,0.0,12.5,0
1995-04-11 16:00:00-04:00,0.0,13.375,12.75,13.375,5500
1995-04-12 16:00:00-04:00,0.0,13.125,13.125,13.125,100
1995-04-13 16:00:00-04:00,0.0,13.375,13.25,13.375,1500
1995-04-17 16:00:00-04:00,0.0,0.0,0.0,13.375,0
1995-04-18 16:00:00-04:00,0.0,0.0,0.0,13.375,0
1995-04-19 16:00:00-04:00,0.0,13.125,13.125,13.125,500
1995-04-20 16:00:00-04:00,0.0,0.0,0.0,13.125,0
1995-04-21 16:00:00-04:00,0.0,13.0,12.875,13.0,1800
1995-04-24 16:00:00-04:00,0.0,13.125,13.125,13.125,600
1995-04-25 16:00:00-04:00,0.0,13.125,13.0,13.0,1400
1995-04-26 16:00:00-04:00,0.0,13.0,13.0,13.0,100
1995-04-27 16:00:00-04:00,0.0,0.0,0.0,13.0,0
1995-04-28 16:00:00-04:00,0.0,13.25,13.25,13.25,600
1995-05-01 16:00:00-04:00,0.0,13.375,13.25,13.375,1000
1995-05-02 16:00:00-04:00,0.0,0.0,0.0,13.375,0
1995-05-03 16:00:00-04:00,0.0,13.375,13.125,13.375,1300
1995-05-04 16:00:00-04:00,0.0,0.0,0.0,13.375,0
1995-05-05 16:00:00-04:00,0.0,13.625,13.375,13.375,5600
1995-05-08 16:00:00-04:00,0.0,13.25,13.25,13.25,1000
1995-05-09 16:00:00-04:00,0.0,0.0,0.0,13.25,0
1995-05-10 16:00:00-04:00,0.0,13.25,13.25,13.25,100
1995-05-11 16:00:00-04:00,0.0,0.0,0.0,13.25,0
1995-05-12 16:00:00-04:00,0.0,13.125,13.0,13.0,3400
1995-05-15 16:00:00-04:00,0.0,12.875,12.75,12.75,800
1995-05-16 16:00:00-04:00,0.0,12.75,12.75,12.75,200
1995-05-17 16:00:00-04:00,0.0,0.0,0.0,12.75,0
1995-05-18 16:00:00-04:00,0.0,12.875,12.875,12.875,400
1995-05-19 16:00:00-04:00,0.0,0.0,0.0,12.875,0
1995-05-22 16:00:00-04:00,0.0,0.0,0.0,12.875,0
1995-05-23 16:00:00-04:00,0.0,12.75,12.5,12.5,900
1995-05-24 16:00:00-04:00,0.0,12.625,12.625,12.625,100
1995-05-25 16:00:00-04:00,0.0,0.0,0.0,12.625,0
1995-05-26 16:00:00-04:00,0.0,12.75,12.75,12.75,3200
1995-05-30 16:00:00-04:00,0.0,0.0,0.0,12.75,0
1995-05-31 16:00:00-04:00,0.0,0.0,0.0,12.75,0
1995-06-01 16:00:00-04:00,0.0,0.0,0.0,12.75,0
1995-06-02 16:00:00-04:00,0.0,0.0,0.0,12.75,0
1995-06-05 16:00:00-04:00,0.0,12.75,12.625,12.625,1000
1995-06-06 16:00:00-04:00,0.0,12.75,12.75,12.75,100
1995-06-07 16:00:00-04:00,0.0,0.0,0.0,12.75,0
1995-06-08 16:00:00-04:00,0.0,12.625,11.25,11.25,1300
1995-06-09 16:00:00-04:00,0.0,12.5,12.5,12.5,500
1995-06-12 16:00:00-04:00,0.0,12.375,12.375,12.375,1300
1995-06-13 16:00:00-04:00,0.0,12.75,12.5,12.75,600
1995-06-14 16:00:00-04:00,0.0,0.0,0.0,12.75,0
1995-06-15 16:00:00-04:00,0.0,12.625,12.375,12.625,700
1995-06-16 16:00:00-04:00,0.0,12.375,12.375,12.375,800
1995-06-19 16:00:00-04:00,0.0,12.625,12.375,12.375,600
1995-06-20 16:00:00-04:00,0.0,12.375,12.25,12.375,5300
1995-06-21 16:00:00-04:00,0.0,12.375,12.375,12.375,1400
1995-06-22 16:00:00-04:00,0.0,12.75,12.5,12.75,2000
1995-06-23 16:00:00-04:00,0.0,12.75,12.75,12.75,3500
1995-06-26 16:00:00-04:00,0.0,12.625,12.625,12.625,17000
1995-06-27 16:00:00-04:00,0.0,12.875,12.625,12.625,5900
1995-06-28 16:00:00-04:00,0.0,12.875,12.75,12.875,2500
1995-06-29 16:00:00-04:00,0.0,12.875,12.875,12.875,100
1995-06-30 16:00:00-04:00,0.0,13.0,13.0,13.0,2400
1995-07-03 16:00:00-04:00,0.0,0.0,0.0,13.0,0
1995-07-05 16:00:00-04:00,0.0,13.0,13.0,13.0,100
1995-07-06 16:00:00-04:00,0.0,0.0,0.0,13.0,0
1995-07-07 16:00:00-04:00,0.0,0.0,0.0,13.0,0
1995-07-10 16:00:00-04:00,0.0,13.75,13.125,13.75,4500
1995-07-11 16:00:00-04:00,0.0,0.0,0.0,13.75,0
1995-07-12 16:00:00-04:00,0.0,14.0,14.0,14.0,700
1995-07-13 16:00:00-04:00,0.0,0.0,0.0,14.0,0
1995-07-14 16:00:00-04:00,0.0,13.875,13.75,13.75,1300
1995-07-17 16:00:00-04:00,0.0,14.0,14.0,14.0,1000
1995-07-18 16:00:00-04:00,0.0,14.0,13.875,13.875,1700
1995-07-19 16:00:00-04:00,0.0,13.875,13.75,13.875,4500
1995-07-20 16:00:00-04:00,0.0,14.0,13.75,14.0,3000
1995-07-21 16:00:00-04:00,0.0,14.0,14.0,14.0,1000
1995-07-24 16:00:00-04:00,0.0,0.0,0.0,14.0,0
1995-07-25 16:00:00-04:00,0.0,0.0,0.0,14.0,0
1995-07-26 16:00:00-04:00,0.0,13.75,13.75,13.75,6100
1995-07-27 16:00:00-04:00,0.0,0.0,0.0,13.75,0
1995-07-28 16:00:00-04:00,0.0,0.0,0.0,13.75,0
1995-07-31 16:00:00-04:00,0.0,0.0,0.0,13.75,0
1995-08-01 16:00:00-04:00,0.0,14.0,14.0,14.0,1000
1995-08-02 16:00:00-04:00,0.0,14.0,14.0,14.0,1400
1995-08-03 16:00:00-04:00,0.0,0.0,0.0,14.0,0
1995-08-04 16:00:00-04:00,0.0,0.0,0.0,14.0,0
1995-08-07 16:00:00-04:00,0.0,0.0,0.0,14.0,0
1995-08-08 16:00:00-04:00,0.0,0.0,0.0,14.0,0
1995-08-09 16:00:00-04:00,0.0,14.125,14.125,14.125,300
1995-08-10 16:00:00-04:00,0.0,0.0,0.0,14.125,0
1995-08-11 16:00:00-04:00,0.0,0.0,0.0,14.125,0
1995-08-14 16:00:00-04:00,0.0,0.0,0.0,14.125,0
1995-08-15 16:00:00-04:00,0.0,14.25,14.25,14.25,200
1995-08-16 16:00:00-04:00,0.0,0.0,0.0,14.25,0
1995-08-17 16:00:00-04:00,0.0,0.0,0.0,14.25,0
1995-08-18 16:00:00-04:00,0.0,0.0,0.0,14.25,0
1995-08-21 16:00:00-04:00,0.0,0.0,0.0,14.25,0
1995-08-22 16:00:00-04:00,0.0,14.125,14.125,14.125,200
1995-08-23 16:00:00-04:00,0.0,14.25,14.25,14.25,200
1995-08-24 16:00:00-04:00,0.0,14.25,14.25,14.25,100
1995-08-25 16:00:00-04:00,0.0,14.125,14.125,14.125,1000
1995-08-28 16:00:00-04:00,0.0,14.25,14.25,14.25,200
1995-08-29 16:00:00-04:00,0.0,0.0,0.0,14.25,0
1995-08-30 16:00:00-04:00,0.0,0.0,0.0,14.25,0
1995-08-31 16:00:00-04:00,0.0,0.0,0.0,14.25,0
1995-09-01 16:00:00-04:00,0.0,14.25,14.25,14.25,200
1995-09-05 16:00:00-04:00,0.0,14.0,14.0,14.0,100
1995-09-06 16:00:00-04:00,0.0,0.0,0.0,14.0,0
1995-09-07 16:00:00-04:00,0.0,0.0,0.0,14.0,0
1995-09-08 16:00:00-04:00,0.0,0.0,0.0,14.0,0
1995-09-11 16:00:00-04:00,0.0,0.0,0.0,14.0,0
1995-09-12 16:00:00-04:00,0.0,0.0,0.0,14.0,0
1995-09-13 16:00:00-04:00,0.0,13.75,13.75,13.75,5300
1995-09-14 16:00:00-04:00,0.0,14.25,14.0,14.25,4700
1995-09-15 16:00:00-04:00,0.0,0.0,0.0,14.25,0
1995-09-18 16:00:00-04:00,0.0,14.25,14.25,14.25,100
1995-09-19 16:00:00-04:00,0.0,14.25,14.125,14.125,300
1995-09-20 16:00:00-04:00,0.0,14.25,14.25,14.25,800
1995-09-21 16:00:00-04:00,0.0,14.125,14.125,14.125,100
1995-09-22 16:00:00-04:00,0.0,0.0,0.0,14.125,0
1995-09-25 16:00:00-04:00,0.0,14.25,14.0,14.25,1500
1995-09-26 16:00:00-04:00,0.0,0.0,0.0,14.25,0
1995-09-27 16:00:00-04:00,0.0,0.0,0.0,14.25,0
1995-09-28 16:00:00-04:00,0.0,0.0,0.0,14.25,0
1995-09-29 16:00:00-04:00,0.0,0.0,0.0,14.25,0
1995-10-02 16:00:00-04:00,0.0,0.0,0.0,14.25,0
1995-10-03 16:00:00-04:00,0.0,0.0,0.0,14.25,0
1995-10-04 16:00:00-04:00,0.0,0.0,0.0,14.25,0
1995-10-05 16:00:00-04:00,0.0,14.0,14.0,14.0,200
1995-10-06 16:00:00-04:00,0.0,0.0,0.0,14.0,0
1995-10-09 16:00:00-04:00,0.0,14.125,13.875,14.125,400
1995-10-10 16:00:00-04:00,0.0,0.0,0.0,14.125,0
1995-10-11 16:00:00-04:00,0.0,13.875,13.875,13.875,400
1995-10-12 16:00:00-04:00,0.0,14.0,14.0,14.0,200
1995-10-13 16:00:00-04:00,0.0,0.0,0.0,14.0,0
1995-10-16 16:00:00-04:00,0.0,13.875,13.875,13.875,200
1995-10-17 16:00:00-04:00,0.0,0.0,0.0,13.875,0
1995-10-18 16:00:00-04:00,0.0,0.0,0.0,13.875,0
1995-10-19 16:00:00-04:00,0.0,14.0,14.0,14.0,1200
1995-10-20 16:00:00-04:00,0.0,0.0,0.0,14.0,0
1995-10-23 16:00:00-04:00,0.0,0.0,0.0,14.0,0
1995-10-24 16:00:00-04:00,0.0,14.0,14.0,14.0,500
1995-10-25 16:00:00-04:00,0.0,0.0,0.0,14.0,0
1995-10-26 16:00:00-04:00,0.0,0.0,0.0,14.0,0
1995-10-27 16:00:00-04:00,0.0,13.5,13.5,13.5,100
1995-10-30 16:00:00-05:00,0.0,0.0,0.0,13.5,0
1995-10-31 16:00:00-05:00,0.0,13.75,13.75,13.75,1000
1995-11-01 16:00:00-05:00,0.0,13.5,13.5,13.5,1000
1995-11-02 16:00:00-05:00,0.0,0.0,0.0,13.5,0
1995-11-03 16:00:00-05:00,0.0,0.0,0.0,13.5,0
1995-11-06 16:00:00-05:00,0.0,0.0,0.0,13.5,0
1995-11-07 16:00:00-05:00,0.0,13.5,13.5,13.5,200
1995-11-08 16:00:00-05:00,0.0,13.5,13.5,13.5,1000
1995-11-09 16:00:00-05:00,0.0,0.0,0.0,13.5,0
1995-11-10 16:00:00-05:00,0.0,13.375,13.375,13.375,200
1995-11-13 16:00:00-05:00,0.0,13.375,13.375,13.375,400
1995-11-14 16:00:00-05:00,0.0,13.375,13.375,13.375,100
1995-11-15 16:00:00-05:00,0.0,0.0,0.0,13.375,0
1995-11-16 16:00:00-05:00,0.0,0.0,0.0,13.375,0
1995-11-17 16:00:00-05:00,0.0,0.0,0.0,13.375,0
1995-11-20 16:00:00-05:00,0.0,0.0,0.0,13.375,0
1995-11-21 16:00:00-05:00,0.0,13.375,13.375,13.375,700
1995-11-22 16:00:00-05:00,0.0,0.0,0.0,13.375,0
1995-11-24 16:00:00-05:00,0.0,13.375,13.375,13.375,300
1995-11-27 16:00:00-05:00,0.0,0.0,0.0,13.375,0
1995-11-28 16:00:00-05:00,0.0,0.0,0.0,13.375,0
1995-11-29 16:00:00-05:00,0.0,13.375,13.375,13.375,300
1995-11-30 16:00:00-05:00,0.0,13.25,13.25,13.25,100
1995-12-01 16:00:00-05:00,0.0,0.0,0.0,13.25,0
1995-12-04 16:00:00-05:00,0.0,0.0,0.0,13.25,0
1995-12-05 16:00:00-05:00,0.0,13.25,13.125,13.125,1200
1995-12-06 16:00:00-05:00,0.0,0.0,0.0,13.125,0
1995-12-07 16:00:00-05:00,0.0,0.0,0.0,13.125,0
1995-12-08 16:00:00-05:00,0.0,0.0,0.0,13.125,0
1995-12-11 16:00:00-05:00,0.0,0.0,0.0,13.125,0
1995-12-12 16:00:00-05:00,0.0,13.0,13.0,13.0,1300
1995-12-13 16:00:00-05:00,0.0,0.0,0.0,13.0,0
1995-12-14 16:00:00-05:00,0.0,13.0,13.0,13.0,200
1995-12-15 16:00:00-05:00,0.0,13.125,13.125,13.125,1000
1995-12-18 16:00:00-05:00,0.0,13.125,13.0,13.0,7800
1995-12-19 16:00:00-05:00,0.0,13.0,13.0,13.0,100
1995-12-20 16:00:00-05:00,0.0,13.0,13.0,13.0,100
1995-12-21 16:00:00-05:00,0.0,13.125,13.125,13.125,500
1995-12-22 16:00:00-05:00,0.0,0.0,0.0,13.125,0
1995-12-26 16:00:00-05:00,0.0,0.0,0.0,13.125,0
1995-12-27 16:00:00-05:00,0.0,13.25,12.75,12.75,2300
1995-12-28 16:00:00-05:00,0.0,13.0,12.875,12.875,1700
1995-12-29 16:00:00-05:00,0.0,13.0,12.875,12.875,800
1996-01-02 16:00:00-05:00,0.0,13.0,12.875,13.0,600
1996-01-03 16:00:00-05:00,0.0,13.0,12.875,13.0,1500
1996-01-04 16:00:00-05:00,0.0,13.125,13.125,13.125,100
1996-01-05 16:00:00-05:00,0.0,13.0,12.875,13.0,1300
1996-01-08 16:00:00-05:00,0.0,13.0,13.0,13.0,300
1996-01-09 16:00:00-05:00,0.0,13.0,13.0,13.0,300
1996-01-10 16:00:00-05:00,0.0,0.0,0.0,13.0,0
1996-01-11 16:00:00-05:00,0.0,0.0,0.0,13.0,0
1996-01-12 16:00:00-05:00,0.0,0.0,0.0,13.0,0
1996-01-15 16:00:00-05:00,0.0,12.875,12.875,12.875,100
1996-01-16 16:00:00-05:00,0.0,12.875,12.75,12.875,2400
1996-01-17 16:00:00-05:00,0.0,13.125,13.125,13.125,2000
1996-01-18 16:00:00-05:00,0.0,0.0,0.0,13.125,0
1996-01-19 16:00:00-05:00,0.0,13.375,13.375,13.375,1000
1996-01-22 16:00:00-05:00,0.0,13.25,13.25,13.25,100
1996-01-23 16:00:00-05:00,0.0,0.0,0.0,13.25,0
1996-01-24 16:00:00-05:00,0.0,13.125,13.0,13.0,2500
1996-01-25 16:00:00-05:00,0.0,13.25,13.25,13.25,500
1996-01-26 16:00:00-05:00,0.0,13.25,13.25,13.25,1000
1996-01-29 16:00:00-05:00,0.0,0.0,0.0,13.25,0
1996-01-30 16:00:00-05:00,0.0,13.125,13.125,13.125,300
1996-01-31 16:00:00-05:00,0.0,13.375,13.375,13.375,200
1996-02-01 16:00:00-05:00,0.0,0.0,0.0,13.375,0
1996-02-02 16:00:00-05:00,0.0,0.0,0.0,13.375,0
1996-02-05 16:00:00-05:00,0.0,0.0,0.0,13.375,0
1996-02-06 16:00:00-05:00,0.0,13.375,13.375,13.375,200
1996-02-07 16:00:00-05:00,0.0,13.25,13.25,13.25,100
1996-02-08 16:00:00-05:00,0.0,13.25,13.25,13.25,900
1996-02-09 16:00:00-05:00,0.0,13.125,13.125,13.125,100
1996-02-12 16:00:00-05:00,0.0,13.0,13.0,13.0,200
1996-02-13 16:00:00-05:00,0.0,13.375,13.125,13.375,1700
1996-02-14 16:00:00-05:00,0.0,13.5,13.375,13.5,1400
1996-02-15 16:00:00-05:00,0.0,0.0,0.0,13.5,0
1996-02-16 16:00:00-05:00,0.0,0.0,0.0,13.5,0
1996-02-20 16:00:00-05:00,0.0,13.5,13.5,13.5,700
1996-02-21 16:00:00-05:00,0.0,0.0,0.0,13.5,0
1996-02-22 16:00:00-05:00,0.0,13.75,13.625,13.75,1300
1996-02-23 16:00:00-05:00,0.0,13.875,13.875,13.875,500
1996-02-26 16:00:00-05:00,0.0,0.0,0.0,13.875,0
1996-02-27 16:00:00-05:00,0.0,0.0,0.0,13.875,0
1996-02-28 16:00:00-05:00,0.0,0.0,0.0,13.875,0
1996-02-29 16:00:00-05:00,0.0,13.875,13.875,13.875,300
1996-03-01 16:00:00-05:00,0.0,0.0,0.0,13.875,0
1996-03-04 16:00:00-05:00,0.0,0.0,0.0,13.875,0
1996-03-05 16:00:00-05:00,0.0,0.0,0.0,13.875,0
1996-03-06 16:00:00-05:00,0.0,0.0,0.0,13.875,0
1996-03-07 16:00:00-05:00,0.0,0.0,0.0,13.875,0
1996-03-08 16:00:00-05:00,0.0,0.0,0.0,13.875,0
1996-03-11 16:00:00-05:00,0.0,14.0,14.0,14.0,1000
1996-03-12 16:00:00-05:00,0.0,0.0,0.0,14.0,0
1996-03-13 16:00:00-05:00,0.0,14.0,14.0,14.0,400
1996-03-14 16:00:00-05:00,0.0,0.0,0.0,14.0,0
1996-03-15 16:00:00-05:00,0.0,0.0,0.0,14.0,0
1996-03-18 16:00:00-05:00,0.0,0.0,0.0,14.0,0
1996-03-19 16:00:00-05:00,0.0,0.0,0.0,14.0,0
1996-03-20 16:00:00-05:00,0.0,0.0,0.0,14.0,0
1996-03-21 16:00:00-05:00,0.0,0.0,0.0,14.0,0
1996-03-22 16:00:00-05:00,0.0,14.0,14.0,14.0,200
1996-03-25 16:00:00-05:00,0.0,0.0,0.0,14.0,0
1996-03-26 16:00:00-05:00,0.0,0.0,0.0,14.0,0
1996-03-27 16:00:00-05:00,0.0,14.25,14.25,14.25,6400
1996-03-28 16:00:00-05:00,0.0,0.0,0.0,14.25,0
1996-03-29 16:00:00-05:00,0.0,14.5,14.5,14.5,1000
1996-04-01 16:00:00-05:00,0.0,14.5,14.25,14.25,800
1996-04-02 16:00:00-05:00,0.0,14.25,14.25,14.25,300
1996-04-03 16:00:00-05:00,0.0,14.25,14.25,14.25,500
1996-04-04 16:00:00-05:00,0.0,14.375,14.375,14.375,1400
1996-04-08 16:00:00-04:00,0.0,14.375,14.375,14.375,200
1996-04-09 16:00:00-04:00,0.0,14.25,14.25,14.25,1200
1996-04-10 16:00:00-04:00,0.0,14.25,14.25,14.25,200
1996-04-11 16:00:00-04:00,0.0,0.0,0.0,14.25,0
1996-04-12 16:00:00-04:00,0.0,14.25,14.25,14.25,2300
1996-04-15 16:00:00-04:00,0.0,14.375,14.375,14.375,4200
1996-04-16 16:00:00-04:00,0.0,14.5,14.5,14.5,500
1996-04-17 16:00:00-04:00,0.0,14.625,14.625,14.625,600
1996-04-18 16:00:00-04:00,0.0,14.875,14.625,14.875,2200
1996-04-19 16:00:00-04:00,0.0,15.375,15.0,15.25,2700
1996-04-22 16:00:00-04:00,0.0,15.5,15.25,15.375,1100
1996-04-23 16:00:00-04:00,0.0,15.5,15.375,15.375,500
1996-04-24 16:00:00-04:00,0.0,15.25,15.25,15.25,1300
1996-04-25 16:00:00-04:00,0.0,15.25,15.25,15.25,800
1996-04-26 16:00:00-04:00,0.0,15.25,15.25,15.25,1300
1996-04-29 16:00:00-04:00,0.0,0.0,0.0,15.25,0
1996-04-30 16:00:00-04:00,0.0,15.375,15.25,15.375,2100
1996-05-01 16:00:00-04:00,0.0,0.0,0.0,15.375,0
1996-05-02 16:00:00-04:00,0.0,15.375,15.25,15.375,300
1996-05-03 16:00:00-04:00,0.0,16.25,15.375,16.25,3400
1996-05-06 16:00:00-04:00,0.0,16.125,15.875,16.0,2400
1996-05-07 16:00:00-04:00,0.0,0.0,0.0,16.0,0
1996-05-08 16:00:00-04:00,0.0,15.75,15.75,15.75,200
1996-05-09 16:00:00-04:00,0.0,15.75,15.75,15.75,2000
1996-05-10 16:00:00-04:00,0.0,16.25,15.875,16.0,11600
1996-05-13 16:00:00-04:00,0.0,16.0,15.875,16.0,3900
1996-05-14 16:00:00-04:00,0.0,16.0,15.75,15.75,7000
1996-05-15 16:00:00-04:00,0.0,0.0,0.0,15.75,0
1996-05-16 16:00:00-04:00,0.0,15.875,15.875,15.875,300
1996-05-17 16:00:00-04:00,0.0,15.875,15.875,15.875,400
1996-05-20 16:00:00-04:00,0.0,15.75,15.75,15.75,400
1996-05-21 16:00:00-04:00,0.0,15.625,15.625,15.625,300
1996-05-22 16:00:00-04:00,0.0,0.0,0.0,15.625,0
1996-05-23 16:00:00-04:00,0.0,0.0,0.0,15.625,0
1996-05-24 16:00:00-04:00,0.0,0.0,0.0,15.625,0
1996-05-28 16:00:00-04:00,0.0,15.75,15.625,15.625,1200
1996-05-29 16:00:00-04:00,0.0,15.75,15.5,15.75,2300
1996-05-30 16:00:00-04:00,0.0,15.5,15.5,15.5,1200
1996-05-31 16:00:00-04:00,0.0,15.75,15.625,15.75,700
1996-06-03 16:00:00-04:00,0.0,15.875,15.625,15.875,1500
1996-06-04 16:00:00-04:00,0.0,15.875,15.625,15.625,1500
1996-06-05 16:00:00-04:00,0.0,15.75,15.625,15.75,1300
1996-06-06 16:00:00-04:00,0.0,15.75,15.75,15.75,400
1996-06-07 16:00:00-04:00,0.0,15.75,15.5,15.625,2100
1996-06-10 16:00:00-04:00,0.0,15.625,15.625,15.625,100
1996-06-11 16:00:00-04:00,0.0,15.5,15.5,15.5,800
1996-06-12 16:00:00-04:00,0.0,15.5,15.5,15.5,100
1996-06-13 16:00:00-04:00,0.0,15.5,15.5,15.5,200
1996-06-14 16:00:00-04:00,0.0,15.75,15.625,15.625,3600
1996-06-17 16:00:00-04:00,0.0,15.75,15.5,15.75,2300
1996-06-18 16:00:00-04:00,0.0,15.75,15.75,15.75,200
1996-06-19 16:00:00-04:00,0.0,15.625,15.5,15.5,5800
1996-06-20 16:00:00-04:00,0.0,0.0,0.0,15.5,0
1996-06-21 16:00:00-04:00,0.0,0.0,0.0,15.5,0
1996-06-24 16:00:00-04:00,0.0,0.0,0.0,15.5,0
1996-06-25 16:00:00-04:00,0.0,15.625,15.5,15.625,300
1996-06-26 16:00:00-04:00,0.0,0.0,0.0,15.625,0
1996-06-27 16:00:00-04:00,0.0,15.875,15.75,15.75,700
1996-06-28 16:00:00-04:00,0.0,15.875,15.75,15.875,1600
1996-07-01 16:00:00-04:00,0.0,15.75,15.75,15.75,3000
1996-07-02 16:00:00-04:00,0.0,15.75,15.625,15.75,4700
1996-07-03 16:00:00-04:00,0.0,15.75,15.625,15.625,3100
1996-07-05 16:00:00-04:00,0.0,0.0,0.0,15.625,0
1996-07-08 16:00:00-04:00,0.0,15.75,15.625,15.625,300
1996-07-09 16:00:00-04:00,0.0,15.875,15.875,15.875,500
1996-07-10 16:00:00-04:00,0.0,15.75,15.625,15.75,9200
1996-07-11 16:00:00-04:00,0.0,15.625,15.625,15.625,5200
1996-07-12 16:00:00-04:00,0.0,15.625,15.625,15.625,100
1996-07-15 16:00:00-04:00,0.0,15.875,15.625,15.75,1900
1996-07-16 16:00:00-04:00,0.0,15.75,15.75,15.75,1400
1996-07-17 16:00:00-04:00,0.0,15.875,15.875,15.875,300
1996-07-18 16:00:00-04:00,0.0,0.0,0.0,15.875,0
1996-07-19 16:00:00-04:00,0.0,16.0,15.875,15.875,200
1996-07-22 16:00:00-04:00,0.0,15.75,15.75,15.75,100
1996-07-23 16:00:00-04:00,0.0,15.75,15.75,15.75,3200
1996-07-24 16:00:00-04:00,0.0,15.75,15.75,15.75,200
1996-07-25 16:00:00-04:00,0.0,15.75,15.75,15.75,500
1996-07-26 16:00:00-04:00,0.0,0.0,0.0,15.75,0
1996-07-29 16:00:00-04:00,0.0,0.0,0.0,15.75,0
1996-07-30 16:00:00-04:00,0.0,0.0,0.0,15.75,0
1996-07-31 16:00:00-04:00,0.0,15.75,15.75,15.75,100
1996-08-01 16:00:00-04:00,0.0,15.75,15.75,15.75,200
1996-08-02 16:00:00-04:00,0.0,0.0,0.0,15.75,0
1996-08-05 16:00:00-04:00,0.0,15.875,15.75,15.75,2300
1996-08-06 16:00:00-04:00,0.0,15.75,15.75,15.75,100
1996-08-07 16:00:00-04:00,0.0,15.625,15.625,15.625,4500
1996-08-08 16:00:00-04:00,0.0,15.625,15.625,15.625,1000
1996-08-09 16:00:00-04:00,0.0,15.625,15.625,15.625,300
1996-08-12 16:00:00-04:00,0.0,0.0,0.0,15.625,0
1996-08-13 16:00:00-04:00,0.0,0.0,0.0,15.625,0
1996-08-14 16:00:00-04:00,0.0,15.625,15.625,15.625,1700
1996-08-15 16:00:00-04:00,0.0,0.0,0.0,15.625,0
1996-08-16 16:00:00-04:00,0.0,15.625,15.625,15.625,1000
1996-08-19 16:00:00-04:00,0.0,15.625,15.625,15.625,400
1996-08-20 16:00:00-04:00,0.0,0.0,0.0,15.625,0
1996-08-21 16:00:00-04:00,0.0,0.0,0.0,15.625,0
1996-08-22 16:00:00-04:00,0.0,15.625,15.625,15.625,300
1996-08-23 16:00:00-04:00,0.0,0.0,0.0,15.625,0
1996-08-26 16:00:00-04:00,0.0,15.625,15.625,15.625,1200
1996-08-27 16:00:00-04:00,0.0,15.875,15.875,15.875,500
1996-08-28 16:00:00-04:00,0.0,15.75,15.75,15.75,1200
1996-08-29 16:00:00-04:00,0.0,15.875,15.75,15.75,1400
1996-08-30 16:00:00-04:00,0.0,15.625,15.625,15.625,1000
1996-09-03 16:00:00-04:00,0.0,0.0,0.0,15.625,0
1996-09-04 16:00:00-04:00,0.0,15.625,15.625,15.625,500
1996-09-05 16:00:00-04:00,0.0,15.875,15.875,15.875,300
1996-09-06 16:00:00-04:00,0.0,15.875,15.625,15.875,1200
1996-09-09 16:00:00-04:00,0.0,15.75,15.75,15.75,1000
1996-09-10 16:00:00-04:00,0.0,15.75,15.75,15.75,700
1996-09-11 16:00:00-04:00,0.0,15.875,15.75,15.875,400
1996-09-12 16:00:00-04:00,0.0,15.75,15.75,15.75,1000
1996-09-13 16:00:00-04:00,0.0,15.75,15.75,15.75,500
1996-09-16 16:00:00-04:00,0.0,15.875,15.875,15.875,1000
1996-09-17 16:00:00-04:00,0.0,15.75,15.625,15.625,2000
1996-09-18 16:00:00-04:00,0.0,0.0,0.0,15.625,0
1996-09-19 16:00:00-04:00,0.0,0.0,0.0,15.625,0
1996-09-20 16:00:00-04:00,0.0,15.875,15.625,15.75,2600
1996-09-23 16:00:00-04:00,0.0,15.625,15.625,15.625,1000
1996-09-24 16:00:00-04:00,0.0,0.0,0.0,15.625,0
1996-09-25 16:00:00-04:00,0.0,15.875,15.75,15.875,300
1996-09-26 16:00:00-04:00,0.0,15.75,15.75,15.75,2000
1996-09-27 16:00:00-04:00,0.0,15.75,15.75,15.75,1400
1996-09-30 16:00:00-04:00,0.0,0.0,0.0,15.75,0
1996-10-01 16:00:00-04:00,0.0,0.0,0.0,15.75,0
1996-10-02 16:00:00-04:00,0.0,0.0,0.0,15.75,0
1996-10-03 16:00:00-04:00,0.0,0.0,0.0,15.75,0
1996-10-04 16:00:00-04:00,0.0,15.875,15.875,15.875,1000
1996-10-07 16:00:00-04:00,0.0,16.0,16.0,16.0,1000
1996-10-08 16:00:00-04:00,0.0,16.125,15.875,15.875,2500
1996-10-09 16:00:00-04:00,0.0,15.75,15.75,15.75,900
1996-10-10 16:00:00-04:00,0.0,15.875,15.875,15.875,100
1996-10-11 16:00:00-04:00,0.0,16.0,16.0,16.0,500
1996-10-14 16:00:00-04:00,0.0,15.875,15.875,15.875,200
1996-10-15 16:00:00-04:00,0.0,15.875,15.875,15.875,200
1996-10-16 16:00:00-04:00,0.0,15.75,15.625,15.625,2000
1996-10-17 16:00:00-04:00,0.0,0.0,0.0,15.625,0
1996-10-18 16:00:00-04:00,0.0,0.0,0.0,15.625,0
1996-10-21 16:00:00-04:00,0.0,15.875,15.875,15.875,1500
1996-10-22 16:00:00-04:00,0.0,15.875,15.875,15.875,300
1996-10-23 16:00:00-04:00,0.0,15.875,15.875,15.875,1200
1996-10-24 16:00:00-04:00,0.0,15.125,15.0,15.125,1100
1996-10-25 16:00:00-04:00,0.0,0.0,0.0,15.125,0
1996-10-28 16:00:00-05:00,0.0,15.0,14.875,14.875,2300
1996-10-29 16:00:00-05:00,0.0,15.0,15.0,15.0,500
1996-10-30 16:00:00-05:00,0.0,0.0,0.0,15.0,0
1996-10-31 16:00:00-05:00,0.0,14.875,14.875,14.875,1200
1996-11-01 16:00:00-05:00,0.0,0.0,0.0,14.875,0
1996-11-04 16:00:00-05:00,0.0,14.875,14.875,14.875,5200
1996-11-05 16:00:00-05:00,0.0,0.0,0.0,14.875,0
1996-11-06 16:00:00-05:00,0.0,15.0,14.625,15.0,18100
1996-11-07 16:00:00-05:00,0.0,15.125,15.0,15.125,2200
1996-11-08 16:00:00-05:00,0.0,15.375,15.25,15.375,2500
1996-11-11 16:00:00-05:00,0.0,15.25,15.0,15.125,5200
1996-11-12 16:00:00-05:00,0.0,15.0,15.0,15.0,12100
1996-11-13 16:00:00-05:00,0.0,15.25,15.0,15.125,2200
1996-11-14 16:00:00-05:00,0.0,15.25,15.25,15.25,500
1996-11-15 16:00:00-05:00,0.0,15.5,15.375,15.375,1600
1996-11-18 16:00:00-05:00,0.0,0.0,0.0,15.375,0
1996-11-19 16:00:00-05:00,0.0,15.625,15.5,15.5,800
1996-11-20 16:00:00-05:00,0.0,16.625,15.875,16.625,7900
1996-11-21 16:00:00-05:00,0.0,17.875,16.75,17.875,11000
1996-11-22 16:00:00-05:00,0.0,17.75,17.125,17.125,3600
1996-11-25 16:00:00-05:00,0.0,17.0,16.875,17.0,1600
1996-11-26 16:00:00-05:00,0.0,17.0,17.0,17.0,200
1996-11-27 16:00:00-05:00,0.0,16.875,16.875,16.875,200
1996-11-29 16:00:00-05:00,0.0,0.0,0.0,16.875,0
1996-12-02 16:00:00-05:00,0.0,16.75,16.75,16.75,900
1996-12-03 16:00:00-05:00,0.0,16.75,16.625,16.625,1200
1996-12-04 16:00:00-05:00,0.0,0.0,0.0,16.625,0
1996-12-05 16:00:00-05:00,0.0,16.625,16.625,16.625,600
1996-12-06 16:00:00-05:00,0.0,0.0,0.0,16.625,0
1996-12-09 16:00:00-05:00,0.0,16.75,16.75,16.75,400
1996-12-10 16:00:00-05:00,0.0,16.875,16.75,16.75,1200
1996-12-11 16:00:00-05:00,0.0,16.5,16.375,16.375,1800
1996-12-12 16:00:00-05:00,0.0,16.25,16.25,16.25,1600
1996-12-13 16:00:00-05:00,0.0,16.5,16.25,16.25,500
1996-12-16 16:00:00-05:00,0.0,16.125,15.875,15.875,4700
1996-12-17 16:00:00-05:00,0.0,0.0,0.0,15.875,0
1996-12-18 16:00:00-05:00,0.0,0.0,0.0,15.875,0
1996-12-19 16:00:00-05:00,0.0,0.0,0.0,15.875,0
1996-12-20 16:00:00-05:00,0.0,16.125,16.125,16.125,300
1996-12-23 16:00:00-05:00,0.0,15.875,15.875,15.875,600
1996-12-24 16:00:00-05:00,0.0,15.875,15.875,15.875,100
1996-12-26 16:00:00-05:00,0.0,0.0,0.0,15.875,0
1996-12-27 16:00:00-05:00,0.0,15.5,15.375,15.5,6500
1996-12-30 16:00:00-05:00,0.0,0.0,0.0,15.5,0
1996-12-31 16:00:00-05:00,0.0,15.5,15.5,15.5,1000
1997-01-02 16:00:00-05:00,0.0,0.0,0.0,15.5,0
1997-01-03 16:00:00-05:00,0.0,15.5,15.5,15.5,100
1997-01-06 16:00:00-05:00,0.0,0.0,0.0,15.5,0
1997-01-07 16:00:00-05:00,0.0,16.0,15.75,15.75,5500
1997-01-08 16:00:00-05:00,0.0,15.75,15.75,15.75,200
1997-01-09 16:00:00-05:00,0.0,0.0,0.0,15.75,0
1997-01-10 16:00:00-05:00,0.0,15.75,15.75,15.75,300
1997-01-13 16:00:00-05:00,0.0,16.0,16.0,16.0,1600
1997-01-14 16:00:00-05:00,0.0,17.0,16.0,17.0,9600
1997-01-15 16:00:00-05:00,0.0,17.125,16.75,17.125,4000
1997-01-16 16:00:00-05:00,0.0,17.125,16.875,17.0,5200
1997-01-17 16:00:00-05:00,0.0,17.25,17.25,17.25,1600
1997-01-20 16:00:00-05:00,0.0,17.125,17.125,17.125,100
1997-01-21 16:00:00-05:00,0.0,17.25,17.25,17.25,200
1997-01-22 16:00:00-05:00,0.0,17.125,17.125,17.125,200
1997-01-23 16:00:00-05:00,0.0,0.0,0.0,17.125,0
1997-01-24 16:00:00-05:00,0.0,0.0,0.0,17.125,0
1997-01-27 16:00:00-05:00,0.0,17.0,17.0,17.0,1700
1997-01-28 16:00:00-05:00,0.0,0.0,0.0,17.0,0
1997-01-29 16:00:00-05:00,0.0,17.375,17.25,17.375,1400
1997-01-30 16:00:00-05:00,0.0,17.625,17.5,17.625,1000
1997-01-31 16:00:00-05:00,0.0,17.625,17.375,17.625,2000
1997-02-03 16:00:00-05:00,0.0,18.0,17.75,18.0,1800
1997-02-04 16:00:00-05:00,0.0,18.875,17.875,18.875,5400
1997-02-05 16:00:00-05:00,0.0,19.0,18.5,18.5,2900
1997-02-06 16:00:00-05:00,0.0,19.25,18.75,18.75,3900
1997-02-07 16:00:00-05:00,0.0,18.875,18.625,18.875,1800
1997-02-10 16:00:00-05:00,0.0,19.0,18.625,18.625,2700
1997-02-11 16:00:00-05:00,0.0,19.0,18.875,19.0,1300
1997-02-12 16:00:00-05:00,0.0,18.875,18.875,18.875,1000
1997-02-13 16:00:00-05:00,0.0,18.625,18.625,18.625,400
1997-02-14 16:00:00-05:00,0.0,18.5,18.5,18.5,1000
1997-02-18 16:00:00-05:00,0.0,18.75,18.75,18.75,400
1997-02-19 16:00:00-05:00,0.0,18.75,18.625,18.625,600
1997-02-20 16:00:00-05:00,0.0,18.5,18.5,18.5,600
1997-02-21 16:00:00-05:00,0.0,18.75,18.5,18.625,1900
1997-02-24 16:00:00-05:00,0.0,0.0,0.0,18.625,0
1997-02-25 16:00:00-05:00,0.0,0.0,0.0,18.625,0
1997-02-26 16:00:00-05:00,0.0,0.0,0.0,18.625,0
1997-02-27 16:00:00-05:00,0.0,0.0,0.0,18.625,0
1997-02-28 16:00:00-05:00,0.0,18.5,18.375,18.375,900
1997-03-03 16:00:00-05:00,0.0,18.375,18.25,18.25,700
1997-03-04 16:00:00-05:00,0.0,18.5,18.5,18.5,1600
1997-03-05 16:00:00-05:00,0.0,18.375,18.375,18.375,100
1997-03-06 16:00:00-05:00,0.0,0.0,0.0,18.375,0
1997-03-07 16:00:00-05:00,0.0,18.375,18.375,18.375,600
1997-03-10 16:00:00-05:00,0.0,0.0,0.0,18.375,0
1997-03-11 16:00:00-05:00,0.0,0.0,0.0,18.375,0
1997-03-12 16:00:00-05:00,0.0,18.625,18.625,18.625,200
1997-03-13 16:00:00-05:00,0.0,0.0,0.0,18.625,0
1997-03-14 16:00:00-05:00,0.0,18.5,18.5,18.5,100
1997-03-17 16:00:00-05:00,0.0,18.875,18.75,18.875,1700
1997-03-18 16:00:00-05:00,0.0,0.0,0.0,18.875,0
1997-03-19 16:00:00-05:00,0.0,18.75,18.625,18.625,1400
1997-03-20 16:00:00-05:00,0.0,0.0,0.0,18.625,0
1997-03-21 16:00:00-05:00,0.0,18.5,18.5,18.5,900
1997-03-24 16:00:00-05:00,0.0,0.0,0.0,18.5,0
1997-03-25 16:00:00-05:00,0.0,18.375,18.25,18.25,4000
1997-03-26 16:00:00-05:00,0.0,18.25,18.125,18.25,1100
1997-03-27 16:00:00-05:00,0.0,0.0,0.0,18.25,0
1997-03-31 16:00:00-05:00,0.0,18.0,17.875,17.875,1800
1997-04-01 16:00:00-05:00,0.0,18.125,18.125,18.125,200
1997-04-02 16:00:00-05:00,0.0,18.0,18.0,18.0,600
1997-04-03 16:00:00-05:00,0.0,18.0,18.0,18.0,200
1997-04-04 16:00:00-05:00,0.0,0.0,0.0,18.0,0
1997-04-07 16:00:00-04:00,0.0,18.0,18.0,18.0,100
1997-04-08 16:00:00-04:00,0.0,18.125,17.875,18.125,300
1997-04-09 16:00:00-04:00,0.0,18.0,18.0,18.0,300
1997-04-10 16:00:00-04:00,0.0,17.875,17.875,17.875,500
1997-04-11 16:00:00-04:00,0.0,18.125,18.0,18.0,1200
1997-04-14 16:00:00-04:00,0.0,0.0,0.0,18.0,0
1997-04-15 16:00:00-04:00,0.0,17.875,17.875,17.875,800
1997-04-16 16:00:00-04:00,0.0,17.875,17.875,17.875,300
1997-04-17 16:00:00-04:00,0.0,0.0,0.0,17.875,0
1997-04-18 16:00:00-04:00,0.0,17.875,17.875,17.875,200
1997-04-21 16:00:00-04:00,0.0,17.875,17.875,17.875,200
1997-04-22 16:00:00-04:00,0.0,0.0,0.0,17.875,0
1997-04-23 16:00:00-04:00,0.0,17.875,17.875,17.875,100
1997-04-24 16:00:00-04:00,0.0,17.75,17.75,17.75,1000
1997-04-25 16:00:00-04:00,0.0,17.75,17.5,17.5,1400
1997-04-28 16:00:00-04:00,0.0,0.0,0.0,17.5,0
1997-04-29 16:00:00-04:00,0.0,17.375,17.375,17.375,300
1997-04-30 16:00:00-04:00,0.0,0.0,0.0,17.375,0
1997-05-01 16:00:00-04:00,0.0,0.0,0.0,17.375,0
1997-05-02 16:00:00-04:00,0.0,17.375,17.25,17.25,600
1997-05-05 16:00:00-04:00,0.0,17.5,17.5,17.5,100
1997-05-06 16:00:00-04:00,0.0,17.375,17.375,17.375,300
1997-05-07 16:00:00-04:00,0.0,17.25,17.25,17.25,400
1997-05-08 16:00:00-04:00,0.0,0.0,0.0,17.25,0
1997-05-09 16:00:00-04:00,0.0,0.0,0.0,17.25,0
1997-05-12 16:00:00-04:00,0.0,0.0,0.0,17.25,0
1997-05-13 16:00:00-04:00,0.0,0.0,0.0,17.25,0
1997-05-14 16:00:00-04:00,0.0,0.0,0.0,17.25,0
1997-05-15 16:00:00-04:00,0.0,0.0,0.0,17.25,0
1997-05-16 16:00:00-04:00,0.0,0.0,0.0,17.25,0
1997-05-19 16:00:00-04:00,0.0,17.125,17.125,17.125,2300
1997-05-20 16:00:00-04:00,0.0,0.0,0.0,17.125,0
1997-05-21 16:00:00-04:00,0.0,0.0,0.0,17.125,0
1997-05-22 16:00:00-04:00,0.0,17.25,17.125,17.125,1500
1997-05-23 16:00:00-04:00,0.0,0.0,0.0,17.125,0
1997-05-27 16:00:00-04:00,0.0,0.0,0.0,17.125,0
1997-05-28 16:00:00-04:00,0.0,17.375,17.125,17.125,2200
1997-05-29 16:00:00-04:00,0.0,0.0,0.0,17.125,0
1997-05-30 16:00:00-04:00,0.0,0.0,0.0,17.125,0
1997-06-02 16:00:00-04:00,0.0,0.0,0.0,17.125,0
1997-06-03 16:00:00-04:00,0.0,0.0,0.0,17.125,0
1997-06-04 16:00:00-04:00,0.0,17.25,17.0,17.25,3200
1997-06-05 16:00:00-04:00,0.0,17.0,17.0,17.0,1000
1997-06-06 16:00:00-04:00,0.0,0.0,0.0,17.0,0
1997-06-09 16:00:00-04:00,0.0,17.25,17.25,17.25,300
1997-06-10 16:00:00-04:00,0.0,0.0,0.0,17.25,0
1997-06-11 16:00:00-04:00,0.0,17.25,17.25,17.25,200
1997-06-12 16:00:00-04:00,0.0,17.125,17.125,17.125,400
1997-06-13 16:00:00-04:00,0.0,0.0,0.0,17.125,0
1997-06-16 16:00:00-04:00,0.0,17.125,17.125,17.125,200
1997-06-17 16:00:00-04:00,0.0,17.0,17.0,17.0,1000
1997-06-18 16:00:00-04:00,0.0,17.0,17.0,17.0,300
1997-06-19 16:00:00-04:00,0.0,17.25,17.125,17.125,2000
1997-06-20 16:00:00-04:00,0.0,0.0,0.0,17.125,0
1997-06-23 16:00:00-04:00,0.0,17.125,17.125,17.125,200
1997-06-24 16:00:00-04:00,0.0,17.5,17.375,17.5,2100
1997-06-25 16:00:00-04:00,0.0,17.5,17.25,17.25,2600
1997-06-26 16:00:00-04:00,0.0,17.25,17.125,17.25,1200
1997-06-27 16:00:00-04:00,0.0,17.25,17.25,17.25,700
1997-06-30 16:00:00-04:00,0.0,0.0,0.0,17.25,0
1997-07-01 16:00:00-04:00,0.0,0.0,0.0,17.25,0
1997-07-02 16:00:00-04:00,0.0,17.375,17.125,17.25,2500
1997-07-03 16:00:00-04:00,0.0,17.25,17.125,17.125,3300
1997-07-07 16:00:00-04:00,0.0,17.125,17.0,17.0,2800
1997-07-08 16:00:00-04:00,0.0,17.375,17.0,17.375,2400
1997-07-09 16:00:00-04:00,0.0,0.0,0.0,17.375,0
1997-07-10 16:00:00-04:00,0.0,17.25,17.25,17.25,500
1997-07-11 16:00:00-04:00,0.0,17.375,17.25,17.25,1400
1997-07-14 16:00:00-04:00,0.0,0.0,0.0,17.25,0
1997-07-15 16:00:00-04:00,0.0,17.375,17.375,17.375,500
1997-07-16 16:00:00-04:00,0.0,17.25,17.25,17.25,100
1997-07-17 16:00:00-04:00,0.0,0.0,0.0,17.25,0
1997-07-18 16:00:00-04:00,0.0,17.25,17.25,17.25,700
1997-07-21 16:00:00-04:00,0.0,17.25,17.125,17.125,3500
1997-07-22 16:00:00-04:00,0.0,17.0626,17.0,17.0,2500
1997-07-23 16:00:00-04:00,0.0,0.0,0.0,17.0,0
1997-07-24 16:00:00-04:00,0.0,0.0,0.0,17.0,0
1997-07-25 16:00:00-04:00,0.0,17.0,17.0,17.0,1000
1997-07-28 16:00:00-04:00,0.0,17.0,17.0,17.0,1600
1997-07-29 16:00:00-04:00,0.0,16.875,16.5,16.625,13300
1997-07-30 16:00:00-04:00,0.0,16.875,16.875,16.875,300
1997-07-31 16:00:00-04:00,0.0,16.875,16.8126,16.8126,1100
1997-08-01 16:00:00-04:00,0.0,16.8126,16.75,16.8126,600
1997-08-04 16:00:00-04:00,0.0,16.8126,16.75,16.75,3100
1997-08-05 16:00:00-04:00,0.0,16.9376,16.875,16.9376,400
1997-08-06 16:00:00-04:00,0.0,16.8126,16.8126,16.8126,100
1997-08-07 16:00:00-04:00,0.0,0.0,0.0,16.8126,0
1997-08-08 16:00:00-04:00,0.0,0.0,0.0,16.8126,0
1997-08-11 16:00:00-04:00,0.0,16.8126,16.75,16.75,2700
1997-08-12 16:00:00-04:00,0.0,17.0,16.75,16.875,2200
1997-08-13 16:00:00-04:00,0.0,17.0,17.0,17.0,500
1997-08-14 16:00:00-04:00,0.0,17.25,17.125,17.1876,900
1997-08-15 16:00:00-04:00,0.0,17.1876,17.1876,17.1876,200
1997-08-18 16:00:00-04:00,0.0,17.25,17.25,17.25,800
1997-08-19 16:00:00-04:00,0.0,17.125,17.125,17.125,300
1997-08-20 16:00:00-04:00,0.0,17.125,17.125,17.125,400
1997-08-21 16:00:00-04:00,0.0,0.0,0.0,17.125,0
1997-08-22 16:00:00-04:00,0.0,0.0,0.0,17.125,0
1997-08-25 16:00:00-04:00,0.0,17.125,16.875,16.875,1200
1997-08-26 16:00:00-04:00,0.0,16.875,16.75,16.875,700
1997-08-27 16:00:00-04:00,0.0,16.75,16.75,16.75,500
1997-08-28 16:00:00-04:00,0.0,16.75,16.75,16.75,500
1997-08-29 16:00:00-04:00,0.0,0.0,0.0,16.75,0
1997-09-02 16:00:00-04:00,0.0,16.75,16.625,16.75,2300
1997-09-03 16:00:00-04:00,0.0,0.0,0.0,16.75,0
1997-09-04 16:00:00-04:00,0.0,0.0,0.0,16.75,0
1997-09-05 16:00:00-04:00,0.0,16.75,16.75,16.75,100
1997-09-08 16:00:00-04:00,0.0,0.0,0.0,16.75,0
1997-09-09 16:00:00-04:00,0.0,16.625,16.625,16.625,1600
1997-09-10 16:00:00-04:00,0.0,16.875,16.75,16.75,1900
1997-09-11 16:00:00-04:00,0.0,16.75,16.375,16.375,2200
1997-09-12 16:00:00-04:00,0.0,16.5,16.5,16.5,300
1997-09-15 16:00:00-04:00,0.0,16.625,16.625,16.625,500
1997-09-16 16:00:00-04:00,0.0,16.5,16.375,16.5,2000
1997-09-17 16:00:00-04:00,0.0,16.5,16.5,16.5,200
1997-09-18 16:00:00-04:00,0.0,16.625,16.5626,16.5626,1100
1997-09-19 16:00:00-04:00,0.0,16.625,16.625,16.625,200
1997-09-22 16:00:00-04:00,0.0,17.25,16.75,17.25,7200
1997-09-23 16:00:00-04:00,0.0,17.375,17.375,17.375,1600
1997-09-24 16:00:00-04:00,0.0,17.25,17.25,17.25,1000
1997-09-25 16:00:00-04:00,0.0,17.125,17.125,17.125,300
1997-09-26 16:00:00-04:00,0.0,0.0,0.0,17.125,0
1997-09-29 16:00:00-04:00,0.0,0.0,0.0,17.125,0
1997-09-30 16:00:00-04:00,0.0,17.0,16.875,16.875,1800
1997-10-01 16:00:00-04:00,0.0,0.0,0.0,16.875,0
1997-10-02 16:00:00-04:00,0.0,17.0,16.875,17.0,2400
1997-10-03 16:00:00-04:00,0.0,17.125,17.125,17.125,1000
1997-10-06 16:00:00-04:00,0.0,17.25,17.25,17.25,1200
1997-10-07 16:00:00-04:00,0.0,17.1876,17.1876,17.1876,100
1997-10-08 16:00:00-04:00,0.0,17.25,17.125,17.25,1800
1997-10-09 16:00:00-04:00,0.0,17.125,17.125,17.125,1000
1997-10-10 16:00:00-04:00,0.0,17.375,17.125,17.125,11400
1997-10-13 16:00:00-04:00,0.0,17.375,17.25,17.25,5400
1997-10-14 16:00:00-04:00,0.0,17.125,17.125,17.125,4200
1997-10-15 16:00:00-04:00,0.0,17.375,17.125,17.375,10700
1997-10-16 16:00:00-04:00,0.0,17.5,17.375,17.375,10200
1997-10-17 16:00:00-04:00,0.0,17.75,17.75,17.75,3700
1997-10-20 16:00:00-04:00,0.0,17.75,17.625,17.625,700
1997-10-21 16:00:00-04:00,0.0,18.125,17.75,18.125,3600
1997-10-22 16:00:00-04:00,0.0,18.125,17.5,18.125,4200
1997-10-23 16:00:00-04:00,0.0,18.0,17.375,17.375,10800
1997-10-24 16:00:00-04:00,0.0,17.75,17.5,17.5626,6900
1997-10-27 16:00:00-05:00,0.0,17.5,17.25,17.25,19500
1997-10-28 16:00:00-05:00,0.0,17.25,17.25,17.25,1200
1997-10-29 16:00:00-05:00,0.0,17.375,17.375,17.375,1000
1997-10-30 16:00:00-05:00,0.0,0.0,0.0,17.375,0
1997-10-31 16:00:00-05:00,0.0,17.625,17.375,17.375,4000
1997-11-03 16:00:00-05:00,0.0,0.0,0.0,17.375,0
1997-11-04 16:00:00-05:00,0.0,17.25,17.25,17.25,200
1997-11-05 16:00:00-05:00,0.0,17.25,17.25,17.25,300
1997-11-06 16:00:00-05:00,0.0,17.3126,17.25,17.3126,1100
1997-11-07 16:00:00-05:00,0.0,0.0,0.0,17.3126,0
1997-11-10 16:00:00-05:00,0.0,17.25,17.25,17.25,400
1997-11-11 16:00:00-05:00,0.0,17.125,17.0,17.0,1800
1997-11-12 16:00:00-05:00,0.0,17.0,17.0,17.0,1800
1997-11-13 16:00:00-05:00,0.0,0.0,0.0,17.0,0
1997-11-14 16:00:00-05:00,0.0,0.0,0.0,17.0,0
1997-11-17 16:00:00-05:00,0.0,17.125,17.0,17.0626,3400
1997-11-18 16:00:00-05:00,0.0,17.25,17.0,17.25,200
1997-11-19 16:00:00-05:00,0.0,17.125,17.0,17.0,1500
1997-11-20 16:00:00-05:00,0.0,0.0,0.0,17.0,0
1997-11-21 16:00:00-05:00,0.0,17.125,17.0,17.0,200
1997-11-24 16:00:00-05:00,0.0,17.0,17.0,17.0,100
1997-11-25 16:00:00-05:00,0.0,17.25,17.25,17.25,100
1997-11-26 16:00:00-05:00,0.0,17.375,17.25,17.375,2500
1997-11-28 16:00:00-05:00,0.0,17.25,17.25,17.25,600
1997-12-01 16:00:00-05:00,0.0,17.1876,17.125,17.1876,400
1997-12-02 16:00:00-05:00,0.0,17.0,17.0,17.0,2000
1997-12-03 16:00:00-05:00,0.0,17.0,17.0,17.0,300
1997-12-04 16:00:00-05:00,0.0,0.0,0.0,17.0,0
1997-12-05 16:00:00-05:00,0.0,0.0,0.0,17.0,0
1997-12-08 16:00:00-05:00,0.0,0.0,0.0,17.0,0
1997-12-09 16:00:00-05:00,0.0,17.1876,17.1876,17.1876,400
1997-12-10 16:00:00-05:00,0.0,17.0,17.0,17.0,3000
1997-12-11 16:00:00-05:00,0.0,17.0,17.0,17.0,2000
1997-12-12 16:00:00-05:00,0.0,17.1876,17.1876,17.1876,200
1997-12-15 16:00:00-05:00,0.0,0.0,0.0,17.1876,0
1997-12-16 16:00:00-05:00,0.0,17.0626,17.0,17.0,1300
1997-12-17 16:00:00-05:00,0.0,17.0,16.75,16.75,6400
1997-12-18 16:00:00-05:00,0.0,0.0,0.0,16.75,0
1997-12-19 16:00:00-05:00,0.0,16.75,16.75,16.75,300
1997-12-22 16:00:00-05:00,0.0,17.0,17.0,17.0,1000
1997-12-23 16:00:00-05:00,0.0,17.25,17.0,17.25,2100
1997-12-24 16:00:00-05:00,0.0,0.0,0.0,17.25,0
1997-12-26 16:00:00-05:00,0.0,17.0,17.0,17.0,300
1997-12-29 16:00:00-05:00,0.0,17.0,16.875,16.875,1400
1997-12-30 16:00:00-05:00,0.0,0.0,0.0,16.875,0
1997-12-31 16:00:00-05:00,0.0,16.875,16.875,16.875,200
1998-01-02 16:00:00-05:00,0.0,0.0,0.0,16.875,0
1998-01-05 16:00:00-05:00,0.0,0.0,0.0,16.875,0
1998-01-06 16:00:00-05:00,0.0,17.0,17.0,17.0,400
1998-01-07 16:00:00-05:00,0.0,17.0,17.0,17.0,600
1998-01-08 16:00:00-05:00,0.0,16.75,16.75,16.75,1000
1998-01-09 16:00:00-05:00,0.0,0.0,0.0,16.75,0
1998-01-12 16:00:00-05:00,0.0,17.0,17.0,17.0,500
1998-01-13 16:00:00-05:00,0.0,0.0,0.0,17.0,0
1998-01-14 16:00:00-05:00,0.0,16.875,16.875,16.875,200
1998-01-15 16:00:00-05:00,0.0,16.75,16.75,16.75,200
1998-01-16 16:00:00-05:00,0.0,0.0,0.0,16.75,0
1998-01-20 16:00:00-05:00,0.0,16.875,16.75,16.875,800
1998-01-21 16:00:00-05:00,0.0,16.625,16.625,16.625,300
1998-01-22 16:00:00-05:00,0.0,16.625,16.625,16.625,500
1998-01-23 16:00:00-05:00,0.0,16.5,16.5,16.5,1900
1998-01-26 16:00:00-05:00,0.0,16.5626,16.5,16.5,1000
1998-01-27 16:00:00-05:00,0.0,0.0,0.0,16.5,0
1998-01-28 16:00:00-05:00,0.0,0.0,0.0,16.5,0
1998-01-29 16:00:00-05:00,0.0,16.375,16.375,16.375,1000
1998-01-30 16:00:00-05:00,0.0,16.4376,16.25,16.25,2200
1998-02-02 16:00:00-05:00,0.0,16.375,16.0,16.0,2200
1998-02-03 16:00:00-05:00,0.0,0.0,0.0,16.0,0
1998-02-04 16:00:00-05:00,0.0,15.875,15.75,15.75,600
1998-02-05 16:00:00-05:00,0.0,15.625,15.5,15.5,1900
1998-02-06 16:00:00-05:00,0.0,15.4376,15.375,15.375,1300
1998-02-09 16:00:00-05:00,0.0,15.5,15.5,15.5,1000
1998-02-10 16:00:00-05:00,0.0,0.0,0.0,15.5,0
1998-02-11 16:00:00-05:00,0.0,15.375,15.375,15.375,200
1998-02-12 16:00:00-05:00,0.0,15.625,15.5,15.625,1000
1998-02-13 16:00:00-05:00,0.0,15.875,15.75,15.875,900
1998-02-17 16:00:00-05:00,0.0,15.75,15.75,15.75,400
1998-02-18 16:00:00-05:00,0.0,15.625,15.625,15.625,200
1998-02-19 16:00:00-05:00,0.0,15.75,15.75,15.75,400
1998-02-20 16:00:00-05:00,0.0,15.625,15.625,15.625,1000
1998-02-23 16:00:00-05:00,0.0,15.5,15.25,15.25,3000
1998-02-24 16:00:00-05:00,0.0,15.125,15.125,15.125,400
1998-02-25 16:00:00-05:00,0.0,15.0,15.0,15.0,500
1998-02-26 16:00:00-05:00,0.0,15.1876,15.125,15.125,2500
1998-02-27 16:00:00-05:00,0.0,0.0,0.0,15.125,0
1998-03-02 16:00:00-05:00,0.0,0.0,0.0,15.125,0
1998-03-03 16:00:00-05:00,0.0,15.125,15.0,15.0,2500
1998-03-04 16:00:00-05:00,0.0,15.5,15.25,15.25,2000
1998-03-05 16:00:00-05:00,0.0,0.0,0.0,15.25,0
1998-03-06 16:00:00-05:00,0.0,15.5,15.4376,15.4376,200
1998-03-09 16:00:00-05:00,0.0,0.0,0.0,15.4376,0
1998-03-10 16:00:00-05:00,0.0,15.25,15.25,15.25,1600
1998-03-11 16:00:00-05:00,0.0,15.25,15.25,15.25,1700
1998-03-12 16:00:00-05:00,0.0,0.0,0.0,15.25,0
1998-03-13 16:00:00-05:00,0.0,15.375,15.375,15.375,400
1998-03-16 16:00:00-05:00,0.0,0.0,0.0,15.375,0
1998-03-17 16:00:00-05:00,0.0,15.5,15.25,15.5,800
1998-03-18 16:00:00-05:00,0.0,0.0,0.0,15.5,0
1998-03-19 16:00:00-05:00,0.0,0.0,0.0,15.5,0
1998-03-20 16:00:00-05:00,0.0,15.5,15.5,15.5,100
1998-03-23 16:00:00-05:00,0.0,0.0,0.0,15.5,0
1998-03-24 16:00:00-05:00,0.0,15.625,15.5,15.5,500
1998-03-25 16:00:00-05:00,0.0,0.0,0.0,15.5,0
1998-03-26 16:00:00-05:00,0.0,0.0,0.0,15.5,0
1998-03-27 16:00:00-05:00,0.0,0.0,0.0,15.5,0
1998-03-30 16:00:00-05:00,0.0,15.375,15.375,15.375,400
1998-03-31 16:00:00-05:00,0.0,0.0,0.0,15.375,0
1998-04-01 16:00:00-05:00,0.0,15.375,15.375,15.375,100
1998-04-02 16:00:00-05:00,0.0,0.0,0.0,15.375,0
1998-04-03 16:00:00-05:00,0.0,15.375,15.375,15.375,2500
1998-04-06 16:00:00-04:00,0.0,15.375,15.25,15.375,1000
1998-04-07 16:00:00-04:00,0.0,15.25,15.25,15.25,600
1998-04-08 16:00:00-04:00,0.0,0.0,0.0,15.25,0
1998-04-09 16:00:00-04:00,0.0,0.0,0.0,15.25,0
1998-04-13 16:00:00-04:00,0.0,15.125,15.125,15.125,1000
1998-04-14 16:00:00-04:00,0.0,15.125,15.125,15.125,600
1998-04-15 16:00:00-04:00,0.0,0.0,0.0,15.125,0
1998-04-16 16:00:00-04:00,0.0,0.0,0.0,15.125,0
1998-04-17 16:00:00-04:00,0.0,0.0,0.0,15.125,0
1998-04-20 16:00:00-04:00,0.0,15.125,15.0,15.0,3900
1998-04-21 16:00:00-04:00,0.0,15.125,15.125,15.125,200
1998-04-22 16:00:00-04:00,0.0,0.0,0.0,15.125,0
1998-04-23 16:00:00-04:00,0.0,0.0,0.0,15.125,0
1998-04-24 16:00:00-04:00,0.0,0.0,0.0,15.125,0
1998-04-27 16:00:00-04:00,0.0,0.0,0.0,15.125,0
1998-04-28 16:00:00-04:00,0.0,0.0,0.0,15.125,0
1998-04-29 16:00:00-04:00,0.0,0.0,0.0,15.125,0
1998-04-30 16:00:00-04:00,0.0,0.0,0.0,15.125,0
1998-05-01 16:00:00-04:00,0.0,0.0,0.0,15.125,0
1998-05-04 16:00:00-04:00,0.0,0.0,0.0,15.125,0
1998-05-05 16:00:00-04:00,0.0,0.0,0.0,15.125,0
1998-05-06 16:00:00-04:00,0.0,15.0,14.875,15.0,4400
1998-05-07 16:00:00-04:00,0.0,0.0,0.0,15.0,0
1998-05-08 16:00:00-04:00,0.0,0.0,0.0,15.0,0
1998-05-11 16:00:00-04:00,0.0,14.875,14.875,14.875,600
1998-05-12 16:00:00-04:00,0.0,0.0,0.0,14.875,0
1998-05-13 16:00:00-04:00,0.0,14.625,14.375,14.375,3000
1998-05-14 16:00:00-04:00,0.0,14.5,14.0,14.25,6900
1998-05-15 16:00:00-04:00,0.0,14.375,14.375,14.375,1000
1998-05-18 16:00:00-04:00,0.0,14.125,14.125,14.125,500
1998-05-19 16:00:00-04:00,0.0,14.25,14.25,14.25,700
1998-05-20 16:00:00-04:00,0.0,14.125,14.125,14.125,800
1998-05-21 16:00:00-04:00,0.0,14.125,14.0,14.125,1600
1998-05-22 16:00:00-04:00,0.0,14.25,14.25,14.25,2800
1998-05-26 16:00:00-04:00,0.0,0.0,0.0,14.25,0
1998-05-27 16:00:00-04:00,0.0,0.0,0.0,14.25,0
1998-05-28 16:00:00-04:00,0.0,14.5,14.5,14.5,2000
1998-05-29 16:00:00-04:00,0.0,0.0,0.0,14.5,0
1998-06-01 16:00:00-04:00,0.0,14.375,14.375,14.375,200
1998-06-02 16:00:00-04:00,0.0,14.5,14.375,14.375,1800
1998-06-03 16:00:00-04:00,0.0,0.0,0.0,14.375,0
1998-06-04 16:00:00-04:00,0.0,0.0,0.0,14.375,0
1998-06-05 16:00:00-04:00,0.0,14.25,14.25,14.25,200
1998-06-08 16:00:00-04:00,0.0,0.0,0.0,14.25,0
1998-06-09 16:00:00-04:00,0.0,14.25,14.25,14.25,100
1998-06-10 16:00:00-04:00,0.0,0.0,0.0,14.25,0
1998-06-11 16:00:00-04:00,0.0,14.25,14.125,14.125,2200
1998-06-12 16:00:00-04:00,0.0,14.125,13.75,14.0,3700
1998-06-15 16:00:00-04:00,0.0,14.125,14.0,14.0,2500
1998-06-16 16:00:00-04:00,0.0,14.25,14.25,14.25,7500
1998-06-17 16:00:00-04:00,0.0,0.0,0.0,14.25,0
1998-06-18 16:00:00-04:00,0.0,0.0,0.0,14.25,0
1998-06-19 16:00:00-04:00,0.0,14.125,14.125,14.125,200
1998-06-22 16:00:00-04:00,0.0,0.0,0.0,14.125,0
1998-06-23 16:00:00-04:00,0.0,14.1876,14.1876,14.1876,1000
1998-06-24 16:00:00-04:00,0.0,14.1876,14.1876,14.1876,1500
1998-06-25 16:00:00-04:00,0.0,14.125,14.125,14.125,100
1998-06-26 16:00:00-04:00,0.0,14.1876,14.1876,14.1876,2000
1998-06-29 16:00:00-04:00,0.0,0.0,0.0,14.1876,0
1998-06-30 16:00:00-04:00,0.0,14.0,14.0,14.0,1500
1998-07-01 16:00:00-04:00,0.0,14.1876,14.1876,14.1876,1500
1998-07-02 16:00:00-04:00,0.0,14.1876,14.1876,14.1876,1700
1998-07-06 16:00:00-04:00,0.0,14.125,14.125,14.125,100
1998-07-07 16:00:00-04:00,0.0,0.0,0.0,14.125,0
1998-07-08 16:00:00-04:00,0.0,0.0,0.0,14.125,0
1998-07-09 16:00:00-04:00,0.0,14.125,14.0,14.125,3500
1998-07-10 16:00:00-04:00,0.0,14.125,14.0,14.125,1200
1998-07-13 16:00:00-04:00,0.0,14.375,14.375,14.375,200
1998-07-14 16:00:00-04:00,0.0,0.0,0.0,14.375,0
1998-07-15 16:00:00-04:00,0.0,14.125,14.125,14.125,500
1998-07-16 16:00:00-04:00,0.0,14.125,14.125,14.125,1500
1998-07-17 16:00:00-04:00,0.0,14.1876,14.1876,14.1876,1500
1998-07-20 16:00:00-04:00,0.0,14.0,14.0,14.0,2600
1998-07-21 16:00:00-04:00,0.0,14.125,14.0,14.0,2500
1998-07-22 16:00:00-04:00,0.0,14.0,13.75,13.75,1500
1998-07-23 16:00:00-04:00,0.0,0.0,0.0,13.75,0
1998-07-24 16:00:00-04:00,0.0,14.125,14.0,14.125,10500
1998-07-27 16:00:00-04:00,0.0,0.0,0.0,14.125,0
1998-07-28 16:00:00-04:00,0.0,0.0,0.0,14.125,0
1998-07-29 16:00:00-04:00,0.0,14.0,13.875,13.875,1000
1998-07-30 16:00:00-04:00,0.0,14.0,14.0,14.0,2500
1998-07-31 16:00:00-04:00,0.0,14.0,14.0,14.0,1000
1998-08-03 16:00:00-04:00,0.0,0.0,0.0,14.0,0
1998-08-04 16:00:00-04:00,0.0,0.0,0.0,14.0,0
1998-08-05 16:00:00-04:00,0.0,0.0,0.0,14.0,0
1998-08-06 16:00:00-04:00,0.0,0.0,0.0,14.0,0
1998-08-07 16:00:00-04:00,0.0,0.0,0.0,14.0,0
1998-08-10 16:00:00-04:00,0.0,0.0,0.0,14.0,0
1998-08-11 16:00:00-04:00,0.0,0.0,0.0,14.0,0
1998-08-12 16:00:00-04:00,0.0,0.0,0.0,14.0,0
1998-08-13 16:00:00-04:00,0.0,0.0,0.0,14.0,0
1998-08-14 16:00:00-04:00,0.0,0.0,0.0,14.0,0
1998-08-17 16:00:00-04:00,0.0,0.0,0.0,14.0,0
1998-08-18 16:00:00-04:00,0.0,0.0,0.0,14.0,0
1998-08-19 16:00:00-04:00,0.0,0.0,0.0,14.0,0
1998-08-20 16:00:00-04:00,0.0,0.0,0.0,14.0,0
1998-08-21 16:00:00-04:00,0.0,0.0,0.0,14.0,0
1998-08-24 16:00:00-04:00,0.0,13.875,13.875,13.875,100
1998-08-25 16:00:00-04:00,0.0,0.0,0.0,13.875,0
1998-08-26 16:00:00-04:00,0.0,13.75,13.75,13.75,1000
1998-08-27 16:00:00-04:00,0.0,13.8126,13.6876,13.6876,5800
1998-08-28 16:00:00-04:00,0.0,0.0,0.0,13.6876,0
1998-08-31 16:00:00-04:00,0.0,13.75,13.75,13.75,2000
1998-09-01 16:00:00-04:00,0.0,13.75,13.6876,13.6876,2100
1998-09-02 16:00:00-04:00,0.0,0.0,0.0,13.6876,0
1998-09-03 16:00:00-04:00,0.0,13.75,13.625,13.625,1600
1998-09-04 16:00:00-04:00,0.0,13.9376,13.75,13.9376,2400
1998-09-08 16:00:00-04:00,0.0,14.0,14.0,14.0,400
1998-09-09 16:00:00-04:00,0.0,14.375,14.25,14.375,1200
1998-09-10 16:00:00-04:00,0.0,0.0,0.0,14.375,0
1998-09-11 16:00:00-04:00,0.0,14.5,14.5,14.5,200
1998-09-14 16:00:00-04:00,0.0,14.625,14.625,14.625,300
1998-09-15 16:00:00-04:00,0.0,0.0,0.0,14.625,0
1998-09-16 16:00:00-04:00,0.0,0.0,0.0,14.625,0
1998-09-17 16:00:00-04:00,0.0,0.0,0.0,14.625,0
1998-09-18 16:00:00-04:00,0.0,0.0,0.0,14.625,0
1998-09-21 16:00:00-04:00,0.0,14.375,14.0,14.0,2400
1998-09-22 16:00:00-04:00,0.0,13.875,13.875,13.875,800
1998-09-23 16:00:00-04:00,0.0,13.9376,13.8126,13.9376,4000
1998-09-24 16:00:00-04:00,0.0,13.6876,13.6876,13.6876,500
1998-09-25 16:00:00-04:00,0.0,13.3126,12.75,12.875,12600
1998-09-28 16:00:00-04:00,0.0,13.25,13.0,13.25,2200
1998-09-29 16:00:00-04:00,0.0,13.0,13.0,13.0,400
1998-09-30 16:00:00-04:00,0.0,12.875,12.75,12.875,3500
1998-10-01 16:00:00-04:00,0.0,0.0,0.0,12.875,0
1998-10-02 16:00:00-04:00,0.0,0.0,0.0,12.875,0
1998-10-05 16:00:00-04:00,0.0,0.0,0.0,12.875,0
1998-10-06 16:00:00-04:00,0.0,0.0,0.0,12.875,0
1998-10-07 16:00:00-04:00,0.0,13.125,12.875,13.125,1600
1998-10-08 16:00:00-04:00,0.0,0.0,0.0,13.125,0
1998-10-09 16:00:00-04:00,0.0,13.25,13.25,13.25,200
1998-10-12 16:00:00-04:00,0.0,0.0,0.0,13.25,0
1998-10-13 16:00:00-04:00,0.0,13.125,13.0,13.0,300
1998-10-14 16:00:00-04:00,0.0,12.75,12.75,12.75,800
1998-10-15 16:00:00-04:00,0.0,12.625,12.5,12.625,1700
1998-10-16 16:00:00-04:00,0.0,12.75,12.625,12.625,2100
1998-10-19 16:00:00-04:00,0.0,12.75,12.625,12.625,300
1998-10-20 16:00:00-04:00,0.0,12.75,12.75,12.75,1000
1998-10-21 16:00:00-04:00,0.0,0.0,0.0,12.75,0
1998-10-22 16:00:00-04:00,0.0,0.0,0.0,12.75,0
1998-10-23 16:00:00-04:00,0.0,12.6876,12.375,12.625,6200
1998-10-26 16:00:00-05:00,0.0,0.0,0.0,12.625,0
1998-10-27 16:00:00-05:00,0.0,12.5,12.375,12.375,4200
1998-10-28 16:00:00-05:00,0.0,0.0,0.0,12.375,0
1998-10-29 16:00:00-05:00,0.0,12.5626,12.5,12.5626,800
1998-10-30 16:00:00-05:00,0.0,12.875,12.625,12.875,1700
1998-11-02 16:00:00-05:00,0.0,0.0,0.0,12.875,0
1998-11-03 16:00:00-05:00,0.0,12.75,12.75,12.75,300
1998-11-04 16:00:00-05:00,0.0,13.0,12.875,12.875,3100
1998-11-05 16:00:00-05:00,0.0,12.625,12.5,12.5,1000
1998-11-06 16:00:00-05:00,0.0,12.5626,12.5626,12.5626,7600
1998-11-09 16:00:00-05:00,0.0,0.0,0.0,12.5626,0
1998-11-10 16:00:00-05:00,0.0,12.5,12.5,12.5,6900
1998-11-11 16:00:00-05:00,0.0,0.0,0.0,12.5,0
1998-11-12 16:00:00-05:00,0.0,0.0,0.0,12.5,0
1998-11-13 16:00:00-05:00,0.0,12.75,12.75,12.75,800
1998-11-16 16:00:00-05:00,0.0,0.0,0.0,12.75,0
1998-11-17 16:00:00-05:00,0.0,12.625,12.625,12.625,1000
1998-11-18 16:00:00-05:00,0.0,12.75,12.75,12.75,100
1998-11-19 16:00:00-05:00,0.0,12.625,12.625,12.625,800
1998-11-20 16:00:00-05:00,0.0,0.0,0.0,12.625,0
1998-11-23 16:00:00-05:00,0.0,12.75,12.625,12.625,1700
1998-11-24 16:00:00-05:00,0.0,12.875,12.625,12.875,300
1998-11-25 16:00:00-05:00,0.0,0.0,0.0,12.875,0
1998-11-27 16:00:00-05:00,0.0,0.0,0.0,12.875,0
1998-11-30 16:00:00-05:00,0.0,0.0,0.0,12.875,0
1998-12-01 16:00:00-05:00,0.0,12.75,12.75,12.75,400
1998-12-02 16:00:00-05:00,0.0,12.75,12.6876,12.6876,800
1998-12-03 16:00:00-05:00,0.0,13.0,12.75,12.75,1400
1998-12-04 16:00:00-05:00,0.0,0.0,0.0,12.75,0
1998-12-07 16:00:00-05:00,0.0,13.0,12.75,12.75,1000
1998-12-08 16:00:00-05:00,0.0,12.75,12.75,12.75,100
1998-12-09 16:00:00-05:00,0.0,12.875,12.875,12.875,900
1998-12-10 16:00:00-05:00,0.0,13.125,13.0626,13.0626,3200
1998-12-11 16:00:00-05:00,0.0,0.0,0.0,13.0626,0
1998-12-14 16:00:00-05:00,0.0,13.25,13.0,13.25,800
1998-12-15 16:00:00-05:00,0.0,13.125,13.125,13.125,200
1998-12-16 16:00:00-05:00,0.0,0.0,0.0,13.125,0
1998-12-17 16:00:00-05:00,0.0,13.0,13.0,13.0,200
1998-12-18 16:00:00-05:00,0.0,0.0,0.0,13.0,0
1998-12-21 16:00:00-05:00,0.0,0.0,0.0,13.0,0
1998-12-22 16:00:00-05:00,0.0,0.0,0.0,13.0,0
1998-12-23 16:00:00-05:00,0.0,0.0,0.0,13.0,0
1998-12-24 16:00:00-05:00,0.0,0.0,0.0,13.0,0
1998-12-28 16:00:00-05:00,0.0,12.875,12.75,12.875,400
1998-12-29 16:00:00-05:00,0.0,13.375,13.0,13.25,2900
1998-12-30 16:00:00-05:00,0.0,13.0,13.0,13.0,400
1998-12-31 16:00:00-05:00,0.0,12.75,12.75,12.75,300
1999-01-04 16:00:00-05:00,0.0,13.125,12.75,13.125,2200
1999-01-05 16:00:00-05:00,0.0,0.0,0.0,13.125,0
1999-01-06 16:00:00-05:00,0.0,0.0,0.0,13.125,0
1999-01-07 16:00:00-05:00,0.0,13.8126,13.375,13.8126,8000
1999-01-08 16:00:00-05:00,0.0,13.875,13.8126,13.8126,1100
1999-01-11 16:00:00-05:00,0.0,0.0,0.0,13.8126,0
1999-01-12 16:00:00-05:00,0.0,0.0,0.0,13.8126,0
1999-01-13 16:00:00-05:00,0.0,13.9376,13.9376,13.9376,700
1999-01-14 16:00:00-05:00,0.0,0.0,0.0,13.9376,0
1999-01-15 16:00:00-05:00,0.0,0.0,0.0,13.9376,0
1999-01-19 16:00:00-05:00,0.0,13.875,13.875,13.875,200
1999-01-20 16:00:00-05:00,0.0,13.75,13.625,13.75,4900
1999-01-21 16:00:00-05:00,0.0,13.625,13.625,13.625,100
1999-01-22 16:00:00-05:00,0.0,13.625,13.375,13.5,1800
1999-01-25 16:00:00-05:00,0.0,13.5,13.5,13.5,100
1999-01-26 16:00:00-05:00,0.0,0.0,0.0,13.5,0
1999-01-27 16:00:00-05:00,0.0,13.875,13.75,13.875,700
1999-01-28 16:00:00-05:00,0.0,13.75,13.5,13.625,1500
1999-01-29 16:00:00-05:00,0.0,13.75,13.75,13.75,300
1999-02-01 16:00:00-05:00,0.0,13.75,13.75,13.75,200
1999-02-02 16:00:00-05:00,0.0,0.0,0.0,13.75,0
1999-02-03 16:00:00-05:00,0.0,13.8126,13.8126,13.8126,1000
1999-02-04 16:00:00-05:00,0.0,13.875,13.875,13.875,400
1999-02-05 16:00:00-05:00,0.0,0.0,0.0,13.875,0
1999-02-08 16:00:00-05:00,0.0,0.0,0.0,13.875,0
1999-02-09 16:00:00-05:00,0.0,13.875,13.875,13.875,1300
1999-02-10 16:00:00-05:00,0.0,14.125,13.875,13.875,1400
1999-02-11 16:00:00-05:00,0.0,0.0,0.0,13.875,0
1999-02-12 16:00:00-05:00,0.0,14.125,13.375,13.375,9400
1999-02-16 16:00:00-05:00,0.0,13.5,13.5,13.5,3000
1999-02-17 16:00:00-05:00,0.0,13.25,13.125,13.125,1900
1999-02-18 16:00:00-05:00,0.0,13.0,13.0,13.0,500
1999-02-19 16:00:00-05:00,0.0,13.0,13.0,13.0,200
1999-02-22 16:00:00-05:00,0.0,13.0,13.0,13.0,2900
1999-02-23 16:00:00-05:00,0.0,0.0,0.0,13.0,0
1999-02-24 16:00:00-05:00,0.0,0.0,0.0,13.0,0
1999-02-25 16:00:00-05:00,0.0,0.0,0.0,13.0,0
1999-02-26 16:00:00-05:00,0.0,12.75,12.75,12.75,1000
1999-03-01 16:00:00-05:00,0.0,0.0,0.0,12.75,0
1999-03-02 16:00:00-05:00,0.0,12.75,12.625,12.6876,3400
1999-03-03 16:00:00-05:00,0.0,12.625,12.625,12.625,1500
1999-03-04 16:00:00-05:00,0.0,0.0,0.0,12.625,0
1999-03-05 16:00:00-05:00,0.0,0.0,0.0,12.625,0
1999-03-08 16:00:00-05:00,0.0,12.5,12.5,12.5,3100
1999-03-09 16:00:00-05:00,0.0,12.5,12.5,12.5,700
1999-03-10 16:00:00-05:00,0.0,0.0,0.0,12.5,0
1999-03-11 16:00:00-05:00,0.0,0.0,0.0,12.5,0
1999-03-12 16:00:00-05:00,0.0,12.25,12.25,12.25,500
1999-03-15 16:00:00-05:00,0.0,0.0,0.0,12.25,0
1999-03-16 16:00:00-05:00,0.0,0.0,0.0,12.25,0
1999-03-17 16:00:00-05:00,0.0,0.0,0.0,12.25,0
1999-03-18 16:00:00-05:00,0.0,12.375,12.375,12.375,500
1999-03-19 16:00:00-05:00,0.0,12.375,12.375,12.375,200
1999-03-22 16:00:00-05:00,0.0,12.5,12.25,12.5,600
1999-03-23 16:00:00-05:00,0.0,12.5,12.5,12.5,400
1999-03-24 16:00:00-05:00,0.0,12.5,12.375,12.5,1400
1999-03-25 16:00:00-05:00,0.0,12.5,12.375,12.5,1000
1999-03-26 16:00:00-05:00,0.0,12.625,12.5,12.625,600
1999-03-29 16:00:00-05:00,0.0,12.75,12.5,12.75,2000
1999-03-30 16:00:00-05:00,0.0,0.0,0.0,12.75,0
1999-03-31 16:00:00-05:00,0.0,12.75,11.75,11.75,11200
1999-04-01 16:00:00-05:00,0.0,12.0,11.8126,11.9376,11600
1999-04-05 16:00:00-04:00,0.0,11.875,11.75,11.875,2200
1999-04-06 16:00:00-04:00,0.0,11.875,11.875,11.875,1300
1999-04-07 16:00:00-04:00,0.0,11.875,11.875,11.875,1000
1999-04-08 16:00:00-04:00,0.0,11.9376,11.9376,11.9376,1000
1999-04-09 16:00:00-04:00,0.0,12.0,11.9376,12.0,4300
1999-04-12 16:00:00-04:00,0.0,12.125,11.875,12.0,9000
1999-04-13 16:00:00-04:00,0.0,12.25,12.125,12.125,1600
1999-04-14 16:00:00-04:00,0.0,12.0,11.75,11.75,2000
1999-04-15 16:00:00-04:00,0.0,11.5,11.25,11.25,4100
1999-04-16 16:00:00-04:00,0.0,11.5,11.5,11.5,3000
1999-04-19 16:00:00-04:00,0.0,11.75,11.5,11.5,3800
1999-04-20 16:00:00-04:00,0.0,0.0,0.0,11.5,0
1999-04-21 16:00:00-04:00,0.0,0.0,0.0,11.5,0
1999-04-22 16:00:00-04:00,0.0,0.0,0.0,11.5,0
1999-04-23 16:00:00-04:00,0.0,11.625,11.625,11.625,300
1999-04-26 16:00:00-04:00,0.0,12.0,11.875,12.0,3300
1999-04-27 16:00:00-04:00,0.0,12.125,11.75,12.125,1200
1999-04-28 16:00:00-04:00,0.0,11.875,11.875,11.875,2000
1999-04-29 16:00:00-04:00,0.0,12.5,12.0,12.375,4500
1999-04-30 16:00:00-04:00,0.0,12.75,12.5,12.75,1300
1999-05-03 16:00:00-04:00,0.0,0.0,0.0,12.75,0
1999-05-04 16:00:00-04:00,0.0,0.0,0.0,12.75,0
1999-05-05 16:00:00-04:00,0.0,12.5,12.5,12.5,1000
1999-05-06 16:00:00-04:00,0.0,0.0,0.0,12.5,0
1999-05-07 16:00:00-04:00,0.0,0.0,0.0,12.5,0
1999-05-10 16:00:00-04:00,0.0,0.0,0.0,12.5,0
1999-05-11 16:00:00-04:00,0.0,0.0,0.0,12.5,0
1999-05-12 16:00:00-04:00,0.0,12.5,12.375,12.5,600
1999-05-13 16:00:00-04:00,0.0,12.5,12.5,12.5,2400
1999-05-14 16:00:00-04:00,0.0,0.0,0.0,12.5,0
1999-05-17 16:00:00-04:00,0.0,12.75,12.75,12.75,400
1999-05-18 16:00:00-04:00,0.0,12.5,12.5,12.5,2000
1999-05-19 16:00:00-04:00,0.0,12.375,12.375,12.375,32800
1999-05-20 16:00:00-04:00,0.0,0.0,0.0,12.375,0
1999-05-21 16:00:00-04:00,0.0,12.375,12.375,12.375,7000
1999-05-24 16:00:00-04:00,0.0,0.0,0.0,12.375,0
1999-05-25 16:00:00-04:00,0.0,12.375,12.375,12.375,1000
1999-05-26 16:00:00-04:00,0.0,0.0,0.0,12.375,0
1999-05-27 16:00:00-04:00,0.0,0.0,0.0,12.375,0
1999-05-28 16:00:00-04:00,0.0,0.0,0.0,12.375,0
1999-06-01 16:00:00-04:00,0.0,0.0,0.0,12.375,0
1999-06-02 16:00:00-04:00,0.0,12.5,12.375,12.375,1700
1999-06-03 16:00:00-04:00,0.0,0.0,0.0,12.375,0
1999-06-04 16:00:00-04:00,0.0,12.5,12.375,12.375,1300
1999-06-07 16:00:00-04:00,0.0,12.375,12.375,12.375,1000
1999-06-08 16:00:00-04:00,0.0,12.375,12.25,12.3126,1100
1999-06-09 16:00:00-04:00,0.0,12.375,12.375,12.375,400
1999-06-10 16:00:00-04:00,0.0,0.0,0.0,12.375,0
1999-06-11 16:00:00-04:00,0.0,12.25,12.25,12.25,5600
1999-06-14 16:00:00-04:00,0.0,12.375,12.25,12.375,600
1999-06-15 16:00:00-04:00,0.0,12.25,12.25,12.25,1700
1999-06-16 16:00:00-04:00,0.0,0.0,0.0,12.25,0
1999-06-17 16:00:00-04:00,0.0,0.0,0.0,12.25,0
1999-06-18 16:00:00-04:00,0.0,12.125,12.125,12.125,4000
1999-06-21 16:00:00-04:00,0.0,0.0,0.0,12.125,0
1999-06-22 16:00:00-04:00,0.0,0.0,0.0,12.125,0
1999-06-23 16:00:00-04:00,0.0,0.0,0.0,12.125,0
1999-06-24 16:00:00-04:00,0.0,12.125,12.125,12.125,500
1999-06-25 16:00:00-04:00,0.0,0.0,0.0,12.125,0
1999-06-28 16:00:00-04:00,0.0,0.0,0.0,12.125,0
1999-06-29 16:00:00-04:00,0.0,0.0,0.0,12.125,0
1999-06-30 16:00:00-04:00,0.0,12.25,12.125,12.25,1200
1999-07-01 16:00:00-04:00,0.0,0.0,0.0,12.25,0
1999-07-02 16:00:00-04:00,0.0,12.1876,12.125,12.1876,2400
1999-07-06 16:00:00-04:00,0.0,12.1876,12.1876,12.1876,100
1999-07-07 16:00:00-04:00,0.0,0.0,0.0,12.1876,0
1999-07-08 16:00:00-04:00,0.0,0.0,0.0,12.1876,0
1999-07-09 16:00:00-04:00,0.0,12.3126,12.3126,12.3126,100
1999-07-12 16:00:00-04:00,0.0,12.5,12.375,12.5,6500
1999-07-13 16:00:00-04:00,0.0,12.875,12.625,12.875,6500
1999-07-14 16:00:00-04:00,0.0,13.375,13.0,13.0,3700
1999-07-15 16:00:00-04:00,0.0,13.25,13.0,13.25,3000
1999-07-16 16:00:00-04:00,0.0,13.0,12.875,13.0,4400
1999-07-19 16:00:00-04:00,0.0,13.1876,13.0626,13.1876,2000
1999-07-20 16:00:00-04:00,0.0,0.0,0.0,13.1876,0
1999-07-21 16:00:00-04:00,0.0,0.0,0.0,13.1876,0
1999-07-22 16:00:00-04:00,0.0,13.0,13.0,13.0,5200
1999-07-23 16:00:00-04:00,0.0,0.0,0.0,13.0,0
1999-07-26 16:00:00-04:00,0.0,12.875,12.875,12.875,300
1999-07-27 16:00:00-04:00,0.0,13.0,13.0,13.0,1000
1999-07-28 16:00:00-04:00,0.0,12.75,12.75,12.75,2900
1999-07-29 16:00:00-04:00,0.0,12.75,12.75,12.75,100
1999-07-30 16:00:00-04:00,0.0,0.0,0.0,12.75,0
1999-08-02 16:00:00-04:00,0.0,0.0,0.0,12.75,0
1999-08-03 16:00:00-04:00,0.0,0.0,0.0,12.75,0
1999-08-04 16:00:00-04:00,0.0,12.625,12.625,12.625,2000
1999-08-05 16:00:00-04:00,0.0,0.0,0.0,12.625,0
1999-08-06 16:00:00-04:00,0.0,0.0,0.0,12.625,0
1999-08-09 16:00:00-04:00,0.0,12.625,12.625,12.625,200
1999-08-10 16:00:00-04:00,0.0,12.5,12.5,12.5,1000
1999-08-11 16:00:00-04:00,0.0,12.5,12.5,12.5,300
1999-08-12 16:00:00-04:00,0.0,12.75,12.75,12.75,500
1999-08-13 16:00:00-04:00,0.0,12.875,12.875,12.875,500
1999-08-16 16:00:00-04:00,0.0,0.0,0.0,12.875,0
1999-08-17 16:00:00-04:00,0.0,0.0,0.0,12.875,0
1999-08-18 16:00:00-04:00,0.0,0.0,0.0,12.875,0
1999-08-19 16:00:00-04:00,0.0,12.75,12.75,12.75,600
1999-08-20 16:00:00-04:00,0.0,0.0,0.0,12.75,0
1999-08-23 16:00:00-04:00,0.0,0.0,0.0,12.75,0
1999-08-24 16:00:00-04:00,0.0,0.0,0.0,12.75,0
1999-08-25 16:00:00-04:00,0.0,12.875,12.875,12.875,400
1999-08-26 16:00:00-04:00,0.0,13.0,12.75,12.75,1100
1999-08-27 16:00:00-04:00,0.0,12.875,12.875,12.875,400
1999-08-30 16:00:00-04:00,0.0,13.625,13.0,13.625,4200
1999-08-31 16:00:00-04:00,0.0,14.0,13.75,13.875,9900
1999-09-01 16:00:00-04:00,0.0,14.5,14.0,14.375,3000
1999-09-02 16:00:00-04:00,0.0,14.5,14.375,14.5,2800
1999-09-03 16:00:00-04:00,0.0,14.75,14.375,14.375,3800
1999-09-07 16:00:00-04:00,0.0,14.625,14.5,14.5,1600
1999-09-08 16:00:00-04:00,0.0,14.6876,14.5,14.6876,1500
1999-09-09 16:00:00-04:00,0.0,0.0,0.0,14.6876,0
1999-09-10 16:00:00-04:00,0.0,14.625,14.625,14.625,100
1999-09-13 16:00:00-04:00,0.0,0.0,0.0,14.625,0
1999-09-14 16:00:00-04:00,0.0,14.625,14.625,14.625,1100
1999-09-15 16:00:00-04:00,0.0,14.75,14.6876,14.75,3500
1999-09-16 16:00:00-04:00,0.0,0.0,0.0,14.75,0
1999-09-17 16:00:00-04:00,0.0,14.75,14.75,14.75,1200
1999-09-20 16:00:00-04:00,0.0,0.0,0.0,14.75,0
1999-09-21 16:00:00-04:00,0.0,14.625,14.625,14.625,500
1999-09-22 16:00:00-04:00,0.0,0.0,0.0,14.625,0
1999-09-23 16:00:00-04:00,0.0,0.0,0.0,14.625,0
1999-09-24 16:00:00-04:00,0.0,0.0,0.0,14.625,0
1999-09-27 16:00:00-04:00,0.0,14.625,14.625,14.625,200
1999-09-28 16:00:00-04:00,0.0,14.5,14.5,14.5,600
1999-09-29 16:00:00-04:00,0.0,14.5,13.875,13.875,3300
1999-09-30 16:00:00-04:00,0.0,13.875,13.5,13.5,10500
1999-10-01 16:00:00-04:00,0.0,0.0,0.0,13.5,0
1999-10-04 16:00:00-04:00,0.0,13.75,13.6876,13.6876,1100
1999-10-05 16:00:00-04:00,0.0,13.625,13.625,13.625,400
1999-10-06 16:00:00-04:00,0.0,14.0,13.625,14.0,5100
1999-10-07 16:00:00-04:00,0.0,14.125,14.125,14.125,300
1999-10-08 16:00:00-04:00,0.0,14.125,14.125,14.125,1000
1999-10-11 16:00:00-04:00,0.0,14.0626,14.0,14.0,1300
1999-10-12 16:00:00-04:00,0.0,14.25,14.0626,14.25,3400
1999-10-13 16:00:00-04:00,0.0,14.1876,14.125,14.1876,700
1999-10-14 16:00:00-04:00,0.0,14.1876,14.1876,14.1876,1900
1999-10-15 16:00:00-04:00,0.0,14.375,14.25,14.25,900
1999-10-18 16:00:00-04:00,0.0,14.1876,14.125,14.1876,500
1999-10-19 16:00:00-04:00,0.0,14.1876,14.0,14.1876,2500
1999-10-20 16:00:00-04:00,0.0,14.1876,14.1876,14.1876,100
1999-10-21 16:00:00-04:00,0.0,0.0,0.0,14.1876,0
1999-10-22 16:00:00-04:00,0.0,14.25,14.25,14.25,700
1999-10-25 16:00:00-04:00,0.0,0.0,0.0,14.25,0
1999-10-26 16:00:00-04:00,0.0,14.75,14.25,14.75,5100
1999-10-27 16:00:00-04:00,0.0,15.25,14.5,15.125,11000
1999-10-28 16:00:00-04:00,0.0,15.125,15.0,15.0626,3300
1999-10-29 16:00:00-04:00,0.0,0.0,0.0,15.0626,0
1999-11-01 16:00:00-05:00,0.0,15.0626,14.75,14.75,900
1999-11-02 16:00:00-05:00,0.0,14.9376,14.625,14.625,2100
1999-11-03 16:00:00-05:00,0.0,15.25,14.875,15.25,3400
1999-11-04 16:00:00-05:00,0.0,15.125,15.0,15.125,1800
1999-11-05 16:00:00-05:00,0.0,15.125,15.0,15.125,500
1999-11-08 16:00:00-05:00,0.0,15.125,15.125,15.125,100
1999-11-09 16:00:00-05:00,0.0,14.875,14.875,14.875,2100
1999-11-10 16:00:00-05:00,0.0,14.875,14.75,14.75,1600
1999-11-11 16:00:00-05:00,0.0,14.75,14.625,14.625,900
1999-11-12 16:00:00-05:00,0.0,14.625,14.375,14.375,3100
1999-11-15 16:00:00-05:00,0.0,14.625,14.5,14.5,900
1999-11-16 16:00:00-05:00,0.0,0.0,0.0,14.5,0
1999-11-17 16:00:00-05:00,0.0,14.75,14.5,14.75,600
1999-11-18 16:00:00-05:00,0.0,15.0,14.75,14.875,1600
1999-11-19 16:00:00-05:00,0.0,14.9376,14.75,14.75,2200
1999-11-22 16:00:00-05:00,0.0,14.75,14.5,14.5,2100
1999-11-23 16:00:00-05:00,0.0,14.5,14.375,14.375,1700
1999-11-24 16:00:00-05:00,0.0,14.625,14.5,14.5,600
1999-11-26 16:00:00-05:00,0.0,0.0,0.0,14.5,0
1999-11-29 16:00:00-05:00,0.0,14.4376,14.4376,14.4376,100
1999-11-30 16:00:00-05:00,0.0,14.625,14.625,14.625,100
1999-12-01 16:00:00-05:00,0.0,0.0,0.0,14.625,0
1999-12-02 16:00:00-05:00,0.0,14.875,14.5,14.5,1200
1999-12-03 16:00:00-05:00,0.0,14.375,14.125,14.25,3100
1999-12-06 16:00:00-05:00,0.0,0.0,0.0,14.25,0
1999-12-07 16:00:00-05:00,0.0,0.0,0.0,14.25,0
1999-12-08 16:00:00-05:00,0.0,14.25,14.25,14.25,100
1999-12-09 16:00:00-05:00,0.0,0.0,0.0,14.25,0
1999-12-10 16:00:00-05:00,0.0,14.375,14.125,14.25,900
1999-12-13 16:00:00-05:00,0.0,14.25,14.0,14.125,1400
1999-12-14 16:00:00-05:00,0.0,14.5,14.25,14.5,2100
1999-12-15 16:00:00-05:00,0.0,14.75,14.5,14.75,1100
1999-12-16 16:00:00-05:00,0.0,15.0,14.875,14.875,1200
1999-12-17 16:00:00-05:00,0.0,0.0,0.0,14.875,0
1999-12-20 16:00:00-05:00,0.0,14.875,14.625,14.875,200
1999-12-21 16:00:00-05:00,0.0,0.0,0.0,14.875,0
1999-12-22 16:00:00-05:00,0.0,14.875,14.875,14.875,1000
1999-12-23 16:00:00-05:00,0.0,14.875,14.875,14.875,2000
1999-12-27 16:00:00-05:00,0.0,14.75,14.625,14.625,800
1999-12-28 16:00:00-05:00,0.0,14.875,14.5,14.875,400
1999-12-29 16:00:00-05:00,0.0,0.0,0.0,14.875,0
1999-12-30 16:00:00-05:00,0.0,0.0,0.0,14.875,0
1999-12-31 16:00:00-05:00,0.0,14.625,14.625,14.625,300
2000-01-03 16:00:00-05:00,14.625,14.625,14.625,14.625,300
2000-01-04 16:00:00-05:00,14.5,14.5,14.5,14.5,200
2000-01-05 16:00:00-05:00,14.5,14.75,14.5,14.75,300
2000-01-06 16:00:00-05:00,14.75,14.75,14.6876,14.6876,400
2000-01-07 16:00:00-05:00,0.0,0.0,0.0,14.6876,0
2000-01-10 16:00:00-05:00,14.6876,14.6876,14.625,14.625,600
2000-01-11 16:00:00-05:00,14.875,14.875,14.75,14.875,400
2000-01-12 16:00:00-05:00,14.875,14.875,14.625,14.875,500
2000-01-13 16:00:00-05:00,14.875,15.375,14.875,15.3126,6800
2000-01-14 16:00:00-05:00,15.25,15.5,15.25,15.375,3900
2000-01-18 16:00:00-05:00,15.5,15.5,15.375,15.375,500
2000-01-19 16:00:00-05:00,15.375,15.5,15.25,15.375,3800
2000-01-20 16:00:00-05:00,15.4376,15.5626,15.4376,15.5,1900
2000-01-21 16:00:00-05:00,15.5626,15.5626,15.5626,15.5626,100
2000-01-24 16:00:00-05:00,15.4376,15.5,15.4376,15.5,1100
2000-01-25 16:00:00-05:00,15.375,15.5,15.375,15.5,400
2000-01-26 16:00:00-05:00,15.375,15.5626,15.375,15.5,2200
2000-01-27 16:00:00-05:00,0.0,0.0,0.0,15.5,0
2000-01-28 16:00:00-05:00,15.5,15.5,15.0,15.0,2600
2000-01-31 16:00:00-05:00,15.0,15.0,15.0,15.0,700
2000-02-01 16:00:00-05:00,15.25,15.25,14.875,14.875,3100
2000-02-02 16:00:00-05:00,15.0,15.0,14.75,14.75,2300
2000-02-03 16:00:00-05:00,14.5,14.5,14.5,14.5,800
2000-02-04 16:00:00-05:00,14.375,14.375,14.125,14.125,3900
2000-02-07 16:00:00-05:00,14.0,14.0,13.5,13.5626,4400
2000-02-08 16:00:00-05:00,13.6876,13.6876,13.5,13.5,2300
2000-02-09 16:00:00-05:00,13.5,13.5,13.25,13.25,8900
2000-02-10 16:00:00-05:00,13.5,13.625,13.25,13.625,800
2000-02-11 16:00:00-05:00,13.75,13.75,13.75,13.75,300
2000-02-14 16:00:00-05:00,14.0,14.0,13.625,13.625,4100
2000-02-15 16:00:00-05:00,13.5,13.5,13.5,13.5,600
2000-02-16 16:00:00-05:00,13.75,13.75,13.625,13.625,2400
2000-02-17 16:00:00-05:00,13.625,13.875,13.625,13.875,300
2000-02-18 16:00:00-05:00,0.0,0.0,0.0,13.875,0
2000-02-22 16:00:00-05:00,13.625,13.625,13.625,13.625,600
2000-02-23 16:00:00-05:00,13.625,13.625,13.625,13.625,300
2000-02-24 16:00:00-05:00,13.625,13.625,13.5,13.625,800
2000-02-25 16:00:00-05:00,13.5626,13.5626,13.5626,13.5626,300
2000-02-28 16:00:00-05:00,13.5,13.5,13.375,13.375,2600
2000-02-29 16:00:00-05:00,13.375,13.375,13.25,13.25,1300
2000-03-01 16:00:00-05:00,0.0,0.0,0.0,13.25,0
2000-03-02 16:00:00-05:00,0.0,13.25,13.25,13.25,1000
2000-03-03 16:00:00-05:00,0.0,0.0,0.0,13.25,0
2000-03-06 16:00:00-05:00,0.0,13.0,12.875,12.875,4700
2000-03-07 16:00:00-05:00,0.0,0.0,0.0,12.875,0
2000-03-08 16:00:00-05:00,13.125,13.125,13.0,13.0,600
2000-03-09 16:00:00-05:00,13.0626,13.5,13.0626,13.5,2500
2000-03-10 16:00:00-05:00,13.75,13.75,13.125,13.5,7500
2000-03-13 16:00:00-05:00,13.25,13.5,13.25,13.5,7900
2000-03-14 16:00:00-05:00,13.5,13.5,13.5,13.5,500
2000-03-15 16:00:00-05:00,13.25,13.625,13.25,13.625,1400
2000-03-16 16:00:00-05:00,13.625,13.625,13.625,13.625,600
2000-03-17 16:00:00-05:00,13.625,13.625,13.375,13.375,1100
2000-03-20 16:00:00-05:00,13.25,13.25,13.25,13.25,100
2000-03-21 16:00:00-05:00,13.375,13.375,13.375,13.375,200
2000-03-22 16:00:00-05:00,13.5,13.625,13.375,13.375,1800
2000-03-23 16:00:00-05:00,0.0,0.0,0.0,13.375,0
2000-03-24 16:00:00-05:00,13.8126,14.0,13.375,13.75,6300
2000-03-27 16:00:00-05:00,13.5,14.0,13.5,13.875,9400
2000-03-28 16:00:00-05:00,0.0,0.0,0.0,13.875,0
2000-03-29 16:00:00-05:00,14.0,14.375,14.0,14.25,8300
2000-03-30 16:00:00-05:00,14.25,14.25,14.25,14.25,2300
2000-03-31 16:00:00-05:00,14.125,14.125,13.875,13.875,3500
2000-04-03 16:00:00-04:00,14.0,14.0,13.875,13.875,2600
2000-04-04 16:00:00-04:00,0.0,0.0,0.0,13.875,0
2000-04-05 16:00:00-04:00,0.0,0.0,0.0,13.875,0
2000-04-06 16:00:00-04:00,14.0,14.1876,14.0,14.1876,4000
2000-04-07 16:00:00-04:00,14.125,15.0,14.125,14.875,15700
2000-04-10 16:00:00-04:00,14.875,14.875,14.625,14.625,3600
2000-04-11 16:00:00-04:00,0.0,0.0,0.0,14.625,0
2000-04-12 16:00:00-04:00,0.0,0.0,0.0,14.625,0
2000-04-13 16:00:00-04:00,14.625,14.625,14.625,14.625,300
2000-04-14 16:00:00-04:00,14.5,14.5,14.5,14.5,200
2000-04-17 16:00:00-04:00,0.0,0.0,0.0,14.5,0
2000-04-18 16:00:00-04:00,0.0,0.0,0.0,14.5,0
2000-04-19 16:00:00-04:00,0.0,0.0,0.0,14.5,0
2000-04-20 16:00:00-04:00,14.5,14.625,14.5,14.625,700
2000-04-24 16:00:00-04:00,0.0,0.0,0.0,14.625,0
2000-04-25 16:00:00-04:00,0.0,0.0,0.0,14.625,0
2000-04-26 16:00:00-04:00,14.875,14.875,14.8126,14.8126,800
2000-04-27 16:00:00-04:00,0.0,0.0,0.0,14.8126,0
2000-04-28 16:00:00-04:00,14.8126,15.125,14.8126,15.0,3500
2000-05-01 16:00:00-04:00,15.0,15.0,14.75,14.75,1400
2000-05-02 16:00:00-04:00,14.75,14.875,14.75,14.8126,1200
2000-05-03 16:00:00-04:00,0.0,0.0,0.0,14.8126,0
2000-05-04 16:00:00-04:00,14.75,14.8126,14.625,14.8126,10900
2000-05-05 16:00:00-04:00,0.0,0.0,0.0,14.8126,0
2000-05-08 16:00:00-04:00,14.8126,14.8126,14.8126,14.8126,100
2000-05-09 16:00:00-04:00,0.0,0.0,0.0,14.8126,0
2000-05-10 16:00:00-04:00,14.625,14.625,14.625,14.625,1500
2000-05-11 16:00:00-04:00,14.625,14.625,14.625,14.625,200
2000-05-12 16:00:00-04:00,14.5,14.5,14.1876,14.5,4400
2000-05-15 16:00:00-04:00,14.5,14.5,14.5,14.5,2000
2000-05-16 16:00:00-04:00,0.0,0.0,0.0,14.5,0
2000-05-17 16:00:00-04:00,0.0,0.0,0.0,14.5,0
2000-05-18 16:00:00-04:00,0.0,0.0,0.0,14.5,0
2000-05-19 16:00:00-04:00,14.625,14.625,14.625,14.625,2000
2000-05-22 16:00:00-04:00,0.0,0.0,0.0,14.625,0
2000-05-23 16:00:00-04:00,14.625,14.625,14.5,14.5,1600
2000-05-24 16:00:00-04:00,14.375,14.375,14.375,14.375,1000
2000-05-25 16:00:00-04:00,0.0,0.0,0.0,14.375,0
2000-05-26 16:00:00-04:00,0.0,0.0,0.0,14.375,0
2000-05-30 16:00:00-04:00,0.0,0.0,0.0,14.375,0
2000-05-31 16:00:00-04:00,14.375,14.375,14.375,14.375,300
2000-06-01 16:00:00-04:00,0.0,0.0,0.0,14.375,0
2000-06-02 16:00:00-04:00,14.5,14.75,14.5,14.625,1800
2000-06-05 16:00:00-04:00,14.875,14.9376,14.75,14.8126,5200
2000-06-06 16:00:00-04:00,0.0,0.0,0.0,14.8126,0
2000-06-07 16:00:00-04:00,14.8126,14.8126,14.8126,14.8126,1400
2000-06-08 16:00:00-04:00,0.0,0.0,0.0,14.8126,0
2000-06-09 16:00:00-04:00,0.0,0.0,0.0,14.8126,0
2000-06-12 16:00:00-04:00,14.75,14.75,14.75,14.75,1500
2000-06-13 16:00:00-04:00,0.0,0.0,0.0,14.75,0
2000-06-14 16:00:00-04:00,0.0,0.0,0.0,14.75,0
2000-06-15 16:00:00-04:00,14.75,14.75,14.75,14.75,200
2000-06-16 16:00:00-04:00,14.5,14.5,14.5,14.5,700
2000-06-19 16:00:00-04:00,14.6876,14.6876,14.375,14.375,1700
2000-06-20 16:00:00-04:00,14.5,14.5,14.5,14.5,100
2000-06-21 16:00:00-04:00,0.0,0.0,0.0,14.5,0
2000-06-22 16:00:00-04:00,14.4376,14.6876,14.4376,14.6876,600
2000-06-23 16:00:00-04:00,0.0,0.0,0.0,14.6876,0
2000-06-26 16:00:00-04:00,0.0,0.0,0.0,14.6876,0
2000-06-27 16:00:00-04:00,14.375,14.375,14.375,14.375,100
2000-06-28 16:00:00-04:00,14.375,14.375,14.25,14.25,1800
2000-06-29 16:00:00-04:00,14.1876,14.1876,14.1876,14.1876,100
2000-06-30 16:00:00-04:00,0.0,0.0,0.0,14.1876,0
2000-07-03 16:00:00-04:00,0.0,0.0,0.0,14.1876,0
2000-07-05 16:00:00-04:00,14.0,14.5,14.0,14.5,3300
2000-07-06 16:00:00-04:00,14.5,14.625,14.5,14.5626,8100
2000-07-07 16:00:00-04:00,14.5626,14.75,14.5626,14.625,4500
2000-07-10 16:00:00-04:00,14.75,14.75,14.75,14.75,400
2000-07-11 16:00:00-04:00,14.6876,14.6876,14.6876,14.6876,400
2000-07-12 16:00:00-04:00,0.0,0.0,0.0,14.6876,0
2000-07-13 16:00:00-04:00,14.5,14.625,14.375,14.625,5700
2000-07-14 16:00:00-04:00,14.6876,14.6876,14.6876,14.6876,1100
2000-07-17 16:00:00-04:00,14.75,14.75,14.75,14.75,200
2000-07-18 16:00:00-04:00,14.875,14.875,14.75,14.75,700
2000-07-19 16:00:00-04:00,14.75,14.9376,14.75,14.8126,3700
2000-07-20 16:00:00-04:00,14.9376,15.0,14.875,15.0,3100
2000-07-21 16:00:00-04:00,14.875,14.875,14.875,14.875,500
2000-07-24 16:00:00-04:00,0.0,0.0,0.0,14.875,0
2000-07-25 16:00:00-04:00,14.875,14.9376,14.875,14.9376,2200
2000-07-26 16:00:00-04:00,14.9376,14.9376,14.9376,14.9376,200
2000-07-27 16:00:00-04:00,15.0,15.0,15.0,15.0,1000
2000-07-28 16:00:00-04:00,15.125,15.125,14.875,14.875,400
2000-07-31 16:00:00-04:00,15.0,15.125,15.0,15.125,2000
2000-08-01 16:00:00-04:00,15.125,15.125,15.0,15.0626,1000
2000-08-02 16:00:00-04:00,15.0626,15.0626,15.0626,15.0626,300
2000-08-03 16:00:00-04:00,15.1876,15.1876,15.1876,15.1876,600
2000-08-04 16:00:00-04:00,15.375,15.375,15.1876,15.375,8900
2000-08-07 16:00:00-04:00,0.0,0.0,0.0,15.375,0
2000-08-08 16:00:00-04:00,15.5,15.5,15.125,15.25,1200
2000-08-09 16:00:00-04:00,15.375,15.375,15.375,15.375,100
2000-08-10 16:00:00-04:00,15.5,15.5,15.5,15.5,100
2000-08-11 16:00:00-04:00,15.625,15.625,15.625,15.625,400
2000-08-14 16:00:00-04:00,15.75,17.25,15.75,17.125,12200
2000-08-15 16:00:00-04:00,17.375,18.25,17.0,17.0,8400
2000-08-16 16:00:00-04:00,16.875,16.875,16.875,16.875,1000
2000-08-17 16:00:00-04:00,16.75,16.75,16.75,16.75,900
2000-08-18 16:00:00-04:00,16.625,16.625,16.125,16.125,3100
2000-08-21 16:00:00-04:00,16.375,16.375,16.375,16.375,200
2000-08-22 16:00:00-04:00,0.0,0.0,0.0,16.375,0
2000-08-23 16:00:00-04:00,16.25,16.8126,16.25,16.8126,3100
2000-08-24 16:00:00-04:00,0.0,0.0,0.0,16.8126,0
2000-08-25 16:00:00-04:00,0.0,0.0,0.0,16.8126,0
2000-08-28 16:00:00-04:00,0.0,0.0,0.0,16.8126,0
2000-08-29 16:00:00-04:00,17.0,17.0,17.0,17.0,1000
2000-08-30 16:00:00-04:00,16.875,16.875,16.5,16.5,2300
2000-08-31 16:00:00-04:00,16.375,16.375,16.25,16.25,1000
2000-09-01 16:00:00-04:00,16.25,16.25,16.25,16.25,100
2000-09-05 16:00:00-04:00,16.25,16.5,16.25,16.5,1100
2000-09-06 16:00:00-04:00,16.625,16.75,16.625,16.75,300
2000-09-07 16:00:00-04:00,16.625,16.938,16.625,16.938,1600
2000-09-08 16:00:00-04:00,0.0,0.0,0.0,16.938,0
2000-09-11 16:00:00-04:00,17.125,17.25,17.125,17.25,900
2000-09-12 16:00:00-04:00,0.0,0.0,0.0,17.25,0
2000-09-13 16:00:00-04:00,0.0,0.0,0.0,17.25,0
2000-09-14 16:00:00-04:00,17.5,17.5,17.25,17.25,2000
2000-09-15 16:00:00-04:00,0.0,0.0,0.0,17.25,0
2000-09-18 16:00:00-04:00,17.5,17.5,17.5,17.5,100
2000-09-19 16:00:00-04:00,17.25,17.25,17.25,17.25,500
2000-09-20 16:00:00-04:00,17.0,17.0,17.0,17.0,1800
2000-09-21 16:00:00-04:00,16.875,16.875,16.875,16.875,600
2000-09-22 16:00:00-04:00,0.0,0.0,0.0,16.875,0
2000-09-25 16:00:00-04:00,0.0,0.0,0.0,16.875,0
2000-09-26 16:00:00-04:00,16.75,16.75,16.75,16.75,2100
2000-09-27 16:00:00-04:00,16.625,16.625,16.375,16.375,1800
2000-09-28 16:00:00-04:00,16.25,16.25,16.25,16.25,800
2000-09-29 16:00:00-04:00,16.375,16.625,16.375,16.625,1500
2000-10-02 16:00:00-04:00,16.5,16.5,16.5,16.5,500
2000-10-03 16:00:00-04:00,16.5,16.5,16.375,16.375,900
2000-10-04 16:00:00-04:00,16.875,16.875,16.625,16.75,4500
2000-10-05 16:00:00-04:00,16.625,16.625,16.25,16.25,2300
2000-10-06 16:00:00-04:00,16.375,16.375,16.375,16.375,200
2000-10-09 16:00:00-04:00,16.5,16.5,16.5,16.5,1000
2000-10-10 16:00:00-04:00,16.375,16.375,16.25,16.25,1200
2000-10-11 16:00:00-04:00,16.125,16.125,16.0,16.0,1400
2000-10-12 16:00:00-04:00,16.0,16.0,16.0,16.0,600
2000-10-13 16:00:00-04:00,16.0,16.0,16.0,16.0,600
2000-10-16 16:00:00-04:00,16.0,16.25,16.0,16.25,2400
2000-10-17 16:00:00-04:00,16.0,16.125,15.938,15.938,900
2000-10-18 16:00:00-04:00,16.0,16.0,15.938,15.938,400
2000-10-19 16:00:00-04:00,15.875,16.25,15.875,16.25,1400
2000-10-20 16:00:00-04:00,16.25,16.25,16.25,16.25,1300
2000-10-23 16:00:00-04:00,16.0,16.25,16.0,16.25,2000
2000-10-24 16:00:00-04:00,16.25,16.5,16.25,16.375,2900
2000-10-25 16:00:00-04:00,16.5,16.5,16.5,16.5,100
2000-10-26 16:00:00-04:00,16.625,16.625,16.625,16.625,700
2000-10-27 16:00:00-04:00,0.0,0.0,0.0,16.625,0
2000-10-30 16:00:00-05:00,16.75,16.75,16.75,16.75,700
2000-10-31 16:00:00-05:00,16.625,16.75,16.625,16.75,500
2000-11-01 16:00:00-05:00,0.0,0.0,0.0,16.75,0
2000-11-02 16:00:00-05:00,17.0,17.0,17.0,17.0,100
2000-11-03 16:00:00-05:00,16.875,16.875,16.875,16.875,500
2000-11-06 16:00:00-05:00,17.125,17.125,17.125,17.125,400
2000-11-07 16:00:00-05:00,0.0,0.0,0.0,17.125,0
2000-11-08 16:00:00-05:00,0.0,0.0,0.0,17.125,0
2000-11-09 16:00:00-05:00,0.0,0.0,0.0,17.125,0
2000-11-10 16:00:00-05:00,17.0,17.125,17.0,17.063,800
2000-11-13 16:00:00-05:00,17.063,17.25,17.063,17.25,700
2000-11-14 16:00:00-05:00,0.0,0.0,0.0,17.25,0
2000-11-15 16:00:00-05:00,17.5,17.5,17.5,17.5,1000
2000-11-16 16:00:00-05:00,0.0,0.0,0.0,17.5,0
2000-11-17 16:00:00-05:00,17.625,17.625,17.5,17.625,2300
2000-11-20 16:00:00-05:00,17.625,17.75,17.625,17.75,2200
2000-11-21 16:00:00-05:00,17.938,17.938,17.938,17.938,100
2000-11-22 16:00:00-05:00,17.875,17.875,17.375,17.375,4000
2000-11-24 16:00:00-05:00,17.25,17.25,17.25,17.25,500
2000-11-27 16:00:00-05:00,17.188,17.188,17.188,17.188,500
2000-11-28 16:00:00-05:00,17.063,17.063,16.875,16.875,2700
2000-11-29 16:00:00-05:00,17.0,17.0,17.0,17.0,200
2000-11-30 16:00:00-05:00,0.0,0.0,0.0,17.0,0
2000-12-01 16:00:00-05:00,17.25,17.25,17.25,17.25,100
2000-12-04 16:00:00-05:00,17.125,17.125,16.875,16.875,2500
2000-12-05 16:00:00-05:00,17.0,17.0,17.0,17.0,100
2000-12-06 16:00:00-05:00,17.25,17.25,16.875,16.875,2100
2000-12-07 16:00:00-05:00,16.75,17.0,16.75,17.0,400
2000-12-08 16:00:00-05:00,0.0,0.0,0.0,17.0,0
2000-12-11 16:00:00-05:00,0.0,0.0,0.0,17.0,0
2000-12-12 16:00:00-05:00,0.0,0.0,0.0,17.0,0
2000-12-13 16:00:00-05:00,16.875,16.875,16.75,16.75,1000
2000-12-14 16:00:00-05:00,17.0,17.0,17.0,17.0,100
2000-12-15 16:00:00-05:00,0.0,0.0,0.0,17.0,0
2000-12-18 16:00:00-05:00,0.0,0.0,0.0,17.0,0
2000-12-19 16:00:00-05:00,16.875,16.875,16.625,16.625,2000
2000-12-20 16:00:00-05:00,0.0,0.0,0.0,16.625,0
2000-12-21 16:00:00-05:00,0.0,0.0,0.0,16.625,0
2000-12-22 16:00:00-05:00,16.5,16.5,16.5,16.5,500
2000-12-26 16:00:00-05:00,16.625,16.625,16.625,16.625,200
2000-12-27 16:00:00-05:00,0.0,0.0,0.0,16.625,0
2000-12-28 16:00:00-05:00,16.625,16.625,16.375,16.563,3300
2000-12-29 16:00:00-05:00,16.625,16.625,16.563,16.563,1000
2001-01-02 16:00:00-05:00,16.813,16.813,16.813,16.813,200
2001-01-03 16:00:00-05:00,17.0,17.0,17.0,17.0,100
2001-01-04 16:00:00-05:00,17.125,17.125,17.125,17.125,100
2001-01-05 16:00:00-05:00,0.0,0.0,0.0,17.125,0
2001-01-08 16:00:00-05:00,17.0,17.0,17.0,17.0,1000
2001-01-09 16:00:00-05:00,17.0,17.0,17.0,17.0,500
2001-01-10 16:00:00-05:00,0.0,0.0,0.0,17.0,0
2001-01-11 16:00:00-05:00,0.0,0.0,0.0,17.0,0
2001-01-12 16:00:00-05:00,17.0,17.188,17.0,17.188,500
2001-01-16 16:00:00-05:00,17.0,17.0,16.625,16.875,1300
2001-01-17 16:00:00-05:00,17.0,17.0,16.875,16.875,1700
2001-01-18 16:00:00-05:00,17.0,17.25,17.0,17.125,3500
2001-01-19 16:00:00-05:00,17.313,17.313,17.125,17.313,2200
2001-01-22 16:00:00-05:00,17.25,17.875,17.25,17.875,4100
2001-01-23 16:00:00-05:00,17.938,18.375,17.938,18.125,3700
2001-01-24 16:00:00-05:00,18.125,18.625,18.125,18.625,2300
2001-01-25 16:00:00-05:00,18.75,18.75,18.563,18.563,600
2001-01-26 16:00:00-05:00,18.625,18.625,18.625,18.625,500
2001-01-29 16:00:00-05:00,18.75,19.07,18.75,18.75,4900
2001-01-30 16:00:00-05:00,19.0,19.35,19.0,19.3,3700
2001-01-31 16:00:00-05:00,19.2,19.5,19.2,19.5,1400
2001-02-01 16:00:00-05:00,19.5,19.5,19.4,19.4,1800
2001-02-02 16:00:00-05:00,19.6,19.6,19.4,19.4,2400
2001-02-05 16:00:00-05:00,19.5,19.5,19.05,19.05,8300
2001-02-06 16:00:00-05:00,19.0,19.5,19.0,19.5,9200
2001-02-07 16:00:00-05:00,19.5,19.5,19.5,19.5,100
2001-02-08 16:00:00-05:00,19.4,19.4,19.4,19.4,500
2001-02-09 16:00:00-05:00,19.4,19.4,19.4,19.4,600
2001-02-12 16:00:00-05:00,19.35,19.35,19.3,19.3,300
2001-02-13 16:00:00-05:00,19.2,19.2,19.2,19.2,100
2001-02-14 16:00:00-05:00,0.0,0.0,0.0,19.2,0
2001-02-15 16:00:00-05:00,19.2,19.2,19.2,19.2,300
2001-02-16 16:00:00-05:00,19.2,19.2,18.9,19.0,3600
2001-02-20 16:00:00-05:00,19.0,19.0,18.85,18.85,2300
2001-02-21 16:00:00-05:00,18.85,18.85,18.5,18.65,3600
2001-02-22 16:00:00-05:00,18.5,18.5,18.25,18.25,2000
2001-02-23 16:00:00-05:00,18.25,18.25,18.25,18.25,1000
2001-02-26 16:00:00-05:00,18.5,18.55,18.5,18.55,900
2001-02-27 16:00:00-05:00,18.5,18.5,18.0,18.0,5500
2001-02-28 16:00:00-05:00,18.0,18.0,17.95,17.95,1400
2001-03-01 16:00:00-05:00,0.0,0.0,0.0,17.95,0
2001-03-02 16:00:00-05:00,18.15,18.35,18.15,18.35,500
2001-03-05 16:00:00-05:00,18.2,18.2,18.1,18.1,2000
2001-03-06 16:00:00-05:00,0.0,0.0,0.0,18.1,0
2001-03-07 16:00:00-05:00,18.0,18.0,17.95,17.95,2000
2001-03-08 16:00:00-05:00,17.9,17.9,17.8,17.8,1600
2001-03-09 16:00:00-05:00,17.75,17.75,17.6,17.6,1500
2001-03-12 16:00:00-05:00,17.6,17.6,17.5,17.5,800
2001-03-13 16:00:00-05:00,0.0,0.0,0.0,17.5,0
2001-03-14 16:00:00-05:00,0.0,0.0,0.0,17.5,0
2001-03-15 16:00:00-05:00,17.5,17.5,17.5,17.5,500
2001-03-16 16:00:00-05:00,17.4,17.4,17.3,17.3,1000
2001-03-19 16:00:00-05:00,0.0,0.0,0.0,17.3,0
2001-03-20 16:00:00-05:00,0.0,0.0,0.0,17.3,0
2001-03-21 16:00:00-05:00,17.45,17.45,17.2,17.2,1100
2001-03-22 16:00:00-05:00,17.1,17.1,16.75,16.95,1900
2001-03-23 16:00:00-05:00,16.9,16.9,16.8,16.8,2000
2001-03-26 16:00:00-05:00,16.7,17.4,16.7,17.4,2800
2001-03-27 16:00:00-05:00,17.5,17.6,17.5,17.6,700
2001-03-28 16:00:00-05:00,0.0,0.0,0.0,17.6,0
2001-03-29 16:00:00-05:00,17.6,17.6,17.6,17.6,400
2001-03-30 16:00:00-05:00,0.0,0.0,0.0,17.6,0
2001-04-02 16:00:00-04:00,0.0,0.0,0.0,17.6,0
2001-04-03 16:00:00-04:00,17.8,17.8,17.8,17.8,2000
2001-04-04 16:00:00-04:00,17.75,17.75,17.75,17.75,500
2001-04-05 16:00:00-04:00,18.0,18.12,18.0,18.12,1000
2001-04-06 16:00:00-04:00,18.35,18.35,18.35,18.35,200
2001-04-09 16:00:00-04:00,18.5,18.75,18.5,18.75,1600
2001-04-10 16:00:00-04:00,18.7,18.7,18.7,18.7,500
2001-04-11 16:00:00-04:00,18.85,18.85,18.85,18.85,600
2001-04-12 16:00:00-04:00,0.0,0.0,0.0,18.85,0
2001-04-16 16:00:00-04:00,18.75,19.0,18.7,18.8,1900
2001-04-17 16:00:00-04:00,18.65,18.9,18.65,18.9,900
2001-04-18 16:00:00-04:00,18.85,19.05,18.85,19.05,300
2001-04-19 16:00:00-04:00,19.04,19.04,19.04,19.04,500
2001-04-20 16:00:00-04:00,18.9,18.9,18.75,18.75,1500
2001-04-23 16:00:00-04:00,18.75,18.75,18.75,18.75,500
2001-04-24 16:00:00-04:00,0.0,0.0,0.0,18.75,0
2001-04-25 16:00:00-04:00,18.75,18.75,18.75,18.75,500
2001-04-26 16:00:00-04:00,18.86,18.86,18.86,18.86,700
2001-04-27 16:00:00-04:00,18.75,18.75,18.4,18.4,3300
2001-04-30 16:00:00-04:00,18.6,18.6,18.05,18.05,3700
2001-05-01 16:00:00-04:00,18.24,18.24,18.24,18.24,100
2001-05-02 16:00:00-04:00,18.23,18.23,18.23,18.23,100
2001-05-03 16:00:00-04:00,18.23,18.23,18.2,18.2,1300
2001-05-04 16:00:00-04:00,18.2,18.2,18.2,18.2,600
2001-05-07 16:00:00-04:00,18.45,18.45,18.3,18.3,1500
2001-05-08 16:00:00-04:00,18.25,18.25,18.0,18.0,1500
2001-05-09 16:00:00-04:00,0.0,0.0,0.0,18.0,0
2001-05-10 16:00:00-04:00,0.0,0.0,0.0,18.0,0
2001-05-11 16:00:00-04:00,0.0,0.0,0.0,18.0,0
2001-05-14 16:00:00-04:00,18.25,18.3,18.25,18.3,400
2001-05-15 16:00:00-04:00,0.0,0.0,0.0,18.3,0
2001-05-16 16:00:00-04:00,18.25,18.25,18.25,18.25,100
2001-05-17 16:00:00-04:00,0.0,0.0,0.0,18.25,0
2001-05-18 16:00:00-04:00,18.25,18.25,18.0,18.0,2000
2001-05-21 16:00:00-04:00,18.0,18.25,18.0,18.25,300
2001-05-22 16:00:00-04:00,18.2,18.2,18.2,18.2,900
2001-05-23 16:00:00-04:00,0.0,0.0,0.0,18.2,0
2001-05-24 16:00:00-04:00,0.0,0.0,0.0,18.2,0
2001-05-25 16:00:00-04:00,0.0,0.0,0.0,18.2,0
2001-05-29 16:00:00-04:00,18.1,18.1,18.0,18.0,1000
2001-05-30 16:00:00-04:00,0.0,0.0,0.0,18.0,0
2001-05-31 16:00:00-04:00,0.0,0.0,0.0,18.0,0
2001-06-01 16:00:00-04:00,0.0,0.0,0.0,18.0,0
2001-06-04 16:00:00-04:00,18.0,18.0,18.0,18.0,1000
2001-06-05 16:00:00-04:00,0.0,0.0,0.0,18.0,0
2001-06-06 16:00:00-04:00,18.0,18.0,18.0,18.0,100
2001-06-07 16:00:00-04:00,18.0,18.0,18.0,18.0,900
2001-06-08 16:00:00-04:00,0.0,0.0,0.0,18.0,0
2001-06-11 16:00:00-04:00,17.8,17.8,17.8,17.8,1000
2001-06-12 16:00:00-04:00,17.8,17.8,17.8,17.8,100
2001-06-13 16:00:00-04:00,0.0,0.0,0.0,17.8,0
2001-06-14 16:00:00-04:00,17.8,17.8,17.8,17.8,200
2001-06-15 16:00:00-04:00,0.0,0.0,0.0,17.8,0
2001-06-18 16:00:00-04:00,0.0,0.0,0.0,17.8,0
2001-06-19 16:00:00-04:00,0.0,0.0,0.0,17.8,0
2001-06-20 16:00:00-04:00,0.0,0.0,0.0,17.8,0
2001-06-21 16:00:00-04:00,0.0,0.0,0.0,17.8,0
2001-06-22 16:00:00-04:00,0.0,0.0,0.0,17.8,0
2001-06-25 16:00:00-04:00,0.0,0.0,0.0,17.8,0
2001-06-26 16:00:00-04:00,0.0,0.0,0.0,17.8,0
2001-06-27 16:00:00-04:00,0.0,0.0,0.0,17.8,0
2001-06-28 16:00:00-04:00,0.0,0.0,0.0,17.8,0
2001-06-29 16:00:00-04:00,18.0,18.16,17.99,18.16,1400
2001-07-02 16:00:00-04:00,18.0,18.0,18.0,18.0,1000
2001-07-03 16:00:00-04:00,17.95,17.95,17.95,17.95,1000
2001-07-05 16:00:00-04:00,0.0,0.0,0.0,17.95,0
2001-07-06 16:00:00-04:00,17.95,18.19,17.95,18.1,1300
2001-07-09 16:00:00-04:00,0.0,0.0,0.0,18.1,0
2001-07-10 16:00:00-04:00,18.05,18.05,18.05,18.05,5100
2001-07-11 16:00:00-04:00,18.0,18.0,18.0,18.0,8000
2001-07-12 16:00:00-04:00,17.95,18.19,17.85,18.0,17000
2001-07-13 16:00:00-04:00,18.0,18.0,18.0,18.0,3000
2001-07-16 16:00:00-04:00,18.0,18.0,18.0,18.0,1500
2001-07-17 16:00:00-04:00,18.0,18.0,18.0,18.0,200
2001-07-18 16:00:00-04:00,17.85,17.85,17.85,17.85,600
2001-07-19 16:00:00-04:00,0.0,0.0,0.0,17.85,0
2001-07-20 16:00:00-04:00,17.85,17.85,17.85,17.85,600
2001-07-23 16:00:00-04:00,0.0,0.0,0.0,17.85,0
2001-07-24 16:00:00-04:00,17.85,17.85,17.85,17.85,1000
2001-07-25 16:00:00-04:00,0.0,0.0,0.0,17.85,0
2001-07-26 16:00:00-04:00,0.0,0.0,0.0,17.85,0
2001-07-27 16:00:00-04:00,17.85,17.85,17.85,17.85,400
2001-07-30 16:00:00-04:00,0.0,0.0,0.0,17.85,0
2001-07-31 16:00:00-04:00,17.85,17.85,17.85,17.85,600
2001-08-01 16:00:00-04:00,18.2,18.2,18.1,18.1,900
2001-08-02 16:00:00-04:00,0.0,0.0,0.0,18.1,0
2001-08-03 16:00:00-04:00,0.0,0.0,0.0,18.1,0
2001-08-06 16:00:00-04:00,0.0,0.0,0.0,18.1,0
2001-08-07 16:00:00-04:00,0.0,0.0,0.0,18.1,0
2001-08-08 16:00:00-04:00,18.09,18.09,18.09,18.09,400
2001-08-09 16:00:00-04:00,0.0,0.0,0.0,18.09,0
2001-08-10 16:00:00-04:00,0.0,0.0,0.0,18.09,0
2001-08-13 16:00:00-04:00,18.09,18.09,18.09,18.09,100
2001-08-14 16:00:00-04:00,18.0,18.0,18.0,18.0,300
2001-08-15 16:00:00-04:00,0.0,0.0,0.0,18.0,0
2001-08-16 16:00:00-04:00,0.0,0.0,0.0,18.0,0
2001-08-17 16:00:00-04:00,0.0,0.0,0.0,18.0,0
2001-08-20 16:00:00-04:00,18.0,18.0,18.0,18.0,1000
2001-08-21 16:00:00-04:00,18.0,18.0,18.0,18.0,400
2001-08-22 16:00:00-04:00,17.99,17.99,17.8,17.8,600
2001-08-23 16:00:00-04:00,17.8,17.8,17.7,17.7,1500
2001-08-24 16:00:00-04:00,17.7,17.7,17.4,17.4,2400
2001-08-27 16:00:00-04:00,17.6,17.7,17.55,17.7,6600
2001-08-28 16:00:00-04:00,0.0,0.0,0.0,17.7,0
2001-08-29 16:00:00-04:00,0.0,0.0,0.0,17.7,0
2001-08-30 16:00:00-04:00,0.0,0.0,0.0,17.7,0
2001-08-31 16:00:00-04:00,0.0,0.0,0.0,17.7,0
2001-09-04 16:00:00-04:00,0.0,0.0,0.0,17.7,0
2001-09-05 16:00:00-04:00,0.0,0.0,0.0,17.7,0
2001-09-06 16:00:00-04:00,17.65,17.65,17.65,17.65,200
2001-09-07 16:00:00-04:00,17.65,17.9,17.65,17.8,1300
2001-09-10 16:00:00-04:00,17.75,17.75,17.66,17.75,1700
2001-09-17 16:00:00-04:00,17.7,17.99,17.7,17.8,2600
2001-09-18 16:00:00-04:00,18.04,18.5,18.04,18.49,4600
2001-09-19 16:00:00-04:00,18.49,18.5,18.4,18.4,2800
2001-09-20 16:00:00-04:00,18.2,18.3,18.2,18.3,1900
2001-09-21 16:00:00-04:00,0.0,0.0,0.0,18.3,0
2001-09-24 16:00:00-04:00,18.1,18.7,18.1,18.7,3600
2001-09-25 16:00:00-04:00,18.7,18.71,18.7,18.71,2600
2001-09-26 16:00:00-04:00,18.7,18.87,18.7,18.87,2800
2001-09-27 16:00:00-04:00,18.86,18.86,18.86,18.86,500
2001-09-28 16:00:00-04:00,18.88,19.0,18.88,18.98,7500
2001-10-01 16:00:00-04:00,18.99,18.99,18.25,18.45,7600
2001-10-02 16:00:00-04:00,18.7,18.75,18.69,18.75,500
2001-10-03 16:00:00-04:00,18.75,19.4,18.75,19.4,13800
2001-10-04 16:00:00-04:00,19.49,19.5,19.48,19.5,4000
2001-10-05 16:00:00-04:00,19.49,19.5,19.49,19.5,3700
2001-10-08 16:00:00-04:00,19.5,19.99,19.5,19.99,8800
2001-10-09 16:00:00-04:00,20.02,20.25,19.94,20.25,8000
2001-10-10 16:00:00-04:00,20.25,20.27,20.25,20.27,600
2001-10-11 16:00:00-04:00,20.25,20.25,19.75,19.89,3900
2001-10-12 16:00:00-04:00,19.75,19.79,19.75,19.79,1600
2001-10-15 16:00:00-04:00,19.79,19.79,19.6,19.79,1600
2001-10-16 16:00:00-04:00,19.79,19.79,19.7,19.79,800
2001-10-17 16:00:00-04:00,19.75,20.05,19.75,20.05,1900
2001-10-18 16:00:00-04:00,20.25,20.25,20.25,20.25,300
2001-10-19 16:00:00-04:00,20.13,20.27,20.13,20.2,1300
2001-10-22 16:00:00-04:00,20.2,20.27,20.2,20.25,1700
2001-10-23 16:00:00-04:00,20.2,20.24,20.15,20.24,1400
2001-10-24 16:00:00-04:00,0.0,0.0,0.0,20.24,0
2001-10-25 16:00:00-04:00,20.2,20.2,20.2,20.2,100
2001-10-26 16:00:00-04:00,20.15,20.15,20.0,20.1,1500
2001-10-29 16:00:00-05:00,20.1,20.1,20.1,20.1,300
2001-10-30 16:00:00-05:00,20.1,20.25,20.0,20.25,4400
2001-10-31 16:00:00-05:00,20.2,20.2,19.6,20.15,3500
2001-11-01 16:00:00-05:00,20.0,20.0,20.0,20.0,200
2001-11-02 16:00:00-05:00,20.0,20.25,20.0,20.25,900
2001-11-05 16:00:00-05:00,19.99,19.99,19.99,19.99,700
2001-11-06 16:00:00-05:00,19.99,19.99,19.99,19.99,100
2001-11-07 16:00:00-05:00,20.0,20.0,19.99,20.0,400
2001-11-08 16:00:00-05:00,0.0,0.0,0.0,20.0,0
2001-11-09 16:00:00-05:00,0.0,0.0,0.0,20.0,0
2001-11-12 16:00:00-05:00,20.0,20.0,20.0,20.0,100
2001-11-13 16:00:00-05:00,0.0,0.0,0.0,20.0,0
2001-11-14 16:00:00-05:00,0.0,0.0,0.0,20.0,0
2001-11-15 16:00:00-05:00,19.95,19.95,19.95,19.95,500
2001-11-16 16:00:00-05:00,19.95,20.0,19.75,20.0,4100
2001-11-19 16:00:00-05:00,0.0,0.0,0.0,20.0,0
2001-11-20 16:00:00-05:00,19.95,19.95,19.95,19.95,400
2001-11-21 16:00:00-05:00,19.82,19.82,19.79,19.79,1600
2001-11-23 16:00:00-05:00,19.82,19.82,19.82,19.82,500
2001-11-26 16:00:00-05:00,19.82,19.82,19.75,19.75,600
2001-11-27 16:00:00-05:00,19.75,19.95,19.75,19.95,400
2001-11-28 16:00:00-05:00,19.9,20.0,19.9,20.0,200
2001-11-29 16:00:00-05:00,19.95,19.95,19.95,19.95,1000
2001-11-30 16:00:00-05:00,19.95,20.0,19.95,20.0,200
2001-12-03 16:00:00-05:00,20.0,20.0,20.0,20.0,200
2001-12-04 16:00:00-05:00,20.0,20.0,20.0,20.0,400
2001-12-05 16:00:00-05:00,20.0,20.27,20.0,20.27,2100
2001-12-06 16:00:00-05:00,20.1,20.35,20.1,20.35,2100
2001-12-07 16:00:00-05:00,20.44,20.45,20.4,20.45,2300
2001-12-10 16:00:00-05:00,20.7,20.95,20.7,20.94,8400
2001-12-11 16:00:00-05:00,20.94,21.0,20.94,20.99,2000
2001-12-12 16:00:00-05:00,20.99,20.99,20.5,20.75,2500
2001-12-13 16:00:00-05:00,0.0,0.0,0.0,20.75,0
2001-12-14 16:00:00-05:00,20.7,20.7,20.4,20.4,2900
2001-12-17 16:00:00-05:00,20.25,20.25,20.25,20.25,200
2001-12-18 16:00:00-05:00,20.15,20.39,20.0,20.0,2700
2001-12-19 16:00:00-05:00,20.0,20.0,20.0,20.0,200
2001-12-20 16:00:00-05:00,20.0,20.0,20.0,20.0,400
2001-12-21 16:00:00-05:00,20.25,20.25,20.25,20.25,100
2001-12-24 16:00:00-05:00,20.39,20.39,20.39,20.39,200
2001-12-26 16:00:00-05:00,0.0,0.0,0.0,20.39,0
2001-12-27 16:00:00-05:00,20.4,20.4,20.4,20.4,200
2001-12-28 16:00:00-05:00,0.0,0.0,0.0,20.4,0
2001-12-31 16:00:00-05:00,20.25,20.25,19.85,19.99,1000
2002-01-02 16:00:00-05:00,19.85,20.1,19.85,20.1,700
2002-01-03 16:00:00-05:00,20.39,20.39,20.3,20.3,1400
2002-01-04 16:00:00-05:00,20.25,20.39,20.25,20.39,1500
2002-01-07 16:00:00-05:00,20.39,20.39,20.39,20.39,1000
2002-01-08 16:00:00-05:00,0.0,0.0,0.0,20.39,0
2002-01-09 16:00:00-05:00,20.39,20.39,20.39,20.39,5000
2002-01-10 16:00:00-05:00,20.38,20.38,20.38,20.38,200
2002-01-11 16:00:00-05:00,20.38,20.38,20.0,20.35,5000
2002-01-14 16:00:00-05:00,20.2,20.2,20.0,20.0,2100
2002-01-15 16:00:00-05:00,0.0,0.0,0.0,20.0,0
2002-01-16 16:00:00-05:00,20.0,20.0,20.0,20.0,500
2002-01-17 16:00:00-05:00,20.25,20.25,20.25,20.25,600
2002-01-18 16:00:00-05:00,20.15,20.15,19.9,19.9,2600
2002-01-22 16:00:00-05:00,19.9,19.9,19.9,19.9,600
2002-01-23 16:00:00-05:00,19.9,19.9,19.75,19.75,2000
2002-01-24 16:00:00-05:00,20.0,20.2,20.0,20.2,300
2002-01-25 16:00:00-05:00,20.05,20.35,20.0,20.35,2500
2002-01-28 16:00:00-05:00,20.0,20.39,20.0,20.39,3200
2002-01-29 16:00:00-05:00,20.39,20.39,20.05,20.3,4100
2002-01-30 16:00:00-05:00,20.4,20.4,20.1,20.35,4200
2002-01-31 16:00:00-05:00,20.3,20.5,20.2,20.45,5200
2002-02-01 16:00:00-05:00,20.49,20.49,20.49,20.49,400
2002-02-04 16:00:00-05:00,20.49,20.49,20.49,20.49,200
2002-02-05 16:00:00-05:00,0.0,0.0,0.0,20.49,0
2002-02-06 16:00:00-05:00,20.45,20.49,20.45,20.49,300
2002-02-07 16:00:00-05:00,20.35,20.35,20.35,20.35,100
2002-02-08 16:00:00-05:00,20.35,20.35,20.35,20.35,100
2002-02-11 16:00:00-05:00,20.49,20.49,20.48,20.48,2400
2002-02-12 16:00:00-05:00,20.49,20.49,20.49,20.49,100
2002-02-13 16:00:00-05:00,20.25,20.25,19.5,19.5,6200
2002-02-14 16:00:00-05:00,19.5,19.75,19.5,19.75,300
2002-02-15 16:00:00-05:00,19.6,19.85,19.6,19.85,400
2002-02-19 16:00:00-05:00,20.0,20.1,19.85,20.1,600
2002-02-20 16:00:00-05:00,20.0,20.0,19.9,19.9,1200
2002-02-21 16:00:00-05:00,19.9,19.99,19.9,19.99,300
2002-02-22 16:00:00-05:00,19.9,20.15,19.9,20.0,600
2002-02-25 16:00:00-05:00,20.0,20.0,20.0,20.0,1000
2002-02-26 16:00:00-05:00,20.0,20.0,20.0,20.0,100
2002-02-27 16:00:00-05:00,19.8,20.0,19.8,20.0,800
2002-02-28 16:00:00-05:00,19.85,19.85,19.85,19.85,100
2002-03-01 16:00:00-05:00,0.0,0.0,0.0,19.85,0
2002-03-04 16:00:00-05:00,19.97,19.97,19.97,19.97,100
2002-03-05 16:00:00-05:00,0.0,0.0,0.0,19.97,0
2002-03-06 16:00:00-05:00,0.0,0.0,0.0,19.97,0
2002-03-07 16:00:00-05:00,19.95,19.95,19.7,19.7,2100
2002-03-08 16:00:00-05:00,19.7,19.7,19.7,19.7,1000
2002-03-11 16:00:00-05:00,19.7,19.9,19.65,19.9,1700
2002-03-12 16:00:00-05:00,0.0,0.0,0.0,19.9,0
2002-03-13 16:00:00-05:00,0.0,0.0,0.0,19.9,0
2002-03-14 16:00:00-05:00,19.85,19.85,19.85,19.85,300
2002-03-15 16:00:00-05:00,19.6,19.75,19.6,19.75,700
2002-03-18 16:00:00-05:00,0.0,0.0,0.0,19.75,0
2002-03-19 16:00:00-05:00,19.75,19.75,19.75,19.75,200
2002-03-20 16:00:00-05:00,19.99,19.99,19.99,19.99,1200
2002-03-21 16:00:00-05:00,19.99,19.99,19.9,19.99,400
2002-03-22 16:00:00-05:00,0.0,0.0,0.0,19.99,0
2002-03-25 16:00:00-05:00,19.8,19.8,19.8,19.8,100
2002-03-26 16:00:00-05:00,0.0,0.0,0.0,19.8,0
2002-03-27 16:00:00-05:00,19.65,19.8,19.65,19.8,1500
2002-03-28 16:00:00-05:00,19.8,19.99,19.8,19.99,2000
2002-04-01 16:00:00-05:00,0.0,0.0,0.0,19.99,0
2002-04-02 16:00:00-05:00,0.0,0.0,0.0,19.99,0
2002-04-03 16:00:00-05:00,0.0,0.0,0.0,19.99,0
2002-04-04 16:00:00-05:00,19.85,19.95,19.85,19.9,1300
2002-04-05 16:00:00-05:00,19.99,19.99,19.9,19.99,3800
2002-04-08 16:00:00-04:00,19.99,19.99,19.99,19.99,2500
2002-04-09 16:00:00-04:00,0.0,0.0,0.0,19.99,0
2002-04-10 16:00:00-04:00,20.0,20.14,20.0,20.14,2300
2002-04-11 16:00:00-04:00,20.0,20.14,20.0,20.14,2900
2002-04-12 16:00:00-04:00,20.14,20.14,20.14,20.14,1900
2002-04-15 16:00:00-04:00,0.0,0.0,0.0,20.14,0
2002-04-16 16:00:00-04:00,0.0,0.0,0.0,20.14,0
2002-04-17 16:00:00-04:00,19.99,19.99,19.95,19.95,200
2002-04-18 16:00:00-04:00,0.0,0.0,0.0,19.95,0
2002-04-19 16:00:00-04:00,19.9,20.14,19.9,20.0,1400
2002-04-22 16:00:00-04:00,20.0,20.0,20.0,20.0,100
2002-04-23 16:00:00-04:00,20.0,20.0,20.0,20.0,200
2002-04-24 16:00:00-04:00,20.14,20.14,20.14,20.14,100
2002-04-25 16:00:00-04:00,0.0,0.0,0.0,20.14,0
2002-04-26 16:00:00-04:00,0.0,0.0,0.0,20.14,0
2002-04-29 16:00:00-04:00,0.0,0.0,0.0,20.14,0
2002-04-30 16:00:00-04:00,20.1,20.14,20.0,20.14,1100
2002-05-01 16:00:00-04:00,20.14,20.14,20.0,20.0,2100
2002-05-02 16:00:00-04:00,0.0,0.0,0.0,20.0,0
2002-05-03 16:00:00-04:00,20.0,20.0,20.0,20.0,100
2002-05-06 16:00:00-04:00,20.14,20.14,20.14,20.14,100
2002-05-07 16:00:00-04:00,20.0,20.1,20.0,20.1,500
2002-05-08 16:00:00-04:00,20.1,20.1,20.1,20.1,200
2002-05-09 16:00:00-04:00,20.14,20.14,20.14,20.14,1100
2002-05-10 16:00:00-04:00,0.0,0.0,0.0,20.14,0
2002-05-13 16:00:00-04:00,0.0,0.0,0.0,20.14,0
2002-05-14 16:00:00-04:00,20.0,20.0,20.0,20.0,100
2002-05-15 16:00:00-04:00,0.0,0.0,0.0,20.0,0
2002-05-16 16:00:00-04:00,0.0,0.0,0.0,20.0,0
2002-05-17 16:00:00-04:00,0.0,0.0,0.0,20.0,0
2002-05-20 16:00:00-04:00,20.0,20.0,20.0,20.0,200
2002-05-21 16:00:00-04:00,20.1,20.12,20.1,20.12,1000
2002-05-22 16:00:00-04:00,20.06,20.12,20.0,20.0,3200
2002-05-23 16:00:00-04:00,19.9,19.9,19.9,19.9,1000
2002-05-24 16:00:00-04:00,20.0,20.12,20.0,20.12,700
2002-05-28 16:00:00-04:00,0.0,0.0,0.0,20.12,0
2002-05-29 16:00:00-04:00,20.12,20.12,20.12,20.12,100
2002-05-30 16:00:00-04:00,0.0,0.0,0.0,20.12,0
2002-05-31 16:00:00-04:00,20.0,20.0,20.0,20.0,200
2002-06-03 16:00:00-04:00,0.0,0.0,0.0,20.0,0
2002-06-04 16:00:00-04:00,0.0,0.0,0.0,20.0,0
2002-06-05 16:00:00-04:00,0.0,0.0,0.0,20.0,0
2002-06-06 16:00:00-04:00,20.08,20.08,20.08,20.08,200
2002-06-07 16:00:00-04:00,20.0,20.0,20.0,20.0,300
2002-06-10 16:00:00-04:00,20.1,20.1,20.05,20.05,300
2002-06-11 16:00:00-04:00,0.0,0.0,0.0,20.05,0
2002-06-12 16:00:00-04:00,19.8,20.0,19.75,20.0,1000
2002-06-13 16:00:00-04:00,20.1,20.1,20.1,20.1,200
2002-06-14 16:00:00-04:00,20.0,20.0,20.0,20.0,200
2002-06-17 16:00:00-04:00,20.1,20.1,20.05,20.05,700
2002-06-18 16:00:00-04:00,20.0,20.05,19.9,20.05,1200
2002-06-19 16:00:00-04:00,20.02,20.11,20.0,20.0,700
2002-06-20 16:00:00-04:00,0.0,0.0,0.0,20.0,0
2002-06-21 16:00:00-04:00,20.1,20.1,20.09,20.09,200
2002-06-24 16:00:00-04:00,20.11,20.12,20.1,20.1,1400
2002-06-25 16:00:00-04:00,20.1,20.1,19.95,19.95,900
2002-06-26 16:00:00-04:00,0.0,0.0,0.0,19.95,0
2002-06-27 16:00:00-04:00,0.0,0.0,0.0,19.95,0
2002-06-28 16:00:00-04:00,20.1,20.1,20.1,20.1,200
2002-07-01 16:00:00-04:00,20.1,20.1,20.1,20.1,100
2002-07-02 16:00:00-04:00,0.0,0.0,0.0,20.1,0
2002-07-03 16:00:00-04:00,19.81,20.0,19.8,20.0,1100
2002-07-05 16:00:00-04:00,20.0,20.0,20.0,20.0,200
2002-07-08 16:00:00-04:00,19.98,19.98,19.98,19.98,100
2002-07-09 16:00:00-04:00,0.0,0.0,0.0,19.98,0
2002-07-10 16:00:00-04:00,20.0,20.11,20.0,20.11,200
2002-07-11 16:00:00-04:00,20.11,20.11,20.11,20.11,200
2002-07-12 16:00:00-04:00,20.0,20.13,20.0,20.13,200
2002-07-15 16:00:00-04:00,0.0,0.0,0.0,20.13,0
2002-07-16 16:00:00-04:00,20.05,20.13,20.05,20.05,500
2002-07-17 16:00:00-04:00,20.13,20.13,19.75,19.75,1300
2002-07-18 16:00:00-04:00,19.7,19.75,19.7,19.75,300
2002-07-19 16:00:00-04:00,19.75,19.75,19.75,19.75,200
2002-07-22 16:00:00-04:00,20.0,20.0,20.0,20.0,100
2002-07-23 16:00:00-04:00,19.75,20.0,19.75,20.0,200
2002-07-24 16:00:00-04:00,19.95,20.13,19.95,20.13,1000
2002-07-25 16:00:00-04:00,20.13,20.13,20.13,20.13,500
2002-07-26 16:00:00-04:00,20.25,20.5,20.25,20.5,1600
2002-07-29 16:00:00-04:00,20.25,20.25,20.01,20.15,500
2002-07-30 16:00:00-04:00,0.0,0.0,0.0,20.15,0
2002-07-31 16:00:00-04:00,20.15,20.5,20.15,20.5,200
2002-08-01 16:00:00-04:00,20.2,20.34,20.15,20.15,2000
2002-08-02 16:00:00-04:00,0.0,0.0,0.0,20.15,0
2002-08-05 16:00:00-04:00,0.0,0.0,0.0,20.15,0
2002-08-06 16:00:00-04:00,0.0,0.0,0.0,20.15,0
2002-08-07 16:00:00-04:00,0.0,0.0,0.0,20.15,0
2002-08-08 16:00:00-04:00,0.0,0.0,0.0,20.15,0
2002-08-09 16:00:00-04:00,20.15,20.15,20.15,20.15,600
2002-08-12 16:00:00-04:00,0.0,0.0,0.0,20.15,0
2002-08-13 16:00:00-04:00,0.0,0.0,0.0,20.15,0
2002-08-14 16:00:00-04:00,0.0,0.0,0.0,20.15,0
2002-08-15 16:00:00-04:00,0.0,0.0,0.0,20.15,0
2002-08-16 16:00:00-04:00,20.0,20.0,20.0,20.0,200
2002-08-19 16:00:00-04:00,19.95,19.95,19.95,19.95,100
2002-08-20 16:00:00-04:00,0.0,0.0,0.0,19.95,0
2002-08-21 16:00:00-04:00,19.75,19.75,19.7,19.7,6000
2002-08-22 16:00:00-04:00,0.0,0.0,0.0,19.7,0
2002-08-23 16:00:00-04:00,19.5,19.5,19.21,19.5,1500
2002-08-26 16:00:00-04:00,0.0,0.0,0.0,19.5,0
2002-08-27 16:00:00-04:00,19.4,19.4,19.1,19.1,2500
2002-08-28 16:00:00-04:00,19.0,19.45,19.0,19.2,600
2002-08-29 16:00:00-04:00,19.12,19.12,19.12,19.12,100
2002-08-30 16:00:00-04:00,19.49,19.49,19.0,19.0,300
2002-09-03 16:00:00-04:00,19.0,19.0,18.75,18.75,1100
2002-09-04 16:00:00-04:00,18.75,18.75,18.5,18.5,1500
2002-09-05 16:00:00-04:00,0.0,0.0,0.0,18.5,0
2002-09-06 16:00:00-04:00,18.5,18.5,18.25,18.5,600
2002-09-09 16:00:00-04:00,18.48,18.48,18.48,18.48,100
2002-09-10 16:00:00-04:00,0.0,0.0,0.0,18.48,0
2002-09-11 16:00:00-04:00,0.0,0.0,0.0,18.48,0
2002-09-12 16:00:00-04:00,18.48,19.0,18.48,19.0,1400
2002-09-13 16:00:00-04:00,19.25,19.25,19.25,19.25,100
2002-09-16 16:00:00-04:00,18.9,18.9,18.9,18.9,600
2002-09-17 16:00:00-04:00,18.9,19.15,18.9,19.15,1000
2002-09-18 16:00:00-04:00,0.0,0.0,0.0,19.15,0
2002-09-19 16:00:00-04:00,0.0,0.0,0.0,19.15,0
2002-09-20 16:00:00-04:00,19.1,19.1,19.1,19.1,100
2002-09-23 16:00:00-04:00,0.0,0.0,0.0,19.1,0
2002-09-24 16:00:00-04:00,19.0,19.0,19.0,19.0,600
2002-09-25 16:00:00-04:00,18.76,19.0,18.51,18.9,1000
2002-09-26 16:00:00-04:00,0.0,0.0,0.0,18.9,0
2002-09-27 16:00:00-04:00,0.0,0.0,0.0,18.9,0
2002-09-30 16:00:00-04:00,0.0,0.0,0.0,18.9,0
2002-10-01 16:00:00-04:00,18.8,18.8,18.8,18.8,100
2002-10-02 16:00:00-04:00,18.7,18.7,18.7,18.7,800
2002-10-03 16:00:00-04:00,18.7,19.0,18.7,19.0,300
2002-10-04 16:00:00-04:00,18.9,19.0,18.9,19.0,200
2002-10-07 16:00:00-04:00,18.75,19.25,18.75,19.25,200
2002-10-08 16:00:00-04:00,19.12,19.12,19.12,19.12,200
2002-10-09 16:00:00-04:00,19.12,19.12,19.0,19.0,300
2002-10-10 16:00:00-04:00,18.75,18.85,18.5,18.85,900
2002-10-11 16:00:00-04:00,0.0,0.0,0.0,18.85,0
2002-10-14 16:00:00-04:00,18.75,18.75,18.65,18.65,500
2002-10-15 16:00:00-04:00,0.0,0.0,0.0,18.65,0
2002-10-16 16:00:00-04:00,19.0,19.0,19.0,19.0,100
2002-10-17 16:00:00-04:00,0.0,0.0,0.0,19.0,0
2002-10-18 16:00:00-04:00,0.0,0.0,0.0,19.0,0
2002-10-21 16:00:00-04:00,0.0,0.0,0.0,19.0,0
2002-10-22 16:00:00-04:00,0.0,0.0,0.0,19.0,0
2002-10-23 16:00:00-04:00,0.0,0.0,0.0,19.0,0
2002-10-24 16:00:00-04:00,0.0,0.0,0.0,19.0,0
2002-10-25 16:00:00-04:00,18.95,18.95,18.95,18.95,100
2002-10-28 16:00:00-05:00,0.0,0.0,0.0,18.95,0
2002-10-29 16:00:00-05:00,0.0,0.0,0.0,18.95,0
2002-10-30 16:00:00-05:00,18.95,18.95,18.95,18.95,100
2002-10-31 16:00:00-05:00,0.0,0.0,0.0,18.95,0
2002-11-01 16:00:00-05:00,0.0,0.0,0.0,18.95,0
2002-11-04 16:00:00-05:00,19.0,19.2,19.0,19.1,1100
2002-11-05 16:00:00-05:00,19.25,19.25,19.25,19.25,200
2002-11-06 16:00:00-05:00,19.2,19.35,19.2,19.2,7000
2002-11-07 16:00:00-05:00,19.3,19.4,19.3,19.4,1900
2002-11-08 16:00:00-05:00,19.5,19.65,19.5,19.65,400
2002-11-11 16:00:00-05:00,19.5,19.7,19.5,19.7,11200
2002-11-12 16:00:00-05:00,19.7,19.7,19.51,19.6,2500
2002-11-13 16:00:00-05:00,19.7,19.7,19.7,19.7,500
2002-11-14 16:00:00-05:00,19.5,19.7,19.5,19.7,700
2002-11-15 16:00:00-05:00,19.6,19.7,19.6,19.7,400
2002-11-18 16:00:00-05:00,19.5,19.7,19.45,19.7,1300
2002-11-19 16:00:00-05:00,0.0,0.0,0.0,19.7,0
2002-11-20 16:00:00-05:00,19.75,19.75,19.75,19.75,200
2002-11-21 16:00:00-05:00,0.0,0.0,0.0,19.75,0
2002-11-22 16:00:00-05:00,19.75,19.75,19.75,19.75,100
2002-11-25 16:00:00-05:00,19.75,19.75,19.75,19.75,300
2002-11-26 16:00:00-05:00,19.75,19.75,19.75,19.75,1800
2002-11-27 16:00:00-05:00,19.62,19.73,19.62,19.73,300
2002-11-29 16:00:00-05:00,0.0,0.0,0.0,19.73,0
2002-12-02 16:00:00-05:00,19.5,19.72,19.5,19.72,2200
2002-12-03 16:00:00-05:00,19.7,19.7,19.7,19.7,200
2002-12-04 16:00:00-05:00,19.75,19.75,19.75,19.75,100
2002-12-05 16:00:00-05:00,19.6,19.6,19.6,19.6,400
2002-12-06 16:00:00-05:00,19.75,19.75,19.51,19.51,300
2002-12-09 16:00:00-05:00,19.7,19.7,19.7,19.7,100
2002-12-10 16:00:00-05:00,0.0,0.0,0.0,19.7,0
2002-12-11 16:00:00-05:00,19.7,19.7,19.7,19.7,100
2002-12-12 16:00:00-05:00,19.55,19.55,19.55,19.55,400
2002-12-13 16:00:00-05:00,0.0,0.0,0.0,19.55,0
2002-12-16 16:00:00-05:00,0.0,0.0,0.0,19.55,0
2002-12-17 16:00:00-05:00,19.58,19.58,19.58,19.58,200
2002-12-18 16:00:00-05:00,19.6,19.75,19.6,19.75,700
2002-12-19 16:00:00-05:00,19.5,19.51,19.5,19.51,400
2002-12-20 16:00:00-05:00,19.51,19.51,19.51,19.51,200
2002-12-23 16:00:00-05:00,0.0,0.0,0.0,19.51,0
2002-12-24 16:00:00-05:00,0.0,0.0,0.0,19.51,0
2002-12-26 16:00:00-05:00,19.45,19.65,19.45,19.65,600
2002-12-27 16:00:00-05:00,0.0,0.0,0.0,19.65,0
2002-12-30 16:00:00-05:00,19.4,19.41,19.4,19.41,500
2002-12-31 16:00:00-05:00,0.0,0.0,0.0,19.41,0
2003-01-02 16:00:00-05:00,0.0,0.0,0.0,19.41,0
2003-01-03 16:00:00-05:00,0.0,0.0,0.0,19.41,0
2003-01-06 16:00:00-05:00,19.65,19.65,19.63,19.63,1000
2003-01-07 16:00:00-05:00,19.75,19.75,19.73,19.73,300
2003-01-08 16:00:00-05:00,19.95,19.95,19.95,19.95,200
2003-01-09 16:00:00-05:00,20.0,20.0,20.0,20.0,200
2003-01-10 16:00:00-05:00,0.0,0.0,0.0,20.0,0
2003-01-13 16:00:00-05:00,19.99,19.99,19.99,19.99,100
2003-01-14 16:00:00-05:00,20.19,20.19,20.15,20.15,500
2003-01-15 16:00:00-05:00,20.1,20.1,20.1,20.1,100
2003-01-16 16:00:00-05:00,20.19,20.19,20.19,20.19,100
2003-01-17 16:00:00-05:00,20.25,20.35,20.23,20.35,1100
2003-01-21 16:00:00-05:00,20.5,20.5,20.5,20.5,100
2003-01-22 16:00:00-05:00,20.47,20.6,20.47,20.6,400
2003-01-23 16:00:00-05:00,20.75,20.75,20.7,20.7,1200
2003-01-24 16:00:00-05:00,20.75,20.75,20.75,20.75,200
2003-01-27 16:00:00-05:00,20.65,20.65,20.65,20.65,100
2003-01-28 16:00:00-05:00,0.0,0.0,0.0,20.65,0
2003-01-29 16:00:00-05:00,0.0,0.0,0.0,20.65,0
2003-01-30 16:00:00-05:00,20.51,20.51,20.51,20.51,100
2003-01-31 16:00:00-05:00,20.65,20.65,20.65,20.65,300
2003-02-03 16:00:00-05:00,20.5,20.5,20.5,20.5,200
2003-02-04 16:00:00-05:00,20.25,20.25,20.25,20.25,300
2003-02-05 16:00:00-05:00,0.0,0.0,0.0,20.25,0
2003-02-06 16:00:00-05:00,20.5,20.5,20.5,20.5,100
2003-02-07 16:00:00-05:00,20.5,20.5,20.5,20.5,100
2003-02-10 16:00:00-05:00,0.0,0.0,0.0,20.5,0
2003-02-11 16:00:00-05:00,0.0,0.0,0.0,20.5,0
2003-02-12 16:00:00-05:00,20.0,20.0,20.0,20.0,1000
2003-02-13 16:00:00-05:00,20.0,20.25,20.0,20.25,1600
2003-02-14 16:00:00-05:00,20.0,20.0,19.85,20.0,1000
2003-02-18 16:00:00-05:00,20.0,20.0,19.95,19.95,1900
2003-02-19 16:00:00-05:00,19.45,19.45,19.1,19.3,1900
2003-02-20 16:00:00-05:00,0.0,0.0,0.0,19.3,0
2003-02-21 16:00:00-05:00,19.25,19.25,19.25,19.25,100
2003-02-24 16:00:00-05:00,19.5,19.5,19.5,19.5,100
2003-02-25 16:00:00-05:00,19.75,19.75,19.5,19.5,600
2003-02-26 16:00:00-05:00,19.25,19.5,19.25,19.5,500
2003-02-27 16:00:00-05:00,19.0,19.25,19.0,19.0,1400
2003-02-28 16:00:00-05:00,19.0,19.0,18.75,18.75,900
2003-03-03 16:00:00-05:00,18.5,18.5,18.5,18.5,200
2003-03-04 16:00:00-05:00,18.45,18.5,18.45,18.5,700
2003-03-05 16:00:00-05:00,18.59,18.6,18.41,18.6,600
2003-03-06 16:00:00-05:00,18.5,18.5,18.5,18.5,200
2003-03-07 16:00:00-05:00,0.0,0.0,0.0,18.5,0
2003-03-10 16:00:00-05:00,18.5,18.5,18.5,18.5,200
2003-03-11 16:00:00-05:00,18.5,18.5,18.05,18.05,1400
2003-03-12 16:00:00-05:00,18.0,18.0,18.0,18.0,400
2003-03-13 16:00:00-05:00,0.0,0.0,0.0,18.0,0
2003-03-14 16:00:00-05:00,0.0,0.0,0.0,18.0,0
2003-03-17 16:00:00-05:00,0.0,0.0,0.0,18.0,0
2003-03-18 16:00:00-05:00,0.0,0.0,0.0,18.0,0
2003-03-19 16:00:00-05:00,18.2,18.2,18.2,18.2,100
2003-03-20 16:00:00-05:00,18.15,18.15,18.15,18.15,200
2003-03-21 16:00:00-05:00,17.95,18.05,17.95,18.05,600
2003-03-24 16:00:00-05:00,18.1,18.1,18.1,18.1,200
2003-03-25 16:00:00-05:00,18.01,18.05,17.4,17.55,3100
2003-03-26 16:00:00-05:00,17.75,17.75,17.75,17.75,300
2003-03-27 16:00:00-05:00,17.5,17.75,17.5,17.75,300
2003-03-28 16:00:00-05:00,17.75,17.75,17.75,17.75,2800
2003-03-31 16:00:00-05:00,0.0,0.0,0.0,17.75,0
2003-04-01 16:00:00-05:00,17.75,17.75,17.75,17.75,300
2003-04-02 16:00:00-05:00,0.0,0.0,0.0,17.75,0
2003-04-03 16:00:00-05:00,0.0,0.0,0.0,17.75,0
2003-04-04 16:00:00-05:00,17.75,17.75,17.74,17.74,600
2003-04-07 16:00:00-04:00,17.74,17.74,17.74,17.74,100
2003-04-08 16:00:00-04:00,17.75,17.75,17.75,17.75,1000
2003-04-09 16:00:00-04:00,0.0,0.0,0.0,17.75,0
2003-04-10 16:00:00-04:00,0.0,0.0,0.0,17.75,0
2003-04-11 16:00:00-04:00,0.0,0.0,0.0,17.75,0
2003-04-14 16:00:00-04:00,0.0,0.0,0.0,17.75,0
2003-04-15 16:00:00-04:00,0.0,0.0,0.0,17.75,0
2003-04-16 16:00:00-04:00,0.0,0.0,0.0,17.75,0
2003-04-17 16:00:00-04:00,17.7,17.7,17.7,17.7,100
2003-04-21 16:00:00-04:00,0.0,0.0,0.0,17.7,0
2003-04-22 16:00:00-04:00,0.0,0.0,0.0,17.7,0
2003-04-23 16:00:00-04:00,17.95,17.95,17.95,17.95,700
2003-04-24 16:00:00-04:00,18.0,18.15,17.5,17.75,19700
2003-04-25 16:00:00-04:00,18.0,18.0,18.0,18.0,2400
2003-04-28 16:00:00-04:00,17.76,17.99,17.75,17.75,3900
2003-04-29 16:00:00-04:00,0.0,0.0,0.0,17.75,0
2003-04-30 16:00:00-04:00,17.75,18.0,17.75,18.0,4100
2003-05-01 16:00:00-04:00,0.0,0.0,0.0,18.0,0
2003-05-02 16:00:00-04:00,0.0,0.0,0.0,18.0,0
2003-05-05 16:00:00-04:00,0.0,0.0,0.0,18.0,0
2003-05-06 16:00:00-04:00,0.0,0.0,0.0,18.0,0
2003-05-07 16:00:00-04:00,17.9,17.9,17.9,17.9,200
2003-05-08 16:00:00-04:00,17.85,17.85,17.85,17.85,100
2003-05-09 16:00:00-04:00,0.0,0.0,0.0,17.85,0
2003-05-12 16:00:00-04:00,0.0,0.0,0.0,17.85,0
2003-05-13 16:00:00-04:00,17.75,17.75,17.75,17.75,2500
2003-05-14 16:00:00-04:00,17.75,17.75,17.75,17.75,3800
2003-05-15 16:00:00-04:00,0.0,0.0,0.0,17.75,0
2003-05-16 16:00:00-04:00,17.75,17.75,17.75,17.75,600
2003-05-19 16:00:00-04:00,0.0,0.0,0.0,17.75,0
2003-05-20 16:00:00-04:00,17.75,17.75,17.75,17.75,1500
2003-05-21 16:00:00-04:00,18.0,18.0,18.0,18.0,1100
2003-05-22 16:00:00-04:00,17.95,17.95,17.95,17.95,600
2003-05-23 16:00:00-04:00,18.14,18.15,18.05,18.05,800
2003-05-27 16:00:00-04:00,18.0,18.25,17.95,18.25,800
2003-05-28 16:00:00-04:00,0.0,0.0,0.0,18.25,0
2003-05-29 16:00:00-04:00,18.25,18.25,18.25,18.25,1000
2003-05-30 16:00:00-04:00,0.0,0.0,0.0,18.25,0
2003-06-02 16:00:00-04:00,0.0,0.0,0.0,18.25,0
2003-06-03 16:00:00-04:00,18.18,18.18,18.18,18.18,1200
2003-06-04 16:00:00-04:00,0.0,0.0,0.0,18.18,0
2003-06-05 16:00:00-04:00,0.0,0.0,0.0,18.18,0
2003-06-06 16:00:00-04:00,18.2,18.2,18.2,18.2,800
2003-06-09 16:00:00-04:00,18.01,18.15,18.0,18.0,500
2003-06-10 16:00:00-04:00,18.4,18.4,18.38,18.38,300
2003-06-11 16:00:00-04:00,18.13,18.35,18.13,18.35,1300
2003-06-12 16:00:00-04:00,0.0,0.0,0.0,18.35,0
2003-06-13 16:00:00-04:00,18.49,18.49,18.49,18.49,100
2003-06-16 16:00:00-04:00,18.25,18.35,18.25,18.35,400
2003-06-17 16:00:00-04:00,18.25,18.3,18.25,18.3,1800
2003-06-18 16:00:00-04:00,18.25,18.25,18.25,18.25,100
2003-06-19 16:00:00-04:00,0.0,0.0,0.0,18.25,0
2003-06-20 16:00:00-04:00,18.25,18.25,18.25,18.25,1000
2003-06-23 16:00:00-04:00,0.0,0.0,0.0,18.25,0
2003-06-24 16:00:00-04:00,0.0,0.0,0.0,18.25,0
2003-06-25 16:00:00-04:00,0.0,0.0,0.0,18.25,0
2003-06-26 16:00:00-04:00,0.0,0.0,0.0,18.25,0
2003-06-27 16:00:00-04:00,18.5,18.5,18.26,18.4,600
2003-06-30 16:00:00-04:00,18.25,18.35,18.01,18.35,800
2003-07-01 16:00:00-04:00,18.35,18.35,18.3,18.3,400
2003-07-02 16:00:00-04:00,18.25,18.25,18.2,18.2,300
2003-07-03 16:00:00-04:00,18.19,18.19,18.19,18.19,100
2003-07-07 16:00:00-04:00,18.0,18.0,17.8,17.8,600
2003-07-08 16:00:00-04:00,17.9,18.0,17.8,17.81,6000
2003-07-09 16:00:00-04:00,0.0,0.0,0.0,17.81,0
2003-07-10 16:00:00-04:00,18.0,18.0,18.0,18.0,200
2003-07-11 16:00:00-04:00,17.9,17.9,17.9,17.9,100
2003-07-14 16:00:00-04:00,17.8,17.8,17.8,17.8,600
2003-07-15 16:00:00-04:00,17.85,17.98,17.85,17.98,2600
2003-07-16 16:00:00-04:00,18.0,18.0,18.0,18.0,200
2003-07-17 16:00:00-04:00,18.0,18.0,18.0,18.0,100
2003-07-18 16:00:00-04:00,0.0,0.0,0.0,18.0,0
2003-07-21 16:00:00-04:00,0.0,0.0,0.0,18.0,0
2003-07-22 16:00:00-04:00,0.0,0.0,0.0,18.0,0
2003-07-23 16:00:00-04:00,17.9,17.9,17.9,17.9,200
2003-07-24 16:00:00-04:00,18.0,18.0,18.0,18.0,800
2003-07-25 16:00:00-04:00,0.0,0.0,0.0,18.0,0
2003-07-28 16:00:00-04:00,17.95,17.95,17.95,17.95,200
2003-07-29 16:00:00-04:00,0.0,0.0,0.0,17.95,0
2003-07-30 16:00:00-04:00,17.7,17.7,17.7,17.7,1000
2003-07-31 16:00:00-04:00,17.75,17.75,17.75,17.75,2800
2003-08-01 16:00:00-04:00,17.7,17.7,17.7,17.7,100
2003-08-04 16:00:00-04:00,0.0,0.0,0.0,17.7,0
2003-08-05 16:00:00-04:00,17.6,17.6,17.6,17.6,100
2003-08-06 16:00:00-04:00,0.0,0.0,0.0,17.6,0
2003-08-07 16:00:00-04:00,0.0,0.0,0.0,17.6,0
2003-08-08 16:00:00-04:00,0.0,0.0,0.0,17.6,0
2003-08-11 16:00:00-04:00,17.71,17.71,17.7,17.7,300
2003-08-12 16:00:00-04:00,17.85,17.95,17.85,17.95,500
2003-08-13 16:00:00-04:00,17.95,17.95,17.8,17.8,1700
2003-08-14 16:00:00-04:00,17.85,17.85,17.85,17.85,1500
2003-08-15 16:00:00-04:00,17.95,17.95,17.95,17.95,200
2003-08-18 16:00:00-04:00,17.95,17.95,17.75,17.95,600
2003-08-19 16:00:00-04:00,17.95,17.95,17.85,17.95,700
2003-08-20 16:00:00-04:00,17.95,17.95,17.95,17.95,500
2003-08-21 16:00:00-04:00,0.0,0.0,0.0,17.95,0
2003-08-22 16:00:00-04:00,17.95,18.05,17.9,18.05,19000
2003-08-25 16:00:00-04:00,18.0,18.0,17.75,17.99,2000
2003-08-26 16:00:00-04:00,18.0,18.05,18.0,18.0,3000
2003-08-27 16:00:00-04:00,18.0,19.24,18.0,19.13,25400
2003-08-28 16:00:00-04:00,19.24,19.59,19.23,19.59,8100
2003-08-29 16:00:00-04:00,19.8,20.7,19.37,20.3,4300
2003-09-02 16:00:00-04:00,20.45,20.99,20.4,20.95,6100
2003-09-03 16:00:00-04:00,21.0,21.4,20.75,21.05,9200
2003-09-04 16:00:00-04:00,21.2,22.1,21.2,22.1,50900
2003-09-05 16:00:00-04:00,22.0,23.0,22.0,22.3,27500
2003-09-08 16:00:00-04:00,22.5,22.63,22.0,22.25,37100
2003-09-09 16:00:00-04:00,22.0,22.29,22.0,22.0,9900
2003-09-10 16:00:00-04:00,21.75,21.85,21.5,21.73,14400
2003-09-11 16:00:00-04:00,21.35,21.35,21.15,21.25,2400
2003-09-12 16:00:00-04:00,21.33,21.34,21.25,21.25,1400
2003-09-15 16:00:00-04:00,21.34,21.34,21.26,21.26,1500
2003-09-16 16:00:00-04:00,21.01,21.36,21.0,21.36,6100
2003-09-17 16:00:00-04:00,21.35,21.49,21.35,21.49,2700
2003-09-18 16:00:00-04:00,21.4,22.0,21.4,21.5,14700
2003-09-19 16:00:00-04:00,21.4,21.75,21.4,21.75,5400
2003-09-22 16:00:00-04:00,21.65,21.65,21.38,21.45,2300
2003-09-23 16:00:00-04:00,21.49,22.5,21.49,22.3,13500
2003-09-24 16:00:00-04:00,22.12,22.12,22.0,22.09,3500
2003-09-25 16:00:00-04:00,22.02,22.12,22.02,22.12,2200
2003-09-26 16:00:00-04:00,22.05,22.25,22.02,22.11,5500
2003-09-29 16:00:00-04:00,22.01,22.6,22.01,22.59,4600
2003-09-30 16:00:00-04:00,22.59,22.95,22.5,22.95,3800
2003-10-01 16:00:00-04:00,22.99,25.75,22.99,24.3,36600
2003-10-02 16:00:00-04:00,24.1,24.5,23.82,23.9,9900
2003-10-03 16:00:00-04:00,24.15,24.95,23.75,24.01,9100
2003-10-06 16:00:00-04:00,24.11,24.5,24.11,24.5,1100
2003-10-07 16:00:00-04:00,24.25,24.6,23.75,24.57,6100
2003-10-08 16:00:00-04:00,24.4,24.55,24.35,24.55,800
2003-10-09 16:00:00-04:00,24.55,24.55,24.5,24.5,3100
2003-10-10 16:00:00-04:00,24.74,24.74,24.5,24.5,1200
2003-10-13 16:00:00-04:00,24.6,25.15,24.55,25.15,3300
2003-10-14 16:00:00-04:00,25.15,25.75,25.02,25.74,5900
2003-10-15 16:00:00-04:00,25.7,26.09,25.7,25.86,4000
2003-10-16 16:00:00-04:00,25.9,27.35,25.9,26.75,16000
2003-10-17 16:00:00-04:00,26.99,27.35,26.99,27.35,6300
2003-10-20 16:00:00-04:00,27.35,27.35,26.69,26.7,5400
2003-10-21 16:00:00-04:00,26.5,26.5,26.49,26.49,1500
2003-10-22 16:00:00-04:00,26.7,26.74,26.7,26.74,600
2003-10-23 16:00:00-04:00,0.0,0.0,0.0,26.74,0
2003-10-24 16:00:00-04:00,26.69,26.7,25.0,25.65,20700
2003-10-27 16:00:00-05:00,25.4,25.4,24.8,25.0,7900
2003-10-28 16:00:00-05:00,24.85,24.85,24.01,24.25,1600
2003-10-29 16:00:00-05:00,24.05,24.5,24.05,24.42,3800
2003-10-30 16:00:00-05:00,24.2,24.4,24.2,24.21,2800
2003-10-31 16:00:00-05:00,24.39,24.39,24.21,24.38,2100
2003-11-03 16:00:00-05:00,24.32,24.6,24.31,24.6,6000
2003-11-04 16:00:00-05:00,24.32,24.32,24.32,24.32,155
2003-11-05 16:00:00-05:00,24.4,24.6,24.31,24.5,2000
2003-11-06 16:00:00-05:00,24.32,24.32,24.32,24.32,500
2003-11-07 16:00:00-05:00,24.57,24.58,24.32,24.32,1200
2003-11-10 16:00:00-05:00,24.45,24.45,24.45,24.45,100
2003-11-11 16:00:00-05:00,0.0,0.0,0.0,24.45,0
2003-11-12 16:00:00-05:00,24.4,24.57,24.4,24.55,1200
2003-11-13 16:00:00-05:00,24.58,26.5,24.47,26.5,8000
2003-11-14 16:00:00-05:00,26.25,26.25,25.0,25.1,10700
2003-11-17 16:00:00-05:00,25.25,25.25,25.25,25.25,100
2003-11-18 16:00:00-05:00,0.0,0.0,0.0,25.25,0
2003-11-19 16:00:00-05:00,25.14,25.14,25.14,25.14,800
2003-11-20 16:00:00-05:00,25.2,25.35,25.2,25.31,900
2003-11-21 16:00:00-05:00,25.15,25.15,24.25,24.88,5500
2003-11-24 16:00:00-05:00,24.94,25.18,24.9,25.1,600
2003-11-25 16:00:00-05:00,25.0,25.0,24.7,24.74,1600
2003-11-26 16:00:00-05:00,24.74,24.74,24.74,24.74,500
2003-11-28 16:00:00-05:00,24.87,24.87,24.55,24.55,1000
2003-12-01 16:00:00-05:00,24.65,25.24,24.65,24.92,2900
2003-12-02 16:00:00-05:00,0.0,0.0,0.0,24.92,0
2003-12-03 16:00:00-05:00,25.08,25.08,24.92,24.92,300
2003-12-04 16:00:00-05:00,0.0,0.0,0.0,24.92,0
2003-12-05 16:00:00-05:00,0.0,0.0,0.0,24.92,0
2003-12-08 16:00:00-05:00,24.91,24.91,24.9,24.91,600
2003-12-09 16:00:00-05:00,24.9,24.9,24.9,24.9,500
2003-12-10 16:00:00-05:00,24.65,24.77,24.65,24.77,500
2003-12-11 16:00:00-05:00,0.0,0.0,0.0,24.77,0
2003-12-12 16:00:00-05:00,0.0,0.0,0.0,24.77,0
2003-12-15 16:00:00-05:00,24.13,24.13,24.0,24.0,1000
2003-12-16 16:00:00-05:00,23.92,23.92,23.92,23.92,100
2003-12-17 16:00:00-05:00,0.0,0.0,0.0,23.92,0
2003-12-18 16:00:00-05:00,23.91,24.0,23.91,24.0,900
2003-12-19 16:00:00-05:00,23.99,24.0,23.99,23.99,1200
2003-12-22 16:00:00-05:00,23.99,24.25,23.99,24.11,700
2003-12-23 16:00:00-05:00,23.96,23.96,23.96,23.96,200
2003-12-24 16:00:00-05:00,24.25,24.25,24.25,24.25,200
2003-12-26 16:00:00-05:00,0.0,0.0,0.0,24.25,0
2003-12-29 16:00:00-05:00,24.02,24.02,24.02,24.02,100
2003-12-30 16:00:00-05:00,24.04,24.43,24.04,24.42,700
2003-12-31 16:00:00-05:00,24.6,26.0,24.6,26.0,3300
2004-01-02 16:00:00-05:00,26.0,26.0,25.0,25.0,3900
2004-01-05 16:00:00-05:00,25.01,25.65,25.01,25.5,5400
2004-01-06 16:00:00-05:00,25.25,25.83,25.25,25.65,1800
2004-01-07 16:00:00-05:00,0.0,0.0,0.0,25.65,0
2004-01-08 16:00:00-05:00,25.5,25.5,25.5,25.5,200
2004-01-09 16:00:00-05:00,25.35,25.45,25.35,25.45,300
2004-01-12 16:00:00-05:00,25.5,25.5,25.5,25.5,200
2004-01-13 16:00:00-05:00,25.6,25.6,25.6,25.6,100
2004-01-14 16:00:00-05:00,25.75,25.99,25.65,25.65,5900
2004-01-15 16:00:00-05:00,25.65,25.65,25.65,25.65,1000
2004-01-16 16:00:00-05:00,25.85,25.85,25.85,25.85,500
2004-01-20 16:00:00-05:00,25.85,25.99,25.85,25.99,1400
2004-01-21 16:00:00-05:00,25.85,25.85,25.85,25.85,1200
2004-01-22 16:00:00-05:00,0.0,0.0,0.0,25.85,0
2004-01-23 16:00:00-05:00,25.85,25.85,25.85,25.85,200
2004-01-26 16:00:00-05:00,25.6,25.6,25.51,25.51,200
2004-01-27 16:00:00-05:00,25.42,25.5,25.42,25.5,300
2004-01-28 16:00:00-05:00,0.0,0.0,0.0,25.5,0
2004-01-29 16:00:00-05:00,0.0,0.0,0.0,25.5,0
2004-01-30 16:00:00-05:00,25.46,25.75,25.46,25.75,800
2004-02-02 16:00:00-05:00,25.6,25.76,25.6,25.75,900
2004-02-03 16:00:00-05:00,25.6,25.6,25.6,25.6,1500
2004-02-04 16:00:00-05:00,0.0,0.0,0.0,25.6,0
2004-02-05 16:00:00-05:00,25.75,25.84,25.6,25.6,1200
2004-02-06 16:00:00-05:00,25.7,25.7,25.42,25.42,600
2004-02-09 16:00:00-05:00,25.2,25.2,24.9,24.9,900
2004-02-10 16:00:00-05:00,24.89,24.9,24.89,24.9,400
2004-02-11 16:00:00-05:00,24.95,25.05,24.95,25.05,300
2004-02-12 16:00:00-05:00,25.08,25.1,25.0,25.0,700
2004-02-13 16:00:00-05:00,24.9,24.9,24.71,24.71,1100
2004-02-17 16:00:00-05:00,24.95,25.05,24.85,24.85,1300
2004-02-18 16:00:00-05:00,0.0,0.0,0.0,24.85,0
2004-02-19 16:00:00-05:00,0.0,0.0,0.0,24.85,0
2004-02-20 16:00:00-05:00,24.7,24.7,24.7,24.7,100
2004-02-23 16:00:00-05:00,24.7,24.7,24.7,24.7,100
2004-02-24 16:00:00-05:00,24.7,25.0,24.6,24.6,2200
2004-02-25 16:00:00-05:00,24.85,24.99,24.85,24.85,500
2004-02-26 16:00:00-05:00,24.75,24.99,24.75,24.85,700
2004-02-27 16:00:00-05:00,24.75,24.75,24.75,24.75,100
2004-03-01 16:00:00-05:00,0.0,0.0,0.0,24.75,0
2004-03-02 16:00:00-05:00,0.0,0.0,0.0,24.75,0
2004-03-03 16:00:00-05:00,24.78,24.8,24.78,24.8,300
2004-03-04 16:00:00-05:00,0.0,0.0,0.0,24.8,0
2004-03-05 16:00:00-05:00,24.87,24.87,24.87,24.87,2100
2004-03-08 16:00:00-05:00,24.87,24.87,24.7,24.7,2300
2004-03-09 16:00:00-05:00,24.64,25.0,24.64,25.0,1000
2004-03-10 16:00:00-05:00,25.1,25.1,25.1,25.1,400
2004-03-11 16:00:00-05:00,0.0,0.0,0.0,25.1,0
2004-03-12 16:00:00-05:00,25.15,25.15,25.15,25.15,300
2004-03-15 16:00:00-05:00,0.0,0.0,0.0,25.15,0
2004-03-16 16:00:00-05:00,24.95,24.95,24.95,24.95,100
2004-03-17 16:00:00-05:00,25.19,25.19,25.19,25.19,100
2004-03-18 16:00:00-05:00,25.15,25.15,25.15,25.15,100
2004-03-19 16:00:00-05:00,0.0,0.0,0.0,25.15,0
2004-03-22 16:00:00-05:00,25.15,25.3,25.15,25.25,800
2004-03-23 16:00:00-05:00,25.15,25.15,25.15,25.15,100
2004-03-24 16:00:00-05:00,0.0,0.0,0.0,25.15,0
2004-03-25 16:00:00-05:00,25.25,25.25,25.15,25.15,300
2004-03-26 16:00:00-05:00,25.2,25.2,25.2,25.2,300
2004-03-29 16:00:00-05:00,0.0,0.0,0.0,25.2,0
2004-03-30 16:00:00-05:00,0.0,0.0,0.0,25.2,0
2004-03-31 16:00:00-05:00,0.0,0.0,0.0,25.2,0
2004-04-01 16:00:00-05:00,25.3,25.3,25.3,25.3,500
2004-04-02 16:00:00-05:00,25.15,25.15,25.15,25.15,100
2004-04-05 16:00:00-04:00,25.2,25.24,25.15,25.24,400
2004-04-06 16:00:00-04:00,25.2,25.2,25.2,25.2,200
2004-04-07 16:00:00-04:00,0.0,0.0,0.0,25.2,0
2004-04-08 16:00:00-04:00,0.0,0.0,0.0,25.2,0
2004-04-12 16:00:00-04:00,25.26,25.26,25.26,25.26,100
2004-04-13 16:00:00-04:00,25.3,25.35,25.3,25.35,1100
2004-04-14 16:00:00-04:00,25.35,25.35,25.2,25.25,1400
2004-04-15 16:00:00-04:00,25.3,25.65,25.26,25.65,4300
2004-04-16 16:00:00-04:00,25.65,25.74,25.6,25.7,2800
2004-04-19 16:00:00-04:00,25.9,26.68,25.9,26.68,8500
2004-04-20 16:00:00-04:00,26.7,27.14,25.9,26.0,12800
2004-04-21 16:00:00-04:00,26.15,26.15,26.15,26.15,500
2004-04-22 16:00:00-04:00,26.3,26.4,26.3,26.32,1000
2004-04-23 16:00:00-04:00,26.1,26.1,25.5,25.9,1800
2004-04-26 16:00:00-04:00,25.9,26.5,25.9,26.05,8100
2004-04-27 16:00:00-04:00,0.0,0.0,0.0,26.05,0
2004-04-28 16:00:00-04:00,26.16,26.16,26.15,26.15,300
2004-04-29 16:00:00-04:00,26.35,26.35,26.35,26.35,400
2004-04-30 16:00:00-04:00,26.1,26.15,26.1,26.15,400
2004-05-03 16:00:00-04:00,26.29,26.29,26.29,26.29,100
2004-05-04 16:00:00-04:00,0.0,0.0,0.0,26.29,0
2004-05-05 16:00:00-04:00,0.0,0.0,0.0,26.29,0
2004-05-06 16:00:00-04:00,26.11,26.25,26.11,26.25,300
2004-05-07 16:00:00-04:00,26.1,26.1,25.25,25.25,4100
2004-05-10 16:00:00-04:00,25.35,25.45,25.25,25.25,800
2004-05-11 16:00:00-04:00,25.21,25.21,25.21,25.21,100
2004-05-12 16:00:00-04:00,25.2,25.2,25.2,25.2,1100
2004-05-13 16:00:00-04:00,25.2,25.2,24.6,24.6,3200
2004-05-14 16:00:00-04:00,24.5,24.5,24.5,24.5,200
2004-05-17 16:00:00-04:00,24.4,24.4,24.4,24.4,100
2004-05-18 16:00:00-04:00,0.0,0.0,0.0,24.4,0
2004-05-19 16:00:00-04:00,24.6,24.6,24.6,24.6,200
2004-05-20 16:00:00-04:00,24.7,24.7,24.6,24.6,2300
2004-05-21 16:00:00-04:00,0.0,0.0,0.0,24.6,0
2004-05-24 16:00:00-04:00,24.45,24.45,24.45,24.45,200
2004-05-25 16:00:00-04:00,24.3,24.44,24.3,24.44,200
2004-05-26 16:00:00-04:00,24.21,24.21,21.0,22.4,30100
2004-05-27 16:00:00-04:00,22.55,23.0,22.51,22.58,5300
2004-05-28 16:00:00-04:00,22.7,22.8,22.58,22.58,1600
2004-06-01 16:00:00-04:00,22.61,22.7,22.53,22.53,1100
2004-06-02 16:00:00-04:00,22.55,22.55,22.4,22.55,4100
2004-06-03 16:00:00-04:00,22.65,22.65,22.65,22.65,100
2004-06-04 16:00:00-04:00,22.55,22.55,22.5,22.5,400
2004-06-07 16:00:00-04:00,22.4,22.75,22.4,22.7,5000
2004-06-08 16:00:00-04:00,22.65,23.0,22.5,23.0,2600
2004-06-09 16:00:00-04:00,23.1,23.5,23.1,23.3,2700
2004-06-10 16:00:00-04:00,0.0,0.0,0.0,23.3,0
2004-06-14 16:00:00-04:00,23.5,23.64,23.45,23.45,1200
2004-06-15 16:00:00-04:00,23.5,23.9,23.5,23.9,1700
2004-06-16 16:00:00-04:00,23.85,24.0,23.8,23.8,2300
2004-06-17 16:00:00-04:00,23.8,23.8,23.8,23.8,300
2004-06-18 16:00:00-04:00,0.0,0.0,0.0,23.8,0
2004-06-21 16:00:00-04:00,23.1,23.1,23.0,23.0,1300
2004-06-22 16:00:00-04:00,23.2,23.2,22.5,22.64,4900
2004-06-23 16:00:00-04:00,22.4,22.4,22.4,22.4,500
2004-06-24 16:00:00-04:00,22.4,22.55,22.4,22.55,1100
2004-06-25 16:00:00-04:00,0.0,0.0,0.0,22.55,0
2004-06-28 16:00:00-04:00,22.4,22.4,22.4,22.4,200
2004-06-29 16:00:00-04:00,22.53,22.7,22.53,22.7,200
2004-06-30 16:00:00-04:00,22.85,22.85,22.85,22.85,200
2004-07-01 16:00:00-04:00,22.75,22.75,22.75,22.75,1100
2004-07-02 16:00:00-04:00,22.9,22.9,22.9,22.9,300
2004-07-06 16:00:00-04:00,22.9,22.9,22.85,22.85,1000
2004-07-07 16:00:00-04:00,0.0,0.0,0.0,22.85,0
2004-07-08 16:00:00-04:00,22.75,22.75,22.65,22.65,1000
2004-07-09 16:00:00-04:00,22.65,22.75,22.65,22.65,1000
2004-07-12 16:00:00-04:00,22.5,22.5,22.4,22.4,800
2004-07-13 16:00:00-04:00,22.35,22.35,22.35,22.35,700
2004-07-14 16:00:00-04:00,22.4,22.55,22.4,22.4,14000
2004-07-15 16:00:00-04:00,22.4,22.4,22.4,22.4,5000
2004-07-16 16:00:00-04:00,22.5,22.7,22.5,22.7,400
2004-07-19 16:00:00-04:00,0.0,0.0,0.0,22.7,0
2004-07-20 16:00:00-04:00,0.0,0.0,0.0,22.7,0
2004-07-21 16:00:00-04:00,22.6,22.6,22.6,22.6,800
2004-07-22 16:00:00-04:00,22.85,22.85,22.4,22.4,1300
2004-07-23 16:00:00-04:00,0.0,0.0,0.0,22.4,0
2004-07-26 16:00:00-04:00,22.65,22.75,22.4,22.5,2500
2004-07-27 16:00:00-04:00,0.0,0.0,0.0,22.5,0
2004-07-28 16:00:00-04:00,22.5,22.51,22.5,22.51,1400
2004-07-29 16:00:00-04:00,0.0,0.0,0.0,22.51,0
2004-07-30 16:00:00-04:00,22.65,22.65,22.65,22.65,100
2004-08-02 16:00:00-04:00,22.6,22.6,22.5,22.5,400
2004-08-03 16:00:00-04:00,22.9,22.9,22.9,22.9,100
2004-08-04 16:00:00-04:00,0.0,0.0,0.0,22.9,0
2004-08-05 16:00:00-04:00,22.5,22.5,22.5,22.5,700
2004-08-06 16:00:00-04:00,22.5,22.55,22.5,22.55,1100
2004-08-09 16:00:00-04:00,22.52,22.52,22.5,22.5,1200
2004-08-10 16:00:00-04:00,22.5,22.52,22.5,22.5,1200
2004-08-11 16:00:00-04:00,0.0,0.0,0.0,22.5,0
2004-08-12 16:00:00-04:00,22.95,22.95,22.95,22.95,200
2004-08-13 16:00:00-04:00,22.74,22.74,22.5,22.5,500
2004-08-16 16:00:00-04:00,22.5,22.5,22.5,22.5,1600
2004-08-17 16:00:00-04:00,0.0,0.0,0.0,22.5,0
2004-08-18 16:00:00-04:00,22.65,22.65,22.65,22.65,100
2004-08-19 16:00:00-04:00,0.0,0.0,0.0,22.65,0
2004-08-20 16:00:00-04:00,22.5,22.5,22.5,22.5,500
2004-08-23 16:00:00-04:00,0.0,0.0,0.0,22.5,0
2004-08-24 16:00:00-04:00,22.75,23.0,22.75,23.0,2400
2004-08-25 16:00:00-04:00,23.0,23.0,23.0,23.0,1700
2004-08-26 16:00:00-04:00,23.15,23.15,23.15,23.15,100
2004-08-27 16:00:00-04:00,23.25,23.25,23.25,23.25,200
2004-08-30 16:00:00-04:00,0.0,0.0,0.0,23.25,0
2004-08-31 16:00:00-04:00,23.5,23.5,23.4,23.4,500
2004-09-01 16:00:00-04:00,23.6,23.6,23.55,23.55,400
2004-09-02 16:00:00-04:00,23.4,23.69,23.4,23.69,200
2004-09-03 16:00:00-04:00,0.0,0.0,0.0,23.69,0
2004-09-07 16:00:00-04:00,23.8,23.8,23.8,23.8,1000
2004-09-08 16:00:00-04:00,24.0,24.0,24.0,24.0,200
2004-09-09 16:00:00-04:00,24.0,24.0,24.0,24.0,100
2004-09-10 16:00:00-04:00,0.0,0.0,0.0,24.0,0
2004-09-13 16:00:00-04:00,23.85,23.85,23.75,23.75,500
2004-09-14 16:00:00-04:00,0.0,0.0,0.0,23.75,0
2004-09-15 16:00:00-04:00,0.0,0.0,0.0,23.75,0
2004-09-16 16:00:00-04:00,24.0,24.0,24.0,24.0,200
2004-09-17 16:00:00-04:00,24.0,24.0,24.0,24.0,200
2004-09-20 16:00:00-04:00,24.0,24.45,23.85,24.0,1200
2004-09-21 16:00:00-04:00,0.0,0.0,0.0,24.0,0
2004-09-22 16:00:00-04:00,23.8,24.25,23.8,24.25,1100
2004-09-23 16:00:00-04:00,0.0,0.0,0.0,24.25,0
2004-09-24 16:00:00-04:00,24.35,24.7,24.35,24.4,4000
2004-09-27 16:00:00-04:00,0.0,0.0,0.0,24.4,0
2004-09-28 16:00:00-04:00,24.6,24.6,24.6,24.6,300
2004-09-29 16:00:00-04:00,24.75,25.7,24.75,25.5,4700
2004-09-30 16:00:00-04:00,25.65,26.09,25.65,25.9,1400
2004-10-01 16:00:00-04:00,26.0,26.45,26.0,26.45,1800
2004-10-04 16:00:00-04:00,26.5,26.5,26.35,26.35,700
2004-10-05 16:00:00-04:00,26.25,26.65,26.25,26.65,3700
2004-10-06 16:00:00-04:00,26.5,26.5,26.5,26.5,400
2004-10-07 16:00:00-04:00,26.57,26.75,26.57,26.75,1100
2004-10-08 16:00:00-04:00,26.85,26.95,26.85,26.95,1100
2004-10-11 16:00:00-04:00,26.8,26.85,26.8,26.85,400
2004-10-12 16:00:00-04:00,26.75,26.75,26.75,26.75,200
2004-10-13 16:00:00-04:00,26.7,26.7,26.7,26.7,300
2004-10-14 16:00:00-04:00,26.7,26.7,26.5,26.5,1500
2004-10-15 16:00:00-04:00,0.0,0.0,0.0,26.5,0
2004-10-18 16:00:00-04:00,26.59,26.7,26.59,26.7,900
2004-10-19 16:00:00-04:00,0.0,0.0,0.0,26.7,0
2004-10-20 16:00:00-04:00,26.6,26.6,26.6,26.6,100
2004-10-21 16:00:00-04:00,26.75,27.0,26.75,27.0,1000
2004-10-22 16:00:00-04:00,27.0,27.0,26.7,26.9,1200
2004-10-25 16:00:00-04:00,27.0,28.29,27.0,28.2,5400
2004-10-26 16:00:00-04:00,28.3,28.9,27.95,27.95,9800
2004-10-27 16:00:00-04:00,27.8,27.8,27.8,27.8,100
2004-10-28 16:00:00-04:00,27.9,27.9,27.9,27.9,100
2004-10-29 16:00:00-04:00,27.99,28.1,27.99,28.0,1100
2004-11-01 16:00:00-05:00,0.0,0.0,0.0,28.0,0
2004-11-02 16:00:00-05:00,27.85,27.85,27.6,27.6,1000
2004-11-03 16:00:00-05:00,27.53,27.53,27.38,27.38,700
2004-11-04 16:00:00-05:00,27.23,27.23,27.15,27.15,1500
2004-11-05 16:00:00-05:00,27.29,28.55,27.29,28.3,6100
2004-11-08 16:00:00-05:00,28.15,28.65,27.84,27.84,4500
2004-11-09 16:00:00-05:00,27.95,27.95,27.85,27.85,300
2004-11-10 16:00:00-05:00,28.0,28.0,28.0,28.0,100
2004-11-11 16:00:00-05:00,27.75,27.75,26.41,26.76,8200
2004-11-12 16:00:00-05:00,26.85,27.8,26.85,27.2,3900
2004-11-15 16:00:00-05:00,27.4,27.4,27.0,27.0,1000
2004-11-16 16:00:00-05:00,26.85,26.85,26.3,26.3,2200
2004-11-17 16:00:00-05:00,26.5,26.5,25.78,25.89,1900
2004-11-18 16:00:00-05:00,25.6,25.6,25.6,25.6,100
2004-11-19 16:00:00-05:00,25.85,25.85,25.85,25.85,300
2004-11-22 16:00:00-05:00,26.0,26.0,25.92,25.92,200
2004-11-23 16:00:00-05:00,25.9,25.9,25.9,25.9,200
2004-11-24 16:00:00-05:00,0.0,0.0,0.0,25.9,0
2004-11-26 16:00:00-05:00,25.9,25.9,25.9,25.9,200
2004-11-29 16:00:00-05:00,0.0,0.0,0.0,25.9,0
2004-11-30 16:00:00-05:00,26.2,26.2,25.9,26.05,900
2004-12-01 16:00:00-05:00,26.0,26.12,26.0,26.12,1100
2004-12-02 16:00:00-05:00,26.0,26.0,26.0,26.0,200
2004-12-03 16:00:00-05:00,26.0,26.0,26.0,26.0,100
2004-12-06 16:00:00-05:00,26.0,26.0,26.0,26.0,100
2004-12-07 16:00:00-05:00,0.0,0.0,0.0,26.0,0
2004-12-08 16:00:00-05:00,25.75,25.75,25.75,25.75,400
2004-12-09 16:00:00-05:00,0.0,0.0,0.0,25.75,0
2004-12-10 16:00:00-05:00,0.0,0.0,0.0,25.75,0
2004-12-13 16:00:00-05:00,0.0,0.0,0.0,25.75,0
2004-12-14 16:00:00-05:00,0.0,0.0,0.0,25.75,0
2004-12-15 16:00:00-05:00,25.9,26.0,25.83,26.0,1800
2004-12-16 16:00:00-05:00,0.0,0.0,0.0,26.0,0
2004-12-17 16:00:00-05:00,25.8615,25.92,25.8615,25.92,300
2004-12-20 16:00:00-05:00,0.0,0.0,0.0,25.92,0
2004-12-21 16:00:00-05:00,25.88,25.88,25.6,25.6,4200
2004-12-22 16:00:00-05:00,25.65,25.75,25.65,25.75,700
2004-12-23 16:00:00-05:00,0.0,0.0,0.0,25.75,0
2004-12-27 16:00:00-05:00,0.0,0.0,0.0,25.75,0
2004-12-28 16:00:00-05:00,25.85,25.85,25.85,25.85,100
2004-12-29 16:00:00-05:00,26.0,26.0,26.0,26.0,400
2004-12-30 16:00:00-05:00,0.0,0.0,0.0,26.0,0
2004-12-31 16:00:00-05:00,26.1,26.2,26.1,26.2,1300
2005-01-03 16:00:00-05:00,26.55,27.0,26.55,27.0,1100
2005-01-04 16:00:00-05:00,0.0,0.0,0.0,27.0,0
2005-01-05 16:00:00-05:00,26.7,26.7,26.7,26.7,200
2005-01-06 16:00:00-05:00,0.0,0.0,0.0,26.7,0
2005-01-07 16:00:00-05:00,26.58,26.58,26.45,26.49,1200
2005-01-10 16:00:00-05:00,26.58,26.76,26.58,26.76,600
2005-01-11 16:00:00-05:00,0.0,0.0,0.0,26.76,0
2005-01-12 16:00:00-05:00,0.0,0.0,0.0,26.76,0
2005-01-13 16:00:00-05:00,0.0,0.0,0.0,26.76,0
2005-01-14 16:00:00-05:00,26.75,26.75,26.5,26.5,700
2005-01-18 16:00:00-05:00,26.55,26.7,26.55,26.7,400
2005-01-19 16:00:00-05:00,26.8,26.8985,26.55,26.8985,300
2005-01-20 16:00:00-05:00,27.0,27.0,26.9,26.98,500
2005-01-21 16:00:00-05:00,27.18,27.4,26.9,26.9,2900
2005-01-24 16:00:00-05:00,0.0,0.0,0.0,26.9,0
2005-01-25 16:00:00-05:00,26.9,26.9,25.9,26.0,2200
2005-01-26 16:00:00-05:00,0.0,0.0,0.0,26.0,0
2005-01-27 16:00:00-05:00,26.1,26.35,26.1,26.35,600
2005-01-28 16:00:00-05:00,26.35,26.35,26.35,26.35,100
2005-01-31 16:00:00-05:00,26.35,26.55,26.35,26.55,400
2005-02-01 16:00:00-05:00,26.35,26.5,26.15,26.21,700
2005-02-02 16:00:00-05:00,26.2515,26.2515,26.2515,26.2515,100
2005-02-03 16:00:00-05:00,26.36,26.36,26.36,26.36,200
2005-02-04 16:00:00-05:00,0.0,0.0,0.0,26.36,0
2005-02-07 16:00:00-05:00,26.36,26.36,26.21,26.21,1100
2005-02-08 16:00:00-05:00,26.36,26.36,26.26,26.26,300
2005-02-09 16:00:00-05:00,0.0,0.0,0.0,26.26,0
2005-02-10 16:00:00-05:00,26.06,26.06,25.75,25.75,1800
2005-02-11 16:00:00-05:00,25.65,25.8,25.65,25.8,500
2005-02-14 16:00:00-05:00,0.0,0.0,0.0,25.8,0
2005-02-15 16:00:00-05:00,25.75,26.0,25.75,25.8,600
2005-02-16 16:00:00-05:00,0.0,0.0,0.0,25.8,0
2005-02-17 16:00:00-05:00,0.0,0.0,0.0,25.8,0
2005-02-18 16:00:00-05:00,0.0,0.0,0.0,25.8,0
2005-02-22 16:00:00-05:00,25.81,25.81,25.81,25.81,100
2005-02-23 16:00:00-05:00,26.08,26.08,25.89,26.05,2800
2005-02-24 16:00:00-05:00,26.05,26.05,26.05,26.05,500
2005-02-25 16:00:00-05:00,26.08,26.08,26.08,26.08,600
2005-02-28 16:00:00-05:00,26.05,26.3,25.95,26.3,1200
2005-03-01 16:00:00-05:00,26.2,26.2,26.2,26.2,100
2005-03-02 16:00:00-05:00,26.15,26.15,26.15,26.15,100
2005-03-03 16:00:00-05:00,26.15,26.15,26.15,26.15,100
2005-03-04 16:00:00-05:00,0.0,0.0,0.0,26.15,0
2005-03-07 16:00:00-05:00,26.0,26.0,26.0,26.0,300
2005-03-08 16:00:00-05:00,26.25,26.35,26.25,26.35,800
2005-03-09 16:00:00-05:00,26.5,26.5,26.3,26.3,200
2005-03-10 16:00:00-05:00,26.3,26.3,26.3,26.3,200
2005-03-11 16:00:00-05:00,0.0,0.0,0.0,26.3,0
2005-03-14 16:00:00-05:00,26.55,26.7,26.55,26.7,2200
2005-03-15 16:00:00-05:00,0.0,0.0,0.0,26.7,0
2005-03-16 16:00:00-05:00,0.0,0.0,0.0,26.7,0
2005-03-17 16:00:00-05:00,26.7,26.7,26.4,26.4,1500
2005-03-18 16:00:00-05:00,26.3,26.3,26.15,26.15,600
2005-03-21 16:00:00-05:00,0.0,0.0,0.0,26.15,0
2005-03-22 16:00:00-05:00,26.25,26.25,26.25,26.25,200
2005-03-23 16:00:00-05:00,0.0,0.0,0.0,26.25,0
2005-03-24 16:00:00-05:00,0.0,0.0,0.0,26.25,0
2005-03-28 16:00:00-05:00,26.25,26.25,26.25,26.25,100
2005-03-29 16:00:00-05:00,0.0,0.0,0.0,26.25,0
2005-03-30 16:00:00-05:00,0.0,0.0,0.0,26.25,0
2005-03-31 16:00:00-05:00,26.35,26.35,26.35,26.35,100
2005-04-01 16:00:00-05:00,0.0,0.0,0.0,26.35,0
2005-04-04 16:00:00-04:00,26.25,26.35,26.25,26.35,200
2005-04-05 16:00:00-04:00,26.25,26.25,26.0,26.0,800
2005-04-06 16:00:00-04:00,0.0,0.0,0.0,26.0,0
2005-04-07 16:00:00-04:00,26.25,26.25,26.2,26.2,800
2005-04-08 16:00:00-04:00,26.1,26.2,26.1,26.2,1100
2005-04-11 16:00:00-04:00,26.1,26.1,26.0,26.0,400
2005-04-12 16:00:00-04:00,0.0,0.0,0.0,26.0,0
2005-04-13 16:00:00-04:00,26.0,26.0,25.9,25.9,200
2005-04-14 16:00:00-04:00,25.8,25.8,25.8,25.8,400
2005-04-15 16:00:00-04:00,0.0,0.0,0.0,25.8,0
2005-04-18 16:00:00-04:00,25.9,25.9,25.8,25.8,200
2005-04-19 16:00:00-04:00,25.9,25.9,25.9,25.9,100
2005-04-20 16:00:00-04:00,26.0,26.0,26.0,26.0,100
2005-04-21 16:00:00-04:00,0.0,0.0,0.0,26.0,0
2005-04-22 16:00:00-04:00,0.0,0.0,0.0,26.0,0
2005-04-25 16:00:00-04:00,25.9,25.9,25.9,25.9,100
2005-04-26 16:00:00-04:00,25.8,25.8,25.5,25.5,2000
2005-04-27 16:00:00-04:00,25.4,25.4,25.2,25.2,1100
2005-04-28 16:00:00-04:00,25.3,25.3,24.85,24.85,1800
2005-04-29 16:00:00-04:00,24.95,25.05,24.75,25.0,500
2005-05-02 16:00:00-04:00,0.0,0.0,0.0,25.0,0
2005-05-03 16:00:00-04:00,24.9,24.9,24.9,24.9,200
2005-05-04 16:00:00-04:00,0.0,0.0,0.0,24.9,0
2005-05-05 16:00:00-04:00,24.9985,24.9985,24.9985,24.9985,100
2005-05-06 16:00:00-04:00,25.0,25.0,25.0,25.0,200
2005-05-09 16:00:00-04:00,0.0,0.0,0.0,25.0,0
2005-05-10 16:00:00-04:00,25.1,25.3,25.0,25.3,1500
2005-05-11 16:00:00-04:00,25.2,25.2,25.1,25.1,500
2005-05-12 16:00:00-04:00,0.0,0.0,0.0,25.1,0
2005-05-13 16:00:00-04:00,25.2,25.2,25.2,25.2,100
2005-05-16 16:00:00-04:00,0.0,0.0,0.0,25.2,0
2005-05-17 16:00:00-04:00,25.5,26.0,25.5,25.75,10400
2005-05-18 16:00:00-04:00,25.55,25.75,25.55,25.75,1900
2005-05-19 16:00:00-04:00,25.9,25.9,25.9,25.9,300
2005-05-20 16:00:00-04:00,26.0,26.2,26.0,26.2,1400
2005-05-23 16:00:00-04:00,26.3,26.8,26.3,26.8,2300
2005-05-24 16:00:00-04:00,26.7,26.7,26.55,26.65,1000
2005-05-25 16:00:00-04:00,26.75,26.85,26.75,26.85,3100
2005-05-26 16:00:00-04:00,0.0,0.0,0.0,26.85,0
2005-05-27 16:00:00-04:00,0.0,0.0,0.0,26.85,0
2005-05-31 16:00:00-04:00,0.0,0.0,0.0,26.85,0
2005-06-01 16:00:00-04:00,26.8,26.8,26.6,26.8,400
2005-06-02 16:00:00-04:00,0.0,0.0,0.0,26.8,0
2005-06-03 16:00:00-04:00,26.9,26.9,26.9,26.9,200
2005-06-06 16:00:00-04:00,27.0,27.0,27.0,27.0,1000
2005-06-07 16:00:00-04:00,27.0,27.6,27.0,27.5,4300
2005-06-08 16:00:00-04:00,27.5,27.6,27.4,27.5,2700
2005-06-09 16:00:00-04:00,27.85,27.85,27.6,27.6,3700
2005-06-10 16:00:00-04:00,0.0,0.0,0.0,27.6,0
2005-06-13 16:00:00-04:00,27.6,27.6,27.6,27.6,600
2005-06-14 16:00:00-04:00,27.7,27.86,27.7,27.86,2400
2005-06-15 16:00:00-04:00,27.96,28.1,27.96,28.1,1500
2005-06-16 16:00:00-04:00,28.2,28.3,28.2,28.3,1100
2005-06-17 16:00:00-04:00,28.4,28.6,28.4,28.6,2100
2005-06-20 16:00:00-04:00,28.8,30.14,28.8,30.0,7600
2005-06-21 16:00:00-04:00,30.21,31.0,30.15,31.0,9700
2005-06-22 16:00:00-04:00,30.9,31.2,30.8,31.2,1500
2005-06-23 16:00:00-04:00,31.3,31.75,30.25,30.6,10900
2005-06-24 16:00:00-04:00,30.5,30.55,30.4,30.4,1500
2005-06-27 16:00:00-04:00,30.9,31.0,30.6,30.85,3900
2005-06-28 16:00:00-04:00,30.7,30.8,30.5,30.75,2200
2005-06-29 16:00:00-04:00,30.85,30.85,30.85,30.85,1500
2005-06-30 16:00:00-04:00,30.95,30.95,30.7,30.7,1500
2005-07-01 16:00:00-04:00,30.65,30.65,30.45,30.55,700
2005-07-05 16:00:00-04:00,30.55,30.55,30.55,30.55,300
2005-07-06 16:00:00-04:00,30.45,30.45,30.35,30.35,500
2005-07-07 16:00:00-04:00,30.25,30.25,30.15,30.15,400
2005-07-08 16:00:00-04:00,30.1,30.1,30.1,30.1,100
2005-07-11 16:00:00-04:00,30.2,30.5,30.2,30.4,2100
2005-07-12 16:00:00-04:00,30.65,30.65,30.35,30.35,1200
2005-07-13 16:00:00-04:00,30.35,30.35,30.35,30.35,100
2005-07-14 16:00:00-04:00,30.45,31.0,30.45,30.98,3600
2005-07-15 16:00:00-04:00,31.0,31.0,30.9,30.98,3300
2005-07-18 16:00:00-04:00,30.9,30.9,30.7,30.8,800
2005-07-19 16:00:00-04:00,30.9,31.0,30.9,31.0,1700
2005-07-20 16:00:00-04:00,31.0,31.0,31.0,31.0,1000
2005-07-21 16:00:00-04:00,0.0,0.0,0.0,31.0,0
2005-07-22 16:00:00-04:00,30.8,30.8,30.6,30.6,800
2005-07-25 16:00:00-04:00,30.6,30.6,30.6,30.6,200
2005-07-26 16:00:00-04:00,30.6,30.6,30.6,30.6,1200
2005-07-27 16:00:00-04:00,30.6,30.65,30.6,30.65,200
2005-07-28 16:00:00-04:00,30.75,30.75,30.7,30.7,1000
2005-07-29 16:00:00-04:00,30.75,30.75,30.75,30.75,100
2005-08-01 16:00:00-04:00,30.75,31.0,30.75,31.0,3800
2005-08-02 16:00:00-04:00,31.25,31.5,31.25,31.5,1900
2005-08-03 16:00:00-04:00,0.0,0.0,0.0,31.5,0
2005-08-04 16:00:00-04:00,31.5,31.75,31.5,31.75,1000
2005-08-05 16:00:00-04:00,31.75,31.75,31.65,31.65,300
2005-08-08 16:00:00-04:00,31.75,31.85,31.75,31.85,200
2005-08-09 16:00:00-04:00,32.0,32.0,31.9,31.9,1500
2005-08-10 16:00:00-04:00,32.0,32.1,31.6,31.6115,2900
2005-08-11 16:00:00-04:00,31.65,31.75,31.5,31.75,2200
2005-08-12 16:00:00-04:00,31.4,31.4,31.4,31.4,200
2005-08-15 16:00:00-04:00,31.5,31.5,31.5,31.5,100
2005-08-16 16:00:00-04:00,31.3,31.3,31.3,31.3,100
2005-08-17 16:00:00-04:00,31.4,33.25,31.4,33.25,14500
2005-08-18 16:00:00-04:00,33.4,34.45,33.4,34.2,10600
2005-08-19 16:00:00-04:00,34.3,34.8,34.25,34.35,9100
2005-08-22 16:00:00-04:00,34.0,34.5,33.8,34.35,9600
2005-08-23 16:00:00-04:00,34.22,34.22,34.22,34.22,500
2005-08-24 16:00:00-04:00,34.35,34.45,34.3,34.35,900
2005-08-25 16:00:00-04:00,34.32,34.57,34.32,34.57,700
2005-08-26 16:00:00-04:00,34.55,34.7985,34.45,34.7985,2500
2005-08-29 16:00:00-04:00,34.8,35.35,34.8,35.1,2200
2005-08-30 16:00:00-04:00,34.95,35.0,34.88,35.0,4300
2005-08-31 16:00:00-04:00,34.95,35.5,34.95,35.29,1600
2005-09-01 16:00:00-04:00,35.5,35.5,35.15,35.5,1300
2005-09-02 16:00:00-04:00,35.5,35.75,35.5,35.7,600
2005-09-06 16:00:00-04:00,35.75,35.75,35.75,35.75,200
2005-09-07 16:00:00-04:00,35.55,35.7,35.55,35.7,2100
2005-09-08 16:00:00-04:00,35.5,35.5,35.1,35.1,2500
2005-09-09 16:00:00-04:00,35.2,35.35,35.2,35.35,300
2005-09-12 16:00:00-04:00,35.25,35.25,34.95,34.98,13700
2005-09-13 16:00:00-04:00,0.0,0.0,0.0,34.98,0
2005-09-14 16:00:00-04:00,0.0,0.0,0.0,34.98,0
2005-09-15 16:00:00-04:00,0.0,0.0,0.0,34.98,0
2005-09-16 16:00:00-04:00,34.9,34.9,34.9,34.9,500
2005-09-19 16:00:00-04:00,0.0,0.0,0.0,34.9,0
2005-09-20 16:00:00-04:00,35.15,35.15,35.15,35.15,300
2005-09-21 16:00:00-04:00,0.0,0.0,0.0,35.15,0
2005-09-22 16:00:00-04:00,34.9,35.0,34.9,35.0,200
2005-09-23 16:00:00-04:00,0.0,0.0,0.0,35.0,0
2005-09-26 16:00:00-04:00,0.0,0.0,0.0,35.0,0
2005-09-27 16:00:00-04:00,35.0,35.2,34.95,34.95,900
2005-09-28 16:00:00-04:00,34.9,34.9,34.9,34.9,200
2005-09-29 16:00:00-04:00,0.0,0.0,0.0,34.9,0
2005-09-30 16:00:00-04:00,35.05,35.05,35.05,35.05,200
2005-10-03 16:00:00-04:00,34.9,34.9,34.8,34.8,200
2005-10-04 16:00:00-04:00,0.0,0.0,0.0,34.8,0
2005-10-05 16:00:00-04:00,0.0,0.0,0.0,34.8,0
2005-10-06 16:00:00-04:00,0.0,0.0,0.0,34.8,0
2005-10-07 16:00:00-04:00,34.9,34.9,34.81,34.81,500
2005-10-10 16:00:00-04:00,34.9,34.9,34.75,34.75,600
2005-10-11 16:00:00-04:00,34.75,34.75,34.75,34.75,100
2005-10-12 16:00:00-04:00,34.72,34.72,34.72,34.72,500
2005-10-13 16:00:00-04:00,0.0,0.0,0.0,34.72,0
2005-10-14 16:00:00-04:00,34.72,34.72,34.72,34.72,300
2005-10-17 16:00:00-04:00,34.62,34.62,34.62,34.62,200
2005-10-18 16:00:00-04:00,0.0,0.0,0.0,34.62,0
2005-10-19 16:00:00-04:00,34.75,34.75,34.75,34.75,300
2005-10-20 16:00:00-04:00,34.8499,34.9999,34.8499,34.85,800
2005-10-21 16:00:00-04:00,34.95,34.95,34.85,34.85,300
2005-10-24 16:00:00-04:00,35.0,35.0999,35.0,35.0999,400
2005-10-25 16:00:00-04:00,35.15,36.0,34.85,36.0,2300
2005-10-26 16:00:00-04:00,36.1499,36.1499,35.0,35.7,4500
2005-10-27 16:00:00-04:00,35.8499,35.8499,35.55,35.55,600
2005-10-28 16:00:00-04:00,35.6,35.7,35.6,35.7,300
2005-10-31 16:00:00-05:00,35.6,35.6,35.25,35.4,1900
2005-11-01 16:00:00-05:00,0.0,0.0,0.0,35.4,0
2005-11-02 16:00:00-05:00,35.9,37.7,35.9,37.67,6000
2005-11-03 16:00:00-05:00,39.17,39.17,37.85,38.76,15100
2005-11-04 16:00:00-05:00,38.85,40.25,38.85,40.25,6000
2005-11-07 16:00:00-05:00,40.0,40.299,40.0,40.0,2400
2005-11-08 16:00:00-05:00,39.9,39.9,39.5,39.5,1900
2005-11-09 16:00:00-05:00,0.0,0.0,0.0,39.5,0
2005-11-10 16:00:00-05:00,39.6,40.5,38.6,38.6,13600
2005-11-11 16:00:00-05:00,38.5,38.6,38.3,38.6,800
2005-11-14 16:00:00-05:00,38.75,39.05,38.75,39.05,3900
2005-11-15 16:00:00-05:00,39.0,39.0,38.75,38.9,5100
2005-11-16 16:00:00-05:00,39.0,39.0,38.68,38.68,1000
2005-11-17 16:00:00-05:00,38.61,38.8,38.601,38.601,700
2005-11-18 16:00:00-05:00,38.7,38.7,38.58,38.58,500
2005-11-21 16:00:00-05:00,38.68,40.85,38.68,40.5,7300
2005-11-22 16:00:00-05:00,40.65,40.9,39.6,39.85,6800
2005-11-23 16:00:00-05:00,39.95,40.55,39.85,40.55,2400
2005-11-25 16:00:00-05:00,40.35,40.5,40.35,40.5,1300
2005-11-28 16:00:00-05:00,40.5,40.5,40.25,40.3,2600
2005-11-29 16:00:00-05:00,40.45,40.45,40.25,40.4,2100
2005-11-30 16:00:00-05:00,40.0,40.45,40.0,40.1,2000
2005-12-01 16:00:00-05:00,40.3,40.4,39.65,40.0,2600
2005-12-02 16:00:00-05:00,40.09,40.1,39.8,39.95,800
2005-12-05 16:00:00-05:00,39.7,40.2,39.7,40.0001,2600
2005-12-06 16:00:00-05:00,40.0,40.0,40.0,40.0,400
2005-12-07 16:00:00-05:00,39.85,40.0,39.4,39.4,1500
2005-12-08 16:00:00-05:00,39.6,39.6,39.4,39.4,700
2005-12-09 16:00:00-05:00,39.45,39.45,39.45,39.45,300
2005-12-12 16:00:00-05:00,39.42,39.42,39.2001,39.2001,400
2005-12-13 16:00:00-05:00,39.4,39.4,37.35,37.9,12200
2005-12-14 16:00:00-05:00,37.85,38.05,37.85,37.95,800
2005-12-15 16:00:00-05:00,38.03,38.03,36.9001,37.25,2900
2005-12-16 16:00:00-05:00,37.4,37.75,37.4,37.75,800
2005-12-19 16:00:00-05:00,37.8,37.8,37.8,37.8,200
2005-12-20 16:00:00-05:00,37.8,37.8,36.56,36.56,3100
2005-12-21 16:00:00-05:00,36.4,36.4,36.1,36.4,1300
2005-12-22 16:00:00-05:00,36.6,36.6,36.6,36.6,200
2005-12-23 16:00:00-05:00,36.75,36.8,36.75,36.8,300
2005-12-27 16:00:00-05:00,36.999,37.0,36.999,37.0,500
2005-12-28 16:00:00-05:00,37.15,37.45,37.15,37.45,900
2005-12-29 16:00:00-05:00,37.45,37.45,37.45,37.45,200
2005-12-30 16:00:00-05:00,37.48,37.48,36.8,36.8,1200
2006-01-03 16:00:00-05:00,18.65,18.95,17.6,17.65,5300
2006-01-04 16:00:00-05:00,17.5,17.5,17.0,17.499,1500
2006-01-05 16:00:00-05:00,17.03,17.1,15.5,16.21,6700
2006-01-06 16:00:00-05:00,16.0,17.15,16.0,17.15,3900
2006-01-09 16:00:00-05:00,17.25,17.25,16.5,16.5001,2600
2006-01-10 16:00:00-05:00,16.3,16.45,16.25,16.45,1700
2006-01-11 16:00:00-05:00,16.2,16.2,16.0,16.11,11000
2006-01-12 16:00:00-05:00,15.97,16.5,15.96,16.5,5100
2006-01-13 16:00:00-05:00,16.2,16.6999,16.2,16.42,300
2006-01-17 16:00:00-05:00,16.35,16.35,16.3,16.3,2000
2006-01-18 16:00:00-05:00,16.05,16.3,16.05,16.3,1800
2006-01-19 16:00:00-05:00,16.2,16.4,16.2,16.4,200
2006-01-20 16:00:00-05:00,16.35,16.3501,16.1,16.1,1500
2006-01-23 16:00:00-05:00,0.0,0.0,0.0,16.1,0
2006-01-24 16:00:00-05:00,15.68,16.1,15.68,16.1,5700
2006-01-25 16:00:00-05:00,15.65,15.7,15.0,15.5,3800
2006-01-26 16:00:00-05:00,15.7,17.0,15.5,17.0,4200
2006-01-27 16:00:00-05:00,17.15,17.2499,16.8,16.8,1000
2006-01-30 16:00:00-05:00,16.75,17.0,16.5001,17.0,1200
2006-01-31 16:00:00-05:00,16.8,17.0,16.505,16.505,700
2006-02-01 16:00:00-05:00,17.0,17.1,17.0,17.1,1400
2006-02-02 16:00:00-05:00,17.35,17.35,17.1,17.1,1300
2006-02-03 16:00:00-05:00,17.25,17.48,16.75,16.75,1900
2006-02-06 16:00:00-05:00,16.9,16.9,16.05,16.1,4600
2006-02-07 16:00:00-05:00,16.03,16.03,15.45,15.45,2500
2006-02-08 16:00:00-05:00,15.6,15.75,15.5,15.65,1400
2006-02-09 16:00:00-05:00,15.75,15.75,15.5,15.51,1000
2006-02-10 16:00:00-05:00,15.5101,15.7,15.51,15.7,800
2006-02-13 16:00:00-05:00,15.6,15.7,15.55,15.69,5300
2006-02-14 16:00:00-05:00,15.75,16.25,15.75,16.1,5100
2006-02-15 16:00:00-05:00,15.95,16.25,15.86,16.0,4800
2006-02-16 16:00:00-05:00,16.1,16.3,16.1,16.2,1200
2006-02-17 16:00:00-05:00,16.3,16.3,15.62,15.62,2600
2006-02-21 16:00:00-05:00,15.8,15.8,15.1,15.35,11600
2006-02-22 16:00:00-05:00,15.25,15.8,15.21,15.8,4500
2006-02-23 16:00:00-05:00,15.9,16.25,15.851,16.16,1800
2006-02-24 16:00:00-05:00,16.25,16.33,16.25,16.33,300
2006-02-27 16:00:00-05:00,16.5,16.7499,16.5,16.7499,1900
2006-02-28 16:00:00-05:00,16.8,17.05,16.75,16.98,2300
2006-03-01 16:00:00-05:00,16.89,16.95,16.5,16.6,1900
2006-03-02 16:00:00-05:00,16.749,16.75,16.6,16.65,1400
2006-03-03 16:00:00-05:00,16.7,16.75,16.35,16.35,2200
2006-03-06 16:00:00-05:00,0.0,0.0,0.0,16.35,0
2006-03-07 16:00:00-05:00,16.35,16.8,16.35,16.8,1100
2006-03-08 16:00:00-05:00,16.9,16.9,16.9,16.9,100
2006-03-09 16:00:00-05:00,16.85,16.85,16.5,16.6999,2100
2006-03-10 16:00:00-05:00,16.5,16.5,16.5,16.5,100
2006-03-13 16:00:00-05:00,16.4001,16.4001,16.4,16.4,400
2006-03-14 16:00:00-05:00,0.0,0.0,0.0,16.4,0
2006-03-15 16:00:00-05:00,16.3,16.3,15.9,15.9,1400
2006-03-16 16:00:00-05:00,16.0,16.0,15.93,15.974,300
2006-03-17 16:00:00-05:00,16.0,16.0,16.0,16.0,1400
2006-03-20 16:00:00-05:00,15.8,16.0,15.8,16.0,2300
2006-03-21 16:00:00-05:00,16.0,16.0,16.0,16.0,1200
2006-03-22 16:00:00-05:00,16.1,16.164,16.1,16.1,1100
2006-03-23 16:00:00-05:00,15.95,15.95,15.41,15.45,4900
2006-03-24 16:00:00-05:00,15.45,15.45,15.45,15.45,200
2006-03-27 16:00:00-05:00,15.46,15.5,15.46,15.5,2400
2006-03-28 16:00:00-05:00,15.46,15.5,15.45,15.5,1400
2006-03-29 16:00:00-05:00,15.5,15.6,15.5,15.6,1600
2006-03-30 16:00:00-05:00,15.75,15.85,15.75,15.85,900
2006-03-31 16:00:00-05:00,15.95,15.95,15.85,15.85,900
2006-04-03 16:00:00-04:00,0.0,0.0,0.0,15.85,0
2006-04-04 16:00:00-04:00,16.0,16.45,15.9,16.45,1700
2006-04-05 16:00:00-04:00,16.45,16.45,16.35,16.45,1200
2006-04-06 16:00:00-04:00,16.4,17.1,16.4,16.9,7800
2006-04-07 16:00:00-04:00,16.9,17.0,16.9,16.9,2600
2006-04-10 16:00:00-04:00,16.99,17.1,16.9,17.1,700
2006-04-11 16:00:00-04:00,17.1,17.1,17.1,17.1,1000
2006-04-12 16:00:00-04:00,17.2,17.3,17.2,17.25,1100
2006-04-13 16:00:00-04:00,17.45,18.0,17.45,17.9,2500
2006-04-17 16:00:00-04:00,18.0,18.5,18.0,18.32,5500
2006-04-18 16:00:00-04:00,18.4,18.55,18.25,18.35,4200
2006-04-19 16:00:00-04:00,18.45,18.65,18.45,18.65,3200
2006-04-20 16:00:00-04:00,18.75,18.95,18.45,18.45,4600
2006-04-21 16:00:00-04:00,18.4,18.4,18.3,18.3,300
2006-04-24 16:00:00-04:00,18.2,18.3,18.16,18.16,1200
2006-04-25 16:00:00-04:00,18.05,18.3,18.05,18.2,2300
2006-04-26 16:00:00-04:00,18.35,18.45,18.35,18.45,500
2006-04-27 16:00:00-04:00,18.35,18.35,18.05,18.05,1400
2006-04-28 16:00:00-04:00,18.15,18.15,18.05,18.05,1300
2006-05-01 16:00:00-04:00,17.95,17.95,17.95,17.95,200
2006-05-02 16:00:00-04:00,18.0,18.1,18.0,18.05,1000
2006-05-03 16:00:00-04:00,0.0,0.0,0.0,18.05,0
2006-05-04 16:00:00-04:00,18.0,18.45,18.0,18.45,1500
2006-05-05 16:00:00-04:00,18.55,19.0,18.55,19.0,900
2006-05-08 16:00:00-04:00,18.8,18.8,18.45,18.45,1300
2006-05-09 16:00:00-04:00,19.3,19.45,18.15,18.2775,7400
2006-05-10 16:00:00-04:00,18.0,18.05,17.95,18.05,4500
2006-05-11 16:00:00-04:00,18.06,18.06,17.8,17.85,6600
2006-05-12 16:00:00-04:00,18.0,18.09,18.0,18.09,300
2006-05-15 16:00:00-04:00,18.05,18.05,18.0,18.0,3300
2006-05-16 16:00:00-04:00,18.0,18.0,18.0,18.0,900
2006-05-17 16:00:00-04:00,18.0,18.0,17.95,17.95,1600
2006-05-18 16:00:00-04:00,17.7,17.82,17.7,17.72,3000
2006-05-19 16:00:00-04:00,17.62,17.8,17.62,17.8,700
2006-05-22 16:00:00-04:00,17.65,17.65,17.4,17.4,2000
2006-05-23 16:00:00-04:00,17.55,17.95,17.55,17.65,1700
2006-05-24 16:00:00-04:00,17.7,17.75,17.7,17.72,1200
2006-05-25 16:00:00-04:00,0.0,0.0,0.0,17.72,0
2006-05-26 16:00:00-04:00,17.72,17.72,17.72,17.72,1200
2006-05-30 16:00:00-04:00,17.82,17.958,17.72,17.958,500
2006-05-31 16:00:00-04:00,17.8,17.8,17.8,17.8,100
2006-06-01 16:00:00-04:00,17.55,17.55,16.7,16.85,2000
2006-06-02 16:00:00-04:00,17.0,17.95,17.0,17.95,2800
2006-06-05 16:00:00-04:00,18.0,18.0,17.86,17.86,400
2006-06-06 16:00:00-04:00,17.8,17.8,17.8,17.8,2000
2006-06-07 16:00:00-04:00,17.7,17.7,17.65,17.65,400
2006-06-08 16:00:00-04:00,17.65,17.65,17.55,17.6,900
2006-06-09 16:00:00-04:00,17.35,17.6,17.35,17.5,1600
2006-06-12 16:00:00-04:00,17.35,17.5,17.35,17.5,1600
2006-06-13 16:00:00-04:00,17.35,17.35,17.35,17.35,500
2006-06-14 16:00:00-04:00,0.0,0.0,0.0,17.35,0
2006-06-15 16:00:00-04:00,0.0,0.0,0.0,17.35,0
2006-06-16 16:00:00-04:00,17.5,17.6125,17.5,17.6125,300
2006-06-19 16:00:00-04:00,17.6,17.75,17.5,17.5,1200
2006-06-20 16:00:00-04:00,17.65,17.95,17.65,17.95,1000
2006-06-21 16:00:00-04:00,18.1,18.1,17.1,17.12,3300
2006-06-22 16:00:00-04:00,0.0,0.0,0.0,17.12,0
2006-06-23 16:00:00-04:00,17.0,17.15,16.9,17.15,1000
2006-06-26 16:00:00-04:00,16.9,17.05,16.9,16.95,600
2006-06-27 16:00:00-04:00,16.8,16.95,16.8,16.95,300
2006-06-28 16:00:00-04:00,16.8,16.95,16.75,16.75,700
2006-06-29 16:00:00-04:00,16.9,17.0,16.85,16.85,600
2006-06-30 16:00:00-04:00,17.0,17.0,16.7,16.7,1700
2006-07-03 16:00:00-04:00,16.6,16.6,16.6,16.6,400
2006-07-05 16:00:00-04:00,16.75,17.2499,16.75,17.15,1400
2006-07-06 16:00:00-04:00,0.0,0.0,0.0,17.15,0
2006-07-07 16:00:00-04:00,17.07,17.15,17.07,17.15,600
2006-07-10 16:00:00-04:00,17.25,17.25,17.25,17.25,400
2006-07-11 16:00:00-04:00,17.1,17.4,17.1,17.4,600
2006-07-12 16:00:00-04:00,17.25,17.25,17.25,17.25,200
2006-07-13 16:00:00-04:00,17.15,17.15,17.15,17.15,100
2006-07-14 16:00:00-04:00,0.0,0.0,0.0,17.15,0
2006-07-17 16:00:00-04:00,0.0,0.0,0.0,17.15,0
2006-07-18 16:00:00-04:00,17.15,17.3,17.1285,17.1285,1800
2006-07-19 16:00:00-04:00,17.15,17.15,17.15,17.15,800
2006-07-20 16:00:00-04:00,17.0,17.0,16.8,16.8,700
2006-07-21 16:00:00-04:00,16.8,16.8,16.5,16.7,1600
2006-07-24 16:00:00-04:00,16.8,16.8,16.55,16.56,1700
2006-07-25 16:00:00-04:00,16.45,16.45,16.45,16.45,1300
2006-07-26 16:00:00-04:00,0.0,0.0,0.0,16.45,0
2006-07-27 16:00:00-04:00,16.4,16.4,16.25,16.26,2200
2006-07-28 16:00:00-04:00,0.0,0.0,0.0,16.26,0
2006-07-31 16:00:00-04:00,16.26,16.26,16.26,16.26,500
2006-08-01 16:00:00-04:00,16.35,16.35,16.2,16.25,800
2006-08-02 16:00:00-04:00,16.4,16.75,16.4,16.75,900
2006-08-03 16:00:00-04:00,16.6,16.6,16.6,16.6,200
2006-08-04 16:00:00-04:00,16.45,16.45,16.45,16.45,300
2006-08-07 16:00:00-04:00,16.38,16.38,16.15,16.15,700
2006-08-08 16:00:00-04:00,16.25,16.4,16.1,16.2,1800
2006-08-09 16:00:00-04:00,0.0,0.0,0.0,16.2,0
2006-08-10 16:00:00-04:00,0.0,0.0,0.0,16.2,0
2006-08-11 16:00:00-04:00,16.4,17.05,16.4,17.05,2200
2006-08-14 16:00:00-04:00,16.95,16.95,16.95,16.95,100
2006-08-15 16:00:00-04:00,16.8,16.8,16.8,16.8,200
2006-08-16 16:00:00-04:00,17.0,17.7,17.0,17.7,2000
2006-08-17 16:00:00-04:00,17.58,17.58,17.25,17.4,1600
2006-08-18 16:00:00-04:00,17.25,17.3,17.1,17.3,700
2006-08-21 16:00:00-04:00,17.45,17.8,17.45,17.5,1700
2006-08-22 16:00:00-04:00,0.0,0.0,0.0,17.5,0
2006-08-23 16:00:00-04:00,17.65,17.65,17.65,17.65,200
2006-08-24 16:00:00-04:00,17.79,17.9,17.79,17.9,900
2006-08-25 16:00:00-04:00,18.0,18.0,17.15,17.15,2500
2006-08-28 16:00:00-04:00,17.2,17.25,16.91,17.15,5600
2006-08-29 16:00:00-04:00,0.0,0.0,0.0,17.15,0
2006-08-30 16:00:00-04:00,17.05,17.05,17.0,17.0,200
2006-08-31 16:00:00-04:00,17.2,17.81,17.2,17.81,2200
2006-09-01 16:00:00-04:00,17.9,18.2,17.9,18.2,800
2006-09-05 16:00:00-04:00,18.1,18.1,17.95,17.95,500
2006-09-06 16:00:00-04:00,17.8,17.9,17.7,17.9,500
2006-09-07 16:00:00-04:00,18.05,18.05,18.05,18.05,1600
2006-09-08 16:00:00-04:00,17.95,17.95,17.95,17.95,100
2006-09-11 16:00:00-04:00,18.05,18.05,17.95,17.95,1200
2006-09-12 16:00:00-04:00,18.15,18.3,18.0,18.0,1900
2006-09-13 16:00:00-04:00,18.0,18.0,18.0,18.0,200
2006-09-14 16:00:00-04:00,0.0,0.0,0.0,18.0,0
2006-09-15 16:00:00-04:00,18.1,18.2,18.1,18.2,200
2006-09-18 16:00:00-04:00,0.0,0.0,0.0,18.2,0
2006-09-19 16:00:00-04:00,18.0,18.0,17.8,17.898,2300
2006-09-20 16:00:00-04:00,17.65,17.65,17.6,17.6,400
2006-09-21 16:00:00-04:00,17.05,17.2,17.05,17.2,3000
2006-09-22 16:00:00-04:00,17.0,17.0,17.0,17.0,1100
2006-09-25 16:00:00-04:00,16.85,17.0,16.85,17.0,1700
2006-09-26 16:00:00-04:00,17.0,17.0,16.7,17.0,2300
2006-09-27 16:00:00-04:00,0.0,0.0,0.0,17.0,0
2006-09-28 16:00:00-04:00,16.86,16.86,16.86,16.86,600
2006-09-29 16:00:00-04:00,16.8501,17.0,16.8501,17.0,400
2006-10-02 16:00:00-04:00,0.0,0.0,0.0,17.0,0
2006-10-03 16:00:00-04:00,17.1,17.1,17.1,17.1,100
2006-10-04 16:00:00-04:00,17.3,17.3,17.3,17.3,400
2006-10-05 16:00:00-04:00,17.5,17.5,17.5,17.5,700
2006-10-06 16:00:00-04:00,17.5,17.5,17.5,17.5,500
2006-10-09 16:00:00-04:00,0.0,0.0,0.0,17.5,0
2006-10-10 16:00:00-04:00,17.6499,17.75,17.6499,17.75,400
2006-10-11 16:00:00-04:00,17.71,18.0,17.5,17.7,1500
2006-10-12 16:00:00-04:00,0.0,0.0,0.0,17.7,0
2006-10-13 16:00:00-04:00,17.6,17.6,17.6,17.6,100
2006-10-16 16:00:00-04:00,17.6,17.6,17.25,17.25,2000
2006-10-17 16:00:00-04:00,17.25,17.25,17.25,17.25,100
2006-10-18 16:00:00-04:00,17.15,17.15,17.15,17.15,100
2006-10-19 16:00:00-04:00,17.15,17.34,17.15,17.34,400
2006-10-20 16:00:00-04:00,17.25,17.25,17.15,17.15,500
2006-10-23 16:00:00-04:00,17.35,17.45,17.35,17.45,200
2006-10-24 16:00:00-04:00,0.0,0.0,0.0,17.45,0
2006-10-25 16:00:00-04:00,17.35,17.3501,16.95,16.95,2500
2006-10-26 16:00:00-04:00,17.0,17.0,16.65,16.65,2000
2006-10-27 16:00:00-04:00,16.75,16.75,16.75,16.75,200
2006-10-30 16:00:00-05:00,16.8,17.1,16.8,17.1,1200
2006-10-31 16:00:00-05:00,17.0,17.25,16.8,17.25,1700
2006-11-01 16:00:00-05:00,17.15,17.15,16.9,16.9,2100
2006-11-02 16:00:00-05:00,17.0,17.25,17.0,17.25,1200
2006-11-03 16:00:00-05:00,17.0,17.0751,17.0,17.0751,800
2006-11-06 16:00:00-05:00,17.07,17.07,17.0,17.0,300
2006-11-07 16:00:00-05:00,17.0,17.15,17.0,17.15,1800
2006-11-08 16:00:00-05:00,17.15,17.15,17.15,17.15,500
2006-11-09 16:00:00-05:00,17.15,17.22,17.15,17.22,700
2006-11-10 16:00:00-05:00,17.35,17.45,17.35,17.45,1000
2006-11-13 16:00:00-05:00,17.5,18.0,17.5,17.8,4700
2006-11-14 16:00:00-05:00,18.2,18.75,17.9,18.0,15500
2006-11-15 16:00:00-05:00,0.0,0.0,0.0,18.0,0
2006-11-16 16:00:00-05:00,18.0,18.25,17.95,18.25,1800
2006-11-17 16:00:00-05:00,18.35,18.45,18.3,18.4,700
2006-11-20 16:00:00-05:00,18.25,18.25,18.002,18.002,800
2006-11-21 16:00:00-05:00,17.95,18.0,17.95,18.0,300
2006-11-22 16:00:00-05:00,17.8,18.0844,17.8,18.0844,1400
2006-11-24 16:00:00-05:00,0.0,0.0,0.0,18.084,0
2006-11-27 16:00:00-05:00,18.07,18.07,17.99,17.99,1300
2006-11-28 16:00:00-05:00,17.85,17.85,17.85,17.85,300
2006-11-29 16:00:00-05:00,17.97,17.97,17.8,17.8,900
2006-11-30 16:00:00-05:00,17.65,17.8099,17.65,17.75,600
2006-12-01 16:00:00-05:00,17.6,17.6,17.6,17.6,200
2006-12-04 16:00:00-05:00,17.6,17.95,17.6,17.7,1400
2006-12-05 16:00:00-05:00,17.95,18.15,17.95,18.15,900
2006-12-06 16:00:00-05:00,18.2,18.45,18.1,18.45,3700
2006-12-07 16:00:00-05:00,18.35,18.45,18.2675,18.35,900
2006-12-08 16:00:00-05:00,18.2,18.65,18.2,18.35,4200
2006-12-11 16:00:00-05:00,18.45,18.6,18.45,18.6,1300
2006-12-12 16:00:00-05:00,18.66,18.75,18.5,18.65,4500
2006-12-13 16:00:00-05:00,18.85,19.05,18.65,18.85,4200
2006-12-14 16:00:00-05:00,19.0,19.0,18.7,18.7,2000
2006-12-15 16:00:00-05:00,18.7,18.95,18.7,18.7,1600
2006-12-18 16:00:00-05:00,18.6,18.9,18.6,18.8,1400
2006-12-19 16:00:00-05:00,18.7,18.8,18.7,18.8,500
2006-12-20 16:00:00-05:00,18.95,19.04,18.82,18.82,700
2006-12-21 16:00:00-05:00,18.94,19.0,18.85,18.9,600
2006-12-22 16:00:00-05:00,19.0,19.05,18.9,19.05,1600
2006-12-26 16:00:00-05:00,19.02,19.02,18.7,18.7,1800
2006-12-27 16:00:00-05:00,18.62,18.62,18.5,18.5,1000
2006-12-28 16:00:00-05:00,18.59,18.81,18.45,18.72,1300
2006-12-29 16:00:00-05:00,18.55,18.72,18.55,18.72,1000
2007-01-03 16:00:00-05:00,18.55,18.5999,18.41,18.5,900
2007-01-04 16:00:00-05:00,17.5,17.95,17.5,17.95,10000
2007-01-05 16:00:00-05:00,17.95,17.95,17.85,17.85,2100
2007-01-08 16:00:00-05:00,17.95,17.95,17.8,17.8,500
2007-01-09 16:00:00-05:00,17.75,17.8,17.6,17.8,4500
2007-01-10 16:00:00-05:00,17.56,17.74,17.5,17.5,2300
2007-01-11 16:00:00-05:00,17.6499,17.6499,17.335,17.47,1300
2007-01-12 16:00:00-05:00,17.45,17.61,17.45,17.61,600
2007-01-16 16:00:00-05:00,17.75,17.75,17.49,17.5796,1700
2007-01-17 16:00:00-05:00,17.42,17.4625,17.35,17.42,1400
2007-01-18 16:00:00-05:00,17.5,17.6,17.38,17.6,2600
2007-01-19 16:00:00-05:00,17.7,18.1,17.65,18.0275,3800
2007-01-22 16:00:00-05:00,18.1,18.1,17.07,17.48,6900
2007-01-23 16:00:00-05:00,17.63,18.25,17.63,17.99,5600
2007-01-24 16:00:00-05:00,17.86,18.1,17.69,18.1,4300
2007-01-25 16:00:00-05:00,18.1,18.2,18.0,18.0,1300
2007-01-26 16:00:00-05:00,18.1,18.1,18.1,18.1,700
2007-01-29 16:00:00-05:00,18.1,18.25,18.1,18.25,800
2007-01-30 16:00:00-05:00,18.25,18.4,18.2,18.2,1100
2007-01-31 16:00:00-05:00,18.2,18.3,18.2,18.3,500
2007-02-01 16:00:00-05:00,18.15,18.43,17.99,17.99,2000
2007-02-02 16:00:00-05:00,18.19,18.2,18.19,18.2,500
2007-02-05 16:00:00-05:00,18.35,18.35,18.35,18.35,1200
2007-02-06 16:00:00-05:00,18.35,18.35,18.35,18.35,700
2007-02-07 16:00:00-05:00,18.2,18.2,18.2,18.2,200
2007-02-08 16:00:00-05:00,18.1,18.55,18.1,18.49,1500
2007-02-09 16:00:00-05:00,18.3,18.3,18.23,18.3,400
2007-02-12 16:00:00-05:00,18.4,19.73,18.06,18.06,35400
2007-02-13 16:00:00-05:00,18.2,18.32,18.2,18.31,600
2007-02-14 16:00:00-05:00,18.4999,18.4999,18.08,18.08,1800
2007-02-15 16:00:00-05:00,18.0,18.1,17.01,17.38,8800
2007-02-16 16:00:00-05:00,17.18,17.6,16.85,17.48,8700
2007-02-20 16:00:00-05:00,17.64,17.97,17.6125,17.96,1500
2007-02-21 16:00:00-05:00,17.9699,18.29,17.9699,18.29,2200
2007-02-22 16:00:00-05:00,18.4,18.4,18.17,18.3699,1900
2007-02-23 16:00:00-05:00,18.1501,18.1501,18.1501,18.1501,1000
2007-02-26 16:00:00-05:00,18.15,18.35,18.15,18.35,200
2007-02-27 16:00:00-05:00,18.45,18.6,18.29,18.48,2200
2007-02-28 16:00:00-05:00,18.49,18.49,18.16,18.31,3900
2007-03-01 16:00:00-05:00,18.31,18.31,18.14,18.16,3450
2007-03-02 16:00:00-05:00,18.16,18.53,18.15,18.5,9200
2007-03-05 16:00:00-05:00,18.5,18.58,18.4,18.4,1400
2007-03-06 16:00:00-05:00,18.33,18.33,18.32,18.33,1400
2007-03-07 16:00:00-05:00,18.45,18.74,18.3601,18.6,8700
2007-03-08 16:00:00-05:00,18.55,18.7,18.4101,18.7,1000
2007-03-09 16:00:00-05:00,18.7,18.7,18.52,18.52,1200
2007-03-12 16:00:00-04:00,18.6,18.75,18.5,18.6,1500
2007-03-13 16:00:00-04:00,18.51,18.59,18.4,18.55,1600
2007-03-14 16:00:00-04:00,18.2,18.65,18.2,18.6,1800
2007-03-15 16:00:00-04:00,18.4601,18.7,18.46,18.7,1400
2007-03-16 16:00:00-04:00,18.56,18.7,18.4,18.7,1800
2007-03-19 16:00:00-04:00,18.55,18.68,18.42,18.55,2200
2007-03-20 16:00:00-04:00,18.6,18.69,18.36,18.69,1700
2007-03-21 16:00:00-04:00,18.69,18.83,18.51,18.83,1400
2007-03-22 16:00:00-04:00,19.04,19.5,18.97,19.5,22500
2007-03-23 16:00:00-04:00,19.46,19.91,19.3,19.91,3800
2007-03-26 16:00:00-04:00,19.86,19.86,19.61,19.8,2900
2007-03-27 16:00:00-04:00,19.68,19.81,19.55,19.8,17800
2007-03-28 16:00:00-04:00,19.8,19.86,19.69,19.69,5400
2007-03-29 16:00:00-04:00,19.55,19.59,19.31,19.55,1500
2007-03-30 16:00:00-04:00,19.45,19.85,19.45,19.65,1400
2007-04-02 16:00:00-04:00,19.74,19.96,19.61,19.96,3900
2007-04-03 16:00:00-04:00,20.05,20.29,20.05,20.29,4600
2007-04-04 16:00:00-04:00,20.24,20.244,20.0,20.24,3400
2007-04-05 16:00:00-04:00,20.15,20.15,19.6301,19.85,4300
2007-04-09 16:00:00-04:00,19.85,19.94,19.85,19.94,1800
2007-04-10 16:00:00-04:00,19.8001,20.17,19.75,20.09,3600
2007-04-11 16:00:00-04:00,20.1,20.26,20.07,20.07,3600
2007-04-12 16:00:00-04:00,20.07,20.1,19.91,20.1,2400
2007-04-13 16:00:00-04:00,20.05,20.13,20.04,20.13,3100
2007-04-16 16:00:00-04:00,20.2,20.2,20.05,20.1376,4000
2007-04-17 16:00:00-04:00,20.05,20.16,20.0,20.16,2300
2007-04-18 16:00:00-04:00,20.2999,20.46,20.2999,20.36,1200
2007-04-19 16:00:00-04:00,20.45,20.69,20.36,20.4,2800
2007-04-20 16:00:00-04:00,20.46,20.77,20.46,20.49,3500
2007-04-23 16:00:00-04:00,20.56,20.8,20.36,20.7,8400
2007-04-24 16:00:00-04:00,20.75,20.75,20.6,20.75,2400
2007-04-25 16:00:00-04:00,20.76,20.76,20.52,20.52,3100
2007-04-26 16:00:00-04:00,20.65,20.76,20.5,20.76,6900
2007-04-27 16:00:00-04:00,20.76,20.8,20.52,20.76,6400
2007-04-30 16:00:00-04:00,20.86,20.95,20.8,20.8,3100
2007-05-01 16:00:00-04:00,20.7,20.7,20.25,20.25,2000
2007-05-02 16:00:00-04:00,20.25,20.35,20.25,20.35,3700
2007-05-03 16:00:00-04:00,20.5,20.58,20.32,20.44,900
2007-05-04 16:00:00-04:00,20.3,20.45,20.3,20.45,300
2007-05-07 16:00:00-04:00,20.64,20.94,20.58,20.94,4100
2007-05-08 16:00:00-04:00,21.0,21.74,21.0,21.74,5200
2007-05-09 16:00:00-04:00,21.8,22.75,21.74,22.75,8700
2007-05-10 16:00:00-04:00,22.8,23.45,22.73,22.85,10500
2007-05-11 16:00:00-04:00,23.1,24.26,23.1,24.15,22300
2007-05-14 16:00:00-04:00,24.3,24.3,23.36,23.36,9600
2007-05-15 16:00:00-04:00,23.45,23.85,23.45,23.85,1100
2007-05-16 16:00:00-04:00,23.95,23.95,22.91,23.22,4000
2007-05-17 16:00:00-04:00,23.22,23.22,22.7,22.77,2800
2007-05-18 16:00:00-04:00,22.5,23.0,21.5,23.0,5600
2007-05-21 16:00:00-04:00,22.85,23.0,22.1,22.87,4700
2007-05-22 16:00:00-04:00,23.0,23.25,23.0,23.25,1400
2007-05-23 16:00:00-04:00,23.25,23.25,23.05,23.05,2600
2007-05-24 16:00:00-04:00,23.05,23.05,22.8,22.8,1000
2007-05-25 16:00:00-04:00,22.9999,23.15,22.9999,23.0,4400
2007-05-29 16:00:00-04:00,23.1,23.25,23.1,23.25,700
2007-05-30 16:00:00-04:00,23.15,23.24,23.05,23.24,4200
2007-05-31 16:00:00-04:00,23.25,23.25,23.15,23.25,1200
2007-06-01 16:00:00-04:00,23.25,24.0,23.25,24.0,3600
2007-06-04 16:00:00-04:00,23.75,24.2,23.7,23.9999,5100
2007-06-05 16:00:00-04:00,23.9,23.9,23.5,23.5,1900
2007-06-06 16:00:00-04:00,23.55,23.55,23.4,23.4,500
2007-06-07 16:00:00-04:00,23.6,23.8,23.01,23.01,2100
2007-06-08 16:00:00-04:00,23.3,23.3,23.2901,23.2901,700
2007-06-11 16:00:00-04:00,23.4,23.6,23.4,23.55,1500
2007-06-12 16:00:00-04:00,23.4,23.6,23.2,23.4,1600
2007-06-13 16:00:00-04:00,23.5,23.7,23.244,23.5,1400
2007-06-14 16:00:00-04:00,23.37,23.5,23.3,23.39,1000
2007-06-15 16:00:00-04:00,23.55,24.0,23.55,24.0,1600
2007-06-18 16:00:00-04:00,23.75,24.1,23.51,24.1,3400
2007-06-19 16:00:00-04:00,23.9,23.9,23.5,23.5,1800
2007-06-20 16:00:00-04:00,23.7,23.9,23.55,23.9,1600
2007-06-21 16:00:00-04:00,24.0,24.2,24.0,24.1,4100
2007-06-22 16:00:00-04:00,23.95,23.95,23.8,23.8,400
2007-06-25 16:00:00-04:00,23.8,24.0,23.6,23.9,1400
2007-06-26 16:00:00-04:00,23.8,23.8,23.6,23.75,500
2007-06-27 16:00:00-04:00,23.8999,24.09,23.6,23.974,1600
2007-06-28 16:00:00-04:00,24.0,24.1,23.9,24.08,1900
2007-06-29 16:00:00-04:00,24.08,24.1,23.9301,24.09,1200
2007-07-02 16:00:00-04:00,24.08,24.08,24.04,24.04,2100
2007-07-03 16:00:00-04:00,23.9001,24.03,23.3001,24.03,2600
2007-07-05 16:00:00-04:00,24.03,24.03,23.9,24.0,1200
2007-07-06 16:00:00-04:00,24.03,24.03,23.9,23.92,900
2007-07-09 16:00:00-04:00,24.02,24.04,24.02,24.03,5100
2007-07-10 16:00:00-04:00,0.0,0.0,0.0,24.03,0
2007-07-11 16:00:00-04:00,23.9,23.9,23.5,23.7,1400
2007-07-12 16:00:00-04:00,23.85,23.95,23.7,23.7,600
2007-07-13 16:00:00-04:00,23.5,23.5,22.7,22.98,4500
2007-07-16 16:00:00-04:00,23.05,23.2,22.9,23.08,4300
2007-07-17 16:00:00-04:00,22.9,23.0,22.9,22.9,1400
2007-07-18 16:00:00-04:00,22.8001,23.0,22.7,23.0,1800
2007-07-19 16:00:00-04:00,23.1,23.25,23.0,23.25,700
2007-07-20 16:00:00-04:00,23.1,23.4,23.1,23.39,900
2007-07-23 16:00:00-04:00,23.45,23.45,22.8,23.0,2400
2007-07-24 16:00:00-04:00,23.14,23.5,23.0,23.0,2500
2007-07-25 16:00:00-04:00,22.9,23.1,22.7,22.7,2700
2007-07-26 16:00:00-04:00,22.5,22.89,22.5,22.5,2500
2007-07-27 16:00:00-04:00,22.3,22.5,21.45,21.501,6600
2007-07-30 16:00:00-04:00,21.93,22.5,21.93,22.5,3600
2007-07-31 16:00:00-04:00,22.5,22.9,22.5,22.9,1300
2007-08-01 16:00:00-04:00,23.0,23.14,22.6,22.9,2300
2007-08-02 16:00:00-04:00,23.0,23.2,22.4,23.2,3700
2007-08-03 16:00:00-04:00,23.4,23.7,23.2,23.53,5300
2007-08-06 16:00:00-04:00,23.7,24.08,23.2,23.44,6400
2007-08-07 16:00:00-04:00,23.45,23.45,23.1,23.34,15500
2007-08-08 16:00:00-04:00,23.2,23.8,23.2,23.35,2400
2007-08-09 16:00:00-04:00,23.35,23.35,23.2,23.2,500
2007-08-10 16:00:00-04:00,23.2,23.2,22.6,22.8,7600
2007-08-13 16:00:00-04:00,22.55,23.25,22.55,23.23,17000
2007-08-14 16:00:00-04:00,23.1,23.3,22.85,22.9,3200
2007-08-15 16:00:00-04:00,22.75,22.75,22.5,22.7,2000
2007-08-16 16:00:00-04:00,22.6,22.6,21.7,21.95,29300
2007-08-17 16:00:00-04:00,21.99,22.5,21.75,22.2,22900
2007-08-20 16:00:00-04:00,22.0,22.65,22.0,22.5,2800
2007-08-21 16:00:00-04:00,22.75,22.75,21.7,21.79,28200
2007-08-22 16:00:00-04:00,21.8,22.15,21.8,22.15,1900
2007-08-23 16:00:00-04:00,22.25,22.3,22.2,22.3,1000
2007-08-24 16:00:00-04:00,22.2,22.35,22.15,22.25,2200
2007-08-27 16:00:00-04:00,22.28,22.75,22.23,22.45,6200
2007-08-28 16:00:00-04:00,22.5,22.59,22.25,22.25,2500
2007-08-29 16:00:00-04:00,22.25,22.35,22.25,22.35,1100
2007-08-30 16:00:00-04:00,22.25,22.25,22.15,22.15,1400
2007-08-31 16:00:00-04:00,22.3,22.3,22.0,22.0,2600
2007-09-04 16:00:00-04:00,21.8,21.8,21.5001,21.53,2500
2007-09-05 16:00:00-04:00,21.6,21.75,21.6,21.75,1100
2007-09-06 16:00:00-04:00,21.7,21.75,21.55,21.75,1500
2007-09-07 16:00:00-04:00,21.6499,21.6499,20.35,21.25,9800
2007-09-10 16:00:00-04:00,21.1,21.35,20.0,20.3,9400
2007-09-11 16:00:00-04:00,20.2,20.3,19.85,20.1,5800
2007-09-12 16:00:00-04:00,20.1,20.25,19.9501,20.25,1200
2007-09-13 16:00:00-04:00,20.01,20.25,20.01,20.25,300
2007-09-14 16:00:00-04:00,20.25,20.25,19.71,20.0,4200
2007-09-17 16:00:00-04:00,0.0,0.0,0.0,20.0,0
2007-09-18 16:00:00-04:00,19.99,20.1499,19.98,20.1499,600
2007-09-19 16:00:00-04:00,20.04,20.2,19.8,20.2,3100
2007-09-20 16:00:00-04:00,20.2,20.2,20.199,20.2,2000
2007-09-21 16:00:00-04:00,20.1999,20.2,20.1999,20.2,400
2007-09-24 16:00:00-04:00,20.2,20.85,20.15,20.1501,6800
2007-09-25 16:00:00-04:00,20.2999,20.3,20.14,20.14,2000
2007-09-26 16:00:00-04:00,20.14,20.23,20.0201,20.23,600
2007-09-27 16:00:00-04:00,20.2,21.15,20.2,21.15,5000
2007-09-28 16:00:00-04:00,21.2499,21.45,21.23,21.3,1400
2007-10-01 16:00:00-04:00,21.5,21.6,21.4501,21.4501,1100
2007-10-02 16:00:00-04:00,21.45,21.75,21.45,21.6999,3900
2007-10-03 16:00:00-04:00,21.606,22.0,21.3501,22.0,2400
2007-10-04 16:00:00-04:00,21.9,21.9,21.75,21.9,2600
2007-10-05 16:00:00-04:00,21.75,22.0001,21.75,22.0,3400
2007-10-08 16:00:00-04:00,22.5,22.65,22.35,22.5001,6700
2007-10-09 16:00:00-04:00,0.0,0.0,0.0,22.5,0
2007-10-10 16:00:00-04:00,22.53,22.8,22.53,22.62,300
2007-10-11 16:00:00-04:00,22.75,23.64,22.75,22.97,2600
2007-10-12 16:00:00-04:00,0.0,0.0,0.0,22.97,0
2007-10-15 16:00:00-04:00,22.8501,23.0,22.8501,23.0,1100
2007-10-16 16:00:00-04:00,22.85,22.85,21.0,22.15,7900
2007-10-17 16:00:00-04:00,22.1,22.85,22.1,22.85,2200
2007-10-18 16:00:00-04:00,23.0,23.15,22.9001,23.15,2800
2007-10-19 16:00:00-04:00,23.0001,23.0001,22.5,22.5201,4200
2007-10-22 16:00:00-04:00,22.3,22.3,21.65,22.15,10000
2007-10-23 16:00:00-04:00,22.3,22.5,22.3,22.48,700
2007-10-24 16:00:00-04:00,22.35,23.0,22.35,23.0,1600
2007-10-25 16:00:00-04:00,22.7,22.85,22.7,22.85,500
2007-10-26 16:00:00-04:00,22.98,22.98,22.77,22.98,300
2007-10-29 16:00:00-04:00,22.8,22.95,22.73,22.73,600
2007-10-30 16:00:00-04:00,22.98,22.98,22.98,22.98,300
2007-10-31 16:00:00-04:00,22.7001,22.98,22.7,22.98,900
2007-11-01 16:00:00-04:00,22.85,22.85,22.55,22.85,500
2007-11-02 16:00:00-04:00,0.0,0.0,0.0,22.85,0
2007-11-05 16:00:00-05:00,22.85,23.0,22.85,23.0,900
2007-11-06 16:00:00-05:00,23.2,23.5,23.2,23.4,2000
2007-11-07 16:00:00-05:00,21.52,23.2,21.52,23.2,1200
2007-11-08 16:00:00-05:00,23.0001,23.1,22.3,22.75,4600
2007-11-09 16:00:00-05:00,22.7,23.13,22.65,22.65,6500
2007-11-12 16:00:00-05:00,22.8,22.9,22.0,22.5,1000
2007-11-13 16:00:00-05:00,22.25,22.25,19.76,20.6001,13800
2007-11-14 16:00:00-05:00,20.55,20.75,20.35,20.35,600
2007-11-15 16:00:00-05:00,20.5,20.51,19.5,20.0999,1800
2007-11-16 16:00:00-05:00,19.9,20.02,19.25,20.0,3100
2007-11-19 16:00:00-05:00,19.85,19.89,16.36,18.89,19600
2007-11-20 16:00:00-05:00,18.42,18.65,18.25,18.25,1800
2007-11-21 16:00:00-05:00,18.25,20.09,17.6,19.1,4700
2007-11-23 16:00:00-05:00,0.0,0.0,0.0,19.1,0
2007-11-26 16:00:00-05:00,18.95,18.95,18.2,18.36,2300
2007-11-27 16:00:00-05:00,18.1,18.1,17.85,18.1,500
2007-11-28 16:00:00-05:00,17.95,18.9,17.7,18.9,3152
2007-11-29 16:00:00-05:00,19.05,19.24,19.05,19.2399,500
2007-11-30 16:00:00-05:00,19.35,19.7,18.5,19.7,6300
2007-12-03 16:00:00-05:00,19.11,21.1,19.11,21.1,6100
2007-12-04 16:00:00-05:00,21.0,22.0,20.55,21.7,4600
2007-12-05 16:00:00-05:00,21.5,22.6,21.5,22.15,3800
2007-12-06 16:00:00-05:00,22.3,22.3,21.1,21.8,3800
2007-12-07 16:00:00-05:00,21.6,22.5,21.6,22.5,13000
2007-12-10 16:00:00-05:00,23.4,24.0,20.76,22.25,18100
2007-12-11 16:00:00-05:00,21.43,22.6,21.37,22.6,2200
2007-12-12 16:00:00-05:00,22.42,22.75,22.2501,22.5,2100
2007-12-13 16:00:00-05:00,21.83,22.3,21.2,21.5,7200
2007-12-14 16:00:00-05:00,21.3,21.3,19.558,20.3,6500
2007-12-17 16:00:00-05:00,20.3,20.9999,20.25,20.9999,2100
2007-12-18 16:00:00-05:00,20.51,22.0,20.5,21.5,2501
2007-12-19 16:00:00-05:00,21.25,21.25,19.11,20.6,3000
2007-12-20 16:00:00-05:00,20.5,20.5,19.02,19.3,2700
2007-12-21 16:00:00-05:00,19.45,19.9,18.66,18.9,8800
2007-12-24 16:00:00-05:00,18.7,18.9,18.5,18.7,1200
2007-12-26 16:00:00-05:00,18.7,18.95,18.5,18.5,2300
2007-12-27 16:00:00-05:00,18.4001,18.5001,18.35,18.35,2400
2007-12-28 16:00:00-05:00,18.65,19.4,17.83,19.2,9420
2007-12-31 16:00:00-05:00,18.75,19.34,18.2,18.78,4900
2008-01-02 16:00:00-05:00,19.0,19.3,19.0,19.3,1000
2008-01-03 16:00:00-05:00,19.4,20.0,19.3,19.8,3900
2008-01-04 16:00:00-05:00,19.9,20.25,19.2,20.0,6000
2008-01-07 16:00:00-05:00,19.8,20.0,19.1001,19.7,3700
2008-01-08 16:00:00-05:00,19.98,19.98,18.85,19.05,11900
2008-01-09 16:00:00-05:00,18.9,19.0,18.51,19.0,1600
2008-01-10 16:00:00-05:00,0.0,0.0,0.0,19.0,0
2008-01-11 16:00:00-05:00,0.0,0.0,0.0,19.0,0
2008-01-14 16:00:00-05:00,18.58,18.9,18.58,18.82,14700
2008-01-15 16:00:00-05:00,18.55,18.8,18.45,18.4501,10700
2008-01-16 16:00:00-05:00,18.53,18.73,18.3001,18.6699,1400
2008-01-17 16:00:00-05:00,18.45,18.45,18.0,18.0,1100
2008-01-18 16:00:00-05:00,17.7501,18.12,17.75,17.75,4900
2008-01-22 16:00:00-05:00,16.52,17.7,14.75,17.2,4000
2008-01-23 16:00:00-05:00,17.0,17.2,16.6,17.2,3000
2008-01-24 16:00:00-05:00,17.4,17.49,17.0,17.4,1200
2008-01-25 16:00:00-05:00,17.4,17.58,17.4,17.58,1100
2008-01-28 16:00:00-05:00,17.2001,17.52,17.2,17.2,1900
2008-01-29 16:00:00-05:00,17.25,18.25,17.25,18.25,1500
2008-01-30 16:00:00-05:00,18.0,19.05,17.6,19.0,5100
2008-01-31 16:00:00-05:00,18.75,19.4,18.25,19.4,3000
2008-02-01 16:00:00-05:00,19.65,19.65,17.81,19.2,2000
2008-02-04 16:00:00-05:00,18.71,19.65,18.71,19.2501,2100
2008-02-05 16:00:00-05:00,19.4,19.8,19.25,19.25,800
2008-02-06 16:00:00-05:00,19.4,19.85,19.25,19.65,1700
2008-02-07 16:00:00-05:00,19.85,19.85,19.0,19.25,800
2008-02-08 16:00:00-05:00,19.0,19.1,18.8,19.1,900
2008-02-11 16:00:00-05:00,18.8501,18.9,18.65,18.9,1300
2008-02-12 16:00:00-05:00,0.0,0.0,0.0,18.9,0
2008-02-13 16:00:00-05:00,18.65,19.05,18.65,18.65,300
2008-02-14 16:00:00-05:00,18.4001,19.3,18.2,18.7,6700
2008-02-15 16:00:00-05:00,18.9,19.1,18.44,18.75,2900
2008-02-19 16:00:00-05:00,18.5,19.15,18.5,18.9,3150
2008-02-20 16:00:00-05:00,18.7499,18.75,18.7,18.75,500
2008-02-21 16:00:00-05:00,18.75,19.25,18.75,19.25,1600
2008-02-22 16:00:00-05:00,19.08,19.08,18.95,19.0,2327
2008-02-25 16:00:00-05:00,18.96,19.95,18.7,19.75,26200
2008-02-26 16:00:00-05:00,20.18,21.54,20.0001,21.45,18300
2008-02-27 16:00:00-05:00,21.55,22.15,21.05,22.15,18000
2008-02-28 16:00:00-05:00,23.03,23.03,22.13,22.35,7000
2008-02-29 16:00:00-05:00,22.35,22.4,21.3,21.81,3350
2008-03-03 16:00:00-05:00,23.0,23.75,22.05,23.66,68885
2008-03-04 16:00:00-05:00,20.24,22.455,19.8,22.01,26129
2008-03-05 16:00:00-05:00,22.0,22.6,21.25,22.06,16900
2008-03-06 16:00:00-05:00,21.02,22.06,21.02,22.06,8300
2008-03-07 16:00:00-05:00,21.65,21.91,20.75,21.1,13500
2008-03-10 16:00:00-04:00,20.63,21.8,20.63,21.221,4900
2008-03-11 16:00:00-04:00,21.62,22.0,20.65,20.8,15900
2008-03-12 16:00:00-04:00,20.65,20.8,20.4,20.8,700
2008-03-13 16:00:00-04:00,20.4001,20.7,20.4,20.4,1600
2008-03-14 16:00:00-04:00,20.15,20.4,20.15,20.15,1000
2008-03-17 16:00:00-04:00,20.059,20.15,19.7,20.0,5381
2008-03-18 16:00:00-04:00,19.85,19.95,19.45,19.45,1000
2008-03-19 16:00:00-04:00,19.65,19.65,18.91,19.0,9100
2008-03-20 16:00:00-04:00,18.13,19.25,18.1,18.38,4750
2008-03-24 16:00:00-04:00,18.9,19.049,18.5,18.64,3000
2008-03-25 16:00:00-04:00,18.9,19.2,18.6,19.2,3000
2008-03-26 16:00:00-04:00,19.99,19.99,19.4,19.7,600
2008-03-27 16:00:00-04:00,20.25,20.25,19.6999,19.7,500
2008-03-28 16:00:00-04:00,19.7,20.15,19.585,19.75,1300
2008-03-31 16:00:00-04:00,20.31,20.31,19.5,20.0,1100
2008-04-01 16:00:00-04:00,19.7,20.0,19.6501,19.9999,1600
2008-04-02 16:00:00-04:00,19.7501,19.85,19.75,19.75,900
2008-04-03 16:00:00-04:00,19.6,19.74,19.535,19.74,400
2008-04-04 16:00:00-04:00,20.0,20.44,20.0,20.44,800
2008-04-07 16:00:00-04:00,20.6,20.8,20.335,20.335,1000
2008-04-08 16:00:00-04:00,20.75,20.96,20.75,20.96,600
2008-04-09 16:00:00-04:00,21.2,21.75,20.0,20.1,4400
2008-04-10 16:00:00-04:00,19.85,19.9999,19.35,19.35,900
2008-04-11 16:00:00-04:00,19.1,20.0999,19.0,19.55,1600
2008-04-14 16:00:00-04:00,19.22,19.95,19.03,19.03,2500
2008-04-15 16:00:00-04:00,19.7,19.7,19.0,19.37,1727
2008-04-16 16:00:00-04:00,19.56,20.65,19.29,20.55,5200
2008-04-17 16:00:00-04:00,20.19,20.85,20.19,20.85,2700
2008-04-18 16:00:00-04:00,20.92,20.92,19.8,20.3,1500
2008-04-21 16:00:00-04:00,20.6499,20.9,20.4001,20.4001,800
2008-04-22 16:00:00-04:00,20.65,21.65,20.65,21.4,1800
2008-04-23 16:00:00-04:00,21.15,21.15,20.4,20.55,1300
2008-04-24 16:00:00-04:00,20.35,21.34,20.35,20.89,1200
2008-04-25 16:00:00-04:00,20.67,21.0,20.5,21.0,1000
2008-04-28 16:00:00-04:00,21.3,21.8,21.2,21.2,1500
2008-04-29 16:00:00-04:00,21.04,21.05,20.75,20.75,1800
2008-04-30 16:00:00-04:00,20.85,21.0,20.75,20.99,1500
2008-05-01 16:00:00-04:00,21.0,21.0,20.5001,20.93,1650
2008-05-02 16:00:00-04:00,20.5,20.95,20.05,20.68,1900
2008-05-05 16:00:00-04:00,20.45,20.45,19.95,19.95,700
2008-05-06 16:00:00-04:00,19.8,20.2,19.8,20.2,900
2008-05-07 16:00:00-04:00,20.9,21.49,20.5,20.7,2000
2008-05-08 16:00:00-04:00,21.0,21.0,20.02,20.02,1540
2008-05-09 16:00:00-04:00,20.25,21.1,20.25,21.1,4350
2008-05-12 16:00:00-04:00,21.35,21.5,20.885,21.5,1703
2008-05-13 16:00:00-04:00,21.5,21.5,21.0501,21.5,2395
2008-05-14 16:00:00-04:00,21.25,22.5,21.1,22.5,8267
2008-05-15 16:00:00-04:00,22.51,22.95,21.5,22.44,4900
2008-05-16 16:00:00-04:00,22.25,22.25,21.11,22.24,2500
2008-05-19 16:00:00-04:00,22.25,22.7,22.2,22.4,1250
2008-05-20 16:00:00-04:00,22.65,22.85,22.15,22.2,1200
2008-05-21 16:00:00-04:00,22.4,22.9,21.85,22.1,2500
2008-05-22 16:00:00-04:00,22.35,22.35,21.85,21.94,1800
2008-05-23 16:00:00-04:00,21.6,21.96,21.35,21.54,2400
2008-05-27 16:00:00-04:00,21.26,22.465,21.26,22.05,5142
2008-05-28 16:00:00-04:00,21.77,22.94,21.77,22.4,7300
2008-05-29 16:00:00-04:00,22.65,23.12,22.55,22.55,5975
2008-05-30 16:00:00-04:00,23.09,23.18,22.7,23.18,1957
2008-06-02 16:00:00-04:00,22.48,22.95,22.2,22.95,2550
2008-06-03 16:00:00-04:00,23.18,23.2,22.35,22.6,4400
2008-06-04 16:00:00-04:00,22.55,23.0,22.5001,22.6,1452
2008-06-05 16:00:00-04:00,22.9,23.0,22.9,23.0,1973
2008-06-06 16:00:00-04:00,22.75,22.96,22.25,22.6,1600
2008-06-09 16:00:00-04:00,22.85,23.0,21.97,21.97,5387
2008-06-10 16:00:00-04:00,21.75,22.2,21.75,22.16,1000
2008-06-11 16:00:00-04:00,21.7001,21.95,20.95,21.5,4300
2008-06-12 16:00:00-04:00,21.71,21.71,20.9501,21.35,1800
2008-06-13 16:00:00-04:00,21.6,22.6,21.6,22.5481,2909
2008-06-16 16:00:00-04:00,22.35,22.9,21.87,21.87,16780
2008-06-17 16:00:00-04:00,22.2,22.5,22.2,22.5,400
2008-06-18 16:00:00-04:00,22.25,22.25,20.31,20.99,12260
2008-06-19 16:00:00-04:00,20.5,21.1,20.5,20.75,2315
2008-06-20 16:00:00-04:00,21.3,21.69,21.3,21.69,400
2008-06-23 16:00:00-04:00,21.73,21.75,18.56,18.6501,38834
2008-06-24 16:00:00-04:00,18.41,19.45,18.1,18.1,18689
2008-06-25 16:00:00-04:00,18.5,18.99,17.4,18.05,36041
2008-06-26 16:00:00-04:00,17.9,18.45,17.7,17.75,5666
2008-06-27 16:00:00-04:00,17.95,18.45,17.86,18.06,3900
2008-06-30 16:00:00-04:00,18.36,18.99,17.94,18.99,6190
2008-07-01 16:00:00-04:00,19.24,19.24,18.25,18.37,3463
2008-07-02 16:00:00-04:00,18.5,18.95,18.2,18.46,3262
2008-07-03 16:00:00-04:00,18.3,18.7,18.25,18.25,2050
2008-07-07 16:00:00-04:00,19.23,19.24,18.3,18.7,5650
2008-07-08 16:00:00-04:00,19.23,19.35,18.89,19.2,1633
2008-07-09 16:00:00-04:00,18.95,19.25,18.5,18.96,3300
2008-07-10 16:00:00-04:00,18.51,19.05,18.2,18.39,5463
2008-07-11 16:00:00-04:00,18.15,18.55,18.11,18.39,1900
2008-07-14 16:00:00-04:00,18.11,18.916,18.1,18.78,2716
2008-07-15 16:00:00-04:00,18.55,18.9,18.55,18.7,900
2008-07-16 16:00:00-04:00,18.71,18.95,18.45,18.95,1511
2008-07-17 16:00:00-04:00,19.05,19.05,18.99,18.99,625
2008-07-18 16:00:00-04:00,19.05,20.2,19.02,20.18,3201
2008-07-21 16:00:00-04:00,20.18,20.49,19.8,19.97,1550
2008-07-22 16:00:00-04:00,19.75,20.09,18.75,19.7,2900
2008-07-23 16:00:00-04:00,19.95,20.5799,19.95,20.5,1295
2008-07-24 16:00:00-04:00,20.5,21.35,20.35,21.35,1333
2008-07-25 16:00:00-04:00,21.6,21.6,20.04,21.58,2800
2008-07-28 16:00:00-04:00,21.185,21.47,21.15,21.3,507
2008-07-29 16:00:00-04:00,21.55,21.55,18.9,19.55,7212
2008-07-30 16:00:00-04:00,19.8,21.35,19.8,20.75,2000
2008-07-31 16:00:00-04:00,20.5001,21.05,20.0,21.05,900
2008-08-01 16:00:00-04:00,21.24,21.3,21.24,21.3,300
2008-08-04 16:00:00-04:00,21.3,21.3,21.05,21.05,300
2008-08-05 16:00:00-04:00,20.8001,20.8001,19.79,19.96,3325
2008-08-06 16:00:00-04:00,20.29,21.0,20.246,21.0,1649
2008-08-07 16:00:00-04:00,21.25,21.5,21.25,21.32,1800
2008-08-08 16:00:00-04:00,21.55,21.9,20.6,21.26,3000
2008-08-11 16:00:00-04:00,20.85,21.26,20.4,21.25,5200
2008-08-12 16:00:00-04:00,21.1,21.7,20.75,21.7,1800
2008-08-13 16:00:00-04:00,21.5,22.0,21.2,22.0,1500
2008-08-14 16:00:00-04:00,22.0,22.0,20.48,21.0,7200
2008-08-15 16:00:00-04:00,21.1,22.0,21.05,21.45,6179
2008-08-18 16:00:00-04:00,21.15,21.15,20.36,20.37,3367
2008-08-19 16:00:00-04:00,21.98,21.98,19.2,20.53,42974
2008-08-20 16:00:00-04:00,21.04,21.19,20.7,20.92,13707
2008-08-21 16:00:00-04:00,21.3,21.3,20.7,21.2,1700
2008-08-22 16:00:00-04:00,20.95,21.4,20.95,21.4,1500
2008-08-25 16:00:00-04:00,21.6,21.95,21.25,21.35,6781
2008-08-26 16:00:00-04:00,21.35,21.7,20.91,21.6,1333
2008-08-27 16:00:00-04:00,21.5,22.0,21.5,21.62,3572
2008-08-28 16:00:00-04:00,21.85,22.0,21.45,21.62,5242
2008-08-29 16:00:00-04:00,21.35,21.76,21.35,21.4,1300
2008-09-02 16:00:00-04:00,21.41,21.68,21.31,21.49,800
2008-09-03 16:00:00-04:00,21.25,21.7,20.96,21.25,2600
2008-09-04 16:00:00-04:00,21.1,21.4,21.0,21.16,950
2008-09-05 16:00:00-04:00,20.97,21.8,20.97,21.79,1300
2008-09-08 16:00:00-04:00,21.81,21.82,21.05,21.54,2100
2008-09-09 16:00:00-04:00,20.5,21.6601,20.5,21.0501,8360
2008-09-10 16:00:00-04:00,21.0,21.0,21.0,21.0,620
2008-09-11 16:00:00-04:00,20.99,21.0,20.6,20.74,3000
2008-09-12 16:00:00-04:00,20.545,20.545,20.51,20.51,973
2008-09-15 16:00:00-04:00,20.41,20.75,20.05,20.42,1900
2008-09-16 16:00:00-04:00,19.56,20.8,19.4,19.84,3007
2008-09-17 16:00:00-04:00,20.23,20.39,18.75,19.4,6826
2008-09-18 16:00:00-04:00,19.01,19.8,18.4,19.45,6305
2008-09-19 16:00:00-04:00,19.16,20.25,19.16,20.25,600
2008-09-22 16:00:00-04:00,19.9,19.9,19.0,19.0,5008
2008-09-23 16:00:00-04:00,18.88,19.46,18.75,18.99,2489
2008-09-24 16:00:00-04:00,19.49,20.95,19.3,20.39,3400
2008-09-25 16:00:00-04:00,20.55,21.0,20.26,20.48,8312
2008-09-26 16:00:00-04:00,19.61,20.25,18.55,18.73,9166
2008-09-29 16:00:00-04:00,18.5,19.2,18.1,18.25,4600
2008-09-30 16:00:00-04:00,18.8,18.81,18.35,18.35,2600
2008-10-01 16:00:00-04:00,18.25,19.5,18.25,18.65,3800
2008-10-02 16:00:00-04:00,18.75,20.0,18.4,18.5,6750
2008-10-03 16:00:00-04:00,18.5,19.5,18.25,18.25,2800
2008-10-06 16:00:00-04:00,18.0,19.99,17.5,18.9,6987
2008-10-07 16:00:00-04:00,20.5,20.5,18.65,18.65,2788
2008-10-08 16:00:00-04:00,18.25,18.25,17.65,18.0,1800
2008-10-09 16:00:00-04:00,17.8,17.8,17.55,17.55,1400
2008-10-10 16:00:00-04:00,17.5,18.35,17.0,18.0,5581
2008-10-13 16:00:00-04:00,18.25,19.24,17.75,18.55,3415
2008-10-14 16:00:00-04:00,18.8,18.8,18.8,18.8,300
2008-10-15 16:00:00-04:00,17.22,18.8,17.22,18.25,6468
2008-10-16 16:00:00-04:00,18.5,19.3,18.5,19.3,1200
2008-10-17 16:00:00-04:00,19.0,19.75,18.5,19.75,2500
2008-10-20 16:00:00-04:00,19.22,20.45,19.22,20.45,1953
2008-10-21 16:00:00-04:00,20.0,20.6,20.0,20.0,1100
2008-10-22 16:00:00-04:00,20.1,20.25,19.15,19.4,3800
2008-10-23 16:00:00-04:00,19.55,20.2,19.5,20.0,2900
2008-10-24 16:00:00-04:00,19.8,19.8,19.8,19.8,100
2008-10-27 16:00:00-04:00,20.0,20.0,20.0,20.0,200
2008-10-28 16:00:00-04:00,19.95,19.95,19.95,19.95,315
2008-10-29 16:00:00-04:00,19.55,19.9,19.25,19.3501,1500
2008-10-30 16:00:00-04:00,19.1001,19.73,18.75,19.35,2500
2008-10-31 16:00:00-04:00,19.3,19.7,18.95,19.7,1760
2008-11-03 16:00:00-05:00,19.6,19.6,19.25,19.4999,1500
2008-11-04 16:00:00-05:00,19.75,19.75,18.18,18.18,2780
2008-11-05 16:00:00-05:00,18.5,18.75,18.22,18.59,2700
2008-11-06 16:00:00-05:00,18.64,18.6499,18.64,18.6499,200
2008-11-07 16:00:00-05:00,18.9,18.9,18.9,18.9,200
2008-11-10 16:00:00-05:00,19.1,20.0,19.1,20.0,1000
2008-11-11 16:00:00-05:00,20.0,20.79,19.7001,20.5,1500
2008-11-12 16:00:00-05:00,20.3001,20.3001,19.4001,20.0,1900
2008-11-13 16:00:00-05:00,19.0,20.1,19.0,19.65,3705
2008-11-14 16:00:00-05:00,19.5,19.65,18.95,18.95,1200
2008-11-17 16:00:00-05:00,18.7,18.95,18.7,18.93,500
2008-11-18 16:00:00-05:00,19.0,19.0,18.7,18.88,1900
2008-11-19 16:00:00-05:00,18.6,18.78,18.6,18.78,400
2008-11-20 16:00:00-05:00,18.2,18.45,17.5,17.5,7700
2008-11-21 16:00:00-05:00,18.0,18.25,17.25,17.95,1857
2008-11-24 16:00:00-05:00,18.0,18.31,17.45,18.1,25125
2008-11-25 16:00:00-05:00,18.4,19.25,18.4,19.05,10792
2008-11-26 16:00:00-05:00,19.38,21.1,19.2999,20.2,21461
2008-11-27 16:00:00-05:00,0.0,0.0,0.0,20.2,0
2008-11-28 16:00:00-05:00,19.91,20.2,19.7999,20.15,13633
2008-12-01 16:00:00-05:00,20.05,20.16,19.1,19.24,15721
2008-12-02 16:00:00-05:00,19.4,20.1,19.25,19.4999,17688
2008-12-03 16:00:00-05:00,19.4,20.2,19.3886,20.0999,15780
2008-12-04 16:00:00-05:00,16.91,18.8,16.91,18.6,14271
2008-12-05 16:00:00-05:00,19.01,19.01,18.0,18.84,10830
2008-12-08 16:00:00-05:00,19.24,19.24,18.6001,19.0,5100
2008-12-09 16:00:00-05:00,18.1,18.95,18.1,18.26,6079
2008-12-10 16:00:00-05:00,18.5,19.05,18.15,18.15,6566
2008-12-11 16:00:00-05:00,18.0,18.3,17.6299,18.3,10620
2008-12-12 16:00:00-05:00,18.2499,18.88,18.0,18.88,1035
2008-12-15 16:00:00-05:00,18.5,18.8,17.4,18.2,14630
2008-12-16 16:00:00-05:00,18.95,18.95,18.31,18.6,3756
2008-12-17 16:00:00-05:00,18.4,18.73,18.1,18.39,8302
2008-12-18 16:00:00-05:00,18.2,18.74,18.15,18.3,4300
2008-12-19 16:00:00-05:00,18.93,19.0,18.2499,18.26,14360
2008-12-22 16:00:00-05:00,19.3,19.3,18.0,18.05,5654
2008-12-23 16:00:00-05:00,18.01,18.7,17.85,18.65,10086
2008-12-24 16:00:00-05:00,18.7,18.99,18.52,18.69,4783
2008-12-25 16:00:00-05:00,0.0,0.0,0.0,18.69,0
2008-12-26 16:00:00-05:00,18.4,19.0,18.05,18.55,11229
2008-12-29 16:00:00-05:00,18.4,18.71,18.1,18.5,1120
2008-12-30 16:00:00-05:00,18.35,18.95,18.33,18.95,3300
2008-12-31 16:00:00-05:00,19.0,19.0,18.71,18.71,1620
2009-01-01 16:00:00-05:00,0.0,0.0,0.0,18.71,0
2009-01-02 16:00:00-05:00,19.0,19.85,19.0,19.4,1500
2009-01-05 16:00:00-05:00,19.4,19.5,19.016,19.5,5870
2009-01-06 16:00:00-05:00,19.45,19.45,18.31,19.38,3135
2009-01-07 16:00:00-05:00,19.25,19.25,18.95,19.2,600
2009-01-08 16:00:00-05:00,18.7,19.25,18.7,19.25,700
2009-01-09 16:00:00-05:00,19.75,19.75,18.45,18.7,2700
2009-01-12 16:00:00-05:00,18.75,18.9,18.57,18.75,700
2009-01-13 16:00:00-05:00,19.0,19.13,18.83,19.0,900
2009-01-14 16:00:00-05:00,18.85,19.2,18.85,19.15,400
2009-01-15 16:00:00-05:00,19.35,19.4,18.71,18.71,3000
2009-01-16 16:00:00-05:00,19.01,19.03,18.72,18.74,1300
2009-01-20 16:00:00-05:00,18.5,19.05,18.5,18.61,900
2009-01-21 16:00:00-05:00,19.0,19.0,19.0,19.0,100
2009-01-22 16:00:00-05:00,18.9,19.2,18.9,19.15,700
2009-01-23 16:00:00-05:00,19.2,19.2,18.91,18.91,1200
2009-01-26 16:00:00-05:00,18.76,19.21,18.76,19.06,800
2009-01-27 16:00:00-05:00,19.0,19.4,18.11,18.79,12515
2009-01-28 16:00:00-05:00,18.6538,18.6538,18.6538,18.6538,100
2009-01-29 16:00:00-05:00,18.65,18.65,17.26,17.95,2950
2009-01-30 16:00:00-05:00,17.75,18.05,16.75,16.88,5678
2009-02-02 16:00:00-05:00,16.5,17.89,16.5,17.01,1900
2009-02-03 16:00:00-05:00,0.0,0.0,0.0,17.01,0
2009-02-04 16:00:00-05:00,17.56,17.95,16.95,16.95,1300
2009-02-05 16:00:00-05:00,17.2501,17.3,16.5,16.75,1600
2009-02-06 16:00:00-05:00,17.24,18.7,17.0,18.7,5600
2009-02-09 16:00:00-05:00,18.35,18.79,18.35,18.79,1400
2009-02-10 16:00:00-05:00,18.2,18.5,17.0,18.17,3500
2009-02-11 16:00:00-05:00,18.25,18.5,17.76,17.76,1050
2009-02-12 16:00:00-05:00,17.5,18.9,17.5,17.75,2650
2009-02-13 16:00:00-05:00,17.5,18.03,16.2,18.03,2863
2009-02-17 16:00:00-05:00,18.1,18.1,16.82,17.0,2100
2009-02-18 16:00:00-05:00,17.55,18.25,17.15,17.15,1000
2009-02-19 16:00:00-05:00,16.645,18.0,16.645,17.4,1700
2009-02-20 16:00:00-05:00,17.55,17.82,16.84,17.09,2346
2009-02-23 16:00:00-05:00,16.84,17.25,16.7,16.75,2570
2009-02-24 16:00:00-05:00,16.75,17.0,15.95,16.1,5847
2009-02-25 16:00:00-05:00,15.9,16.25,15.76,15.76,3400
2009-02-26 16:00:00-05:00,16.0,16.01,15.28,15.29,3200
2009-02-27 16:00:00-05:00,15.2,16.03,14.31,14.71,7699
2009-03-02 16:00:00-05:00,14.48,14.74,14.27,14.27,3241
2009-03-03 16:00:00-05:00,14.75,14.75,14.27,14.27,2975
2009-03-04 16:00:00-05:00,14.3,14.7,14.2999,14.43,2479
2009-03-05 16:00:00-05:00,14.2,14.65,14.2,14.45,2032
2009-03-06 16:00:00-05:00,14.55,14.65,14.35,14.42,1470
2009-03-09 16:00:00-04:00,14.25,14.5,13.05,13.25,5310
2009-03-10 16:00:00-04:00,13.31,13.85,13.1,13.35,5004
2009-03-11 16:00:00-04:00,13.45,13.6,13.36,13.5,9100
2009-03-12 16:00:00-04:00,13.73,14.8,13.73,14.0,2140
2009-03-13 16:00:00-04:00,14.04,14.84,13.18,14.84,3200
2009-03-16 16:00:00-04:00,15.08,15.08,14.25,14.96,1690
2009-03-17 16:00:00-04:00,14.28,15.49,14.28,15.04,1200
2009-03-18 16:00:00-04:00,15.05,15.05,14.16,15.0,1963
2009-03-19 16:00:00-04:00,14.9,14.9,14.0,14.53,1740
2009-03-20 16:00:00-04:00,14.18,14.74,14.0,14.1,1291
2009-03-23 16:00:00-04:00,14.95,14.95,14.44,14.6,1831
2009-03-24 16:00:00-04:00,14.26,14.3,14.0,14.09,4300
2009-03-25 16:00:00-04:00,14.44,15.07,14.2,14.73,3000
2009-03-26 16:00:00-04:00,15.0,15.9,15.0,15.585,6360
2009-03-27 16:00:00-04:00,15.58,15.58,14.56,14.56,3257
2009-03-30 16:00:00-04:00,14.8,14.8,14.32,14.32,532
2009-03-31 16:00:00-04:00,14.82,15.32,14.82,15.1,1200
2009-04-01 16:00:00-04:00,14.8,14.8,14.3,14.65,800
2009-04-02 16:00:00-04:00,14.79,15.28,14.55,15.28,3400
2009-04-03 16:00:00-04:00,15.5,15.5,15.0,15.25,700
2009-04-06 16:00:00-04:00,15.25,15.25,14.5,14.94,800
2009-04-07 16:00:00-04:00,0.0,0.0,0.0,14.94,0
2009-04-08 16:00:00-04:00,14.9,14.9,14.35,14.89,3971
2009-04-09 16:00:00-04:00,15.0,15.0,15.0,15.0,300
2009-04-10 16:00:00-04:00,0.0,0.0,0.0,15.0,0
2009-04-13 16:00:00-04:00,14.5,14.97,14.5,14.93,500
2009-04-14 16:00:00-04:00,14.89,14.89,14.89,14.89,100
2009-04-15 16:00:00-04:00,0.0,0.0,0.0,14.89,0
2009-04-16 16:00:00-04:00,14.9,14.9,14.79,14.79,1700
2009-04-17 16:00:00-04:00,14.79,15.88,14.79,15.43,2700
2009-04-20 16:00:00-04:00,14.85,14.94,14.36,14.36,1700
2009-04-21 16:00:00-04:00,14.5,14.76,14.5,14.51,700
2009-04-22 16:00:00-04:00,0.0,0.0,0.0,14.51,0
2009-04-23 16:00:00-04:00,14.75,14.75,14.75,14.75,300
2009-04-24 16:00:00-04:00,15.01,15.3,14.9,15.0,9396
2009-04-27 16:00:00-04:00,15.45,15.45,14.96,15.25,300
2009-04-28 16:00:00-04:00,14.7501,15.1,14.75,14.92,1000
2009-04-29 16:00:00-04:00,15.42,15.42,15.42,15.42,100
2009-04-30 16:00:00-04:00,15.42,15.42,15.26,15.26,700
2009-05-01 16:00:00-04:00,15.0,15.01,15.0,15.01,500
2009-05-04 16:00:00-04:00,15.04,15.05,14.61,14.825,4187
2009-05-05 16:00:00-04:00,15.0,15.77,15.0,15.77,918
2009-05-06 16:00:00-04:00,15.51,15.63,15.49,15.6001,2110
2009-05-07 16:00:00-04:00,0.0,0.0,0.0,15.6001,0
2009-05-08 16:00:00-04:00,15.54,15.59,15.54,15.57,300
2009-05-11 16:00:00-04:00,15.6,15.79,15.3,15.62,2475
2009-05-12 16:00:00-04:00,0.0,0.0,0.0,15.62,0
2009-05-13 16:00:00-04:00,15.29,15.3,14.5301,14.55,1229
2009-05-14 16:00:00-04:00,14.57,15.5,14.57,15.49,2077
2009-05-15 16:00:00-04:00,15.69,15.86,15.4,15.86,1300
2009-05-18 16:00:00-04:00,16.0,16.4,16.0,16.22,1000
2009-05-19 16:00:00-04:00,16.47,16.47,16.35,16.35,500
2009-05-20 16:00:00-04:00,16.5,16.5,16.4799,16.48,1389
2009-05-21 16:00:00-04:00,16.25,16.25,16.25,16.25,200
2009-05-22 16:00:00-04:00,0.0,0.0,0.0,16.25,0
2009-05-25 16:00:00-04:00,0.0,0.0,0.0,16.25,0
2009-05-26 16:00:00-04:00,16.25,16.44,16.25,16.44,300
2009-05-27 16:00:00-04:00,0.0,0.0,0.0,16.44,0
2009-05-28 16:00:00-04:00,0.0,0.0,0.0,16.44,0
2009-05-29 16:00:00-04:00,16.3,17.0,16.3,16.51,6900
2009-06-01 16:00:00-04:00,16.31,16.99,15.825,16.9851,6500
2009-06-02 16:00:00-04:00,17.0,17.0,16.05,16.19,2500
2009-06-03 16:00:00-04:00,16.1,16.47,15.85,16.23,1660
2009-06-04 16:00:00-04:00,16.0,16.2501,15.6501,16.25,2370
2009-06-05 16:00:00-04:00,16.35,16.425,15.68,16.1675,2800
2009-06-08 16:00:00-04:00,16.18,16.2,15.44,15.5,1700
2009-06-09 16:00:00-04:00,15.63,15.63,15.51,15.52,610
2009-06-10 16:00:00-04:00,15.1,15.4175,14.79,15.285,2750
2009-06-11 16:00:00-04:00,15.05,15.25,14.63,15.24,5050
2009-06-12 16:00:00-04:00,14.8001,15.25,14.75,15.0,2090
2009-06-15 16:00:00-04:00,15.4,15.4,15.0,15.0,1100
2009-06-16 16:00:00-04:00,15.0,15.9812,14.8,15.4,5000
2009-06-17 16:00:00-04:00,15.2,15.4,14.8,15.03,1900
2009-06-18 16:00:00-04:00,15.0,15.5,14.85,15.24,4100
2009-06-19 16:00:00-04:00,0.0,0.0,0.0,15.24,0
2009-06-22 16:00:00-04:00,15.4,15.4,14.95,14.95,1900
2009-06-23 16:00:00-04:00,15.1,15.35,15.0,15.2,4093
2009-06-24 16:00:00-04:00,15.4438,15.4438,15.1,15.3125,2565
2009-06-25 16:00:00-04:00,15.11,15.25,15.11,15.18,1400
2009-06-26 16:00:00-04:00,14.91,15.3625,14.91,15.3625,228
2009-06-29 16:00:00-04:00,15.4,15.46,15.04,15.46,1025
2009-06-30 16:00:00-04:00,15.6225,15.66,15.35,15.35,400
2009-07-01 16:00:00-04:00,0.0,0.0,0.0,15.35,0
2009-07-02 16:00:00-04:00,15.5625,15.5625,15.3,15.3,200
2009-07-03 16:00:00-04:00,0.0,0.0,0.0,15.3,0
2009-07-06 16:00:00-04:00,14.95,15.21,14.8,15.15,4700
2009-07-07 16:00:00-04:00,14.8,15.15,14.8,15.15,1900
2009-07-08 16:00:00-04:00,15.4,15.4,15.075,15.2,1200
2009-07-09 16:00:00-04:00,15.45,15.5625,15.2,15.29,800
2009-07-10 16:00:00-04:00,15.44,15.6,15.03,15.44,1600
2009-07-13 16:00:00-04:00,15.29,15.66,15.01,15.34,2000
2009-07-14 16:00:00-04:00,0.0,0.0,0.0,15.34,0
2009-07-15 16:00:00-04:00,15.3,15.3,15.3,15.3,300
2009-07-16 16:00:00-04:00,15.0,15.6,15.0,15.0,2600
2009-07-17 16:00:00-04:00,15.5,15.5,15.5,15.5,100
2009-07-20 16:00:00-04:00,15.7499,15.9499,15.7499,15.9499,400
2009-07-21 16:00:00-04:00,15.89,15.89,15.35,15.59,300
2009-07-22 16:00:00-04:00,15.8,15.97,15.8,15.92,700
2009-07-23 16:00:00-04:00,0.0,0.0,0.0,15.92,0
2009-07-24 16:00:00-04:00,15.52,15.88,15.26,15.58,2521
2009-07-27 16:00:00-04:00,15.75,15.95,15.11,15.31,1200
2009-07-28 16:00:00-04:00,15.3,15.83,15.3,15.6,1506
2009-07-29 16:00:00-04:00,15.8,15.93,15.3,15.4195,2678
2009-07-30 16:00:00-04:00,15.7999,15.9,15.45,15.46,790
2009-07-31 16:00:00-04:00,15.85,15.95,15.5,15.95,1490
2009-08-03 16:00:00-04:00,15.99,15.99,15.5901,15.95,960
2009-08-04 16:00:00-04:00,15.98,15.99,15.6,15.65,4850
2009-08-05 16:00:00-04:00,15.6,15.6,15.3,15.6,1390
2009-08-06 16:00:00-04:00,15.3,15.6,15.3,15.6,600
2009-08-07 16:00:00-04:00,15.6984,15.86,15.0,15.6,2100
2009-08-10 16:00:00-04:00,15.6,15.65,15.4,15.4,1400
2009-08-12 16:00:00-04:00,15.5,15.5,15.5,15.5,200
2009-08-13 16:00:00-04:00,15.27,15.35,15.2,15.2,740
2009-08-14 16:00:00-04:00,15.5125,15.5125,15.5125,15.5125,100
2009-08-17 16:00:00-04:00,15.2883,15.2883,15.0,15.16,1211
2009-08-18 16:00:00-04:00,15.2,15.2,15.2,15.2,100
2009-08-19 16:00:00-04:00,15.64,15.64,14.6,15.0,4600
2009-08-20 16:00:00-04:00,15.29,15.2984,15.1,15.1,650
2009-08-21 16:00:00-04:00,14.87,15.5,14.675,15.35,7200
2009-08-24 16:00:00-04:00,15.5,17.2,15.37,16.2,57898
2009-08-25 16:00:00-04:00,16.05,16.83,16.02,16.12,28591
2009-08-26 16:00:00-04:00,16.25,17.175,16.05,16.8625,9085
2009-08-27 16:00:00-04:00,16.95,17.15,16.25,16.74,7911
2009-08-28 16:00:00-04:00,16.95,16.95,16.21,16.6984,4800
2009-08-31 16:00:00-04:00,16.9,16.9,16.6,16.6,10625
2009-09-01 16:00:00-04:00,16.7252,16.8,16.36,16.36,4668
2009-09-02 16:00:00-04:00,16.4625,16.8,16.25,16.65,2908
2009-09-03 16:00:00-04:00,16.5,16.7,16.25,16.66,1300
2009-09-04 16:00:00-04:00,17.31,17.31,16.33,16.64,3652
2009-09-08 16:00:00-04:00,16.6125,16.65,16.2,16.6,4849
2009-09-09 16:00:00-04:00,16.34,16.6,16.2,16.6,2016
2009-09-10 16:00:00-04:00,16.51,16.6,15.9,16.6,2300
2009-09-11 16:00:00-04:00,16.5625,16.95,16.5625,16.5901,7300
2009-09-14 16:00:00-04:00,16.59,17.0,16.551,17.0,5148
2009-09-15 16:00:00-04:00,16.91,17.5,16.75,17.5,3038
2009-09-16 16:00:00-04:00,17.5,17.95,17.25,17.75,4400
2009-09-17 16:00:00-04:00,17.79,18.45,17.65,18.4,1630
2009-09-18 16:00:00-04:00,18.65,18.7,18.1,18.1,9335
2009-09-21 16:00:00-04:00,18.21,18.21,17.5,17.985,1600
2009-09-22 16:00:00-04:00,18.2125,18.2125,17.23,17.469,2500
2009-09-23 16:00:00-04:00,17.7125,17.9999,17.27,17.6,4400
2009-09-24 16:00:00-04:00,17.51,18.0,17.35,17.8625,2600
2009-09-25 16:00:00-04:00,17.55,18.02,17.31,18.0199,3120
2009-09-28 16:00:00-04:00,18.05,18.27,17.5,17.55,5388
2009-09-29 16:00:00-04:00,17.526,18.28,17.51,17.91,1205
2009-09-30 16:00:00-04:00,17.8725,18.1,17.5,17.72,4626
2009-10-01 16:00:00-04:00,18.12,18.1701,17.66,18.07,6700
2009-10-02 16:00:00-04:00,18.3125,18.59,17.94,18.59,1600
2009-10-05 16:00:00-04:00,18.4625,18.8,18.0,18.57,2545
2009-10-06 16:00:00-04:00,18.82,19.7,17.4,19.7,22712
2009-10-07 16:00:00-04:00,19.3,20.5,19.25,19.35,5200
2009-10-08 16:00:00-04:00,19.0,19.48,18.51,18.75,1582
2009-10-09 16:00:00-04:00,18.75,19.1,18.55,18.55,4100
2009-10-12 16:00:00-04:00,18.8,19.25,18.8,19.0001,2300
2009-10-13 16:00:00-04:00,18.75,19.18,18.75,18.85,3700
2009-10-14 16:00:00-04:00,18.86,19.0,18.8,18.8645,833
2009-10-15 16:00:00-04:00,18.81,19.4802,18.81,19.4,2532
2009-10-16 16:00:00-04:00,19.4,19.9812,19.285,19.975,2034
2009-10-19 16:00:00-04:00,19.9625,20.23,19.95,19.9752,3220
2009-10-20 16:00:00-04:00,19.75,20.18,19.75,19.75,2340
2009-10-21 16:00:00-04:00,20.0,20.0,19.75,19.75,1508
2009-10-22 16:00:00-04:00,19.76,19.965,19.501,19.85,4920
2009-10-23 16:00:00-04:00,20.0,20.48,19.75,20.32,7950
2009-10-26 16:00:00-04:00,20.1,20.165,19.9,19.9,1970
2009-10-27 16:00:00-04:00,20.115,20.115,19.0,19.75,2410
2009-10-28 16:00:00-04:00,20.74,20.74,18.86,19.0,13701
2009-10-29 16:00:00-04:00,19.2,19.86,19.1999,19.5,1867
2009-10-30 16:00:00-04:00,19.8,19.89,19.4,19.4,967
2009-11-02 16:00:00-05:00,19.782,19.8,19.6,19.63,2800
2009-11-03 16:00:00-05:00,19.45,19.765,19.02,19.1,700
2009-11-04 16:00:00-05:00,19.3825,19.59,19.1,19.5625,2600
2009-11-05 16:00:00-05:00,19.59,19.59,18.76,19.56,4500
2009-11-06 16:00:00-05:00,19.5,19.63,18.99,19.5,4200
2009-11-09 16:00:00-05:00,19.882,19.95,19.75,19.95,400
2009-11-10 16:00:00-05:00,19.5,20.0,19.5,19.6,2493
2009-11-11 16:00:00-05:00,19.85,20.5,19.5,19.5,13048
2009-11-12 16:00:00-05:00,19.75,19.75,18.601,18.89,6700
2009-11-13 16:00:00-05:00,18.65,19.05,18.65,19.0,5350
2009-11-16 16:00:00-05:00,19.1,20.06,18.74,20.0,5136
2009-11-17 16:00:00-05:00,19.99,20.01,19.97,20.0,5000
2009-11-18 16:00:00-05:00,19.6,19.73,19.0,19.65,3150
2009-11-19 16:00:00-05:00,19.5662,19.82,19.4601,19.53,1600
2009-11-20 16:00:00-05:00,19.76,19.9125,19.4501,19.9125,700
2009-11-23 16:00:00-05:00,20.05,20.42,19.7101,19.85,3250
2009-11-24 16:00:00-05:00,19.91,20.5,19.5,19.5,12028
2009-11-25 16:00:00-05:00,19.75,19.9166,19.55,19.9,5400
2009-11-26 16:00:00-05:00,0.0,0.0,0.0,19.9,0
2009-11-27 16:00:00-05:00,19.99,20.02,19.71,19.96,27068
2009-11-30 16:00:00-05:00,20.23,20.23,19.85,20.08,35915
2009-12-01 16:00:00-05:00,20.1,20.6,20.09,20.5,13766
2009-12-02 16:00:00-05:00,21.08,21.08,20.28,20.68,55566
2009-12-03 16:00:00-05:00,16.8,19.88,19.27,19.45,19621
2009-12-04 16:00:00-05:00,19.45,19.75,19.27,19.436,5700
2009-12-07 16:00:00-05:00,19.33,19.35,18.5,18.65,10160
2009-12-08 16:00:00-05:00,18.77,19.65,18.5,18.7,5475
2009-12-09 16:00:00-05:00,18.8,18.95,18.7,18.7001,2350
2009-12-10 16:00:00-05:00,18.9,19.14,18.75,19.03,5734
2009-12-11 16:00:00-05:00,19.01,19.01,18.7,18.94,5953
2009-12-14 16:00:00-05:00,18.88,19.2,18.75,18.95,9300
2009-12-15 16:00:00-05:00,18.75,19.19,18.461,18.851,4000
2009-12-16 16:00:00-05:00,19.25,19.46,19.0,19.0,3600
2009-12-17 16:00:00-05:00,19.24,19.5,18.985,19.23,4500
2009-12-18 16:00:00-05:00,19.3,19.3,18.77,18.77,10262
2009-12-21 16:00:00-05:00,18.99,19.2475,18.965,19.19,2263
2009-12-22 16:00:00-05:00,19.13,19.43,18.9201,18.9201,3699
2009-12-23 16:00:00-05:00,18.65,19.0,18.65,18.92,5330
2009-12-24 16:00:00-05:00,18.8,18.8,18.75,18.75,2100
2009-12-25 16:00:00-05:00,0.0,0.0,0.0,18.75,0
2009-12-28 16:00:00-05:00,18.9,18.9,18.52,18.75,7190
2009-12-29 16:00:00-05:00,18.72,19.0,18.51,18.865,5707
2009-12-30 16:00:00-05:00,18.9,19.23,18.8501,19.18,6068
2009-12-31 16:00:00-05:00,19.23,19.47,19.12,19.12,2700
2010-01-01 16:00:00-05:00,0.0,0.0,0.0,19.12,0
2010-01-04 16:00:00-05:00,19.3,19.69,19.3,19.6,5868
2010-01-05 16:00:00-05:00,19.67,19.85,19.67,19.8201,2945
2010-01-06 16:00:00-05:00,19.97,19.99,19.8,19.99,1800
2010-01-07 16:00:00-05:00,19.9,20.05,19.9,20.03,4940
2010-01-08 16:00:00-05:00,19.95,19.96,19.86,19.9,1700
2010-01-11 16:00:00-05:00,19.9,20.09,19.75,20.055,5000
2010-01-12 16:00:00-05:00,19.95,20.09,19.7,20.09,2572
2010-01-13 16:00:00-05:00,20.1,20.1,20.0,20.058,4000
2010-01-14 16:00:00-05:00,20.1,20.24,20.01,20.01,1450
2010-01-15 16:00:00-05:00,20.16,20.16,20.0501,20.08,3016
2010-01-18 16:00:00-05:00,0.0,0.0,0.0,20.08,0
2010-01-19 16:00:00-05:00,20.08,20.08,19.5,19.5001,3120
2010-01-20 16:00:00-05:00,19.3,19.74,19.258,19.54,12375
2010-01-21 16:00:00-05:00,19.45,19.6,19.31,19.31,7200
2010-01-22 16:00:00-05:00,19.59,19.59,19.25,19.5,3100
2010-01-25 16:00:00-05:00,19.52,19.94,19.42,19.905,7800
2010-01-26 16:00:00-05:00,19.6,19.8,19.43,19.66,4100
2010-01-27 16:00:00-05:00,19.38,19.74,19.38,19.39,1900
2010-01-28 16:00:00-05:00,19.5,19.8,19.38,19.52,1712
2010-01-29 16:00:00-05:00,19.73,19.79,19.61,19.61,700
2010-02-01 16:00:00-05:00,19.7,19.7,19.5701,19.64,800
2010-02-02 16:00:00-05:00,19.66,19.9,19.621,19.86,2300
2010-02-03 16:00:00-05:00,19.84,19.95,19.59,19.79,2000
2010-02-04 16:00:00-05:00,19.6,20.1,19.6,20.0801,1762
2010-02-05 16:00:00-05:00,19.99,20.49,19.01,20.49,8827
2010-02-08 16:00:00-05:00,20.4127,20.86,20.41,20.854,2400
2010-02-09 16:00:00-05:00,20.65,21.14,20.26,20.38,12938
2010-02-10 16:00:00-05:00,20.42,20.88,19.5,19.82,13758
2010-02-11 16:00:00-05:00,19.3,19.49,18.21,18.6,19032
2010-02-12 16:00:00-05:00,18.89,19.39,17.94,18.28,16091
2010-02-15 16:00:00-05:00,0.0,0.0,0.0,18.28,0
2010-02-16 16:00:00-05:00,18.06,18.35,18.0,18.045,3000
2010-02-17 16:00:00-05:00,18.05,18.55,17.8,18.354,7745
2010-02-18 16:00:00-05:00,18.41,18.85,18.35,18.85,1669
2010-02-19 16:00:00-05:00,18.75,18.93,18.6301,18.6301,1020
2010-02-22 16:00:00-05:00,18.72,18.88,18.72,18.88,700
2010-02-23 16:00:00-05:00,18.9299,18.93,18.8101,18.8201,2475
2010-02-24 16:00:00-05:00,18.81,18.905,18.57,18.9,1660
2010-02-25 16:00:00-05:00,18.8,18.91,18.795,18.91,950
2010-02-26 16:00:00-05:00,18.65,19.77,18.65,19.52,7980
2010-03-01 16:00:00-05:00,19.6,19.87,18.8,19.52,11535
2010-03-02 16:00:00-05:00,19.61,19.61,18.9,19.0007,4299
2010-03-03 16:00:00-05:00,18.85,19.49,18.735,19.39,3830
2010-03-04 16:00:00-05:00,18.9,19.1999,18.9,19.04,6500
2010-03-05 16:00:00-05:00,19.1,19.8,19.1,19.678,14320
2010-03-08 16:00:00-05:00,21.08,21.08,20.1,20.16,25763
2010-03-09 16:00:00-05:00,20.3,20.495,19.9987,20.27,18068
2010-03-10 16:00:00-05:00,20.42,20.9,20.0115,20.705,3750
2010-03-11 16:00:00-05:00,20.71,20.71,19.2,19.44,16752
2010-03-12 16:00:00-05:00,19.6,19.6,19.261,19.28,5445
2010-03-15 16:00:00-04:00,20.75,20.75,19.635,19.89,15868
2010-03-16 16:00:00-04:00,19.97,20.1,19.6,19.6,1473
2010-03-17 16:00:00-04:00,19.71,19.92,19.53,19.92,3204
2010-03-18 16:00:00-04:00,20.0,20.0,19.672,19.89,3450
2010-03-19 16:00:00-04:00,19.87,20.0,19.62,20.0,5749
2010-03-22 16:00:00-04:00,19.9,20.1,19.65,19.96,4150
2010-03-23 16:00:00-04:00,20.07,20.07,19.8,19.919,810
2010-03-24 16:00:00-04:00,20.06,20.06,20.06,20.06,100
2010-03-25 16:00:00-04:00,20.0,20.1,19.7015,20.1,5206
2010-03-26 16:00:00-04:00,20.1,20.48,20.05,20.3,4007
2010-03-29 16:00:00-04:00,20.2,20.2,19.7115,19.9,3900
2010-03-30 16:00:00-04:00,20.1,20.63,20.0,20.0001,3500
2010-03-31 16:00:00-04:00,20.23,20.23,20.05,20.1,2607
2010-04-01 16:00:00-04:00,20.0,20.14,19.72,19.72,3405
2010-04-02 16:00:00-04:00,0.0,0.0,0.0,19.72,0
2010-04-05 16:00:00-04:00,19.81,19.875,19.81,19.875,1449
2010-04-06 16:00:00-04:00,20.165,20.23,20.11,20.23,1225
2010-04-07 16:00:00-04:00,20.27,20.27,20.2,20.25,5500
2010-04-08 16:00:00-04:00,20.0,20.0,19.4,19.49,7311
2010-04-09 16:00:00-04:00,19.32,19.4985,19.2,19.3444,9230
2010-04-12 16:00:00-04:00,19.49,19.49,18.99,19.05,7000
2010-04-13 16:00:00-04:00,19.25,19.48,19.01,19.48,700
2010-04-14 16:00:00-04:00,19.19,19.19,19.19,19.19,200
2010-04-15 16:00:00-04:00,19.47,19.5,19.11,19.21,990
2010-04-16 16:00:00-04:00,19.2755,19.2755,19.2575,19.2575,300
2010-04-19 16:00:00-04:00,19.4,19.4,19.365,19.365,700
2010-04-20 16:00:00-04:00,19.4,19.4999,19.36,19.49,1216
2010-04-21 16:00:00-04:00,19.4999,19.5,19.37,19.4599,1900
2010-04-22 16:00:00-04:00,19.345,19.35,19.34,19.35,1150
2010-04-23 16:00:00-04:00,19.19,19.5,19.01,19.06,4000
2010-04-26 16:00:00-04:00,19.45,19.45,19.4499,19.4499,200
2010-04-27 16:00:00-04:00,19.5,19.5,19.3,19.3001,1100
2010-04-28 16:00:00-04:00,19.215,19.4999,19.215,19.35,1400
2010-04-29 16:00:00-04:00,19.5,19.5,19.2,19.2,1600
2010-04-30 16:00:00-04:00,19.2,19.5,19.2,19.4599,6337
2010-05-03 16:00:00-04:00,19.29,20.0,19.09,19.35,6948
2010-05-04 16:00:00-04:00,19.51,19.54,19.51,19.54,700
2010-05-05 16:00:00-04:00,19.0,19.5,18.98,18.98,8700
2010-05-06 16:00:00-04:00,19.14,19.15,18.1,18.435,7850
2010-05-07 16:00:00-04:00,18.62,18.64,18.45,18.45,1319
2010-05-10 16:00:00-04:00,18.64,19.87,18.64,19.87,1918
2010-05-11 16:00:00-04:00,20.35,20.35,19.52,19.52,6746
2010-05-12 16:00:00-04:00,19.75,20.1,19.15,19.36,3000
2010-05-13 16:00:00-04:00,18.52,19.01,18.5,18.975,2750
2010-05-14 16:00:00-04:00,18.56,18.85,18.46,18.56,13220
2010-05-17 16:00:00-04:00,18.83,19.0,18.7,18.7235,1775
2010-05-18 16:00:00-04:00,18.86,19.0,18.86,19.0,4316
2010-05-19 16:00:00-04:00,19.2,19.2,18.915,18.93,1122
2010-05-20 16:00:00-04:00,18.85,18.85,18.51,18.51,3980
2010-05-21 16:00:00-04:00,18.22,19.035,18.22,19.035,1170
2010-05-24 16:00:00-04:00,18.99,18.99,18.901,18.95,1300
2010-05-25 16:00:00-04:00,19.0,19.0,18.59,18.6,3750
2010-05-26 16:00:00-04:00,19.1,19.1,18.71,19.1,700
2010-05-27 16:00:00-04:00,19.1,19.1301,19.1,19.1,1100
2010-05-28 16:00:00-04:00,19.15,19.15,18.77,18.77,400
2010-05-31 16:00:00-04:00,0.0,0.0,0.0,18.77,0
2010-06-01 16:00:00-04:00,19.12,19.12,18.8,18.8,1700
2010-06-02 16:00:00-04:00,18.65,19.08,18.5,19.08,1800
2010-06-03 16:00:00-04:00,18.8,18.8,18.51,18.7615,1800
2010-06-04 16:00:00-04:00,18.78,18.8,18.56,18.56,886
2010-06-07 16:00:00-04:00,18.79,18.79,18.5,18.545,1500
2010-06-08 16:00:00-04:00,18.98,18.98,18.56,18.6,9824
2010-06-09 16:00:00-04:00,19.05,19.05,18.58,18.58,1622
2010-06-10 16:00:00-04:00,19.08,19.1999,19.08,19.1999,600
2010-06-11 16:00:00-04:00,19.0,19.62,18.6,19.06,8536
2010-06-14 16:00:00-04:00,19.06,19.07,18.63,19.008,2000
2010-06-15 16:00:00-04:00,18.81,18.82,18.65,18.65,1700
2010-06-16 16:00:00-04:00,18.71,18.96,18.6999,18.96,2300
2010-06-17 16:00:00-04:00,19.04,19.05,18.65,18.65,463
2010-06-18 16:00:00-04:00,18.0,18.0,18.0,18.0,0
2010-06-21 16:00:00-04:00,18.68,18.89,18.65,18.89,2100
2010-06-22 16:00:00-04:00,18.809,18.98,18.63,18.63,8985
2010-06-23 16:00:00-04:00,18.5,18.6999,18.5,18.6999,1400
2010-06-24 16:00:00-04:00,18.35,18.35,18.35,18.35,0
2010-06-25 16:00:00-04:00,18.7,18.99,18.6,18.99,2117
2010-06-28 16:00:00-04:00,18.88,18.88,18.7,18.7,575
2010-06-29 16:00:00-04:00,18.45,18.5,18.4,18.5,800
2010-06-30 16:00:00-04:00,18.8,18.89,18.4,18.86,975
2010-07-01 16:00:00-04:00,18.53,18.53,18.5,18.5,300
2010-07-02 16:00:00-04:00,18.55,18.55,18.4,18.5485,2010
2010-07-05 16:00:00-04:00,0.0,0.0,0.0,18.5485,0
2010-07-06 16:00:00-04:00,18.41,18.5,18.4,18.4,4157
2010-07-07 16:00:00-04:00,18.8,18.8,18.78,18.78,200
2010-07-08 16:00:00-04:00,18.5,18.8,18.5,18.75,4902
2010-07-09 16:00:00-04:00,18.65,18.79,18.65,18.79,300
2010-07-12 16:00:00-04:00,18.79,18.99,18.45,18.45,7474
2010-07-13 16:00:00-04:00,17.02,17.02,17.02,17.02,0
2010-07-14 16:00:00-04:00,18.14,18.79,18.14,18.78,3001
2010-07-15 16:00:00-04:00,18.47,18.785,18.25,18.25,800
2010-07-16 16:00:00-04:00,18.21,18.8,18.21,18.64,3281
2010-07-19 16:00:00-04:00,18.86,18.99,18.75,18.99,1100
2010-07-20 16:00:00-04:00,19.3,19.3,19.3,19.3,500
2010-07-21 16:00:00-04:00,19.45,19.6,18.13,19.6,3498
2010-07-22 16:00:00-04:00,19.85,19.96,19.47,19.47,1920
2010-07-23 16:00:00-04:00,19.32,20.0,19.32,19.87,606
2010-07-26 16:00:00-04:00,19.535,19.576,19.16,19.576,2512
2010-07-27 16:00:00-04:00,17.16,17.16,17.16,17.16,0
2010-07-28 16:00:00-04:00,17.34,17.34,17.34,17.34,0
2010-07-29 16:00:00-04:00,18.9,19.305,18.52,18.55,1650
2010-07-30 16:00:00-04:00,18.9,19.0,18.9,19.0,300
2010-08-02 16:00:00-04:00,18.9335,18.9335,18.9199,18.92,1600
2010-08-03 16:00:00-04:00,19.0,19.0,18.7815,19.0,500
2010-08-04 16:00:00-04:00,18.7,18.7,18.7,18.7,0
2010-08-05 16:00:00-04:00,18.85,19.24,18.85,19.24,3576
2010-08-06 16:00:00-04:00,19.04,19.16,19.04,19.16,400
2010-08-09 16:00:00-04:00,18.7,18.7,18.7,18.7,0
2010-08-10 16:00:00-04:00,19.1,19.1,19.01,19.01,200
2010-08-11 16:00:00-04:00,19.03,19.06,18.9999,19.0,991
2010-08-12 16:00:00-04:00,18.65,19.14,18.65,19.13,700
2010-08-13 16:00:00-04:00,19.51,19.51,19.51,19.51,100
2010-08-16 16:00:00-04:00,18.81,19.045,18.51,19.045,1080
2010-08-17 16:00:00-04:00,19.02,19.04,19.01,19.04,1100
2010-08-18 16:00:00-04:00,19.03,19.19,19.03,19.19,1450
2010-08-19 16:00:00-04:00,19.1655,19.2,19.1655,19.1999,600
2010-08-20 16:00:00-04:00,19.08,19.298,19.08,19.21,8567
2010-08-23 16:00:00-04:00,19.245,19.49,19.245,19.49,1050
2010-08-24 16:00:00-04:00,18.88,19.56,18.88,19.5,24925
2010-08-25 16:00:00-04:00,19.25,19.5,19.25,19.5,4850
2010-08-26 16:00:00-04:00,19.25,19.27,19.25,19.26,2265
2010-08-27 16:00:00-04:00,19.26,19.65,19.25,19.405,3300
2010-08-30 16:00:00-04:00,19.28,19.4125,19.28,19.41,1050
2010-08-31 16:00:00-04:00,19.25,19.34,19.25,19.32,3752
2010-09-01 16:00:00-04:00,19.5199,19.65,19.25,19.25,3610
2010-09-02 16:00:00-04:00,19.45,19.57,19.32,19.32,2400
2010-09-03 16:00:00-04:00,19.6499,19.7,19.2,19.7,3611
2010-09-06 16:00:00-04:00,0.0,0.0,0.0,19.7,0
2010-09-07 16:00:00-04:00,19.65,20.0,19.5,19.868,4226
2010-09-08 16:00:00-04:00,20.7,21.0,20.01,20.951,28960
2010-09-09 16:00:00-04:00,20.98,20.98,20.6,20.6,5640
2010-09-10 16:00:00-04:00,20.7,20.8,20.5,20.789,9820
2010-09-13 16:00:00-04:00,20.69,21.2,20.6,21.2,10588
2010-09-14 16:00:00-04:00,21.2085,21.98,21.2,21.9,7030
2010-09-15 16:00:00-04:00,22.15,22.15,21.5,21.5,4225
2010-09-16 16:00:00-04:00,21.76,21.76,21.36,21.71,1805
2010-09-17 16:00:00-04:00,21.535,21.725,21.5,21.6899,3904
2010-09-20 16:00:00-04:00,21.5,22.25,21.5,22.25,8250
2010-09-21 16:00:00-04:00,21.905,22.5,21.784,21.784,2080
2010-09-22 16:00:00-04:00,21.78,21.78,21.5,21.5,1946
2010-09-23 16:00:00-04:00,22.08,22.1,21.75,21.9,3789
2010-09-24 16:00:00-04:00,21.99,22.0,21.25,21.25,6228
2010-09-27 16:00:00-04:00,21.65,22.24,21.4999,22.05,6589
2010-09-28 16:00:00-04:00,22.1,22.1,21.35,21.35,5953
2010-09-29 16:00:00-04:00,21.05,21.65,21.05,21.635,1000
2010-09-30 16:00:00-04:00,21.52,21.78,21.5,21.6,5744
2010-10-01 16:00:00-04:00,21.515,22.2,21.5,22.2,1775
2010-10-04 16:00:00-04:00,22.21,23.5899,22.21,23.28,14317
2010-10-05 16:00:00-04:00,23.75,23.75,23.235,23.417,13239
2010-10-06 16:00:00-04:00,23.53,23.53,22.39,23.035,12431
2010-10-07 16:00:00-04:00,22.67,22.99,22.4,22.895,2500
2010-10-08 16:00:00-04:00,22.89,23.2,22.89,23.02,6405
2010-10-11 16:00:00-04:00,23.9,23.9,23.15,23.4999,13435
2010-10-12 16:00:00-04:00,23.5,24.3,23.36,24.3,10151
2010-10-13 16:00:00-04:00,24.35,24.5,23.966,24.0,10639
2010-10-14 16:00:00-04:00,24.02,24.02,23.79,23.98,5635
2010-10-15 16:00:00-04:00,23.815,24.0,23.815,24.0,6815
2010-10-18 16:00:00-04:00,23.97,24.0,23.85,24.0,7371
2010-10-19 16:00:00-04:00,23.83,24.38,23.83,24.2,7818
2010-10-20 16:00:00-04:00,24.38,24.38,24.0,24.38,4824
2010-10-21 16:00:00-04:00,24.39,24.39,24.19,24.22,5459
2010-10-22 16:00:00-04:00,24.035,24.35,24.0,24.1,2046
2010-10-25 16:00:00-04:00,24.35,24.36,24.05,24.27,5484
2010-10-26 16:00:00-04:00,24.38,24.4,24.13,24.4,5310
2010-10-27 16:00:00-04:00,24.365,24.365,23.7501,23.85,7315
2010-10-28 16:00:00-04:00,23.78,24.27,23.78,24.25,2100
2010-10-29 16:00:00-04:00,24.25,24.35,24.0,24.35,2181
2010-11-01 16:00:00-04:00,23.75,24.205,23.75,23.954,10062
2010-11-02 16:00:00-04:00,23.85,24.3,23.76,24.25,12370
2010-11-03 16:00:00-04:00,24.0,24.25,23.995,24.05,4890
2010-11-04 16:00:00-04:00,24.0,24.29,23.8001,23.93,8274
2010-11-05 16:00:00-04:00,23.75,24.24,23.75,24.0,5283
2010-11-08 16:00:00-05:00,24.09,24.2,23.95,24.18,6738
2010-11-09 16:00:00-05:00,23.93,24.1999,23.79,23.79,3100
2010-11-10 16:00:00-05:00,23.99,24.249,23.81,24.0,3868
2010-11-11 16:00:00-05:00,23.65,24.2,23.65,24.0,1600
2010-11-12 16:00:00-05:00,23.81,24.0,23.75,23.75,4199
2010-11-15 16:00:00-05:00,23.76,24.239,23.76,24.215,2651
2010-11-16 16:00:00-05:00,24.0,24.0,23.511,23.8,3680
2010-11-17 16:00:00-05:00,23.8,24.31,23.7801,24.0,2760
2010-11-18 16:00:00-05:00,23.56,24.1,23.56,23.86,3625
2010-11-19 16:00:00-05:00,23.98,24.1,23.8001,23.95,700
2010-11-22 16:00:00-05:00,24.5,24.96,24.1,24.48,4563
2010-11-23 16:00:00-05:00,24.8,25.25,24.545,24.91,18833
2010-11-24 16:00:00-05:00,25.18,25.58,24.8,25.22,9046
2010-11-26 16:00:00-05:00,25.34,25.829,25.15,25.56,5060
2010-11-29 16:00:00-05:00,25.7,25.7,25.33,25.5,9352
2010-11-30 16:00:00-05:00,25.5,25.6,25.465,25.55,9519
2010-12-01 16:00:00-05:00,23.85,24.01,23.57,23.696,5850
2010-12-02 16:00:00-05:00,23.65,24.0,22.17,22.36,11093
2010-12-03 16:00:00-05:00,22.0,22.0001,21.01,21.605,15007
2010-12-06 16:00:00-05:00,21.0,21.9,21.0,21.9,10963
2010-12-07 16:00:00-05:00,21.76,22.2,21.65,22.19,4410
2010-12-08 16:00:00-05:00,22.125,22.45,21.5,21.9,3330
2010-12-09 16:00:00-05:00,21.53,22.7,21.501,22.7,2674
2010-12-10 16:00:00-05:00,22.89,23.25,22.89,23.25,1661
2010-12-13 16:00:00-05:00,23.73,23.73,22.63,22.97,4095
2010-12-14 16:00:00-05:00,23.5,23.95,23.44,23.62,4208
2010-12-15 16:00:00-05:00,23.9256,23.95,23.2,23.79,3020
2010-12-16 16:00:00-05:00,23.5,23.5,23.0101,23.25,1500
2010-12-17 16:00:00-05:00,23.2499,23.2499,23.1,23.1,300
2010-12-20 16:00:00-05:00,22.75,23.94,22.75,23.23,4368
2010-12-21 16:00:00-05:00,22.66,23.15,22.14,22.66,2610
2010-12-22 16:00:00-05:00,22.75,23.26,22.75,22.76,2066
2010-12-23 16:00:00-05:00,23.09,23.95,22.82,23.52,8017
2010-12-27 16:00:00-05:00,23.9,23.95,23.1,23.885,4401
2010-12-28 16:00:00-05:00,23.25,23.6,23.22,23.22,867
2010-12-29 16:00:00-05:00,23.69,23.7,23.2,23.2001,2093
2010-12-30 16:00:00-05:00,24.0,24.0,23.1,23.76,3948
2010-12-31 16:00:00-05:00,21.13,21.13,21.13,21.13,0
2011-01-03 16:00:00-05:00,23.75,23.75,23.5999,23.6,1638
2011-01-04 16:00:00-05:00,23.76,23.76,23.4801,23.71,2364
2011-01-05 16:00:00-05:00,23.2501,23.519,23.25,23.519,950
2011-01-06 16:00:00-05:00,23.1001,23.75,22.72,23.75,3860
2011-01-07 16:00:00-05:00,23.0,23.57,22.51,23.24,2140
2011-01-10 16:00:00-05:00,22.9,23.28,22.9,23.0,1475
2011-01-11 16:00:00-05:00,23.745,23.745,22.9,23.55,2466
2011-01-12 16:00:00-05:00,24.0,24.0,23.64,24.0,2800
2011-01-13 16:00:00-05:00,24.0,24.0,23.53,23.81,4154
2011-01-14 16:00:00-05:00,23.75,24.0,23.28,23.2901,2619
2011-01-18 16:00:00-05:00,22.97,23.4799,22.5,23.43,910
2011-01-19 16:00:00-05:00,23.31,23.31,22.91,22.95,3630
2011-01-20 16:00:00-05:00,22.98,23.05,22.01,22.25,14846
2011-01-21 16:00:00-05:00,23.1,23.342,21.17,21.31,10130
2011-01-24 16:00:00-05:00,21.5,21.5,20.0,20.54,8343
2011-01-25 16:00:00-05:00,20.5,20.5,20.0,20.28,14961
2011-01-26 16:00:00-05:00,20.3,20.5,19.5,20.5,16445
2011-01-27 16:00:00-05:00,21.0,21.25,21.0,21.11,2301
2011-01-28 16:00:00-05:00,21.19,21.2,20.77,21.0,1150
2011-01-31 16:00:00-05:00,20.52,21.87,20.5,21.62,4849
2011-02-01 16:00:00-05:00,22.9,23.0,21.53,21.57,7448
2011-02-02 16:00:00-05:00,21.58,21.99,21.53,21.65,3552
2011-02-03 16:00:00-05:00,21.65,22.272,21.65,22.13,1000
2011-02-04 16:00:00-05:00,22.13,22.49,21.65,22.23,7794
2011-02-07 16:00:00-05:00,22.93,23.0,22.5,22.66,3493
2011-02-08 16:00:00-05:00,23.0,23.2,23.0,23.2,5160
2011-02-09 16:00:00-05:00,23.36,23.6499,23.2,23.6499,1300
2011-02-10 16:00:00-05:00,23.5,23.66,23.5,23.65,2999
2011-02-11 16:00:00-05:00,23.6,24.0,23.2501,24.0,9038
2011-02-14 16:00:00-05:00,23.55,23.75,23.52,23.52,2501
2011-02-15 16:00:00-05:00,23.66,24.0,23.66,23.75,3572
2011-02-16 16:00:00-05:00,23.66,24.2,23.66,23.93,2950
2011-02-17 16:00:00-05:00,24.06,24.4,24.06,24.17,4900
2011-02-18 16:00:00-05:00,24.2,24.2,24.0,24.149,3140
2011-02-22 16:00:00-05:00,24.25,24.25,23.95,24.16,814
2011-02-23 16:00:00-05:00,23.7,24.189,23.66,24.02,1390
2011-02-24 16:00:00-05:00,19.7,19.7,19.7,19.7,0
2011-02-25 16:00:00-05:00,23.55,23.58,23.55,23.55,1400
2011-02-28 16:00:00-05:00,23.75,23.75,22.09,22.96,3055
2011-03-01 16:00:00-05:00,22.45,22.84,22.0,22.17,3113
2011-03-02 16:00:00-05:00,22.0,22.7,21.521,22.548,4975
2011-03-03 16:00:00-05:00,22.82,23.97,22.82,23.97,6965
2011-03-04 16:00:00-05:00,24.1,24.39,23.7601,24.25,1830
2011-03-07 16:00:00-05:00,24.4,24.77,23.79,24.265,7812
2011-03-08 16:00:00-05:00,23.85,25.03,23.85,25.03,4353
2011-03-09 16:00:00-05:00,25.45,25.87,25.07,25.09,10915
2011-03-10 16:00:00-05:00,25.4,25.67,24.911,25.23,1650
2011-03-11 16:00:00-05:00,25.22,25.45,24.96,24.96,2350
2011-03-14 16:00:00-04:00,24.96,25.5599,24.0025,24.04,3140
2011-03-15 16:00:00-04:00,23.52,23.54,21.86,23.41,8070
2011-03-16 16:00:00-04:00,23.46,23.46,22.76,22.76,1300
2011-03-17 16:00:00-04:00,22.99,23.41,22.53,23.25,600
2011-03-18 16:00:00-04:00,23.45,23.859,22.9601,23.0,1070
2011-03-21 16:00:00-04:00,23.7,23.89,23.27,23.34,2461
2011-03-22 16:00:00-04:00,23.4,23.94,23.4,23.4,1661
2011-03-23 16:00:00-04:00,23.42,24.9717,23.42,24.67,2900
2011-03-24 16:00:00-04:00,24.67,25.0,24.67,24.75,3525
2011-03-25 16:00:00-04:00,25.24,25.27,24.75,24.75,1548
2011-03-28 16:00:00-04:00,24.75,25.17,24.7,24.99,2390
2011-03-29 16:00:00-04:00,20.49,20.49,20.49,20.49,0
2011-03-30 16:00:00-04:00,25.12,25.12,24.8,24.9,1956
2011-03-31 16:00:00-04:00,24.98,24.98,24.568,24.96,2172
2011-04-01 16:00:00-04:00,25.08,25.1,24.94,24.94,890
2011-04-04 16:00:00-04:00,24.4,24.89,24.4,24.89,650
2011-04-05 16:00:00-04:00,24.8,25.0,24.8,24.9999,800
2011-04-06 16:00:00-04:00,24.8,24.851,24.78,24.8,6178
2011-04-07 16:00:00-04:00,24.8,24.8,24.8,24.8,1033
2011-04-08 16:00:00-04:00,25.0,25.0,24.8,25.0,1283
2011-04-11 16:00:00-04:00,24.52,24.69,24.52,24.69,400
2011-04-12 16:00:00-04:00,24.6,25.0,24.5,24.5,617
2011-04-13 16:00:00-04:00,24.5001,25.05,24.5,24.9,1600
2011-04-14 16:00:00-04:00,24.73,24.99,24.5,24.8,3208
2011-04-15 16:00:00-04:00,24.95,24.95,24.1301,24.6,2300
2011-04-18 16:00:00-04:00,24.97,25.0,24.48,24.84,2344
2011-04-19 16:00:00-04:00,24.91,24.91,24.91,24.91,330
2011-04-20 16:00:00-04:00,25.05,25.05,24.85,25.0,4751
2011-04-21 16:00:00-04:00,25.1,26.45,24.7895,26.0,34517
2011-04-25 16:00:00-04:00,26.85,27.25,26.5,26.9999,15429
2011-04-26 16:00:00-04:00,27.25,27.93,26.7,26.7,9959
2011-04-27 16:00:00-04:00,27.53,27.53,27.07,27.26,3221
2011-04-28 16:00:00-04:00,27.26,27.5,27.26,27.36,4977
2011-04-29 16:00:00-04:00,27.35,27.5,26.64,27.2,6254
2011-05-02 16:00:00-04:00,27.48,27.8,27.35,27.7,4489
2011-05-03 16:00:00-04:00,29.2,29.2,27.7616,27.8,10949
2011-05-04 16:00:00-04:00,28.0,28.577,27.5,27.5001,2766
2011-05-05 16:00:00-04:00,27.5,27.5,26.5,26.9,5419
2011-05-06 16:00:00-04:00,27.01,27.6891,26.5,27.6891,2715
2011-05-09 16:00:00-04:00,27.98,28.35,27.29,28.2099,2754
2011-05-10 16:00:00-04:00,27.57,28.65,27.5,28.06,3745
2011-05-11 16:00:00-04:00,27.68,29.04,27.65,27.65,3735
2011-05-12 16:00:00-04:00,27.6499,28.05,27.51,27.51,2015
2011-05-13 16:00:00-04:00,28.01,28.6999,27.968,27.968,1720
2011-05-16 16:00:00-04:00,27.9,28.67,27.9,28.0,4468
2011-05-17 16:00:00-04:00,28.39,28.489,27.8,28.0,3019
2011-05-18 16:00:00-04:00,28.3,28.3,27.98,28.04,5615
2011-05-19 16:00:00-04:00,28.05,28.05,27.93,27.95,4768
2011-05-20 16:00:00-04:00,28.0,28.05,27.85,28.05,1260
2011-05-23 16:00:00-04:00,28.0,28.04,27.35,27.72,3428
2011-05-24 16:00:00-04:00,28.0,28.0,27.0,27.55,7063
2011-05-25 16:00:00-04:00,27.31,28.0,27.11,27.55,3258
2011-05-26 16:00:00-04:00,27.5,28.0,27.01,27.7,3800
2011-05-27 16:00:00-04:00,27.51,27.7599,27.101,27.6,1480
2011-05-31 16:00:00-04:00,27.81,27.925,27.4901,27.85,5888
2011-06-01 16:00:00-04:00,27.43,27.614,27.0,27.42,6160
2011-06-02 16:00:00-04:00,27.05,27.05,27.0,27.0,1000
2011-06-03 16:00:00-04:00,26.83,27.519,26.83,27.23,1140
2011-06-06 16:00:00-04:00,26.85,26.85,25.82,25.82,9064
2011-06-07 16:00:00-04:00,25.82,25.83,23.85,24.1,14835
2011-06-08 16:00:00-04:00,24.08,24.47,23.22,23.77,7126
2011-06-09 16:00:00-04:00,23.57,24.29,23.57,24.061,1485
2011-06-10 16:00:00-04:00,24.0,24.49,23.5,24.1101,9620
2011-06-13 16:00:00-04:00,24.21,24.98,24.18,24.98,7597
2011-06-14 16:00:00-04:00,24.92,25.44,24.8,25.07,4921
2011-06-15 16:00:00-04:00,25.12,25.38,25.06,25.2,4298
2011-06-16 16:00:00-04:00,25.14,25.3,25.1,25.25,900
2011-06-17 16:00:00-04:00,25.25,25.29,24.5,25.06,2883
2011-06-20 16:00:00-04:00,25.06,25.27,24.56,25.1,3521
2011-06-21 16:00:00-04:00,25.1,25.24,24.24,24.35,7851
2011-06-22 16:00:00-04:00,24.02,24.39,24.0,24.03,4614
2011-06-23 16:00:00-04:00,24.1,24.1,23.69,23.95,1911
2011-06-24 16:00:00-04:00,24.12,24.22,23.681,24.07,1202
2011-06-27 16:00:00-04:00,24.67,24.72,24.2809,24.7,1702
2011-06-28 16:00:00-04:00,23.54,24.54,23.54,24.492,9594
2011-06-29 16:00:00-04:00,24.19,24.5,24.19,24.5,900
2011-06-30 16:00:00-04:00,24.5,24.69,24.3,24.68,2701
2011-07-01 16:00:00-04:00,24.67,25.3,24.18,25.3,3252
2011-07-05 16:00:00-04:00,25.53,26.7,25.53,26.35,8543
2011-07-06 16:00:00-04:00,26.35,27.0,26.35,26.35,3033
2011-07-07 16:00:00-04:00,26.35,26.81,26.35,26.54,2229
2011-07-08 16:00:00-04:00,26.5,26.5,25.59,26.0,8100
2011-07-11 16:00:00-04:00,26.06,26.06,25.3,25.3,23806
2011-07-12 16:00:00-04:00,24.92,25.19,24.3008,24.92,2560
2011-07-13 16:00:00-04:00,24.92,25.83,24.75,25.52,3900
2011-07-14 16:00:00-04:00,25.97,26.55,24.35,24.97,4084
2011-07-15 16:00:00-04:00,25.2,25.28,24.623,24.88,2252
2011-07-18 16:00:00-04:00,24.88,25.05,24.88,25.0,1982
2011-07-19 16:00:00-04:00,25.28,26.24,25.28,25.69,3315
2011-07-20 16:00:00-04:00,25.91,26.06,25.42,25.9,1335
2011-07-21 16:00:00-04:00,25.45,25.47,25.02,25.3775,1600
2011-07-22 16:00:00-04:00,24.85,24.85,24.85,24.85,0
2011-07-25 16:00:00-04:00,24.85,25.35,24.65,24.9,5136
2011-07-26 16:00:00-04:00,25.08,25.2099,24.95,24.95,570
2011-07-27 16:00:00-04:00,24.78,25.14,24.78,24.996,2435
2011-07-28 16:00:00-04:00,25.09,25.14,24.85,25.11,400
2011-07-29 16:00:00-04:00,25.11,25.1425,25.1,25.1425,625
2011-08-01 16:00:00-04:00,25.32,25.32,24.9001,25.07,600
2011-08-02 16:00:00-04:00,24.91,25.24,24.9,25.09,600
2011-08-03 16:00:00-04:00,25.29,25.29,24.12,24.676,2358
2011-08-04 16:00:00-04:00,24.48,24.66,21.79,22.06,10875
2011-08-05 16:00:00-04:00,21.5,22.48,21.1,22.4699,6201
2011-08-08 16:00:00-04:00,20.4,21.47,19.4,20.55,15149
2011-08-09 16:00:00-04:00,20.66,21.612,20.55,21.38,5121
2011-08-10 16:00:00-04:00,22.01,22.93,21.5,22.233,2976
2011-08-11 16:00:00-04:00,21.57,23.0,21.57,23.0,1156
2011-08-12 16:00:00-04:00,23.4,23.4,23.4,23.4,370
2011-08-15 16:00:00-04:00,23.72,24.21,23.72,24.01,2435
2011-08-16 16:00:00-04:00,23.69,24.1,23.25,23.85,1005
2011-08-17 16:00:00-04:00,23.9,23.95,23.89,23.89,400
2011-08-18 16:00:00-04:00,24.03,24.99,24.03,24.99,1387
2011-08-19 16:00:00-04:00,25.0,25.32,24.28,24.48,7541
2011-08-22 16:00:00-04:00,24.66,25.319,24.48,24.95,882
2011-08-23 16:00:00-04:00,24.95,24.95,24.95,24.95,100
2011-08-24 16:00:00-04:00,24.9,25.3199,23.991,24.8,2423
2011-08-25 16:00:00-04:00,25.0258,25.06,25.0,25.0,672
2011-08-26 16:00:00-04:00,25.17,25.17,25.1,25.1,300
2011-08-29 16:00:00-04:00,25.1,25.3125,25.1,25.1,1046
2011-08-30 16:00:00-04:00,25.23,25.5425,25.0,25.25,6296
2011-08-31 16:00:00-04:00,25.52,25.94,25.0,25.94,1500
2011-09-01 16:00:00-04:00,25.2,25.47,24.99,25.0,2019
2011-09-02 16:00:00-04:00,25.1999,25.1999,25.1999,25.1999,100
2011-09-06 16:00:00-04:00,25.2,25.2,24.51,24.51,300
2011-09-07 16:00:00-04:00,23.89,25.37,23.21,25.03,3984
2011-09-08 16:00:00-04:00,24.74,24.84,24.35,24.84,2157
2011-09-09 16:00:00-04:00,24.48,24.84,24.25,24.84,3202
2011-09-12 16:00:00-04:00,24.65,24.65,23.9701,24.58,700
2011-09-13 16:00:00-04:00,24.3101,24.73,24.3101,24.59,1325
2011-09-14 16:00:00-04:00,24.72,24.72,24.54,24.54,317
2011-09-15 16:00:00-04:00,24.6,24.6,24.11,24.13,1443
2011-09-16 16:00:00-04:00,19.79,19.79,19.79,19.79,0
2011-09-19 16:00:00-04:00,23.2401,24.147,23.2401,24.077,1660
2011-09-20 16:00:00-04:00,24.7,24.7,24.372,24.372,765
2011-09-21 16:00:00-04:00,24.06,24.3999,23.73,23.73,3000
2011-09-22 16:00:00-04:00,23.96,24.45,23.9399,23.94,3728
2011-09-23 16:00:00-04:00,23.94,24.284,23.7,24.065,2300
2011-09-26 16:00:00-04:00,23.95,24.8,23.95,24.06,6443
2011-09-27 16:00:00-04:00,24.7,25.01,23.98,24.05,4020
2011-09-28 16:00:00-04:00,24.5,24.5,22.7,22.94,8461
2011-09-29 16:00:00-04:00,23.02,23.15,22.94,23.1,8080
2011-09-30 16:00:00-04:00,23.2,23.47,23.19,23.19,503
2011-10-03 16:00:00-04:00,23.46,23.46,20.03,20.489,6359
2011-10-04 16:00:00-04:00,20.48,23.25,19.8,21.85,13970
2011-10-05 16:00:00-04:00,22.42,22.964,22.42,22.81,1050
2011-10-06 16:00:00-04:00,22.3,23.61,22.1,23.49,3953
2011-10-07 16:00:00-04:00,23.35,23.6,21.85,23.1,4210
2011-10-10 16:00:00-04:00,22.95,23.66,22.89,23.38,1737
2011-10-11 16:00:00-04:00,22.97,23.65,22.97,23.0,1205
2011-10-12 16:00:00-04:00,23.06,23.63,23.05,23.39,880
2011-10-13 16:00:00-04:00,23.4,23.4,22.576,23.29,6350
2011-10-14 16:00:00-04:00,23.4,23.5,22.75,23.5,2270
2011-10-17 16:00:00-04:00,23.66,23.66,23.17,23.66,1340
2011-10-18 16:00:00-04:00,23.63,23.75,23.5,23.75,6150
2011-10-19 16:00:00-04:00,23.6,23.6,23.11,23.52,1123
2011-10-20 16:00:00-04:00,23.45,23.45,23.42,23.42,300
2011-10-21 16:00:00-04:00,23.34,23.57,23.32,23.5,7061
2011-10-24 16:00:00-04:00,23.5,24.25,23.5,24.0,8806
2011-10-25 16:00:00-04:00,23.26,24.0,23.26,24.0,795
2011-10-26 16:00:00-04:00,24.0,24.0,23.55,23.55,1800
2011-10-27 16:00:00-04:00,23.6,24.09,23.6,24.09,4125
2011-10-28 16:00:00-04:00,23.75,24.0,23.51,23.91,1970
2011-10-31 16:00:00-04:00,24.0,24.2,23.34,24.2,5325
2011-11-01 16:00:00-04:00,24.5,24.5,23.52,23.52,1800
2011-11-02 16:00:00-04:00,24.25,24.92,24.07,24.46,910
2011-11-03 16:00:00-04:00,24.75,25.2,24.28,25.2,3609
2011-11-04 16:00:00-04:00,24.98,24.98,24.8,24.8,1645
2011-11-07 16:00:00-05:00,24.55,25.02,24.55,25.02,1800
2011-11-08 16:00:00-05:00,24.94,25.5,24.8,25.2,6136
2011-11-09 16:00:00-05:00,25.16,25.49,24.57,24.75,5978
2011-11-10 16:00:00-05:00,24.75,25.49,24.4501,24.98,800
2011-11-11 16:00:00-05:00,25.01,25.01,23.7,24.47,11874
2011-11-14 16:00:00-05:00,24.25,25.17,24.07,24.98,20846
2011-11-15 16:00:00-05:00,24.7,25.4,24.6,24.85,8472
2011-11-16 16:00:00-05:00,24.85,24.952,24.3,24.952,9298
2011-11-17 16:00:00-05:00,24.93,24.93,24.55,24.57,2217
2011-11-18 16:00:00-05:00,25.0,25.0,24.75,24.95,4420
2011-11-21 16:00:00-05:00,25.0,25.3,24.72,25.04,8676
2011-11-22 16:00:00-05:00,25.4599,25.4599,24.5,24.76,17980
2011-11-23 16:00:00-05:00,24.6,25.4,24.6,25.21,6902
2011-11-25 16:00:00-05:00,25.06,25.06,24.96,24.9999,1860
2011-11-28 16:00:00-05:00,25.39,25.54,24.65,24.9475,11406
2011-11-29 16:00:00-05:00,25.19,25.51,24.65,24.9,17405
2011-11-30 16:00:00-05:00,24.08,24.08,23.2501,23.75,8069
2011-12-01 16:00:00-05:00,23.75,23.75,23.336,23.75,905
2011-12-02 16:00:00-05:00,23.53,23.72,23.3,23.72,1251
2011-12-05 16:00:00-05:00,23.97,24.85,23.1145,23.1145,4859
2011-12-06 16:00:00-05:00,23.11,23.8599,23.02,23.17,8261
2011-12-07 16:00:00-05:00,23.26,23.81,23.26,23.29,1600
2011-12-08 16:00:00-05:00,23.46,23.46,23.0,23.2499,1150
2011-12-09 16:00:00-05:00,23.25,23.41,22.87,22.88,8726
2011-12-12 16:00:00-05:00,22.77,23.1599,22.51,22.69,8457
2011-12-13 16:00:00-05:00,22.98,23.0,22.47,22.98,996
2011-12-14 16:00:00-05:00,22.4702,22.55,22.22,22.55,4253
2011-12-15 16:00:00-05:00,22.36,22.9,22.0,22.0,3793
2011-12-16 16:00:00-05:00,22.22,22.6,22.1,22.6,600
2011-12-19 16:00:00-05:00,22.72,23.0,22.06,22.65,6990
2011-12-20 16:00:00-05:00,22.62,22.85,22.62,22.742,2853
2011-12-21 16:00:00-05:00,22.55,22.84,22.43,22.43,1872
2011-12-22 16:00:00-05:00,22.85,23.92,22.54,22.81,4951
2011-12-23 16:00:00-05:00,23.0,24.38,22.5208,23.92,6726
2011-12-27 16:00:00-05:00,24.12,24.12,23.53,23.71,1158
2011-12-28 16:00:00-05:00,23.5001,23.95,23.5001,23.76,1100
2011-12-29 16:00:00-05:00,23.61,24.05,22.85,23.35,8074
2011-12-30 16:00:00-05:00,23.42,23.42,22.825,23.31,2892
2012-01-03 16:00:00-05:00,23.77,23.8,23.3,23.59,1145
2012-01-04 16:00:00-05:00,23.49,23.49,22.8,22.8,1572
2012-01-05 16:00:00-05:00,22.6,22.94,22.04,22.07,3818
2012-01-06 16:00:00-05:00,22.07,22.5,22.021,22.12,3605
2012-01-09 16:00:00-05:00,22.12,22.25,22.0,22.2,1182
2012-01-10 16:00:00-05:00,22.47,22.47,22.041,22.25,3429
2012-01-11 16:00:00-05:00,22.2,22.25,22.1341,22.25,642
2012-01-12 16:00:00-05:00,22.4016,22.45,22.04,22.25,2885
2012-01-13 16:00:00-05:00,22.47,22.48,22.11,22.11,2011
2012-01-17 16:00:00-05:00,22.25,22.49,22.24,22.49,1630
2012-01-18 16:00:00-05:00,22.5,22.84,22.5,22.84,788
2012-01-19 16:00:00-05:00,22.98,23.5,22.9,23.32,3530
2012-01-20 16:00:00-05:00,23.43,23.43,23.09,23.22,1810
2012-01-23 16:00:00-05:00,23.24,24.26,22.9,22.9,6926
2012-01-24 16:00:00-05:00,22.82,24.19,22.82,23.99,4861
2012-01-25 16:00:00-05:00,23.66,23.97,22.9,23.71,3500
2012-01-26 16:00:00-05:00,23.02,23.02,23.02,23.02,0
2012-01-27 16:00:00-05:00,23.6,23.6,23.3,23.6,1410
2012-01-30 16:00:00-05:00,23.1,23.47,23.1,23.1,2275
2012-01-31 16:00:00-05:00,23.1,23.97,23.05,23.85,2983
2012-02-01 16:00:00-05:00,23.5,24.35,23.5,24.0,6647
2012-02-02 16:00:00-05:00,23.86,24.52,23.86,24.52,1812
2012-02-03 16:00:00-05:00,24.4,24.9,24.3999,24.9,3353
2012-02-06 16:00:00-05:00,24.96,25.02,24.62,25.02,4812
2012-02-07 16:00:00-05:00,25.02,25.55,24.751,25.4499,5515
2012-02-08 16:00:00-05:00,25.52,25.52,24.811,24.92,1100
2012-02-09 16:00:00-05:00,19.9,19.9,19.9,19.9,0
2012-02-10 16:00:00-05:00,24.8,25.35,24.666,24.73,5458
2012-02-13 16:00:00-05:00,24.85,25.0,24.71,24.71,1570
2012-02-14 16:00:00-05:00,24.67,24.95,24.39,24.52,3804
2012-02-15 16:00:00-05:00,24.3,24.39,24.3,24.37,1010
2012-02-16 16:00:00-05:00,24.38,24.45,24.02,24.138,2526
2012-02-17 16:00:00-05:00,24.27,24.27,23.03,23.13,10837
2012-02-21 16:00:00-05:00,23.16,23.95,23.0,23.8,6572
2012-02-22 16:00:00-05:00,23.9899,23.9899,23.59,23.88,1925
2012-02-23 16:00:00-05:00,23.97,24.0,23.84,24.0,2078
2012-02-24 16:00:00-05:00,23.95,24.17,23.874,24.0375,4871
2012-02-27 16:00:00-05:00,24.12,24.12,23.9001,24.0892,700
2012-02-28 16:00:00-05:00,23.91,24.02,23.89,24.02,1967
2012-02-29 16:00:00-05:00,24.44,24.8167,24.22,24.25,3325
2012-03-01 16:00:00-05:00,24.54,24.6,24.1,24.1,4424
2012-03-02 16:00:00-05:00,24.11,24.79,24.1,24.28,2905
2012-03-05 16:00:00-05:00,24.31,24.65,24.1125,24.5,3874
2012-03-06 16:00:00-05:00,24.34,24.7,24.1,24.1,3215
2012-03-07 16:00:00-05:00,24.51,24.935,24.2,24.8,8740
2012-03-08 16:00:00-05:00,24.74,24.86,24.34,24.86,2076
2012-03-09 16:00:00-05:00,24.86,25.0,24.62,24.82,3752
2012-03-12 16:00:00-04:00,24.95,24.95,24.53,24.53,3556
2012-03-13 16:00:00-04:00,24.98,24.98,24.93,24.93,400
2012-03-14 16:00:00-04:00,24.61,25.0,24.61,24.81,1300
2012-03-15 16:00:00-04:00,25.0,25.16,24.71,24.78,4230
2012-03-16 16:00:00-04:00,24.5,24.92,24.15,24.15,1505
2012-03-19 16:00:00-04:00,24.53,24.84,24.5,24.5,4990
2012-03-20 16:00:00-04:00,24.71,24.71,24.27,24.3,5152
2012-03-21 16:00:00-04:00,24.54,24.84,23.87,24.8,3952
2012-03-22 16:00:00-04:00,24.8,24.8,24.51,24.52,500
2012-03-23 16:00:00-04:00,24.7,24.7,24.32,24.32,628
2012-03-26 16:00:00-04:00,24.58,24.83,24.27,24.75,3435
2012-03-27 16:00:00-04:00,24.92,24.92,24.6,24.75,2866
2012-03-28 16:00:00-04:00,24.5,24.89,24.31,24.88,10807
2012-03-29 16:00:00-04:00,24.99,24.99,24.5,24.86,4086
2012-03-30 16:00:00-04:00,24.9,24.9,24.38,24.75,2193
2012-04-02 16:00:00-04:00,24.88,24.98,24.7508,24.98,1798
2012-04-03 16:00:00-04:00,24.9799,25.0,24.75,24.75,5473
2012-04-04 16:00:00-04:00,24.95,24.95,24.8,24.8,200
2012-04-05 16:00:00-04:00,24.5,24.59,24.5,24.551,1300
2012-04-09 16:00:00-04:00,24.5,25.13,24.5,24.97,4500
2012-04-10 16:00:00-04:00,24.89,25.04,24.55,24.64,3990
2012-04-11 16:00:00-04:00,24.68,25.0,24.68,24.74,3600
2012-04-12 16:00:00-04:00,24.93,24.97,24.65,24.95,2200
2012-04-13 16:00:00-04:00,25.0,25.0,24.7501,25.0,6680
2012-04-16 16:00:00-04:00,24.94,25.0,24.939,25.0,2168
2012-04-17 16:00:00-04:00,25.1,25.1,24.89,24.9999,16058
2012-04-18 16:00:00-04:00,25.07,25.3402,24.976,25.3402,6495
2012-04-19 16:00:00-04:00,25.04,25.04,24.98,25.04,1070
2012-04-20 16:00:00-04:00,25.09,25.09,25.09,25.09,330
2012-04-23 16:00:00-04:00,25.15,25.5,24.87,24.87,700
2012-04-24 16:00:00-04:00,25.0,25.412,24.999,25.412,2752
2012-04-25 16:00:00-04:00,25.11,25.13,24.8501,24.8501,1215
2012-04-26 16:00:00-04:00,24.85,25.12,24.85,25.06,1500
2012-04-27 16:00:00-04:00,25.2993,25.2993,24.9,24.95,983
2012-04-30 16:00:00-04:00,25.3,25.3,25.0,25.0,1298
2012-05-01 16:00:00-04:00,24.92,25.26,24.88,25.22,3242
2012-05-02 16:00:00-04:00,24.95,25.23,24.9,24.9,736
2012-05-03 16:00:00-04:00,25.0,25.29,25.0,25.23,700
2012-05-04 16:00:00-04:00,25.2,25.2,24.9,24.96,998
2012-05-07 16:00:00-04:00,25.04,25.06,25.04,25.06,275
2012-05-08 16:00:00-04:00,24.95,25.5,24.889,25.5,4485
2012-05-09 16:00:00-04:00,24.94,25.37,24.94,25.23,5961
2012-05-10 16:00:00-04:00,25.19,25.46,25.1,25.1,712
2012-05-11 16:00:00-04:00,22.84,22.84,22.84,22.84,0
2012-05-14 16:00:00-04:00,25.13,25.3599,25.13,25.3599,706
2012-05-15 16:00:00-04:00,25.46,25.75,25.02,25.21,3961
2012-05-16 16:00:00-04:00,25.57,25.59,24.93,25.41,1184
2012-05-17 16:00:00-04:00,25.15,25.15,24.76,24.76,1650
2012-05-18 16:00:00-04:00,24.75,24.81,24.75,24.81,420
2012-05-21 16:00:00-04:00,25.11,25.335,24.7,24.7,1526
2012-05-22 16:00:00-04:00,22.5,22.5,22.5,22.5,0
2012-05-23 16:00:00-04:00,24.65,24.79,24.44,24.58,6475
2012-05-24 16:00:00-04:00,24.57,25.032,24.4201,24.74,9412
2012-05-25 16:00:00-04:00,24.9,25.2399,24.83,25.2399,5639
2012-05-29 16:00:00-04:00,25.14,25.589,24.7301,25.19,1574
2012-05-30 16:00:00-04:00,25.24,25.4227,24.5,25.1,1890
2012-05-31 16:00:00-04:00,24.86,25.18,24.77,25.15,5000
2012-06-01 16:00:00-04:00,24.66,25.22,24.62,25.18,860
2012-06-04 16:00:00-04:00,25.11,25.46,24.5292,25.0,7256
2012-06-05 16:00:00-04:00,24.95,25.22,24.95,25.15,5602
2012-06-06 16:00:00-04:00,25.12,25.53,24.82,25.14,16760
2012-06-07 16:00:00-04:00,25.21,25.5,25.0105,25.15,1782
2012-06-08 16:00:00-04:00,25.25,25.5,25.25,25.43,4100
2012-06-11 16:00:00-04:00,25.5,25.67,25.42,25.67,8860
2012-06-12 16:00:00-04:00,25.36,25.659,25.15,25.254,8644
2012-06-13 16:00:00-04:00,25.56,25.56,25.01,25.01,2221
2012-06-14 16:00:00-04:00,25.01,25.2,24.99,25.2,14081
2012-06-15 16:00:00-04:00,25.32,25.6565,25.13,25.33,5978
2012-06-18 16:00:00-04:00,25.25,25.56,25.19,25.4118,946
2012-06-19 16:00:00-04:00,25.55,25.67,25.06,25.64,2600
2012-06-20 16:00:00-04:00,25.67,25.67,25.31,25.6599,1670
2012-06-21 16:00:00-04:00,25.65,25.67,25.26,25.26,3390
2012-06-22 16:00:00-04:00,25.41,25.6699,25.26,25.26,2126
2012-06-25 16:00:00-04:00,25.39,25.6099,25.25,25.6,3114
2012-06-26 16:00:00-04:00,25.37,26.0,25.37,25.7,6090
2012-06-27 16:00:00-04:00,25.61,26.85,25.61,26.8,18272
2012-06-28 16:00:00-04:00,26.94,27.1,25.3,27.1,27489
2012-06-29 16:00:00-04:00,26.71,27.1,26.034,26.41,3160
2012-07-02 16:00:00-04:00,26.69,26.97,26.2501,26.9,2467
2012-07-03 16:00:00-04:00,26.95,26.95,26.81,26.95,736
2012-07-05 16:00:00-04:00,26.94,27.98,26.7335,27.98,3147
2012-07-06 16:00:00-04:00,27.94,29.6865,27.4001,28.86,6953
2012-07-09 16:00:00-04:00,28.2001,28.95,28.2,28.7,3494
2012-07-10 16:00:00-04:00,28.95,28.95,26.95,27.16,2854
2012-07-11 16:00:00-04:00,27.5,28.5,27.5,28.5,2236
2012-07-12 16:00:00-04:00,28.4301,28.44,27.77,28.2,1120
2012-07-13 16:00:00-04:00,27.81,29.0,27.81,29.0,3743
2012-07-16 16:00:00-04:00,28.53,28.95,28.06,28.5,2008
2012-07-17 16:00:00-04:00,28.26,29.0,28.26,28.7,3930
2012-07-18 16:00:00-04:00,28.5,28.8899,28.1111,28.787,1558
2012-07-19 16:00:00-04:00,28.89,28.89,28.005,28.405,4569
2012-07-20 16:00:00-04:00,28.32,29.0,27.02,29.0,8574
2012-07-23 16:00:00-04:00,28.59,29.0,28.58,28.98,5900
2012-07-24 16:00:00-04:00,29.0,29.33,29.0,29.0,2526
2012-07-25 16:00:00-04:00,28.77,29.27,28.3601,29.0,2971
2012-07-26 16:00:00-04:00,29.31,29.31,28.31,28.99,10860
2012-07-27 16:00:00-04:00,28.82,29.0,28.38,29.0,1773
2012-07-30 16:00:00-04:00,29.0,29.01,28.6,28.94,2244
2012-07-31 16:00:00-04:00,28.95,28.998,28.51,28.54,3100
2012-08-01 16:00:00-04:00,28.25,29.24,28.12,28.27,3173
2012-08-02 16:00:00-04:00,28.78,29.03,28.78,29.03,752
2012-08-03 16:00:00-04:00,29.01,29.01,28.51,28.77,700
2012-08-06 16:00:00-04:00,28.44,28.63,28.21,28.21,1350
2012-08-07 16:00:00-04:00,28.47,28.47,28.02,28.068,350
2012-08-08 16:00:00-04:00,28.15,28.97,28.1,28.5,10353
2012-08-09 16:00:00-04:00,28.53,28.97,28.53,28.93,3600
2012-08-10 16:00:00-04:00,28.86,29.4,28.8501,29.33,1755
2012-08-13 16:00:00-04:00,29.5,29.95,29.46,29.52,7104
2012-08-14 16:00:00-04:00,29.63,29.68,29.306,29.4899,2172
2012-08-15 16:00:00-04:00,29.72,29.72,29.31,29.31,730
2012-08-16 16:00:00-04:00,22.27,22.27,22.27,22.27,0
2012-08-17 16:00:00-04:00,28.66,29.82,28.61,29.225,730
2012-08-20 16:00:00-04:00,29.42,29.96,29.0,29.15,1325
2012-08-21 16:00:00-04:00,29.68,30.1,29.68,30.099,6720
2012-08-22 16:00:00-04:00,30.3,30.3,29.53,30.2199,2216
2012-08-23 16:00:00-04:00,30.14,30.48,29.25,30.48,3102
2012-08-24 16:00:00-04:00,30.48,30.77,29.28,30.4,5252
2012-08-27 16:00:00-04:00,31.0,31.0,30.35,30.5,5930
2012-08-28 16:00:00-04:00,30.5,30.5,30.23,30.5,600
2012-08-29 16:00:00-04:00,30.45,30.45,30.0,30.0,2044
2012-08-30 16:00:00-04:00,29.65,29.65,28.43,28.43,9155
2012-08-31 16:00:00-04:00,28.2,28.2,26.08,26.97,17902
2012-09-04 16:00:00-04:00,28.19,28.22,27.52,27.69,3147
2012-09-05 16:00:00-04:00,27.8,27.8,26.2201,26.5,7316
2012-09-06 16:00:00-04:00,26.46,26.54,25.701,25.75,6982
2012-09-07 16:00:00-04:00,26.07,26.3,26.0,26.06,3200
2012-09-10 16:00:00-04:00,26.0,26.27,26.0,26.0,1893
2012-09-11 16:00:00-04:00,25.75,25.9,25.5501,25.9,4816
2012-09-12 16:00:00-04:00,25.98,26.0,25.61,25.64,4478
2012-09-13 16:00:00-04:00,25.5,25.898,25.255,25.86,3123
2012-09-14 16:00:00-04:00,25.26,25.87,25.26,25.77,3175
2012-09-17 16:00:00-04:00,25.97,26.3,25.5,25.74,3790
2012-09-18 16:00:00-04:00,25.53,25.79,24.03,24.4,12835
2012-09-19 16:00:00-04:00,24.44,25.71,24.44,24.7,12572
2012-09-20 16:00:00-04:00,22.6,23.52,22.025,22.75,48782
2012-09-21 16:00:00-04:00,23.15,25.0,23.15,25.0,26528
2012-09-24 16:00:00-04:00,25.0,26.5399,24.89,26.2,20217
2012-09-25 16:00:00-04:00,26.56,27.3499,26.19,26.19,9674
2012-09-26 16:00:00-04:00,26.23,26.75,26.23,26.55,1002
2012-09-27 16:00:00-04:00,26.67,26.96,26.3,26.3,2203
2012-09-28 16:00:00-04:00,26.47,26.9799,26.3,26.32,2598
2012-10-01 16:00:00-04:00,27.0,27.4,26.62,26.65,8042
2012-10-02 16:00:00-04:00,26.7,26.92,26.37,26.75,2641
2012-10-03 16:00:00-04:00,26.75,27.3199,26.75,27.15,2451
2012-10-04 16:00:00-04:00,27.2,27.38,26.96,27.35,3490
2012-10-05 16:00:00-04:00,27.65,27.88,27.33,27.42,2991
2012-10-08 16:00:00-04:00,27.26,27.7,27.07,27.6999,2640
2012-10-09 16:00:00-04:00,27.16,27.16,26.75,27.07,1499
2012-10-10 16:00:00-04:00,26.8,27.75,26.8,27.44,3188
2012-10-11 16:00:00-04:00,27.0105,27.37,26.84,27.0,5482
2012-10-12 16:00:00-04:00,27.14,27.14,27.14,27.14,476
2012-10-15 16:00:00-04:00,27.34,27.39,27.18,27.18,1078
2012-10-16 16:00:00-04:00,27.24,27.33,27.0,27.33,2159
2012-10-17 16:00:00-04:00,27.02,27.48,26.75,27.33,2302
2012-10-18 16:00:00-04:00,27.29,27.34,27.29,27.34,437
2012-10-19 16:00:00-04:00,27.34,27.44,27.02,27.44,400
2012-10-22 16:00:00-04:00,27.4,27.44,27.31,27.4,1864
2012-10-23 16:00:00-04:00,27.16,27.4,27.11,27.4,1191
2012-10-24 16:00:00-04:00,27.44,27.44,27.1047,27.1047,890
2012-10-25 16:00:00-04:00,27.2,27.43,27.2,27.3,597
2012-10-26 16:00:00-04:00,27.1,27.44,27.1,27.415,1689
2012-10-31 16:00:00-04:00,27.14,27.49,27.14,27.46,3211
2012-11-01 16:00:00-04:00,27.15,27.46,27.15,27.46,820
2012-11-02 16:00:00-04:00,27.489,27.489,27.15,27.45,2110
2012-11-05 16:00:00-05:00,27.2737,27.32,27.2737,27.32,530
2012-11-06 16:00:00-05:00,27.25,27.48,27.1201,27.41,4265
2012-11-07 16:00:00-05:00,27.12,27.49,26.864,27.16,4822
2012-11-08 16:00:00-05:00,26.77,27.36,26.7,27.34,2058
2012-11-09 16:00:00-05:00,26.7825,26.9,26.78,26.87,1300
2012-11-12 16:00:00-05:00,26.85,27.42,26.57,26.75,8834
2012-11-13 16:00:00-05:00,26.6,27.35,26.31,26.96,3535
2012-11-14 16:00:00-05:00,27.48,27.48,26.421,27.16,4335
2012-11-15 16:00:00-05:00,26.95,27.0,26.75,27.0,348
2012-11-16 16:00:00-05:00,26.1725,27.22,26.1725,27.22,1446
2012-11-19 16:00:00-05:00,27.43,27.5,27.0,27.0,6560
2012-11-20 16:00:00-05:00,27.45,27.47,27.3985,27.3985,3500
2012-11-21 16:00:00-05:00,27.41,27.41,27.3296,27.37,1950
2012-11-23 16:00:00-05:00,27.34,27.98,27.34,27.75,1610
2012-11-26 16:00:00-05:00,27.75,27.75,27.3,27.67,3680
2012-11-27 16:00:00-05:00,27.14,27.5,27.1101,27.3626,8851
2012-11-28 16:00:00-05:00,27.0435,27.47,26.47,26.53,10982
2012-11-29 16:00:00-05:00,26.45,26.63,26.4,26.52,4600
2012-11-30 16:00:00-05:00,26.4,27.41,26.4,26.86,3328
2012-12-03 16:00:00-05:00,26.4,27.2,26.4,27.2,10817
2012-12-04 16:00:00-05:00,27.5,27.53,26.52,26.9615,8781
2012-12-05 16:00:00-05:00,27.3,27.6,27.0,27.25,9041
2012-12-06 16:00:00-05:00,27.2501,27.48,27.08,27.25,13474
2012-12-07 16:00:00-05:00,27.03,27.329,27.03,27.17,5452
2012-12-10 16:00:00-05:00,27.37,27.6,27.0637,27.18,9139
2012-12-11 16:00:00-05:00,26.0,26.2999,24.78,25.06,19247
2012-12-12 16:00:00-05:00,24.81,24.96,23.961,24.38,9710
2012-12-13 16:00:00-05:00,24.38,24.6199,24.28,24.3,2685
2012-12-14 16:00:00-05:00,24.02,24.2799,22.87,23.1,12570
2012-12-17 16:00:00-05:00,23.03,24.68,22.9,23.995,10614
2012-12-18 16:00:00-05:00,24.06,24.25,24.06,24.25,1701
2012-12-19 16:00:00-05:00,24.23,24.68,23.84,24.21,5014
2012-12-20 16:00:00-05:00,24.54,24.66,23.93,24.63,6703
2012-12-21 16:00:00-05:00,24.75,24.75,23.345,23.75,9437
2012-12-24 16:00:00-05:00,23.25,24.39,23.2301,24.32,1000
2012-12-26 16:00:00-05:00,23.49,24.275,23.29,24.275,6997
2012-12-27 16:00:00-05:00,24.41,24.6,24.06,24.07,5053
2012-12-28 16:00:00-05:00,24.06,24.5,24.06,24.34,5958
2012-12-31 16:00:00-05:00,24.11,25.4,24.11,25.2,4767
2013-01-02 16:00:00-05:00,25.58,25.96,25.51,25.65,5935
2013-01-03 16:00:00-05:00,25.8,26.0,25.3,25.55,9053
2013-01-04 16:00:00-05:00,25.47,25.47,24.75,24.9099,3857
2013-01-07 16:00:00-05:00,24.34,24.96,24.26,24.86,3325
2013-01-08 16:00:00-05:00,24.8,25.38,24.52,25.38,1474
2013-01-09 16:00:00-05:00,25.48,25.48,25.2,25.2,746
2013-01-10 16:00:00-05:00,25.15,25.2,24.77,25.16,2725
2013-01-11 16:00:00-05:00,25.5,25.5,25.45,25.48,300
2013-01-14 16:00:00-05:00,25.2,25.93,25.2,25.52,5081
2013-01-15 16:00:00-05:00,25.2,25.834,25.15,25.28,7838
2013-01-16 16:00:00-05:00,25.59,26.64,25.59,26.2,7324
2013-01-17 16:00:00-05:00,26.12,26.12,25.26,25.4,2995
2013-01-18 16:00:00-05:00,25.82,26.0,25.54,25.99,1720
2013-01-22 16:00:00-05:00,25.82,26.35,25.23,25.59,12456
2013-01-23 16:00:00-05:00,25.92,26.59,25.76,26.02,2098
2013-01-24 16:00:00-05:00,26.4,26.5,26.0,26.5,1865
2013-01-25 16:00:00-05:00,26.5,26.54,25.56,26.1,1186
2013-01-28 16:00:00-05:00,25.85,26.28,25.82,26.2,1969
2013-01-29 16:00:00-05:00,25.92,26.36,25.31,25.322,2745
2013-01-30 16:00:00-05:00,25.52,25.63,25.0,25.08,2773
2013-01-31 16:00:00-05:00,25.14,25.392,25.0,25.08,1273
2013-02-01 16:00:00-05:00,25.18,25.93,25.0,25.34,9534
2013-02-04 16:00:00-05:00,25.2898,26.32,25.0,25.73,3777
2013-02-05 16:00:00-05:00,25.67,26.31,25.06,25.416,2700
2013-02-06 16:00:00-05:00,25.6,25.8295,25.1001,25.11,3009
2013-02-07 16:00:00-05:00,25.1,25.1799,25.001,25.17,1044
2013-02-08 16:00:00-05:00,25.0,25.93,25.0,25.58,1867
2013-02-11 16:00:00-05:00,25.05,25.99,25.04,25.51,1050
2013-02-12 16:00:00-05:00,25.6,26.0,25.11,25.95,4269
2013-02-13 16:00:00-05:00,25.9,25.9799,25.5,25.5,4256
2013-02-14 16:00:00-05:00,26.5,26.9378,26.25,26.25,6383
2013-02-15 16:00:00-05:00,26.15,26.69,25.521,25.782,6475
2013-02-19 16:00:00-05:00,25.5,25.75,25.1922,25.4,2300
2013-02-20 16:00:00-05:00,25.5,26.6,25.28,26.59,7644
2013-02-21 16:00:00-05:00,26.61,26.91,25.7601,26.59,1454
2013-02-22 16:00:00-05:00,26.25,26.87,26.25,26.5158,1639
2013-02-25 16:00:00-05:00,26.24,26.5178,26.1401,26.29,683
2013-02-26 16:00:00-05:00,26.15,26.65,25.35,25.46,3363
2013-02-27 16:00:00-05:00,25.46,26.33,25.46,26.08,1660
2013-02-28 16:00:00-05:00,25.8,26.28,25.8,26.184,865
2013-03-01 16:00:00-05:00,26.49,26.5,25.81,25.98,3026
2013-03-04 16:00:00-05:00,25.23,26.19,25.23,25.33,3060
2013-03-05 16:00:00-05:00,26.26,26.26,25.87,26.05,1100
2013-03-06 16:00:00-05:00,26.11,26.3,25.97,26.23,2283
2013-03-07 16:00:00-05:00,26.29,26.5,25.59,26.48,2403
2013-03-08 16:00:00-05:00,26.4,26.5,25.96,26.5,2230
2013-03-11 16:00:00-04:00,25.93,26.46,25.68,25.71,2069
2013-03-12 16:00:00-04:00,25.69,26.36,25.69,26.26,1418
2013-03-13 16:00:00-04:00,26.47,26.47,25.801,25.81,2955
2013-03-14 16:00:00-04:00,25.67,26.16,25.67,26.151,910
2013-03-15 16:00:00-04:00,26.0,26.5,25.548,26.5,1165
2013-03-18 16:00:00-04:00,25.75,26.5,25.75,26.49,1855
2013-03-19 16:00:00-04:00,26.5,26.5,26.5,26.5,100
2013-03-20 16:00:00-04:00,26.5,26.5,25.85,26.0795,2397
2013-03-21 16:00:00-04:00,26.45,26.45,26.0,26.0,479
2013-03-22 16:00:00-04:00,25.97,26.1,25.95,26.1,570
2013-03-25 16:00:00-04:00,25.95,25.95,25.95,25.95,100
2013-03-26 16:00:00-04:00,25.98,26.14,25.81,26.14,1539
2013-03-27 16:00:00-04:00,26.18,26.18,25.8,26.0,2400
2013-03-28 16:00:00-04:00,26.0,26.0,25.91,25.91,1712
2013-04-01 16:00:00-04:00,26.0742,26.09,25.58,25.581,5092
2013-04-02 16:00:00-04:00,25.972,25.996,25.5,25.5,2509
2013-04-03 16:00:00-04:00,25.5,25.99,25.5,25.62,1550
2013-04-04 16:00:00-04:00,25.6,26.49,25.6,25.922,1472
2013-04-05 16:00:00-04:00,25.62,25.95,25.52,25.6505,937
2013-04-08 16:00:00-04:00,25.54,25.75,25.54,25.71,600
2013-04-09 16:00:00-04:00,25.98,26.0,25.55,25.62,2665
2013-04-10 16:00:00-04:00,25.74,25.81,25.55,25.81,1500
2013-04-11 16:00:00-04:00,25.84,25.85,25.5688,25.5688,1033
2013-04-12 16:00:00-04:00,25.38,25.5,25.36,25.36,2002
2013-04-15 16:00:00-04:00,25.25,25.32,25.08,25.08,1904
2013-04-16 16:00:00-04:00,25.03,25.38,25.0,25.3699,3139
2013-04-17 16:00:00-04:00,25.21,25.21,24.7,25.21,8159
2013-04-18 16:00:00-04:00,25.21,25.38,24.68,25.38,11409
2013-04-19 16:00:00-04:00,25.38,25.38,25.0301,25.05,1959
2013-04-22 16:00:00-04:00,25.38,26.13,25.35,25.8,5121
2013-04-23 16:00:00-04:00,25.98,26.46,25.0,25.85,5998
2013-04-24 16:00:00-04:00,25.77,25.77,25.13,25.51,400
2013-04-25 16:00:00-04:00,25.48,25.53,25.26,25.26,1240
2013-04-26 16:00:00-04:00,25.99,25.99,25.06,25.1,1160
2013-04-29 16:00:00-04:00,25.24,26.4,25.0101,25.03,2424
2013-04-30 16:00:00-04:00,25.43,25.43,25.13,25.41,500
2013-05-01 16:00:00-04:00,25.39,25.41,25.25,25.25,789
2013-05-02 16:00:00-04:00,25.0335,25.33,25.03,25.062,3702
2013-05-03 16:00:00-04:00,25.18,25.4,24.95,24.95,4912
2013-05-06 16:00:00-04:00,25.18,25.9,24.9526,25.45,4095
2013-05-07 16:00:00-04:00,25.37,26.21,24.981,25.75,2935
2013-05-08 16:00:00-04:00,25.5,26.195,25.5,26.0,3027
2013-05-09 16:00:00-04:00,26.0,26.2,25.99,26.191,1784
2013-05-10 16:00:00-04:00,25.84,26.1,25.84,26.1,300
2013-05-13 16:00:00-04:00,25.97,25.97,25.55,25.55,835
2013-05-14 16:00:00-04:00,25.5,25.9493,25.31,25.73,4734
2013-05-15 16:00:00-04:00,25.91,26.126,25.46,26.0,2515
2013-05-16 16:00:00-04:00,26.16,26.16,26.0,26.0,374
2013-05-17 16:00:00-04:00,25.77,25.9843,25.75,25.75,1220
2013-05-20 16:00:00-04:00,25.58,25.874,25.36,25.36,4697
2013-05-21 16:00:00-04:00,25.76,25.76,25.47,25.47,16477
2013-05-22 16:00:00-04:00,25.49,25.9555,25.49,25.85,3640
2013-05-23 16:00:00-04:00,25.64,25.9534,25.5303,25.5303,3241
2013-05-24 16:00:00-04:00,25.55,26.45,25.55,26.08,13976
2013-05-28 16:00:00-04:00,25.78,26.02,25.57,25.6,13454
2013-05-29 16:00:00-04:00,26.179,26.18,25.51,25.67,2534
2013-05-30 16:00:00-04:00,25.76,25.76,25.73,25.73,300
2013-05-31 16:00:00-04:00,0.0,0.0,0.0,25.73,0
2013-06-03 16:00:00-04:00,25.49,25.514,24.7,25.12,3378
2013-06-04 16:00:00-04:00,25.33,25.33,24.7,24.78,9618
2013-06-05 16:00:00-04:00,24.75,25.09,24.09,24.5,9707
2013-06-06 16:00:00-04:00,24.35,24.49,24.25,24.49,1612
2013-06-07 16:00:00-04:00,24.39,25.89,24.39,24.8101,4361
2013-06-10 16:00:00-04:00,25.16,25.8812,25.16,25.5,500
2013-06-11 16:00:00-04:00,25.37,25.97,25.25,25.394,1450
2013-06-12 16:00:00-04:00,25.25,25.25,25.25,25.25,300
2013-06-13 16:00:00-04:00,24.75,25.5999,24.35,24.85,2339
2013-06-14 16:00:00-04:00,25.0,25.45,24.85,25.1,4739
2013-06-17 16:00:00-04:00,25.2,25.2,25.05,25.05,200
2013-06-18 16:00:00-04:00,25.25,25.25,25.05,25.05,600
2013-06-19 16:00:00-04:00,25.15,25.15,25.15,25.15,400
2013-06-20 16:00:00-04:00,25.07,25.518,25.0,25.0,1630
2013-06-21 16:00:00-04:00,25.0,25.69,25.0,25.38,2408
2013-06-24 16:00:00-04:00,25.1,25.869,25.1,25.35,7849
2013-06-25 16:00:00-04:00,25.25,25.79,25.25,25.79,4900
2013-06-26 16:00:00-04:00,25.53,25.79,25.51,25.77,400
2013-06-27 16:00:00-04:00,25.54,25.54,25.54,25.54,100
2013-06-28 16:00:00-04:00,25.6,25.77,25.51,25.7,1471
2013-07-01 16:00:00-04:00,25.43,25.759,25.42,25.6,1104
2013-07-02 16:00:00-04:00,0.0,0.0,0.0,25.6,0
2013-07-03 16:00:00-04:00,25.92,25.92,25.92,25.92,100
2013-07-05 16:00:00-04:00,25.95,26.0,25.75,25.77,2987
2013-07-08 16:00:00-04:00,25.85,26.0,25.7,25.7,993
2013-07-09 16:00:00-04:00,25.7,25.75,25.5,25.75,6800
2013-07-10 16:00:00-04:00,25.644,25.644,25.63,25.64,404
2013-07-11 16:00:00-04:00,25.98,26.01,25.98,26.0,3876
2013-07-12 16:00:00-04:00,26.1,26.1,25.35,25.98,7244
2013-07-15 16:00:00-04:00,25.94,26.0,25.65,26.0,600
2013-07-16 16:00:00-04:00,25.98,26.01,25.98,26.0,3285
2013-07-17 16:00:00-04:00,0.0,0.0,0.0,26.0,0
2013-07-18 16:00:00-04:00,26.15,26.15,26.15,26.15,100
2013-07-19 16:00:00-04:00,26.27,26.27,26.1,26.14,1467
2013-07-22 16:00:00-04:00,26.2,26.2,26.044,26.044,1801
2013-07-23 16:00:00-04:00,26.1,26.376,26.0,26.16,6292
2013-07-24 16:00:00-04:00,26.6,26.6,26.06,26.07,1600
2013-07-25 16:00:00-04:00,26.2,26.65,26.18,26.54,1000
2013-07-26 16:00:00-04:00,26.34,26.6,26.21,26.4,500
2013-07-29 16:00:00-04:00,26.34,26.68,26.34,26.68,1033
2013-07-30 16:00:00-04:00,26.65,27.77,26.44,26.8315,10243
2013-07-31 16:00:00-04:00,26.801,27.5,26.801,27.22,4530
2013-08-01 16:00:00-04:00,27.31,27.31,27.0,27.13,500
2013-08-02 16:00:00-04:00,27.03,27.2999,26.9,26.9,2331
2013-08-05 16:00:00-04:00,27.0,28.0,27.0,27.475,6361
2013-08-06 16:00:00-04:00,27.296,27.69,27.2,27.22,1200
2013-08-07 16:00:00-04:00,27.04,27.54,27.0,27.54,2500
2013-08-08 16:00:00-04:00,27.34,27.4099,27.0,27.0,2784
2013-08-09 16:00:00-04:00,27.03,27.08,26.71,26.71,8400
2013-08-12 16:00:00-04:00,26.61,26.88,26.61,26.8,1502
2013-08-13 16:00:00-04:00,26.98,27.6975,26.98,27.03,4636
2013-08-14 16:00:00-04:00,27.516,27.6,26.9,27.12,3732
2013-08-15 16:00:00-04:00,26.9,27.659,26.9,27.659,3271
2013-08-16 16:00:00-04:00,27.61,28.37,27.48,27.67,1440
2013-08-19 16:00:00-04:00,27.42,27.99,27.0301,27.25,3350
2013-08-20 16:00:00-04:00,27.0,27.42,27.0,27.0,1150
2013-08-21 16:00:00-04:00,27.14,27.245,27.0,27.0001,840
2013-08-22 16:00:00-04:00,0.0,0.0,0.0,27.0001,0
2013-08-23 16:00:00-04:00,27.49,27.49,27.01,27.22,1328
2013-08-26 16:00:00-04:00,27.22,27.34,27.15,27.33,1479
2013-08-27 16:00:00-04:00,27.68,28.48,27.41,28.0,23404
2013-08-28 16:00:00-04:00,28.2,28.8775,28.07,28.25,4649
2013-08-29 16:00:00-04:00,28.24,28.8809,28.07,28.4,2427
2013-08-30 16:00:00-04:00,28.43,28.43,28.0,28.36,4147
2013-09-03 16:00:00-04:00,28.01,28.18,28.01,28.1604,800
2013-09-04 16:00:00-04:00,27.85,28.19,27.85,28.0001,2850
2013-09-05 16:00:00-04:00,27.98,28.14,27.2,27.8,4769
2013-09-06 16:00:00-04:00,27.6,27.65,27.6,27.65,600
2013-09-09 16:00:00-04:00,28.191,28.2,28.18,28.18,1600
2013-09-10 16:00:00-04:00,28.25,28.43,28.25,28.43,500
2013-09-11 16:00:00-04:00,0.0,0.0,0.0,28.43,0
2013-09-12 16:00:00-04:00,28.45,28.45,28.1,28.1,638
2013-09-13 16:00:00-04:00,28.19,28.21,28.0,28.0,7493
2013-09-16 16:00:00-04:00,28.2037,28.21,28.0001,28.0001,4602
2013-09-17 16:00:00-04:00,28.07,28.47,28.05,28.15,13411
2013-09-18 16:00:00-04:00,28.24,28.41,28.15,28.38,3488
2013-09-19 16:00:00-04:00,28.35,28.45,28.14,28.4,3300
2013-09-20 16:00:00-04:00,28.4,28.48,28.34,28.48,4550
2013-09-23 16:00:00-04:00,28.48,28.48,28.47,28.48,1306
2013-09-24 16:00:00-04:00,28.52,28.75,28.5,28.749,6580
2013-09-25 16:00:00-04:00,28.75,28.75,28.34,28.73,13749
2013-09-26 16:00:00-04:00,28.71,28.71,28.4,28.4,3065
2013-09-27 16:00:00-04:00,28.65,28.65,28.15,28.63,5828
2013-09-30 16:00:00-04:00,28.64,28.64,28.01,28.6,2650
2013-10-01 16:00:00-04:00,28.64,28.8,28.6,28.75,6519
2013-10-02 16:00:00-04:00,28.85,29.68,28.77,29.41,7202
2013-10-03 16:00:00-04:00,29.0,29.98,29.0,29.71,2681
2013-10-04 16:00:00-04:00,29.9,29.9,29.75,29.9,1517
2013-10-07 16:00:00-04:00,29.94,30.0,29.75,30.0,2400
2013-10-08 16:00:00-04:00,29.9,29.98,29.57,29.98,2588
2013-10-09 16:00:00-04:00,30.0,30.9999,29.65,30.49,10276
2013-10-10 16:00:00-04:00,30.6,31.0,29.6301,29.7,4304
2013-10-11 16:00:00-04:00,30.06,30.65,29.52,30.25,13935
2013-10-14 16:00:00-04:00,30.36,30.45,29.521,30.45,3362
2013-10-15 16:00:00-04:00,29.75,30.23,28.8,29.85,6904
2013-10-16 16:00:00-04:00,29.51,30.18,29.3,30.0,8435
2013-10-17 16:00:00-04:00,30.15,30.34,29.48,30.2,3521
2013-10-18 16:00:00-04:00,30.42,30.8,30.4,30.8,23890
2013-10-21 16:00:00-04:00,30.9,32.9,30.22,32.81,22053
2013-10-22 16:00:00-04:00,32.81,33.88,32.7,33.13,18455
2013-10-23 16:00:00-04:00,32.79,33.89,32.52,32.85,27159
2013-10-24 16:00:00-04:00,33.0,33.35,31.71,31.98,85252
2013-10-25 16:00:00-04:00,32.14,32.5,30.0,32.19,24606
2013-10-28 16:00:00-04:00,32.0,33.0,31.36,32.02,9191
2013-10-29 16:00:00-04:00,32.57,33.14,32.4,33.14,4611
2013-10-30 16:00:00-04:00,32.96,33.0,32.3301,33.0,9206
2013-10-31 16:00:00-04:00,32.41,32.84,32.41,32.5,1164
2013-11-01 16:00:00-04:00,32.51,32.97,32.51,32.57,1194
2013-11-04 16:00:00-05:00,32.75,33.0,32.75,32.85,4829
2013-11-05 16:00:00-05:00,32.86,33.0,32.14,32.65,6301
2013-11-06 16:00:00-05:00,32.95,33.0,32.13,32.13,2471
2013-11-07 16:00:00-05:00,32.64,32.999,32.4,32.81,4632
2013-11-08 16:00:00-05:00,32.84,33.24,32.6733,33.16,16526
2013-11-11 16:00:00-05:00,33.1,33.3,32.8,33.3,3723
2013-11-12 16:00:00-05:00,32.64,33.4,32.6,33.4,3140
2013-11-13 16:00:00-05:00,33.45,33.6,33.186,33.6,3945
2013-11-14 16:00:00-05:00,33.7,33.7,33.02,33.33,2914
2013-11-15 16:00:00-05:00,33.0,33.01,31.775,32.33,37588
2013-11-18 16:00:00-05:00,32.5,33.85,32.4,33.14,19383
2013-11-19 16:00:00-05:00,33.08,33.08,32.0,32.44,10700
2013-11-20 16:00:00-05:00,33.0,33.17,32.46,32.7,8708
2013-11-21 16:00:00-05:00,32.54,32.7,32.024,32.7,3898
2013-11-22 16:00:00-05:00,32.5,32.5,31.8,31.9401,7859
2013-11-25 16:00:00-05:00,32.2,32.2,31.38,31.98,41679
2013-11-26 16:00:00-05:00,32.0,32.99,31.86,32.95,9680
2013-11-27 16:00:00-05:00,32.95,32.95,32.21,32.74,4549
2013-11-29 16:00:00-05:00,32.95,32.95,32.534,32.93,2970
2013-12-02 16:00:00-05:00,32.61,32.94,32.61,32.76,3602
2013-12-03 16:00:00-05:00,32.67,33.18,32.64,32.81,8622
2013-12-04 16:00:00-05:00,32.99,33.13,32.66,32.66,5094
2013-12-05 16:00:00-05:00,33.1242,33.15,32.9,32.9,5419
2013-12-06 16:00:00-05:00,32.9,33.15,32.5301,33.1449,8086
2013-12-09 16:00:00-05:00,33.15,33.5,32.0104,33.5,14198
2013-12-10 16:00:00-05:00,32.56,33.15,32.5001,32.7,9296
2013-12-11 16:00:00-05:00,33.09,33.09,32.6,32.6,2789
2013-12-12 16:00:00-05:00,32.6,32.6,32.044,32.18,3376
2013-12-13 16:00:00-05:00,32.26,32.65,31.6201,31.82,3082
2013-12-16 16:00:00-05:00,31.9,32.65,31.76,31.86,5269
2013-12-17 16:00:00-05:00,31.87,32.49,31.41,31.61,1167
2013-12-18 16:00:00-05:00,31.47,32.1,31.47,31.61,2212
2013-12-19 16:00:00-05:00,31.82,32.47,31.61,32.1,2377
2013-12-20 16:00:00-05:00,32.36,32.36,31.8,31.8,2886
2013-12-23 16:00:00-05:00,31.58,32.6,31.22,31.65,4450
2013-12-24 16:00:00-05:00,31.65,31.65,31.65,31.65,1124
2013-12-26 16:00:00-05:00,31.66,32.1,31.65,32.1,664
2013-12-27 16:00:00-05:00,31.99,31.99,31.5,31.73,1149
2013-12-30 16:00:00-05:00,31.68,32.6,31.5001,31.95,4564
2013-12-31 16:00:00-05:00,31.71,32.64,31.51,32.64,712
2014-01-02 16:00:00-05:00,32.64,32.64,32.43,32.43,673
2014-01-03 16:00:00-05:00,32.6,32.6,32.6,32.6,448
2014-01-06 16:00:00-05:00,32.45,32.45,32.45,32.45,2292
2014-01-07 16:00:00-05:00,32.35,32.45,32.02,32.45,1757
2014-01-08 16:00:00-05:00,31.764,31.764,31.764,31.764,481
2014-01-09 16:00:00-05:00,31.62,31.76,31.1532,31.75,10000
2014-01-10 16:00:00-05:00,31.09,31.97,31.09,31.97,2982
2014-01-13 16:00:00-05:00,32.11,32.2223,31.331,31.598,3699
2014-01-14 16:00:00-05:00,31.98,31.98,31.4301,31.7194,3136
2014-01-15 16:00:00-05:00,31.5,31.5,31.0,31.25,17933
2014-01-16 16:00:00-05:00,31.25,31.72,31.08,31.72,6711
2014-01-17 16:00:00-05:00,31.55,32.03,31.22,31.58,26538
2014-01-21 16:00:00-05:00,31.58,31.98,31.4158,31.98,1365
2014-01-22 16:00:00-05:00,31.73,31.99,31.73,31.806,2491
2014-01-23 16:00:00-05:00,32.06,32.09,31.68,32.09,1383
2014-01-24 16:00:00-05:00,32.01,32.01,31.5,31.5,3104
2014-01-27 16:00:00-05:00,31.25,31.31,31.0,31.25,19811
2014-01-28 16:00:00-05:00,31.45,31.49,31.25,31.25,1258
2014-01-29 16:00:00-05:00,31.5,31.5,31.25,31.25,1630
2014-01-30 16:00:00-05:00,31.25,32.0699,31.0346,31.61,2114
2014-01-31 16:00:00-05:00,31.45,32.05,31.02,31.25,7427
2014-02-03 16:00:00-05:00,31.97,31.97,31.41,31.42,918
2014-02-04 16:00:00-05:00,31.2,31.45,31.11,31.25,6425
2014-02-05 16:00:00-05:00,31.22,32.03,31.175,31.84,14284
2014-02-06 16:00:00-05:00,31.884,31.884,31.1,31.42,2627
2014-02-07 16:00:00-05:00,31.24,31.906,31.08,31.46,1787
2014-02-10 16:00:00-05:00,31.08,32.03,31.07,31.35,2099
2014-02-11 16:00:00-05:00,31.09,31.49,31.0,31.25,3744
2014-02-12 16:00:00-05:00,31.44,32.07,31.31,31.85,7104
2014-02-13 16:00:00-05:00,31.52,32.35,31.4,32.35,5159
2014-02-14 16:00:00-05:00,29.7,29.75,28.7,28.9395,35331
2014-02-18 16:00:00-05:00,28.98,29.75,28.65,29.75,10445
2014-02-19 16:00:00-05:00,29.22,29.29,28.95,29.0,5373
2014-02-20 16:00:00-05:00,28.95,29.25,28.75,29.25,3863
2014-02-21 16:00:00-05:00,28.8,29.3,28.5,29.3,4745
2014-02-24 16:00:00-05:00,28.7501,29.29,28.75,28.75,2011
2014-02-25 16:00:00-05:00,28.7,29.15,28.47,29.15,7540
2014-02-26 16:00:00-05:00,28.95,29.2,28.95,29.2,929
2014-02-27 16:00:00-05:00,28.8,29.2,28.75,29.2,3714
2014-02-28 16:00:00-05:00,29.13,29.6623,28.81,28.915,6111
2014-03-03 16:00:00-05:00,28.41,29.45,28.385,29.0,6679
2014-03-04 16:00:00-05:00,28.8664,28.8664,28.51,28.75,2982
2014-03-05 16:00:00-05:00,28.5,29.36,28.5,29.0,15946
2014-03-06 16:00:00-05:00,28.75,29.096,28.45,28.75,10194
2014-03-07 16:00:00-05:00,29.0,29.1,28.5,29.1,4810
2014-03-10 16:00:00-04:00,28.9,28.9,28.32,28.32,6275
2014-03-11 16:00:00-04:00,28.45,28.524,28.25,28.51,12451
2014-03-12 16:00:00-04:00,28.2601,28.975,28.26,28.26,907
2014-03-13 16:00:00-04:00,28.49,29.28,28.2901,28.83,2061
2014-03-14 16:00:00-04:00,29.17,29.19,28.53,28.81,3496
2014-03-17 16:00:00-04:00,28.999,28.9999,28.56,28.75,5197
2014-03-18 16:00:00-04:00,28.93,29.23,28.75,28.75,4551
2014-03-19 16:00:00-04:00,28.518,28.91,28.36,28.5,4799
2014-03-20 16:00:00-04:00,28.12,28.276,28.02,28.21,3790
2014-03-21 16:00:00-04:00,28.17,28.17,27.9,27.9,1213
2014-03-24 16:00:00-04:00,27.75,27.969,26.45,27.1,20995
2014-03-25 16:00:00-04:00,27.0,27.65,27.0,27.65,6487
2014-03-26 16:00:00-04:00,27.5,27.9,26.92,27.75,35198
2014-03-27 16:00:00-04:00,27.5,27.75,27.1733,27.75,4154
2014-03-28 16:00:00-04:00,27.021,27.68,27.021,27.45,4512
2014-03-31 16:00:00-04:00,27.67,27.75,27.15,27.25,4379
2014-04-01 16:00:00-04:00,27.6,27.6,27.25,27.25,2227
2014-04-02 16:00:00-04:00,27.25,27.35,27.25,27.35,240
2014-04-03 16:00:00-04:00,27.25,28.5,27.051,27.53,13096
2014-04-04 16:00:00-04:00,28.2467,28.2467,27.1601,27.5,2111
2014-04-07 16:00:00-04:00,27.44,27.44,27.2,27.2,2176
2014-04-08 16:00:00-04:00,27.51,27.66,26.9,26.9,1637
2014-04-09 16:00:00-04:00,27.4399,27.4399,26.65,27.24,1527
2014-04-10 16:00:00-04:00,27.209,27.21,26.6,26.63,1675
2014-04-11 16:00:00-04:00,26.65,26.65,26.65,26.65,750
2014-04-14 16:00:00-04:00,26.57,26.9445,26.55,26.55,2352
2014-04-15 16:00:00-04:00,26.82,27.49,25.76,26.95,38003
2014-04-16 16:00:00-04:00,26.7,26.7,26.04,26.61,6860
2014-04-17 16:00:00-04:00,26.49,26.56,26.05,26.56,4471
2014-04-21 16:00:00-04:00,26.3,26.55,26.09,26.55,4072
2014-04-22 16:00:00-04:00,26.4195,27.45,26.21,27.25,15928
2014-04-23 16:00:00-04:00,27.18,27.18,27.17,27.17,693
2014-04-24 16:00:00-04:00,27.0,27.2,26.64,27.2,11046
2014-04-25 16:00:00-04:00,27.07,27.07,26.8,26.8,747
2014-04-28 16:00:00-04:00,27.2,27.77,27.2,27.38,5104
2014-04-29 16:00:00-04:00,26.9,26.9,26.9,26.9,241
2014-04-30 16:00:00-04:00,27.1,27.1,26.6,26.6,532
2014-05-01 16:00:00-04:00,26.97,27.0,26.6,26.6,1566
2014-05-02 16:00:00-04:00,27.9235,27.9235,26.88,27.0,815
2014-05-05 16:00:00-04:00,27.53,27.53,27.28,27.28,1682
2014-05-06 16:00:00-04:00,27.53,27.77,27.02,27.5,2068
2014-05-07 16:00:00-04:00,27.35,27.35,27.35,27.35,798
2014-05-08 16:00:00-04:00,26.82,26.82,26.5933,26.8005,1774
2014-05-09 16:00:00-04:00,27.08,27.08,26.88,26.95,882
2014-05-12 16:00:00-04:00,26.91,27.14,26.91,26.96,1738
2014-05-13 16:00:00-04:00,27.3391,27.38,26.98,27.34,3980
2014-05-14 16:00:00-04:00,27.38,27.38,26.0,26.0,4772
2014-05-15 16:00:00-04:00,26.6432,26.6432,26.02,26.61,2032
2014-05-16 16:00:00-04:00,27.2,27.2,26.031,26.84,2952
2014-05-19 16:00:00-04:00,26.65,26.65,26.65,26.65,341
2014-05-20 16:00:00-04:00,26.49,26.49,26.49,26.49,251
2014-05-21 16:00:00-04:00,0.0,0.0,0.0,26.49,0
2014-05-22 16:00:00-04:00,26.54,26.9696,26.52,26.6,1246
2014-05-23 16:00:00-04:00,26.5,26.6,26.03,26.18,2233
2014-05-27 16:00:00-04:00,26.18,26.8,26.1,26.41,10935
2014-05-28 16:00:00-04:00,26.5,26.83,25.5,25.52,16302
2014-05-29 16:00:00-04:00,25.35,25.75,25.35,25.5,10065
2014-05-30 16:00:00-04:00,25.53,26.6999,25.53,25.94,22784
2014-06-02 16:00:00-04:00,25.563,25.5975,24.36,24.96,14932
2014-06-03 16:00:00-04:00,24.54,24.54,22.5,22.925,24975
2014-06-04 16:00:00-04:00,23.3899,23.39,22.724,22.8,5516
2014-06-05 16:00:00-04:00,22.55,23.44,22.44,23.44,10326
2014-06-06 16:00:00-04:00,23.49,24.25,23.3,24.0,12028
2014-06-09 16:00:00-04:00,23.43,24.98,23.43,24.3,11866
2014-06-10 16:00:00-04:00,24.57,25.557,24.31,24.63,5575
2014-06-11 16:00:00-04:00,25.15,25.98,24.73,25.55,10010
2014-06-12 16:00:00-04:00,25.39,26.0,25.39,25.5,2072
2014-06-13 16:00:00-04:00,25.4,26.28,24.5,24.5,3444
2014-06-16 16:00:00-04:00,24.4,24.4,23.52,24.2,3015
2014-06-17 16:00:00-04:00,24.4,24.93,24.0,24.0,1252
2014-06-18 16:00:00-04:00,24.66,24.99,24.0,24.0,8096
2014-06-19 16:00:00-04:00,24.53,25.2,24.53,24.75,2279
2014-06-20 16:00:00-04:00,25.02,26.5,24.35,26.5,8837
2014-06-23 16:00:00-04:00,26.2,26.21,25.18,25.25,10668
2014-06-24 16:00:00-04:00,25.29,26.31,25.05,25.42,9243
2014-06-25 16:00:00-04:00,25.45,25.75,24.75,24.75,1815
2014-06-26 16:00:00-04:00,25.47,25.5,25.132,25.46,2153
2014-06-27 16:00:00-04:00,25.57,26.0,25.15,25.99,2848
2014-06-30 16:00:00-04:00,25.44,25.759,25.03,25.12,3692
2014-07-01 16:00:00-04:00,25.3,25.9,25.053,25.9,2518
2014-07-02 16:00:00-04:00,25.0501,25.49,25.0001,25.35,13027
2014-07-03 16:00:00-04:00,25.4,25.6,25.1,25.6,8577
2014-07-07 16:00:00-04:00,25.52,25.75,25.15,25.75,1408
2014-07-08 16:00:00-04:00,25.15,25.15,24.5201,25.0,6923
2014-07-09 16:00:00-04:00,25.0,25.0,24.37,24.83,2041
2014-07-10 16:00:00-04:00,24.55,24.8999,24.35,24.59,3154
2014-07-11 16:00:00-04:00,24.35,24.38,24.1125,24.38,1673
2014-07-14 16:00:00-04:00,24.8141,24.89,24.62,24.62,1504
2014-07-15 16:00:00-04:00,24.44,24.8899,24.28,24.28,4035
2014-07-16 16:00:00-04:00,0.0,0.0,0.0,24.28,0
2014-07-17 16:00:00-04:00,24.82,24.9,24.55,24.8095,1164
2014-07-18 16:00:00-04:00,24.85,24.9,24.52,24.9,2433
2014-07-21 16:00:00-04:00,24.9,25.0,24.5,24.72,7528
2014-07-22 16:00:00-04:00,0.0,0.0,0.0,24.72,0
2014-07-23 16:00:00-04:00,24.25,24.94,24.25,24.9,1549
2014-07-24 16:00:00-04:00,24.97,25.99,24.7,25.1,21175
2014-07-25 16:00:00-04:00,24.83,25.65,24.8001,24.815,9901
2014-07-28 16:00:00-04:00,0.0,0.0,0.0,24.815,0
2014-07-29 16:00:00-04:00,25.04,25.7499,25.0,25.7499,915
2014-07-30 16:00:00-04:00,25.6,25.6,24.54,24.95,6064
2014-07-31 16:00:00-04:00,24.5001,24.89,24.4,24.4,2258
2014-08-01 16:00:00-04:00,24.64,24.6999,24.31,24.696,1827
2014-08-04 16:00:00-04:00,24.41,25.45,24.41,24.71,4859
2014-08-05 16:00:00-04:00,24.97,24.97,24.4,24.4,495
2014-08-06 16:00:00-04:00,25.06,25.06,24.85,24.85,351
2014-08-07 16:00:00-04:00,24.53,24.65,24.53,24.65,445
2014-08-08 16:00:00-04:00,24.5,24.5,24.5,24.5,401
2014-08-11 16:00:00-04:00,24.5,24.8575,24.493,24.8575,362
2014-08-12 16:00:00-04:00,24.48,24.9,24.45,24.65,4286
2014-08-13 16:00:00-04:00,24.782,24.782,24.5,24.5,952
2014-08-14 16:00:00-04:00,24.52,24.9699,24.3767,24.9699,1251
2014-08-15 16:00:00-04:00,24.31,24.458,24.31,24.458,863
2014-08-18 16:00:00-04:00,24.7364,24.75,24.31,24.31,3836
2014-08-19 16:00:00-04:00,24.478,24.9699,24.2604,24.7,3625
2014-08-20 16:00:00-04:00,24.57,24.57,24.15,24.2,3847
2014-08-21 16:00:00-04:00,24.9057,24.9477,24.2,24.216,3936
2014-08-22 16:00:00-04:00,24.16,24.84,24.16,24.17,11840
2014-08-25 16:00:00-04:00,24.49,24.65,24.16,24.19,2254
2014-08-26 16:00:00-04:00,24.54,24.59,24.33,24.55,5100
2014-08-27 16:00:00-04:00,24.5,24.99,24.3359,24.3359,445
2014-08-28 16:00:00-04:00,24.22,24.54,24.194,24.499,1425
2014-08-29 16:00:00-04:00,24.5,24.5,24.211,24.211,282
2014-09-02 16:00:00-04:00,24.56,24.5999,24.56,24.57,1189
2014-09-03 16:00:00-04:00,24.0,24.29,24.0,24.17,2059
2014-09-04 16:00:00-04:00,24.0,24.64,23.56,23.88,5356
2014-09-05 16:00:00-04:00,24.1,24.28,24.1,24.12,2646
2014-09-08 16:00:00-04:00,24.4178,24.44,24.4178,24.44,1945
2014-09-09 16:00:00-04:00,24.58,24.59,24.2765,24.59,2931
2014-09-10 16:00:00-04:00,24.24,24.6,23.5,24.59,12662
2014-09-11 16:00:00-04:00,24.74,24.74,23.85,23.85,2688
2014-09-12 16:00:00-04:00,24.236,24.51,24.236,24.3699,2595
2014-09-15 16:00:00-04:00,24.7,24.7,24.03,24.04,1413
2014-09-16 16:00:00-04:00,23.95,23.95,22.74,23.01,5701
2014-09-17 16:00:00-04:00,22.63,22.898,22.6201,22.74,3443
2014-09-18 16:00:00-04:00,22.7,23.91,22.66,23.41,6718
2014-09-19 16:00:00-04:00,23.45,23.45,22.66,22.66,3099
2014-09-22 16:00:00-04:00,22.4801,23.51,22.4801,22.99,8195
2014-09-23 16:00:00-04:00,23.02,23.02,22.6,22.6,633
2014-09-24 16:00:00-04:00,22.552,23.43,22.45,22.555,1581
2014-09-25 16:00:00-04:00,22.97,22.99,22.67,22.91,649
2014-09-26 16:00:00-04:00,22.532,23.12,22.14,22.2,1646
2014-09-29 16:00:00-04:00,22.0,22.14,21.44,21.44,8255
2014-09-30 16:00:00-04:00,21.88,21.91,19.69,20.13,6581
2014-10-01 16:00:00-04:00,20.25,20.384,18.3,18.35,6591
2014-10-02 16:00:00-04:00,18.35,18.455,18.1,18.338,13366
2014-10-03 16:00:00-04:00,18.6899,18.6899,18.16,18.24,3880
2014-10-06 16:00:00-04:00,17.81,18.0,17.5101,17.605,5862
2014-10-07 16:00:00-04:00,17.32,17.35,16.57,17.1999,7885
2014-10-08 16:00:00-04:00,17.0,18.25,16.7,17.672,4165
2014-10-09 16:00:00-04:00,18.04,18.4899,17.3,18.366,2073
2014-10-10 16:00:00-04:00,17.7301,17.99,17.27,17.27,1760
2014-10-13 16:00:00-04:00,17.2701,17.3,17.27,17.27,1264
2014-10-14 16:00:00-04:00,17.3617,18.4,17.3617,17.562,9550
2014-10-15 16:00:00-04:00,17.6172,18.23,17.43,17.43,6155
2014-10-16 16:00:00-04:00,17.46,18.24,17.29,17.29,10199
2014-10-17 16:00:00-04:00,17.28,17.4026,17.27,17.27,1228
2014-10-20 16:00:00-04:00,17.67,17.879,17.24,17.879,10529
2014-10-21 16:00:00-04:00,17.66,17.92,17.62,17.83,10821
2014-10-22 16:00:00-04:00,17.53,17.84,17.31,17.52,4883
2014-10-23 16:00:00-04:00,17.57,17.95,17.31,17.59,7651
2014-10-24 16:00:00-04:00,17.66,18.39,17.55,18.39,12492
2014-10-27 16:00:00-04:00,17.97,18.4,17.837,17.96,11720
2014-10-28 16:00:00-04:00,18.44,18.44,17.81,18.33,2368
2014-10-29 16:00:00-04:00,18.13,18.3,18.035,18.3,2954
2014-10-30 16:00:00-04:00,18.83,18.9,18.56,18.76,5045
2014-10-31 16:00:00-04:00,18.99,19.673,18.95,19.0295,4290
2014-11-03 16:00:00-05:00,19.01,19.5,19.0,19.5,4248
2014-11-04 16:00:00-05:00,19.73,20.48,19.26,20.47,9021
2014-11-05 16:00:00-05:00,20.48,21.87,20.48,21.86,9126
2014-11-06 16:00:00-05:00,21.3,24.81,21.3,24.35,25880
2014-11-07 16:00:00-05:00,23.04,24.5,22.9975,24.5,11730
2014-11-10 16:00:00-05:00,23.6,24.432,23.58,24.05,3591
2014-11-11 16:00:00-05:00,24.0,24.35,22.47,22.96,25490
2014-11-12 16:00:00-05:00,22.9499,23.27,22.54,23.27,3382
2014-11-13 16:00:00-05:00,23.41,23.41,22.02,22.51,829
2014-11-14 16:00:00-05:00,22.42,22.42,21.74,21.93,1665
2014-11-17 16:00:00-05:00,21.9451,22.15,21.9451,22.1,1016
2014-11-18 16:00:00-05:00,21.58,22.0,21.58,21.8001,1558
2014-11-19 16:00:00-05:00,22.09,23.55,22.0,23.49,13901
2014-11-20 16:00:00-05:00,23.109,23.19,23.0,23.0,4052
2014-11-21 16:00:00-05:00,23.147,23.34,22.19,22.91,3042
2014-11-24 16:00:00-05:00,22.96,23.3899,22.801,23.0,3474
2014-11-25 16:00:00-05:00,23.0,23.0,23.0,23.0,327
2014-11-26 16:00:00-05:00,23.0178,23.0178,23.0178,23.0178,449
2014-11-28 16:00:00-05:00,22.9,23.02,22.9,23.02,1422
2014-12-01 16:00:00-05:00,22.99,23.0,22.5,22.9,7699
2014-12-02 16:00:00-05:00,22.82,23.8,22.07,23.05,6979
2014-12-03 16:00:00-05:00,23.15,23.2,23.15,23.2,289
2014-12-04 16:00:00-05:00,23.63,24.98,23.63,24.625,6772
2014-12-05 16:00:00-05:00,24.94,25.0,24.02,24.06,2980
2014-12-08 16:00:00-05:00,23.35,23.874,23.35,23.35,1007
2014-12-09 16:00:00-05:00,0.0,0.0,0.0,23.35,0
2014-12-10 16:00:00-05:00,23.4,24.17,23.07,24.045,1402
2014-12-11 16:00:00-05:00,23.02,24.0,23.02,23.4505,2842
2014-12-12 16:00:00-05:00,23.5,25.0,22.56,24.15,18861
2014-12-15 16:00:00-05:00,24.55,24.55,24.3,24.44,783
2014-12-16 16:00:00-05:00,23.5,23.55,23.0001,23.01,1911
2014-12-17 16:00:00-05:00,23.1001,24.4,21.55,23.01,10847
2014-12-18 16:00:00-05:00,23.39,24.45,23.3,23.35,2930
2014-12-19 16:00:00-05:00,23.3,23.89,22.25,23.89,11445
2014-12-22 16:00:00-05:00,23.28,23.58,23.19,23.31,3482
2014-12-23 16:00:00-05:00,23.71,23.71,23.34,23.34,819
2014-12-24 16:00:00-05:00,23.4,24.25,23.3,23.7101,2440
2014-12-26 16:00:00-05:00,23.3618,24.22,23.25,23.63,1872
2014-12-29 16:00:00-05:00,23.24,24.1634,23.24,23.42,10429
2014-12-30 16:00:00-05:00,23.55,24.2,23.55,23.8,3826
2014-12-31 16:00:00-05:00,23.7999,24.21,23.7999,23.8,6979
2015-01-02 16:00:00-05:00,23.76,24.9,23.75,24.9,1361
2015-01-05 16:00:00-05:00,24.88,24.88,23.75,24.2,706
2015-01-06 16:00:00-05:00,24.02,24.8,23.02,24.8,3466
2015-01-07 16:00:00-05:00,24.6999,24.6999,23.51,24.12,605
2015-01-08 16:00:00-05:00,23.59,23.86,23.59,23.86,616
2015-01-09 16:00:00-05:00,24.27,24.98,23.27,24.24,7431
2015-01-12 16:00:00-05:00,24.5,24.85,23.76,23.8,4504
2015-01-13 16:00:00-05:00,24.95,24.95,23.78,23.78,482
2015-01-14 16:00:00-05:00,24.7927,24.7927,23.76,24.03,1492
2015-01-15 16:00:00-05:00,24.03,24.25,23.89,24.0,2115
2015-01-16 16:00:00-05:00,23.85,24.8575,23.85,24.0,997
2015-01-20 16:00:00-05:00,24.0,24.408,24.0,24.35,3605
2015-01-21 16:00:00-05:00,24.869,24.87,24.21,24.835,1579
2015-01-22 16:00:00-05:00,24.87,24.87,24.105,24.5,3933
2015-01-23 16:00:00-05:00,24.89,24.89,24.5,24.85,1570
2015-01-26 16:00:00-05:00,25.0,25.94,24.55,25.94,4310
2015-01-27 16:00:00-05:00,25.76,25.76,25.75,25.75,443
2015-01-28 16:00:00-05:00,25.75,27.0,25.02,26.3,14453
2015-01-29 16:00:00-05:00,25.0301,26.2,25.0301,26.2,2325
2015-01-30 16:00:00-05:00,26.78,27.91,25.7,27.385,15560
2015-02-02 16:00:00-05:00,28.0,28.75,26.06,26.5275,9866
2015-02-03 16:00:00-05:00,26.47,27.05,25.51,26.57,19638
2015-02-04 16:00:00-05:00,25.71,26.5295,25.28,26.45,18121
2015-02-05 16:00:00-05:00,26.93,26.98,25.55,25.932,3725
2015-02-06 16:00:00-05:00,25.95,25.95,25.4,25.4,1068
2015-02-09 16:00:00-05:00,25.0001,26.1501,25.0001,25.57,11207
2015-02-10 16:00:00-05:00,25.09,26.42,24.02,26.2995,8759
2015-02-11 16:00:00-05:00,26.1001,26.1001,26.1001,26.1001,262
2015-02-12 16:00:00-05:00,26.656,26.718,26.656,26.718,716
2015-02-13 16:00:00-05:00,27.09,29.98,26.5,29.25,15679
2015-02-17 16:00:00-05:00,29.8,30.05,27.7001,28.31,7026
2015-02-18 16:00:00-05:00,27.98,29.6,27.82,28.0501,6158
2015-02-19 16:00:00-05:00,28.08,30.8,28.02,30.09,31527
2015-02-20 16:00:00-05:00,29.97,31.5,29.02,30.621,49888
2015-02-23 16:00:00-05:00,31.41,31.5,30.6201,30.98,12751
2015-02-24 16:00:00-05:00,31.1535,31.1535,28.31,28.7,13871
2015-02-25 16:00:00-05:00,28.54,30.98,27.9,29.27,12452
2015-02-26 16:00:00-05:00,30.4,30.51,29.0201,29.36,6786
2015-02-27 16:00:00-05:00,28.46,28.46,28.45,28.45,321
2015-03-02 16:00:00-05:00,28.4,29.34,26.7,28.75,28237
2015-03-03 16:00:00-05:00,28.59,30.31,28.255,29.43,16424
2015-03-04 16:00:00-05:00,29.88,29.88,28.52,29.01,1541
2015-03-05 16:00:00-05:00,29.584,29.584,28.56,28.97,1330
2015-03-06 16:00:00-05:00,28.55,28.55,28.5,28.5,925
2015-03-09 16:00:00-04:00,28.02,28.02,27.9,27.9,626
2015-03-10 16:00:00-04:00,27.87,29.57,27.78,28.4,11679
2015-03-11 16:00:00-04:00,29.03,29.03,28.02,28.3,898
2015-03-12 16:00:00-04:00,28.55,28.7,27.9,28.6999,2830
2015-03-13 16:00:00-04:00,28.7,29.9,28.23,28.765,6973
2015-03-16 16:00:00-04:00,0.0,0.0,0.0,28.765,0
2015-03-17 16:00:00-04:00,29.0,29.9599,29.0,29.0001,2199
2015-03-18 16:00:00-04:00,29.3,29.98,29.16,29.16,610
2015-03-19 16:00:00-04:00,29.73,29.975,29.0,29.96,2302
2015-03-20 16:00:00-04:00,30.0,30.0,29.0,29.5,2966
2015-03-23 16:00:00-04:00,29.03,29.03,27.9,28.25,21321
2015-03-24 16:00:00-04:00,27.86,28.96,27.8,28.96,10467
2015-03-25 16:00:00-04:00,28.2,29.58,28.2,29.04,24347
2015-03-26 16:00:00-04:00,29.1,29.1,28.95,28.95,1137
2015-03-27 16:00:00-04:00,28.94,29.25,28.7,28.71,2209
2015-03-30 16:00:00-04:00,28.67,28.67,28.05,28.6,12932
2015-03-31 16:00:00-04:00,28.65,29.62,28.65,29.62,19001
2015-04-01 16:00:00-04:00,28.98,29.68,28.02,29.5,3783
2015-04-02 16:00:00-04:00,28.996,28.996,28.82,28.82,774
2015-04-06 16:00:00-04:00,28.91,29.1,28.65,28.65,1299
2015-04-07 16:00:00-04:00,28.3585,28.42,28.03,28.42,966
2015-04-08 16:00:00-04:00,28.81,28.932,28.35,28.6,1218
2015-04-09 16:00:00-04:00,28.52,28.52,27.99,28.2,2978
2015-04-10 16:00:00-04:00,27.84,28.33,27.75,28.33,16913
2015-04-13 16:00:00-04:00,27.604,29.45,27.604,29.0,34535
2015-04-14 16:00:00-04:00,28.86,28.86,28.46,28.72,26122
2015-04-15 16:00:00-04:00,28.43,28.6,28.43,28.46,1543
2015-04-16 16:00:00-04:00,28.93,28.94,28.7,28.92,2369
2015-04-17 16:00:00-04:00,28.9,28.9,28.494,28.494,695
2015-04-20 16:00:00-04:00,28.98,28.98,28.65,28.65,1835
2015-04-21 16:00:00-04:00,28.36,28.5,28.01,28.01,562
2015-04-22 16:00:00-04:00,28.0656,28.41,28.0656,28.2062,1878
2015-04-23 16:00:00-04:00,28.0001,28.484,28.0001,28.27,866
2015-04-24 16:00:00-04:00,28.83,28.83,28.83,28.83,422
2015-04-27 16:00:00-04:00,28.24,28.95,28.24,28.3,4703
2015-04-28 16:00:00-04:00,28.999,28.999,27.28,27.85,25441
2015-04-29 16:00:00-04:00,27.02,27.49,24.28,27.49,5297
2015-04-30 16:00:00-04:00,27.49,27.91,27.27,27.35,1169
2015-05-01 16:00:00-04:00,27.39,27.5,27.09,27.226,3285
2015-05-04 16:00:00-04:00,27.0,27.0,27.0,27.0,313
2015-05-05 16:00:00-04:00,26.9,27.5,26.9,27.5,3428
2015-05-06 16:00:00-04:00,27.65,27.65,27.15,27.15,8441
2015-05-07 16:00:00-04:00,27.85,27.85,27.8,27.8,394
2015-05-08 16:00:00-04:00,27.259,27.259,27.25,27.25,1198
2015-05-11 16:00:00-04:00,27.49,27.5,27.49,27.5,740
2015-05-12 16:00:00-04:00,27.43,27.43,27.43,27.43,316
2015-05-13 16:00:00-04:00,27.27,27.284,26.75,26.751,2958
2015-05-14 16:00:00-04:00,28.01,28.11,27.3,27.3,2854
2015-05-15 16:00:00-04:00,27.0,27.35,26.62,26.64,1331
2015-05-18 16:00:00-04:00,26.27,26.62,26.01,26.62,4409
2015-05-19 16:00:00-04:00,26.009,26.406,26.0,26.278,2160
2015-05-20 16:00:00-04:00,25.76,26.01,25.76,26.01,2646
2015-05-21 16:00:00-04:00,25.97,26.1,25.97,26.1,2257
2015-05-22 16:00:00-04:00,26.25,26.93,26.25,26.8,1024
2015-05-26 16:00:00-04:00,27.97,27.97,27.04,27.04,373
2015-05-27 16:00:00-04:00,27.95,27.95,26.47,26.47,1091
2015-05-28 16:00:00-04:00,0.0,0.0,0.0,26.47,0
2015-05-29 16:00:00-04:00,26.4,27.604,26.35,26.37,1091
2015-06-01 16:00:00-04:00,26.05,27.2399,26.05,26.1,2402
2015-06-02 16:00:00-04:00,26.64,26.64,26.03,26.03,422
2015-06-03 16:00:00-04:00,26.41,27.12,26.0,26.5,1633
2015-06-04 16:00:00-04:00,26.3001,26.3001,26.0,26.0,448
2015-06-05 16:00:00-04:00,26.28,26.76,26.0,26.0,2322
2015-06-08 16:00:00-04:00,26.05,26.584,26.05,26.32,1857
2015-06-09 16:00:00-04:00,26.43,26.44,26.43,26.44,227
2015-06-10 16:00:00-04:00,26.3,26.4,26.3,26.4,580
2015-06-11 16:00:00-04:00,26.4,26.4,26.0,26.0,902
2015-06-12 16:00:00-04:00,26.25,26.25,26.085,26.085,302
2015-06-15 16:00:00-04:00,26.25,26.6,25.5,25.555,2739
2015-06-16 16:00:00-04:00,26.1,26.1,25.5,26.0,2453
2015-06-17 16:00:00-04:00,25.75,26.02,25.75,26.0,1393
2015-06-18 16:00:00-04:00,25.9,26.48,25.75,26.04,2142
2015-06-19 16:00:00-04:00,25.95,26.97,25.95,26.115,1088
2015-06-22 16:00:00-04:00,26.94,26.94,26.25,26.25,4123
2015-06-23 16:00:00-04:00,26.5,26.5,26.5,26.5,148
2015-06-24 16:00:00-04:00,26.75,26.75,26.25,26.27,2524
2015-06-25 16:00:00-04:00,26.25,26.25,25.5,25.5,1456
2015-06-26 16:00:00-04:00,25.35,26.7,25.35,25.6,13545
2015-06-29 16:00:00-04:00,25.55,25.55,25.4,25.4,2657
2015-06-30 16:00:00-04:00,25.8,26.26,25.19,26.0,3119
2015-07-01 16:00:00-04:00,26.76,26.76,25.75,25.83,1278
2015-07-02 16:00:00-04:00,25.643,25.643,25.63,25.63,347
2015-07-06 16:00:00-04:00,26.118,26.118,26.0,26.0,463
2015-07-07 16:00:00-04:00,26.28,26.86,26.1,26.86,3603
2015-07-08 16:00:00-04:00,26.426,26.95,26.3,26.3,473
2015-07-09 16:00:00-04:00,26.369,27.0375,26.369,27.0375,971
2015-07-10 16:00:00-04:00,26.08,26.08,26.08,26.08,201
2015-07-13 16:00:00-04:00,26.26,26.75,26.26,26.75,784
2015-07-14 16:00:00-04:00,26.8,26.8,26.8,26.8,253
2015-07-15 16:00:00-04:00,26.54,26.54,26.5,26.5,1156
2015-07-16 16:00:00-04:00,26.4989,26.5,26.4989,26.5,800
2015-07-17 16:00:00-04:00,26.4,26.4,26.4,26.4,523
2015-07-20 16:00:00-04:00,26.0001,27.77,26.0001,27.77,1036
2015-07-21 16:00:00-04:00,26.5,26.5,26.5,26.5,102
2015-07-22 16:00:00-04:00,0.0,0.0,0.0,26.5,0
2015-07-23 16:00:00-04:00,25.97,26.3,25.5,26.3,3436
2015-07-24 16:00:00-04:00,26.195,26.195,26.195,26.195,189
2015-07-27 16:00:00-04:00,25.9,25.9,25.33,25.6005,2090
2015-07-28 16:00:00-04:00,25.6,26.0,25.6,26.0,7790
2015-07-29 16:00:00-04:00,25.65,26.7,25.65,26.7,3129
2015-07-30 16:00:00-04:00,26.0,26.8,26.0,26.48,3610
2015-07-31 16:00:00-04:00,26.54,26.54,26.52,26.52,400
2015-08-03 16:00:00-04:00,26.5,26.51,26.5,26.51,828
2015-08-04 16:00:00-04:00,26.51,26.549,26.51,26.549,901
2015-08-05 16:00:00-04:00,26.501,26.54,26.5,26.5,2216
2015-08-06 16:00:00-04:00,27.15,27.15,26.51,26.51,300
2015-08-07 16:00:00-04:00,0.0,0.0,0.0,26.51,0
2015-08-10 16:00:00-04:00,26.5,26.5,26.07,26.07,310
2015-08-11 16:00:00-04:00,26.5,27.25,26.5,26.95,964
2015-08-12 16:00:00-04:00,26.99,26.99,26.99,26.99,136
2015-08-13 16:00:00-04:00,25.09,26.85,25.09,26.815,769
2015-08-14 16:00:00-04:00,25.31,26.07,25.31,26.07,552
2015-08-17 16:00:00-04:00,26.5,26.5,26.5,26.5,404
2015-08-18 16:00:00-04:00,0.0,0.0,0.0,26.5,0
2015-08-19 16:00:00-04:00,25.9728,25.9728,25.9728,25.9728,406
2015-08-20 16:00:00-04:00,0.0,0.0,0.0,25.9728,0
2015-08-21 16:00:00-04:00,25.2,25.8499,25.2,25.8499,419
2015-08-24 16:00:00-04:00,25.25,25.7,24.69,24.7,10497
2015-08-25 16:00:00-04:00,25.54,26.0,24.67,24.67,4429
2015-08-26 16:00:00-04:00,24.74,24.76,24.26,24.2601,2371
2015-08-27 16:00:00-04:00,25.19,25.19,24.75,25.1,1011
2015-08-28 16:00:00-04:00,25.55,25.55,24.12,24.12,2608
2015-08-31 16:00:00-04:00,24.5,25.98,24.5,25.0001,1218
2015-09-01 16:00:00-04:00,24.0,25.87,24.0,25.36,1433
2015-09-02 16:00:00-04:00,25.0,25.84,24.9999,25.0,2656
2015-09-03 16:00:00-04:00,25.95,25.99,25.0,25.99,1755
2015-09-04 16:00:00-04:00,25.35,25.35,25.35,25.35,263
2015-09-08 16:00:00-04:00,26.45,26.45,25.0,25.0,1258
2015-09-09 16:00:00-04:00,26.3,26.3,26.3,26.3,250
2015-09-10 16:00:00-04:00,0.0,0.0,0.0,26.3,0
2015-09-11 16:00:00-04:00,26.0,26.0,24.75,24.807,1209
2015-09-14 16:00:00-04:00,24.83,25.95,24.41,25.95,2784
2015-09-15 16:00:00-04:00,26.0,26.0,25.3,25.41,1498
2015-09-16 16:00:00-04:00,25.47,25.5,25.47,25.5,1167
2015-09-17 16:00:00-04:00,25.04,25.21,25.02,25.21,511
2015-09-18 16:00:00-04:00,24.92,24.92,24.91,24.91,1291
2015-09-21 16:00:00-04:00,0.0,0.0,0.0,24.91,0
2015-09-22 16:00:00-04:00,24.8,24.8,24.8,24.8,295
2015-09-23 16:00:00-04:00,24.8001,24.8001,24.8001,24.8001,256
2015-09-24 16:00:00-04:00,24.55,24.55,24.251,24.251,541
2015-09-25 16:00:00-04:00,24.5,24.501,24.5,24.5,791
2015-09-28 16:00:00-04:00,24.61,25.36,24.61,25.36,2034
2015-09-29 16:00:00-04:00,24.55,25.3099,24.25,24.55,1578
2015-09-30 16:00:00-04:00,0.0,0.0,0.0,24.55,0
2015-10-01 16:00:00-04:00,25.5,25.5,25.5,25.5,249
2015-10-02 16:00:00-04:00,25.5,25.5,24.5,25.0,989
2015-10-05 16:00:00-04:00,25.1,25.2,25.1,25.2,2335
2015-10-06 16:00:00-04:00,0.0,0.0,0.0,25.2,0
2015-10-07 16:00:00-04:00,24.95,24.95,24.95,24.95,270
2015-10-08 16:00:00-04:00,25.25,25.25,25.25,25.25,136
2015-10-09 16:00:00-04:00,0.0,0.0,0.0,25.25,0
2015-10-12 16:00:00-04:00,24.9,24.9001,24.9,24.9001,831
2015-10-13 16:00:00-04:00,25.599,25.599,25.599,25.599,257
2015-10-14 16:00:00-04:00,25.1,25.1,25.1,25.1,889
2015-10-15 16:00:00-04:00,25.1,25.61,25.1,25.61,1347
2015-10-16 16:00:00-04:00,25.45,25.997,25.2,25.2,1798
2015-10-19 16:00:00-04:00,0.0,0.0,0.0,25.2,0
2015-10-20 16:00:00-04:00,0.0,0.0,0.0,25.2,0
2015-10-21 16:00:00-04:00,25.2,25.2,24.81,24.81,749
2015-10-22 16:00:00-04:00,24.804,24.962,24.8,24.962,740
2015-10-23 16:00:00-04:00,25.0,25.0035,24.7,24.7,889
2015-10-26 16:00:00-04:00,24.7,24.7,24.7,24.7,128
2015-10-27 16:00:00-04:00,24.7001,25.56,21.93,25.54,6508
2015-10-28 16:00:00-04:00,26.2,26.2,25.75,25.84,2901
2015-10-29 16:00:00-04:00,0.0,0.0,0.0,25.84,0
2015-10-30 16:00:00-04:00,24.901,25.34,24.7501,25.2,2685
2015-11-02 16:00:00-05:00,25.185,25.185,25.185,25.185,186
2015-11-03 16:00:00-05:00,25.47,25.47,25.38,25.38,435
2015-11-04 16:00:00-05:00,24.81,24.85,24.8,24.85,617
2015-11-05 16:00:00-05:00,25.45,25.45,25.4,25.4,979
2015-11-06 16:00:00-05:00,0.0,0.0,0.0,25.4,0
2015-11-10 16:00:00-05:00,25.39,25.4,25.0,25.0,9042
2015-11-11 16:00:00-05:00,25.0,25.0294,24.9,25.0294,3319
2015-11-12 16:00:00-05:00,24.901,25.0061,24.4,24.6,6244
2015-11-13 16:00:00-05:00,24.75,25.3,24.75,25.3,1327
2015-11-16 16:00:00-05:00,25.4999,25.4999,24.96,24.96,458
2015-11-17 16:00:00-05:00,25.15,25.15,24.8,24.88,1849
2015-11-18 16:00:00-05:00,25.42,25.42,24.95,24.95,608
2015-11-19 16:00:00-05:00,24.7,25.0,24.7,25.0,3250
2015-11-20 16:00:00-05:00,24.9065,25.5,24.9065,25.316,4943
2015-11-23 16:00:00-05:00,25.24,25.5,25.24,25.5,262
2015-11-24 16:00:00-05:00,25.1,25.5,25.1,25.5,531
2015-11-25 16:00:00-05:00,0.0,0.0,0.0,25.5,0
2015-11-27 16:00:00-05:00,25.02,25.5,25.02,25.4999,499
2015-11-30 16:00:00-05:00,25.5,25.5,25.5,25.5,290
2015-12-01 16:00:00-05:00,25.5,25.5,25.02,25.02,785
2015-12-02 16:00:00-05:00,25.14,25.2592,25.0515,25.2592,1133
2015-12-03 16:00:00-05:00,0.0,0.0,0.0,25.2592,0
2015-12-04 16:00:00-05:00,25.4999,25.4999,25.0,25.0,1043
2015-12-07 16:00:00-05:00,25.39,25.5,25.39,25.5,400
2015-12-08 16:00:00-05:00,25.1678,25.1678,25.1678,25.1678,211
2015-12-09 16:00:00-05:00,25.1,25.1,24.99,25.0,672
2015-12-10 16:00:00-05:00,25.0,25.0,24.93,24.93,450
2015-12-11 16:00:00-05:00,24.93,25.3999,24.93,25.3999,1350
2015-12-14 16:00:00-05:00,25.25,25.2501,24.55,25.25,1909
2015-12-15 16:00:00-05:00,25.2501,25.2501,25.25,25.25,897
2015-12-16 16:00:00-05:00,25.25,25.5,25.25,25.5,702
2015-12-17 16:00:00-05:00,25.98,26.39,25.75,26.2,1490
2015-12-18 16:00:00-05:00,26.4699,26.7,26.4699,26.7,3107
2015-12-21 16:00:00-05:00,26.99,27.0,26.0201,26.4,1271
2015-12-22 16:00:00-05:00,26.56,26.56,26.0301,26.55,1506
2015-12-23 16:00:00-05:00,26.806,26.846,25.71,25.71,1461
2015-12-24 16:00:00-05:00,0.0,0.0,0.0,25.71,0
2015-12-28 16:00:00-05:00,26.95,26.95,26.016,26.89,1639
2015-12-29 16:00:00-05:00,0.0,0.0,0.0,26.89,0
2015-12-30 16:00:00-05:00,0.0,0.0,0.0,26.89,0
2015-12-31 16:00:00-05:00,26.38,26.38,25.75,25.75,540
2016-01-04 16:00:00-05:00,25.25,25.35,25.25,25.35,408
2016-01-05 16:00:00-05:00,24.97,25.25,24.91,25.08,3551
2016-01-06 16:00:00-05:00,24.55,24.85,24.55,24.6,4071
2016-01-07 16:00:00-05:00,24.85,24.85,24.55,24.55,1023
2016-01-08 16:00:00-05:00,24.64,25.276,24.6,24.76,1603
2016-01-11 16:00:00-05:00,24.55,25.949,24.55,25.8,3013
2016-01-12 16:00:00-05:00,25.8,25.8,25.79,25.79,311
2016-01-13 16:00:00-05:00,25.75,25.75,25.75,25.75,366
2016-01-14 16:00:00-05:00,25.74,25.74,25.74,25.74,257
2016-01-15 16:00:00-05:00,0.0,0.0,0.0,25.74,0
2016-01-19 16:00:00-05:00,25.4,25.4,25.4,25.4,674
2016-01-20 16:00:00-05:00,24.75,24.7501,24.75,24.75,854
2016-01-21 16:00:00-05:00,24.75,24.9,24.63,24.7,7865
2016-01-22 16:00:00-05:00,24.75,24.78,24.63,24.75,6176
2016-01-25 16:00:00-05:00,24.75,24.75,24.55,24.55,9178
2016-01-26 16:00:00-05:00,24.29,24.8,24.29,24.8,1070
2016-01-27 16:00:00-05:00,0.0,0.0,0.0,24.8,0
2016-01-28 16:00:00-05:00,24.88,24.95,24.75,24.7501,4619
2016-01-29 16:00:00-05:00,24.6,24.6,24.6,24.6,293
2016-02-01 16:00:00-05:00,24.5,25.6,24.5,25.6,2410
2016-02-02 16:00:00-05:00,25.77,25.77,25.22,25.27,403
2016-02-03 16:00:00-05:00,25.32,25.78,25.32,25.78,479
2016-02-04 16:00:00-05:00,0.0,0.0,0.0,25.78,0
2016-02-05 16:00:00-05:00,25.26,25.26,25.26,25.26,315
2016-02-08 16:00:00-05:00,25.7899,25.7899,24.8,24.8,1045
2016-02-09 16:00:00-05:00,24.7501,25.77,24.7501,25.77,667
2016-02-10 16:00:00-05:00,25.78,25.8,25.256,25.8,1351
2016-02-11 16:00:00-05:00,24.9,25.17,24.02,25.16,7293
2016-02-12 16:00:00-05:00,0.0,0.0,0.0,25.16,0
2016-02-16 16:00:00-05:00,0.0,0.0,0.0,25.16,0
2016-02-17 16:00:00-05:00,25.46,25.46,25.46,25.46,350
2016-02-18 16:00:00-05:00,23.1,24.88,23.1,24.88,9291
2016-02-19 16:00:00-05:00,0.0,0.0,0.0,24.88,0
2016-02-22 16:00:00-05:00,24.75,25.48,24.75,25.3,2591
2016-02-23 16:00:00-05:00,0.0,0.0,0.0,25.3,0
2016-02-24 16:00:00-05:00,24.91,24.9358,24.9,24.9358,1775
2016-02-25 16:00:00-05:00,25.0319,25.5,24.27,24.27,2568
2016-02-26 16:00:00-05:00,25.36,25.399,24.8,24.8,7228
2016-02-29 16:00:00-05:00,24.85,25.48,24.85,25.48,1276
2016-03-01 16:00:00-05:00,25.31,25.31,24.99,24.99,318
2016-03-02 16:00:00-05:00,24.99,25.93,24.99,25.93,3218
2016-03-03 16:00:00-05:00,25.77,25.77,25.77,25.77,290
2016-03-04 16:00:00-05:00,26.2,26.2,25.8425,25.8425,1666
2016-03-07 16:00:00-05:00,25.1,25.63,25.1,25.26,4668
2016-03-08 16:00:00-05:00,24.75,25.99,24.75,24.91,5340
2016-03-09 16:00:00-05:00,25.01,25.37,24.59,24.65,6259
2016-03-10 16:00:00-05:00,24.943,25.01,24.66,24.66,3914
2016-03-11 16:00:00-05:00,24.7,24.95,24.7,24.7,2104
2016-03-14 16:00:00-04:00,24.66,25.14,24.66,24.8,5618
2016-03-15 16:00:00-04:00,24.66,25.36,24.66,24.9,3871
2016-03-16 16:00:00-04:00,25.27,25.88,24.94,25.0,3353
2016-03-17 16:00:00-04:00,25.13,26.0,25.0,26.0,7548
2016-03-18 16:00:00-04:00,25.0,25.75,24.9,24.9,31437
2016-03-21 16:00:00-04:00,25.22,25.23,24.95,25.0,3179
2016-03-22 16:00:00-04:00,25.35,25.4687,24.9,24.9,2599
2016-03-23 16:00:00-04:00,25.15,25.15,24.8501,24.8501,509
2016-03-24 16:00:00-04:00,25.02,25.2499,24.6,24.75,7366
2016-03-28 16:00:00-04:00,24.75,24.75,24.75,24.75,333
2016-03-29 16:00:00-04:00,24.75,24.75,24.39,24.6,7786
2016-03-30 16:00:00-04:00,24.7,24.7,24.6,24.6,3375
2016-03-31 16:00:00-04:00,24.8,24.84,24.6,24.6,2533
2016-04-01 16:00:00-04:00,24.61,24.61,24.5,24.5,2255
2016-04-04 16:00:00-04:00,24.8,24.8,24.6,24.6,2375
2016-04-05 16:00:00-04:00,24.6,24.6,24.6,24.6,114
2016-04-06 16:00:00-04:00,24.9999,25.0,24.64,24.75,3951
2016-04-07 16:00:00-04:00,24.79,24.79,24.79,24.79,191
2016-04-08 16:00:00-04:00,24.76,24.99,24.7,24.7,13918
2016-04-11 16:00:00-04:00,0.0,0.0,0.0,24.7,0
2016-04-13 16:00:00-04:00,23.96,23.96,23.96,23.96,290
2016-04-14 16:00:00-04:00,24.1,24.545,24.1,24.545,828
2016-04-15 16:00:00-04:00,24.35,24.77,24.17,24.18,497
2016-04-18 16:00:00-04:00,23.99,24.2,23.99,24.2,660
2016-04-19 16:00:00-04:00,24.1,24.656,24.1,24.656,2800
2016-04-20 16:00:00-04:00,24.595,24.6,24.4,24.4,2020
2016-04-21 16:00:00-04:00,24.02,25.0,24.02,25.0,2960
2016-04-22 16:00:00-04:00,24.8593,24.8593,24.8593,24.8593,318
2016-04-25 16:00:00-04:00,24.99,25.0,24.625,24.625,7246
2016-04-26 16:00:00-04:00,25.0,25.0,24.5,24.6333,1168
2016-04-27 16:00:00-04:00,24.9999,25.0,24.5,24.5,886
2016-04-28 16:00:00-04:00,0.0,0.0,0.0,24.5,0
2016-04-29 16:00:00-04:00,24.5,25.0,24.4,24.5,9052
2016-05-02 16:00:00-04:00,24.5,24.5,24.5,24.5,3958
2016-05-03 16:00:00-04:00,24.0,24.015,23.9,24.015,1696
2016-05-04 16:00:00-04:00,25.4625,25.4625,24.5,25.01,2416
2016-05-05 16:00:00-04:00,24.84,24.84,24.7502,24.7502,730
2016-05-06 16:00:00-04:00,24.1346,24.1346,24.1346,24.1346,177
2016-05-09 16:00:00-04:00,24.15,24.29,24.15,24.29,1154
2016-05-10 16:00:00-04:00,24.5,24.82,24.05,24.6001,5978
2016-05-11 16:00:00-04:00,24.99,25.25,24.6,25.0,26326
2016-05-12 16:00:00-04:00,25.4755,25.4755,24.75,24.75,11214
2016-05-13 16:00:00-04:00,24.75,24.75,24.7499,24.7499,472
2016-05-16 16:00:00-04:00,24.71,25.43,24.71,25.09,2229
2016-05-17 16:00:00-04:00,24.7,25.49,24.7,24.83,9627
2016-05-18 16:00:00-04:00,25.4999,25.4999,24.88,24.88,7997
2016-05-19 16:00:00-04:00,24.4013,25.45,24.4013,24.67,1225
2016-05-20 16:00:00-04:00,25.11,25.11,24.25,24.29,1414
2016-05-23 16:00:00-04:00,24.46,24.98,24.46,24.98,1561
2016-05-24 16:00:00-04:00,24.98,25.29,24.92,24.92,6065
2016-05-25 16:00:00-04:00,25.0,25.23,24.96,25.23,7592
2016-05-26 16:00:00-04:00,25.2945,25.2945,25.2945,25.2945,126
2016-05-27 16:00:00-04:00,0.0,0.0,0.0,25.2945,0
2016-05-31 16:00:00-04:00,25.1788,25.58,24.968,25.5,1553
2016-06-01 16:00:00-04:00,25.85,25.8857,25.33,25.5018,1645
2016-06-02 16:00:00-04:00,25.7599,25.7599,25.5,25.5,1171
2016-06-03 16:00:00-04:00,0.0,0.0,0.0,25.5,0
2016-06-06 16:00:00-04:00,25.725,25.75,25.53,25.7,1864
2016-06-07 16:00:00-04:00,25.5001,25.999,25.5,25.5404,1120
2016-06-08 16:00:00-04:00,25.8725,25.8725,25.65,25.65,477
2016-06-09 16:00:00-04:00,25.6099,25.6099,25.1,25.4501,1510
2016-06-10 16:00:00-04:00,25.5,25.5,25.43,25.43,1479
2016-06-13 16:00:00-04:00,25.04,25.7199,25.04,25.7199,903
2016-06-14 16:00:00-04:00,25.7,25.7,25.5,25.5,868
2016-06-15 16:00:00-04:00,25.75,26.0743,25.75,26.0379,1530
2016-06-16 16:00:00-04:00,0.0,0.0,0.0,26.0379,0
2016-06-17 16:00:00-04:00,25.594,25.594,25.594,25.594,472
2016-06-20 16:00:00-04:00,25.5101,26.24,25.5101,26.21,833
2016-06-21 16:00:00-04:00,25.75,26.1,25.75,25.95,3817
2016-06-22 16:00:00-04:00,25.73,26.0501,25.61,25.61,9672
2016-06-23 16:00:00-04:00,26.4,26.4,26.067,26.3246,1303
2016-06-24 16:00:00-04:00,26.4,26.4,25.5746,25.5746,1083
2016-06-27 16:00:00-04:00,26.39,26.39,26.39,26.39,941
2016-06-28 16:00:00-04:00,25.61,25.98,25.6,25.98,854
2016-06-29 16:00:00-04:00,26.7599,26.7599,25.66,25.699,714
2016-06-30 16:00:00-04:00,26.005,26.5,26.005,26.01,632
2016-07-01 16:00:00-04:00,25.95,25.95,25.56,25.56,1549
2016-07-05 16:00:00-04:00,25.51,25.6662,25.51,25.6,1807
2016-07-06 16:00:00-04:00,25.72,25.86,25.72,25.75,5320
2016-07-07 16:00:00-04:00,25.75,25.75,25.75,25.75,1005
2016-07-08 16:00:00-04:00,25.8197,26.52,25.611,25.611,11034
2016-07-11 16:00:00-04:00,25.86,25.95,25.61,25.78,2670
2016-07-12 16:00:00-04:00,26.34,26.34,26.15,26.15,603
2016-07-13 16:00:00-04:00,26.22,26.2299,26.22,26.22,543
2016-07-14 16:00:00-04:00,25.79,25.79,25.79,25.79,304
2016-07-15 16:00:00-04:00,25.9,25.9,25.85,25.85,435
2016-07-18 16:00:00-04:00,26.3999,26.3999,26.3999,26.3999,344
2016-07-19 16:00:00-04:00,26.2145,26.2145,25.605,25.61,2313
2016-07-20 16:00:00-04:00,26.193,26.193,26.193,26.193,104
2016-07-21 16:00:00-04:00,25.65,26.0,25.6,25.6,2648
2016-07-22 16:00:00-04:00,25.8,26.199,25.8,26.0,1573
2016-07-25 16:00:00-04:00,25.938,26.38,25.938,26.05,1640
2016-07-26 16:00:00-04:00,25.9001,26.0,25.9,26.0,2452
2016-07-27 16:00:00-04:00,25.65,25.77,25.1,25.101,10006
2016-07-28 16:00:00-04:00,25.15,25.5,25.15,25.5,914
2016-07-29 16:00:00-04:00,25.79,25.79,25.79,25.79,819
2016-08-01 16:00:00-04:00,26.13,26.4,26.13,26.17,3990
2016-08-02 16:00:00-04:00,26.01,26.4,25.9,25.9,2512
2016-08-03 16:00:00-04:00,26.5,26.5,26.302,26.34,722
2016-08-04 16:00:00-04:00,25.95,25.95,25.95,25.95,493
2016-08-05 16:00:00-04:00,25.98,26.0,25.98,26.0,1108
2016-08-08 16:00:00-04:00,26.39,26.39,26.0,26.0,1649
2016-08-09 16:00:00-04:00,26.399,26.399,26.031,26.031,537
2016-08-10 16:00:00-04:00,26.45,26.45,26.2196,26.2196,804
2016-08-11 16:00:00-04:00,26.4999,26.5,26.36,26.3699,666
2016-08-12 16:00:00-04:00,0.0,0.0,0.0,26.3699,0
2016-08-15 16:00:00-04:00,26.5,26.5,26.1,26.1,1366
2016-08-16 16:00:00-04:00,26.1001,26.1001,26.1001,26.1001,301
2016-08-17 16:00:00-04:00,26.251,26.5,26.25,26.4999,527
2016-08-18 16:00:00-04:00,0.0,0.0,0.0,26.4999,0
2016-08-19 16:00:00-04:00,0.0,0.0,0.0,26.4999,0
2016-08-22 16:00:00-04:00,0.0,0.0,0.0,26.4999,0
2016-08-23 16:00:00-04:00,26.221,26.221,26.12,26.14,365
2016-08-24 16:00:00-04:00,25.6,26.8999,25.6,26.8999,1005
2016-08-25 16:00:00-04:00,25.95,26.6,25.95,26.5,1743
2016-08-26 16:00:00-04:00,0.0,0.0,0.0,26.5,0
2016-08-29 16:00:00-04:00,0.0,0.0,0.0,26.5,0
2016-08-30 16:00:00-04:00,26.97,26.9799,26.155,26.3,17317
2016-08-31 16:00:00-04:00,26.33,26.94,26.15,26.49,1343
2016-09-01 16:00:00-04:00,26.5976,27.0,26.17,27.0,15195
2016-09-02 16:00:00-04:00,26.4,27.06,26.25,26.29,5359
2016-09-06 16:00:00-04:00,26.52,27.17,26.19,26.19,4985
2016-09-07 16:00:00-04:00,26.19,26.25,25.9,25.9,1229
2016-09-08 16:00:00-04:00,25.85,25.93,25.75,25.93,2453
2016-09-09 16:00:00-04:00,25.7,25.9646,25.6,25.65,1141
2016-09-12 16:00:00-04:00,25.55,26.1,25.55,25.9,1271
2016-09-13 16:00:00-04:00,26.28,26.28,25.5,25.53,3830
2016-09-14 16:00:00-04:00,25.56,25.7,25.56,25.7,1424
2016-09-15 16:00:00-04:00,25.869,25.869,25.75,25.8,1015
2016-09-16 16:00:00-04:00,25.6,26.5,25.6,26.5,3099
2016-09-19 16:00:00-04:00,26.02,26.122,26.02,26.1,3530
2016-09-20 16:00:00-04:00,25.56,25.9988,25.25,25.9988,1323
2016-09-21 16:00:00-04:00,25.93,25.93,25.6999,25.6999,1539
2016-09-22 16:00:00-04:00,26.1736,26.95,25.72,26.3,6303
2016-09-23 16:00:00-04:00,0.0,0.0,0.0,26.3,0
2016-09-26 16:00:00-04:00,27.0,27.65,26.75,26.99,4128
2016-09-27 16:00:00-04:00,0.0,0.0,0.0,26.99,0
2016-09-28 16:00:00-04:00,26.8532,26.96,26.39,26.39,807
2016-09-29 16:00:00-04:00,25.91,26.2,25.52,25.9,2557
2016-09-30 16:00:00-04:00,25.2701,25.2701,25.2701,25.2701,405
2016-10-03 16:00:00-04:00,25.4,25.41,25.4,25.41,266
2016-10-04 16:00:00-04:00,25.29,25.5375,25.29,25.5375,552
2016-10-05 16:00:00-04:00,0.0,0.0,0.0,25.5375,0
2016-10-06 16:00:00-04:00,25.925,25.925,25.925,25.925,350
2016-10-07 16:00:00-04:00,25.93,25.94,25.93,25.94,425
2016-10-10 16:00:00-04:00,26.01,26.1206,26.0001,26.1206,673
2016-10-11 16:00:00-04:00,0.0,0.0,0.0,26.1206,0
2016-10-12 16:00:00-04:00,25.431,25.431,25.431,25.431,401
2016-10-13 16:00:00-04:00,25.9226,25.9226,25.9226,25.9226,234
2016-10-14 16:00:00-04:00,0.0,0.0,0.0,25.9226,0
2016-10-17 16:00:00-04:00,25.338,25.75,25.338,25.75,2218
2016-10-18 16:00:00-04:00,25.64,25.64,25.2979,25.2979,988
2016-10-19 16:00:00-04:00,25.29,25.39,25.27,25.36,700
2016-10-20 16:00:00-04:00,25.33,25.4,25.25,25.4,773
2016-10-21 16:00:00-04:00,25.15,25.2,25.15,25.2,1725
2016-10-24 16:00:00-04:00,25.75,25.75,25.25,25.25,471
2016-10-25 16:00:00-04:00,25.96,25.96,25.5205,25.5205,629
2016-10-26 16:00:00-04:00,25.5,25.5,25.5,25.5,160
2016-10-27 16:00:00-04:00,0.0,0.0,0.0,25.5,0
2016-10-28 16:00:00-04:00,0.0,0.0,0.0,25.5,0
2016-10-31 16:00:00-04:00,0.0,0.0,0.0,25.5,0
2016-11-01 16:00:00-04:00,25.25,25.531,25.25,25.25,679
2016-11-02 16:00:00-04:00,25.842,25.842,25.0,25.025,2050
2016-11-03 16:00:00-04:00,0.0,0.0,0.0,25.025,0
2016-11-04 16:00:00-04:00,25.01,25.0475,25.01,25.0475,1193
2016-11-07 16:00:00-05:00,25.0,25.15,25.0,25.15,801
2016-11-08 16:00:00-05:00,0.0,0.0,0.0,25.15,0
2016-11-09 16:00:00-05:00,25.0,25.0001,24.2601,25.0,1129
2016-11-10 16:00:00-05:00,25.99,25.99,25.116,25.116,623
2016-11-11 16:00:00-05:00,25.5,26.0,25.44,26.0,758
2016-11-14 16:00:00-05:00,26.105,26.6,26.1,26.4,8058
2016-11-15 16:00:00-05:00,26.55,27.3939,26.4108,27.3939,2678
2016-11-16 16:00:00-05:00,26.8422,27.49,26.8422,27.49,275
2016-11-17 16:00:00-05:00,27.183,27.183,27.183,27.183,349
2016-11-18 16:00:00-05:00,26.95,26.95,25.75,26.1994,3628
2016-11-21 16:00:00-05:00,25.85,25.949,25.85,25.85,1058
2016-11-22 16:00:00-05:00,0.0,0.0,0.0,25.85,0
2016-11-23 16:00:00-05:00,26.211,26.5,26.211,26.39,4416
2016-11-25 13:00:00-05:00,26.0,26.0,26.0,26.0,310
2016-11-28 16:00:00-05:00,26.1497,26.1497,26.1497,26.1497,448
2016-11-29 16:00:00-05:00,26.3,27.495,26.22,27.495,8071
2016-11-30 16:00:00-05:00,26.5285,26.82,25.67,26.2205,13510
2016-12-01 16:00:00-05:00,26.2,26.2,26.2,26.2,1304
2016-12-02 16:00:00-05:00,26.097,26.66,26.097,26.25,1300
2016-12-05 16:00:00-05:00,26.84,26.84,26.2,26.65,2528
2016-12-06 16:00:00-05:00,26.78,26.78,26.78,26.78,207
2016-12-07 16:00:00-05:00,26.92,26.92,26.5505,26.5505,1468
2016-12-08 16:00:00-05:00,26.5,26.82,26.46,26.46,4860
2016-12-09 16:00:00-05:00,26.45,26.46,26.42,26.42,1682
2016-12-12 16:00:00-05:00,25.9,26.55,25.9,26.55,782
2016-12-13 16:00:00-05:00,0.0,0.0,0.0,26.55,0
2016-12-14 16:00:00-05:00,25.54,26.62,25.54,26.62,779
2016-12-15 16:00:00-05:00,26.17,26.639,26.16,26.639,917
2016-12-16 16:00:00-05:00,26.58,26.58,26.0201,26.0201,572
2016-12-19 16:00:00-05:00,26.59,26.59,25.55,26.07,3041
2016-12-20 16:00:00-05:00,0.0,0.0,0.0,26.07,0
2016-12-21 16:00:00-05:00,25.82,26.1475,25.53,25.99,4999
2016-12-22 16:00:00-05:00,26.102,26.3,26.0752,26.0752,637
2016-12-23 16:00:00-05:00,26.0,26.4999,26.0,26.29,2074
2016-12-27 16:00:00-05:00,26.35,26.35,26.33,26.33,669
2016-12-28 16:00:00-05:00,0.0,0.0,0.0,26.33,0
2016-12-29 16:00:00-05:00,26.06,26.06,25.55,25.6537,1205
2016-12-30 16:00:00-05:00,26.0574,26.0574,26.0574,26.0574,475
2017-01-03 16:00:00-05:00,25.65,25.65,25.31,25.55,1783
2017-01-04 16:00:00-05:00,26.4197,26.4197,26.4197,26.4197,288
2017-01-05 16:00:00-05:00,25.63,26.039,25.45,25.47,2972
2017-01-06 16:00:00-05:00,26.381,26.381,26.32,26.32,325
2017-01-09 16:00:00-05:00,0.0,0.0,0.0,26.32,0
2017-01-10 16:00:00-05:00,26.14,26.4999,26.14,26.4999,769
2017-01-11 16:00:00-05:00,25.8387,25.8387,25.8387,25.8387,200
2017-01-12 16:00:00-05:00,26.0984,26.0984,26.0984,26.0984,255
2017-01-13 16:00:00-05:00,26.5,26.5,26.0,26.0,416
2017-01-17 16:00:00-05:00,26.1617,26.1617,25.8941,25.8941,436
2017-01-18 16:00:00-05:00,25.88,26.2797,25.88,26.195,935
2017-01-19 16:00:00-05:00,25.85,25.85,25.75,25.75,1951
2017-01-20 16:00:00-05:00,25.8015,25.8515,25.75,25.8315,904
2017-01-23 16:00:00-05:00,25.7948,25.9775,25.75,25.75,1496
2017-01-24 16:00:00-05:00,25.85,25.85,25.8273,25.8273,321
2017-01-25 16:00:00-05:00,26.25,26.4999,26.25,26.4999,660
2017-01-26 16:00:00-05:00,26.3153,26.3153,26.3153,26.3153,123
2017-01-27 16:00:00-05:00,26.0961,26.0961,26.0603,26.071,611
2017-01-30 16:00:00-05:00,26.0391,26.5,25.75,25.7758,5273
2017-01-31 16:00:00-05:00,0.0,0.0,0.0,25.7758,0
2017-02-01 16:00:00-05:00,0.0,0.0,0.0,25.7758,0
2017-02-02 16:00:00-05:00,0.0,0.0,0.0,25.7758,0
2017-02-03 16:00:00-05:00,26.15,26.15,26.15,26.15,433
2017-02-06 16:00:00-05:00,26.39,26.39,26.39,26.39,200
2017-02-07 16:00:00-05:00,25.9,26.15,25.5133,25.95,4598
2017-02-08 16:00:00-05:00,25.91,25.9356,25.52,25.75,3129
2017-02-09 16:00:00-05:00,25.71,26.47,25.65,25.65,3160
2017-02-10 16:00:00-05:00,25.75,25.75,25.411,25.411,2218
2017-02-13 16:00:00-05:00,25.4001,25.505,25.0425,25.1,2921
2017-02-14 16:00:00-05:00,24.94,24.94,24.65,24.65,4891
2017-02-15 16:00:00-05:00,24.67,24.67,24.65,24.65,540
2017-02-16 16:00:00-05:00,24.65,24.65,24.25,24.25,1885
2017-02-17 16:00:00-05:00,25.1661,25.1661,24.5,24.5,1534
2017-02-21 16:00:00-05:00,24.56,24.56,24.05,24.05,11533
2017-02-22 16:00:00-05:00,24.0,24.0,22.3139,23.6,21238
2017-02-23 16:00:00-05:00,24.3607,24.3607,23.75,23.75,2667
2017-02-24 16:00:00-05:00,23.69,24.36,23.69,23.9516,1204
2017-02-27 16:00:00-05:00,24.33,24.351,24.11,24.33,2252
2017-02-28 16:00:00-05:00,24.452,24.452,24.03,24.05,1637
2017-03-01 16:00:00-05:00,24.4215,24.4215,23.822,24.05,868
2017-03-02 16:00:00-05:00,24.4,24.41,24.05,24.41,3097
2017-03-03 16:00:00-05:00,24.38,24.6307,24.304,24.5,1490
2017-03-06 16:00:00-05:00,24.55,24.6,24.14,24.29,4506
2017-03-07 16:00:00-05:00,24.25,24.28,24.25,24.25,2977
2017-03-08 16:00:00-05:00,24.74,24.7973,24.25,24.25,554
2017-03-09 16:00:00-05:00,24.26,24.65,24.26,24.65,709
2017-03-10 16:00:00-05:00,24.25,24.25,24.25,24.25,302
2017-03-13 16:00:00-04:00,24.84,24.84,24.6915,24.6915,362
2017-03-14 16:00:00-04:00,24.49,24.49,24.3848,24.3848,468
2017-03-15 16:00:00-04:00,24.6013,24.6013,24.4,24.4,371
2017-03-16 16:00:00-04:00,24.4,24.4,24.0,24.0,1448
2017-03-17 16:00:00-04:00,24.0,24.0,23.0,23.0,1759
2017-03-20 16:00:00-04:00,23.5,24.18,23.5,24.18,1682
2017-03-21 16:00:00-04:00,23.7,24.74,23.7,24.74,703
2017-03-22 16:00:00-04:00,23.8925,24.26,23.75,24.26,551
2017-03-23 16:00:00-04:00,23.86,24.0851,23.86,24.0851,711
2017-03-24 16:00:00-04:00,24.3,24.3,23.6955,23.9245,1904
2017-03-27 16:00:00-04:00,23.5,23.5,22.45,23.01,3610
2017-03-28 16:00:00-04:00,23.0,23.3324,22.99,23.3324,1482
2017-03-29 16:00:00-04:00,23.07,23.4064,23.07,23.24,789
2017-03-30 16:00:00-04:00,24.4638,24.4638,23.7353,23.7353,331
2017-03-31 16:00:00-04:00,23.0345,23.0345,23.0001,23.0001,866
2017-04-03 16:00:00-04:00,23.09,23.8834,23.03,23.8834,1431
2017-04-04 16:00:00-04:00,23.25,23.35,23.04,23.35,1398
2017-04-05 16:00:00-04:00,23.31,23.35,23.1001,23.1738,1645
2017-04-06 16:00:00-04:00,23.2,23.2,23.15,23.15,3159
2017-04-07 16:00:00-04:00,23.15,23.31,23.15,23.3,8917
2017-04-10 16:00:00-04:00,23.64,23.64,23.201,23.3,3309
2017-04-11 16:00:00-04:00,24.1763,24.1763,23.2,23.2,3165
2017-04-12 16:00:00-04:00,23.19,23.44,23.16,23.36,2607
2017-04-13 16:00:00-04:00,23.51,23.71,23.25,23.6239,1932
2017-04-17 16:00:00-04:00,23.9,23.9,23.39,23.52,525
2017-04-18 16:00:00-04:00,23.52,23.7705,23.52,23.7705,546
2017-04-19 16:00:00-04:00,0.0,0.0,0.0,23.7705,0
2017-04-20 16:00:00-04:00,23.555,23.6465,23.555,23.6465,432
2017-04-21 16:00:00-04:00,23.5,23.5939,23.5,23.54,1194
2017-04-24 16:00:00-04:00,23.7698,24.21,23.6531,23.9166,1256
2017-04-25 16:00:00-04:00,23.9,23.9,23.9,23.9,1031
2017-04-27 16:00:00-04:00,23.21,24.0648,23.21,24.0648,976
2017-04-28 16:00:00-04:00,23.27,23.3524,23.16,23.16,958
2017-05-01 16:00:00-04:00,0.0,0.0,0.0,23.16,0
2017-05-02 16:00:00-04:00,0.0,0.0,0.0,23.16,0
2017-05-03 16:00:00-04:00,23.2232,23.2232,23.2232,23.2232,347
2017-05-04 16:00:00-04:00,23.41,23.41,23.41,23.41,159
2017-05-05 16:00:00-04:00,23.5,23.5,23.2508,23.2508,447
2017-05-08 16:00:00-04:00,23.28,23.635,23.2501,23.635,1038
2017-05-09 16:00:00-04:00,23.6335,23.6335,23.6335,23.6335,312
2017-05-10 16:00:00-04:00,23.6163,23.6163,23.6163,23.6163,478
2017-05-11 16:00:00-04:00,24.0,24.0,23.6828,23.6828,592
2017-05-12 16:00:00-04:00,23.25,23.5,23.05,23.49,2476
2017-05-15 16:00:00-04:00,23.4375,23.5,23.4375,23.5,1206
2017-05-16 16:00:00-04:00,0.0,0.0,0.0,23.5,0
2017-05-17 16:00:00-04:00,0.0,0.0,0.0,23.5,0
2017-05-18 16:00:00-04:00,23.06,23.3779,22.05,23.02,2013
2017-05-19 16:00:00-04:00,23.02,23.02,23.02,23.02,428
2017-05-22 16:00:00-04:00,0.0,0.0,0.0,23.02,0
2017-05-23 16:00:00-04:00,0.0,0.0,0.0,23.02,0
2017-05-24 16:00:00-04:00,23.0,23.08,22.6387,23.08,7625
2017-05-25 16:00:00-04:00,0.0,0.0,0.0,23.08,0
2017-05-26 16:00:00-04:00,22.796,22.815,22.796,22.815,688
2017-05-30 16:00:00-04:00,22.75,22.786,22.75,22.75,1289
2017-05-31 16:00:00-04:00,22.7852,22.978,22.7852,22.978,736
2017-06-01 16:00:00-04:00,23.1648,23.1648,22.75,22.8,2052
2017-06-02 16:00:00-04:00,22.8278,23.0082,22.5,23.0082,526
2017-06-05 16:00:00-04:00,22.6135,22.98,22.6135,22.75,821
2017-06-06 16:00:00-04:00,22.5739,22.6,22.5,22.6,2962
2017-06-07 16:00:00-04:00,0.0,0.0,0.0,22.6,0
2017-06-08 16:00:00-04:00,22.74,22.74,22.74,22.74,233
2017-06-09 16:00:00-04:00,22.9,22.9,22.9,22.9,346
2017-06-12 16:00:00-04:00,22.7,22.924,22.6,22.924,1567
2017-06-13 16:00:00-04:00,22.87,22.87,22.8,22.8132,2432
2017-06-14 16:00:00-04:00,23.03,23.4934,22.84,22.93,5037
2017-06-15 16:00:00-04:00,23.2102,23.2102,22.95,22.95,1393
2017-06-16 16:00:00-04:00,22.74,22.78,22.74,22.78,718
2017-06-19 16:00:00-04:00,23.0572,23.11,22.67,22.71,4182
2017-06-20 16:00:00-04:00,22.71,22.76,22.7,22.76,1677
2017-06-21 16:00:00-04:00,23.08,23.08,22.7672,22.82,6187
2017-06-22 16:00:00-04:00,23.0,23.228,22.7878,22.8101,6659
2017-06-23 16:00:00-04:00,23.11,23.11,22.6281,22.66,5497
2017-06-26 16:00:00-04:00,22.9,23.14,22.61,23.078,5156
2017-06-27 16:00:00-04:00,22.8,22.95,22.6,22.6305,6240
2017-06-28 16:00:00-04:00,22.63,22.9081,22.6,22.82,7007
2017-06-29 16:00:00-04:00,22.8,22.81,22.61,22.75,3529
2017-06-30 16:00:00-04:00,22.7,22.76,22.38,22.42,11837
2017-07-03 13:00:00-04:00,22.64,22.692,22.4399,22.4399,4863
2017-07-05 16:00:00-04:00,22.6,22.75,22.5,22.6,10883
2017-07-06 16:00:00-04:00,22.35,22.55,22.2501,22.45,6869
2017-07-07 16:00:00-04:00,22.61,22.61,22.3,22.4,5936
2017-07-10 16:00:00-04:00,22.38,22.675,22.34,22.56,5629
2017-07-11 16:00:00-04:00,22.6242,22.65,22.376,22.5,7110
2017-07-12 16:00:00-04:00,22.5,22.8,22.39,22.6,3161
2017-07-13 16:00:00-04:00,22.25,22.65,22.25,22.351,3471
2017-07-14 16:00:00-04:00,22.6474,22.82,22.45,22.82,900
2017-07-17 16:00:00-04:00,22.41,22.6768,22.355,22.52,6713
2017-07-18 16:00:00-04:00,22.59,22.59,22.59,22.59,260
2017-07-19 16:00:00-04:00,22.4001,22.82,22.4001,22.71,4827
2017-07-20 16:00:00-04:00,22.6,22.7575,22.46,22.47,5520
2017-07-21 16:00:00-04:00,22.47,22.63,22.45,22.6,4281
2017-07-24 16:00:00-04:00,22.9,22.9,22.35,22.35,1425
2017-07-25 16:00:00-04:00,22.3999,22.65,22.25,22.25,5578
2017-07-26 16:00:00-04:00,22.42,23.2801,22.4077,23.2801,10638
2017-07-27 16:00:00-04:00,23.0,23.2935,23.0,23.2895,1989
2017-07-28 16:00:00-04:00,23.147,23.147,22.91,22.91,1684
2017-07-31 16:00:00-04:00,0.0,0.0,22.44,22.47,9465
2017-08-01 16:00:00-04:00,22.9999,23.33,22.53,22.78,1818
2017-08-02 16:00:00-04:00,22.7699,23.17,22.4777,22.9,11870
2017-08-03 16:00:00-04:00,23.05,23.1188,22.89,22.89,1885
2017-08-04 16:00:00-04:00,23.33,23.33,22.5877,22.93,4187
2017-08-07 16:00:00-04:00,23.2609,23.3,22.7701,22.95,2117
2017-08-08 16:00:00-04:00,23.1056,23.209,22.81,23.0,5172
2017-08-09 16:00:00-04:00,22.96,22.96,22.4,22.59,5116
2017-08-10 16:00:00-04:00,22.25,22.91,22.25,22.91,2236
2017-08-11 16:00:00-04:00,22.25,23.0,22.25,22.7,1507
2017-08-14 16:00:00-04:00,22.25,22.94,22.25,22.74,10651
2017-08-15 16:00:00-04:00,22.35,22.6,22.35,22.6,3404
2017-08-16 16:00:00-04:00,22.48,22.95,22.45,22.825,11270
2017-08-17 16:00:00-04:00,22.7,23.0,22.57,22.77,6644
2017-08-18 16:00:00-04:00,22.7,22.876,22.4501,22.5,12328
2017-08-21 16:00:00-04:00,22.5,22.79,21.97,22.79,18505
2017-08-22 16:00:00-04:00,22.55,22.563,22.02,22.23,1534
2017-08-23 16:00:00-04:00,22.23,22.5,22.0,22.08,5537
2017-08-24 16:00:00-04:00,22.1,22.7634,22.0,22.3244,11131
2017-08-25 16:00:00-04:00,0.0,0.0,0.0,22.3244,0
2017-08-28 16:00:00-04:00,22.92,22.92,21.96,22.79,3587
2017-08-29 16:00:00-04:00,22.02,22.32,22.02,22.32,400
2017-08-30 16:00:00-04:00,21.57,23.35,21.57,23.35,3691
2017-08-31 16:00:00-04:00,23.27,23.27,22.64,22.64,437
2017-09-01 16:00:00-04:00,22.18,23.45,22.18,23.45,323
2017-09-05 16:00:00-04:00,22.2,23.0,22.2,23.0,7364
2017-09-06 16:00:00-04:00,22.9,22.9,22.47,22.47,3994
2017-09-07 16:00:00-04:00,22.75,23.27,22.35,23.27,3282
2017-09-08 16:00:00-04:00,23.3177,23.61,23.24,23.61,3360
2017-09-11 16:00:00-04:00,23.22,23.5,22.81,23.11,2637
2017-09-12 16:00:00-04:00,23.0,23.36,22.0,22.0,1703
2017-09-13 16:00:00-04:00,23.4,24.4,22.6,22.6,12764
2017-09-14 16:00:00-04:00,23.0,23.0,22.05,22.05,12946
2017-09-15 16:00:00-04:00,22.5,23.2,22.05,22.05,13341
2017-09-18 16:00:00-04:00,22.57,23.0548,22.02,22.02,9592
2017-09-19 16:00:00-04:00,22.05,22.15,21.46,21.46,20638
2017-09-20 16:00:00-04:00,21.59,22.4335,21.39,22.1,18715
2017-09-21 16:00:00-04:00,22.165,22.7699,22.05,22.67,12554
2017-09-22 16:00:00-04:00,22.1,22.11,22.08,22.1,10383
2017-09-25 16:00:00-04:00,21.82,22.38,21.82,22.31,33885
2017-09-26 16:00:00-04:00,21.7973,22.24,21.7973,22.0,1066
2017-09-27 16:00:00-04:00,22.63,22.63,21.81,22.6,1189
2017-09-28 16:00:00-04:00,22.0921,22.48,22.09,22.48,1890
2017-09-29 16:00:00-04:00,22.74,22.74,21.81,22.5,1708
2017-10-02 16:00:00-04:00,22.2158,22.45,21.956,22.3,1744
2017-10-03 16:00:00-04:00,22.0601,22.1943,22.0601,22.1,4895
2017-10-04 16:00:00-04:00,22.025,22.48,22.025,22.15,57605
2017-10-05 16:00:00-04:00,21.8201,21.9,21.75,21.84,4907
2017-10-06 16:00:00-04:00,21.56,21.695,21.0675,21.48,7380
2017-10-09 16:00:00-04:00,21.75,21.82,21.67,21.67,8625
2017-10-10 16:00:00-04:00,21.75,21.76,21.49,21.75,4505
2017-10-11 16:00:00-04:00,0.0,0.0,0.0,21.75,0
2017-10-12 16:00:00-04:00,21.39,21.77,21.2549,21.26,5488
2017-10-13 16:00:00-04:00,21.07,21.7799,21.07,21.537,1604
2017-10-16 16:00:00-04:00,21.75,21.81,21.383,21.75,8035
2017-10-17 16:00:00-04:00,21.544,21.6,21.5,21.5,3531
2017-10-18 16:00:00-04:00,21.5,21.7064,21.4859,21.5,4958
2017-10-19 16:00:00-04:00,21.68,21.69,21.433,21.55,15193
2017-10-20 16:00:00-04:00,21.64,22.1499,21.64,21.9533,75685
2017-10-23 16:00:00-04:00,22.13,22.86,21.8961,22.7142,9447
2017-10-24 16:00:00-04:00,22.71,24.0,22.71,23.87,9694
2017-10-25 16:00:00-04:00,24.07,24.07,21.97,22.92,10938
2017-10-26 16:00:00-04:00,23.155,23.2374,23.04,23.04,1029
2017-10-27 16:00:00-04:00,23.08,23.08,22.2294,22.65,1651
2017-10-30 16:00:00-04:00,22.9,22.94,21.96,22.25,2326
2017-10-31 16:00:00-04:00,22.2239,22.79,21.71,22.74,8025
2017-11-01 16:00:00-04:00,22.83,23.3,22.53,22.53,12518
2017-11-02 16:00:00-04:00,23.1557,23.1557,23.1557,23.1557,281
2017-11-03 16:00:00-04:00,23.0,23.74,22.74,23.41,7999
2017-11-06 16:00:00-05:00,23.37,23.37,23.2353,23.2353,850
2017-11-07 16:00:00-05:00,23.33,23.33,22.4,22.95,2542
2017-11-08 16:00:00-05:00,22.93,22.93,22.551,22.551,1588
2017-11-09 16:00:00-05:00,21.51,22.2449,21.51,22.11,2165
2017-11-10 16:00:00-05:00,22.2086,22.4,22.2086,22.24,2559
2017-11-13 16:00:00-05:00,22.41,22.6,22.3875,22.6,1088
2017-11-14 16:00:00-05:00,22.98,22.98,22.74,22.79,503
2017-11-15 16:00:00-05:00,22.8999,23.0,22.8999,22.95,1053
2017-11-16 16:00:00-05:00,22.95,22.95,22.8826,22.8826,314
2017-11-17 16:00:00-05:00,22.94,22.95,22.94,22.95,400
2017-11-20 16:00:00-05:00,23.0,23.0,22.85,22.9298,3625
2017-11-21 16:00:00-05:00,22.92,22.956,22.92,22.956,647
2017-11-22 16:00:00-05:00,22.9,22.9,22.7,22.7,1461
2017-11-24 13:00:00-05:00,22.72,22.72,22.72,22.72,324
2017-11-27 16:00:00-05:00,22.74,22.755,22.7361,22.7361,1329
2017-11-28 16:00:00-05:00,22.8423,22.8423,22.8423,22.8423,500
2017-11-29 16:00:00-05:00,23.0,23.0,22.9318,22.9318,1309
2017-11-30 16:00:00-05:00,23.0,23.0,22.9,22.94,3556
2017-12-01 16:00:00-05:00,23.0,23.06,22.9,22.9,5342
2017-12-04 16:00:00-05:00,22.8999,22.8999,22.72,22.74,1115
2017-12-05 16:00:00-05:00,22.74,22.74,22.74,22.74,313
2017-12-06 16:00:00-05:00,22.8001,23.06,22.8001,22.8105,1030
2017-12-07 16:00:00-05:00,22.7501,22.88,22.7501,22.88,410
2017-12-08 16:00:00-05:00,22.9,22.9768,22.8999,22.9768,1448
2017-12-11 16:00:00-05:00,23.03,23.0801,23.03,23.0801,1015
